:020000040800F2
:10000000E0D900206102000829EE0008AD71000867
:10001000459D000809170008C92C010800000000D0
:10002000000000000000000000000000A101000826
:100030001B23000800000000FD010008AD1F01089F
:100040007B0200087B0200087B0200087B0200089C
:100050007B0200087B0200086D2500087B02000877
:100060007B02000877250008812500087B02000834
:100070007B0200087B0200087B0200087B0200086C
:100080007B0200087B0200087B0200087B0200085C
:100090007B0200080D1700087B0200088B25000872
:1000A0007B0200087B0200087B0200087B0200083C
:1000B000A92001087B0200087B0200087B020008DF
:1000C0007B0200087B0200087B0200087B0200081C
:1000D0007B0200087B0200087B020008B12A0108AD
:1000E0007B0200087B0200087B020008B92001089F
:1000F0007B0200087B0200087B020008BD18000894
:100100007B0200087B0200087B0200087B020008DB
:100110007B0200087B0200087B0200087B020008CB
:100120007B02000839190008491900087B02000801
:100130007B0200087B0200087B0200087B020008AB
:100140001D1700087B0200087B0200087B020008E4
:10015000E1210008F121000801220008112C01080A
:100160007B0200087B0200087B0200087B0200087B
:100170007B0200087B0200087B02000800000000F0
:100180007B0200087B020008DFF810D000F0C0FFFF
:1001900000480047FD400108AFF30080E0D900208F
:1001A0002C4B19680868B0E8F04F80F30988BFF35A
:1001B0006F8F4FF0000080F311887047000000003F
:1001C00008480068006880F308884FF0000080F35A
:1001D000148862B661B6BFF34F8FBFF36F8F00DF35
:1001E00000BF00BF08ED00E0DFF80C00016841F43B
:1001F00070010160704700BF88ED00E0EFF30980F7
:10020000BFF36F8F134B1A681EF0100F08BF20ED5D
:10021000108A20E9F04F106009B44FF0500080F3CD
:100220001188BFF34F8FBFF36F8F15F037FB4FF07F
:10023000000080F3118809BC19680868B0E8F04F25
:100240001EF0100F08BFB0EC108A80F30988BFF3CE
:100250006F8F704730000020EFF30580704700007B
:100260000648804706480047FEE7FEE7FEE7FEE750
:10027000FEE7FEE7FEE7FEE7FEE7FEE79520010862
:100280008901000870B405880E884468D1F804C05C
:100290005368B54208D140884988884201BF118817
:1002A0008D425188884203D070BC6FF002007047C5
:1002B00005FB00F1880827D094ED001ADCED000A58
:1002C00094ED010ADCED011A31EE201AD4ED020A98
:1002D00070EE211A9CED020A83ED001AC3ED011A9B
:1002E00094ED031ADCED031A30EE800A401E71EE25
:1002F000210A83ED020A04F11004C3ED030A03F19D
:1003000010030CF1100CD7D111F0030030D0B0F174
:10031000004F30D200282BDD211F1B1FACF104023F
:1003200010F0010F0AD091ED010AD2ED010A091D6A
:10033000121D30EE200A83ED010A1B1D400817D064
:1003400091ED010AD2ED010A401E30EE200A83ED44
:10035000010A91ED020AD2ED020A01F1080102F14F
:10036000080230EE200A83ED020A03F10803E7D108
:1003700070BC00207047B4EC010A401EFCEC010A7E
:1003800030EE200AA3EC010AF5D1F1E701804280AA
:10039000436070472DE9F34F84B0049840680090A3
:1003A000486801900498B0F800E04588DFEDFE0A47
:1003B00000200290B0EE600AAE4506D10888498858
:1003C000884204BF7146864504D06FF0020006B033
:1003D000BDE8F08F01985FEA010C18BFB7EE001A74
:1003E0003DD000BFBEEB0C0117D0B1F1004F80F043
:1003F0001F82002911DD021F11F0010F1CBFC2ED89
:10040000010A121D4B1006D0C2ED010AC2ED020A0C
:1004100008325B1EF8D100EB8100BCF10102A0ECB8
:10042000011A19D0B2F1004F80F00882002A13DDC2
:10043000031F12F0010F1CBFC3ED010A1B1D511059
:1004400008D000BFC3ED010AC3ED020A491E03F143
:100450000803F7D100EB8200BCF1010CC2D14FF0D0
:1004600000080395002D14BFB0EE602A002000F0B4
:10047000BF8100BF009908FB05F001EB800B0199DB
:10048000DBED002A01EB80000346F0EE421AC64580
:1004900052D9AEEB0802ABEB850112F0010F17D079
:1004A00001EB850191ED000AB5EEC00AF1EE10FAFC
:1004B00007DDB4EEE10AF1EE10FA09DDF0EE401AC4
:1004C00006E0B1EE400AF4EEC01AF1EE10FAF5D3F0
:1004D000521031D001EB850C9CED000AB5EEC00A3C
:1004E000F1EE10FA05DDB4EEE10AF1EE10FA09DDE5
:1004F00006E0B1EE400AF4EEC01AF1EE10FA01D2B5
:10050000F0EE401A01EBC50191ED000AB5EEC00A0C
:10051000F1EE10FA05DDB4EEE10AF1EE10FA09DDB4
:1005200006E0B1EE400AF4EEC01AF1EE10FA01D284
:10053000F0EE401A521ECDD1F5EEC01AF1EE10FACF
:1005400000F07381F5EEC02A0126F1EE10FA009951
:10055000D4BFB1EE620AB0EE620AB4EE610AF1EE07
:1005600010FA1CBFAEEB0802B2F1010C47D005FB3C
:1005700008F201EB820292ED001A00BFB0EE410AD0
:1005800005FB06F4B5EEC00A00EB8404F1EE10FAA8
:10059000CCBFF0EE400AF1EE400AF4EE610AF1EE53
:1005A00010FA28D1B5EB080C11D0BCF1004F7DD268
:1005B000BCF1000F0BDD00BF92ED000AD1ED000A87
:1005C000BCF1010CE2EC010AA1EC010AF4D1290012
:1005D0000ED0B1F1004F6AD2002909DD94ED000A76
:1005E000D0ED000A491EE4EC010AA0EC010AF5D1A5
:1005F000012002900BE0761CBCF1010CBED10298E8
:10060000012804D0F5EEC02AF1EE10FA7ED09BED61
:10061000000AB5EB08009A465946064622D0B0F1CA
:10062000004F74D200281DDD091F10F0010F06D005
:10063000F0EE400A80EEA01A81ED011A091D40106B
:1006400010D000BFD1ED010A401E80EE801A81ED6E
:10065000011A91ED021AC1EE000AC1ED020A01F180
:100660000801EFD1280026D0B0F1004F7ED200283B
:1006700021DDAAF1040110F0010F06D0D1ED010A2D
:1006800080EE801A81ED011A091D401013D000BFC1
:10069000D1ED010A401E80EE801A81ED011AD1EDE4
:1006A000020A80EE801A81ED021A01E0CBE0D6E06A
:1006B00001F10801ECD1DDE900124FF000095FEA19
:1006C0000E0773D0C14504BF01EB860102EB850222
:1006D00074D091ED000ADC465046330035D01C46FC
:1006E000B6F1004F7ED2002C2FDD0B1FABF1040CB6
:1006F00016F0010F0FD0F0EE400ADCED011AB0EE5B
:10070000601A00EEE11A83ED011A01E08DE0B1E01C
:100710001B1D0CF1040C741015D000BFD3ED010AA1
:100720009CED011A40EE410AC3ED010AD3ED020A25
:100730009CED021A0CF1080C40EE410AC3ED020ACE
:100740000833641EEAD101EB86012B0036D0B3F1E9
:10075000004F72D2002B31DDA2F1040CAAF104008B
:1007600013F0010F0CD0DCED010A00E08BE090EDFE
:10077000011A001D40EE410ACCED010A0CF1040CF7
:100780005C1019D0DCED010A90ED011A40EE410A2F
:10079000CCED010ADCED020A90ED021A083040EEC1
:1007A000410ACCED020A03E0000000000DE005E084
:1007B000641E0CF1080CE5D102EB830201EB880109
:1007C0007F1E09F101097FF47DAF009808F101084F
:1007D000001D00900398401E03907FF44BAE0299D9
:1007E000012900E058E004BF06B0BDE8F08F00BF6B
:1007F000B5EEC00AF1EE10FA7FF4E9AD04990EFBF4
:1008000005F3002B4A684FF000010BD902EB810C75
:100810009CED000AB5EEC00AF1EE10FA02D1491CB7
:100820008B42F3D88B427FF4D2AD6FF00400CEE55B
:10083000E0EC010A491EFBD1EFE538E0E0EC010AEB
:10084000521EFBD108E692ED000AD1ED000ABCF180
:10085000010CE2EC010AA1EC010AF4D1B7E694ED37
:10086000000AD0ED000A491EE4EC010AA0EC010ADE
:10087000F5D1BDE6D1ED000A401E80EE801AA1EC54
:10088000011AF7D1EEE6D3ED000A401E80EE801A81
:10089000A3EC011AF7D10EE7BCEC011AD1ED000A66
:1008A0005B1E40EE410AE1EC010AF5D14DE7B0ECE8
:1008B000011AD2ED000A5B1E40EE410AE2EC010A89
:1008C000F5D17BE72DE9F04F82B04668536801937C
:1008D000058847884B88002000900888874201BF20
:1008E000B2F800C06545528893421EBF6FF0020007
:1008F00002B0BDE8F08F9FED412A4FEA970EC7F393
:10090000400B00BFDDE9000202EB800A4A6898460E
:100910004FF00009B0EE420AB4465FEA0E0025D05F
:1009200092ED001ADCED001A02EB8302DCED010A05
:1009300001EE810A92ED001A02EB8302401ED2ED15
:10094000001A02EB830200EE810A9CED021ADCED34
:10095000030A00040CF1100C000C01EE210A92EDC8
:10096000001A02EB830200EE810AD9D117F00300CE
:1009700026D0ACF10404A2EB830210F0010F08D0E2
:1009800002EB8302D4ED010A92ED001A241D00EE61
:10099000810A5FEA0B0013D002EB830CD4ED010A4D
:1009A0009CED001A02EBC302401E00EE810AD4ED5A
:1009B000020A92ED001A04F1080400EE810AEBD15C
:1009C00009F10100AAEC010A1FFA80F9486800EB5E
:1009D0008902A8F101001FFA80F8B8F1000F99D13F
:1009E000009806EB8706184480B20090681E050444
:1009F0002D0C87D102B00020BDE8F08F0000000070
:100A000070B405880E884468D1F804C05368B542B4
:100A100008D140884988884201BF11888D42518899
:100A2000884203D070BC6FF00200704705FB00F1F4
:100A3000880827D094ED001ADCED000A94ED010A35
:100A4000DCED011A31EE601AD4ED020A70EE611A83
:100A50009CED020A83ED001AC3ED011A94ED031A0E
:100A6000DCED031A30EEC00A401E71EE610A83ED20
:100A7000020A04F11004C3ED030A03F110030CF1A0
:100A8000100CD7D111F0030030D0B0F1004F30D2AC
:100A900000282BDD211F1B1FACF1040210F0010FF9
:100AA0000AD091ED010AD2ED010A091D121D30EEA6
:100AB000600A83ED010A1B1D400817D091ED010A61
:100AC000D2ED010A401E30EE600A83ED010A91ED7D
:100AD000020AD2ED020A01F1080102F1080230EE29
:100AE000600A83ED020A03F10803E7D170BC00201D
:100AF0007047B4EC010A401EFCEC010A30EE600ABB
:100B0000A3EC010AF5D1F1E72DE9F04F028847681F
:100B1000B0F802804888D1F8049082B04FF0000A03
:100B20001646824207BF098888456FF0020002B06E
:100B300018BFBDE8F08F4FEA980B02EB420001901E
:100B4000C8F34000CDF8000009EB8A01BBF1000FAB
:100B500033D0019801EB820C01EB80043B46E64662
:100B600001EBC2054FEA0B0093ED000A401E81ED38
:100B7000000A93ED010A01EB02118CED000A93EDDE
:100B8000020A0CEB021C85ED000A93ED030A05EB4B
:100B9000021584ED000A04EB021403F11003E3D103
:100BA0000EEB820000EB820000EB8201ABF1010052
:100BB000504307EB0B1701EB001118F0030C21D089
:100BC0003B1FA1EB82011CF0010F06D093ED010A3F
:100BD00001EB82011B1D81ED000A009880B100BF6E
:100BE00093ED010A01EB820401EBC20184ED000ADE
:100BF00093ED020A401E81ED000A03F10803EFD1D4
:100C000007EB8C070AF101001FFA80FA701E060438
:100C1000360C99D102B00020BDE8F08F2DE9F05FCD
:100C20000546002092469B4688460646814640245B
:100C30001BE0284641464746224600F0B3F953469A
:100C40005A46C01A914110D311461846224600F068
:100C50009AF92D1A67EB01084F4622460120002120
:100C600000F091F917EB00094E41201EA4F1010498
:100C7000DFDC484631462A464346BDE8F09F40EA5D
:100C800001039B0703D009E008C9121F08C0042A0A
:100C9000FAD203E011F8013B00F8013B521EF9D2F1
:100CA0007047D2B201E000F8012B491EFBD2704719
:100CB0000022F6E710B513460A4604461946FFF728
:100CC000F0FF204610BD421C10F8011B0029FBD18B
:100CD000801A70472DE9FE4F804681EA0300C00F5D
:100CE0000C46009021F0004123F00045B8EB0200D3
:100CF000A94105D24046214690461C460B46024675
:100D000023F00040104347D0270DC7F30A00C3F378
:100D10000A510290401A019040286BDAC3F3130085
:100D200040F4801B0098924620B10023D2EB030AC6
:100D300063EB0B0B01985946C0F14002504600F09E
:100D400022F906460D4650465946019A00F03AF9F6
:100D500010EB08006141002487EA115284EAE7732E
:100D60001A4340D0009A62B3019A012A4FEA07520F
:100D700015DC001B61EB02014FF0004202EA075252
:100D8000CDE90042001C41F5801132462B4600F0AF
:100D900071F903B0BDE8F08F40462146F9E7001B2A
:100DA00061EB0201001C41F5801300185B41201823
:100DB000A2F5001747EB030140EAD570B6196D4163
:100DC00011E06D084FEA360645EAC0754FEA075252
:100DD000001B61EB0201001C41F5801149084FEA3C
:100DE00030000019514132462B4603B0BDE8F04FA8
:100DF00000F031B90098012240000023D0EB02023C
:100E000063EBE073009821464FEAE074B8EB000012
:100E100061EB0401E9E783F000435BE781F0004107
:100E200058E72DE9FE4F81EA030404F0004421F065
:100E3000004100944FF0000B23F0004350EA0104FE
:100E40005ED052EA03045BD0C3F30A54C1F30A55DF
:100E50002C44A4F2F3340194A0FB0254C1F3130117
:100E600041F48011C3F3130343F4801301FB0244E4
:100E700000FB034E840A970A44EA815447EA8357E9
:100E8000A4FB076802958D0A05FB07854FEA932CA2
:100E900004FB0C542705029D4FEA065847EA163713
:100EA000B5EB08056EEB070C870E920E47EA81172B
:100EB00042EA8312A7FB0201B6EB0B0164EB0004CC
:100EC0002B0D43EA0C335E1844EB1C50DA465146B6
:100ED000E7FB0201C5F313044FEA0B3343EA145353
:100EE0004FEA0432019C43EA0603A4F10C04029485
:100EF000009CCDE900B400F0BDF803B0BDE8F08F70
:100F000000200146F9E70EB5C10F80EAE070084401
:100F1000CA07002140F233438DE80E000A460B4613
:100F200000F0A8F803B000BD00F0004230F000402F
:100F30000AD0C10D01F56071C0F3160042EA0151FB
:100F4000C20840071143704700200146704701F076
:100F5000004330B421F0004150EA010206D00A0DEE
:100F6000A2F56072C1F31301002A02DC30BC00203C
:100F70007047440F44EAC104C100E01830BC00EBE4
:100F8000C25000F031B8202A04DB203A00FA02F106
:100F9000002070479140C2F1200320FA03F3194367
:100FA00090407047202A04DB203A21FA02F0002109
:100FB000704721FA02F3D040C2F120029140084369
:100FC00019467047202A06DBCB17203A41FA02F077
:100FD00043EAE07306E041FA02F3D040C2F1200296
:100FE00091400843194670470029A8BF7047401C2C
:100FF000490008BF20F00100704710B4B0FA80FC2F
:1010000000FA0CF050EA010404BF10BC704749B16B
:10101000CCF1200421FA04F411FA0CF118BF0121DB
:1010200021430843A3EB0C01CB1D4FEA00614FEABB
:10103000102042BF002010BC704700EBC35010448A
:101040000029A4BF10BC7047401C490008BF20F015
:10105000010010BC704710B5141E73F1000408DACB
:10106000401C41F1000192185B411A4301D120F06C
:10107000010010BD2DE9F04D92469B4611B1B1FA29
:1010800081F202E0B0FA80F220329046FFF77BFF57
:1010900004460F4640EA0A0041EA0B0153465A460D
:1010A000084313D0114653EA010019D0C8F1400299
:1010B0005046FFF777FF05460E46504659464246D2
:1010C000FFF761FF084305D0012004E020463946C0
:1010D000BDE8F08D0020054346EAE0762C43374317
:1010E0000A986305E40AA0EB08000022FD0A44EA1E
:1010F00047540A3002D500200146E9E701051019DE
:101100006941DDE9084500196941BDE8F04DA2E7F4
:10111000064C074D06E0E06840F0010394E8070044
:1011200098471034AC42F6D3FFF732F82069010833
:101130004069010870B58C1810F8015B15F00703C1
:1011400001D110F8013B2A1106D110F8012B03E060
:1011500010F8016B01F8016B5B1EF9D12B0705D468
:101160000023521E0DD401F8013BFAE710F8013BB1
:10117000CB1A921C03E013F8015B01F8015B521ECD
:10118000F9D5A142D8D3002070BD000055494A6866
:1011900022F440324A604A6843681A434A6002684F
:1011A000526822F4807203685A60026853680269C8
:1011B00043EA022203685A600268526822F04072D1
:1011C00003685A600268526883681A4303685A6069
:1011D0000268926822F4006203689A60026892686A
:1011E000C3681A4303689A603F4B826A9A4218D0D8
:1011F0000268926822F0706203689A6002689268DE
:10120000836A1A4303689A600268926822F0405227
:1012100003689A6002689268C36A1A4303689A6016
:101220000BE00268926822F0706203689A600268BC
:10123000926822F0405203689A600268926822F035
:10124000020203689A6002689368027E43EA4202DF
:1012500003689A602022125CA2B10268526842F4CC
:10126000006203685A600268526822F460420368B0
:101270005A6002685368426A521E43EA4232036867
:101280005A6005E00268526822F4006203685A60FE
:101290000268D26A22F470020368DA620268D36AD2
:1012A000828B521E43EA02520368DA620268926835
:1012B00022F4007203689A600268936890F8302004
:1012C00043EA422203689A600268926822F48062CC
:1012D00003689A6002689368426943EA822203685D
:1012E0009A607047002301400100000F10B50B48C1
:1012F0000068C06840F0100008490968C860802292
:101300000749064805F04CFE03F064F90549C1F8A9
:101310009800002081F8A00010BD0000E814002013
:1013200060870020BC86002010B503F053F9054902
:10133000D1F89810401A642803D90020014981F897
:10134000A00010BDBC86002010B50122102102486B
:1013500003F03AF910BD00000000024010B5002271
:101360001021024803F030F910BD000000000240D7
:101370007047000010B501221146024803F024F91D
:1013800010BD00000004024010B5002201210248F7
:1013900003F01AF910BD00000004024010B54378B4
:1013A0001B021BB20478234300EE103AB8EEC01AB9
:1013B0001C4BD3ED001A21EE211A81ED001AC378DF
:1013C0001B021BB28478234300EE103AB8EEC01A19
:1013D000144BD3ED001A21EE211A81ED011A437945
:1013E0001B021BB20479234300EE103AB8EEC01A78
:1013F0000C4BD3ED001A21EE211A81ED021A037A6B
:101400001B04C47943EA04238479234300EE903A11
:10141000B8EE601ADFED041A21EE211A82ED001AEF
:1014200010BD0000B800002000401C42704710B5FD
:101430000446204612F00CFF10BD10B504462046AD
:1014400012F0A2FA10BD00004278120212B2037824
:101450001A4300EE102AF8EEC00A144A92ED001A60
:1014600060EE810AC1ED000AC278120212B28378DE
:101470001A4300EE102AF8EEC00A0C4A92ED001A48
:1014800060EE810AC1ED010A4279120212B20379BB
:101490001A4300EE102AF8EEC00A044A92ED001A30
:1014A00060EE810AC1ED020A70470000BC00002016
:1014B00010B50024FFF75CFFFFF7B8FF11F04EFFF7
:1014C00010B144F0800402E011F0AEFE044312F0CB
:1014D0003DF910B144F0400402E012F0BDF80443BD
:1014E000204610BD2DE9FC4105460E46174600205A
:1014F00000900190FFF732FF922000F0D1F8062211
:101500006946122000F0ACF8FFF71EFF9DF80100BD
:10151000000200B29DF8001040EA010400EE104AFB
:10152000B8EEC00A4C48D0ED000A20EE200A86ED45
:10153000000A9DF80300000200B29DF8021040EA84
:10154000010400EE104AB8EEC00A4348D0ED000A8C
:1015500020EE200A86ED010A9DF80500000200B287
:101560009DF8041040EA010400EE104AB8EEC00AEB
:101570003948D0ED000A20EE200A86ED020AFFF776
:1015800003FF08226946002000F06AF8FFF7F2FE28
:101590009DF800000F2838D19DF80300000200B22A
:1015A0009DF8021040EA010400EE104AB8EEC00AAD
:1015B0002A48D0ED000A20EE200A85ED000A9DF8A9
:1015C0000500000200B29DF8041040EA010400EE9C
:1015D000104AB8EEC00A2148D0ED000A20EE200AD9
:1015E00085ED010A9DF80700000200B29DF8061083
:1015F00040EA010400EE104AB8EEC00A1748D0EDE8
:10160000000A20EE200A85ED020AFFF7A7FEA220BD
:1016100000F046F802226946222000F021F8FFF788
:1016200093FE9DF80000C0009DF8011040EA61148F
:10163000B4F5806F02DBA4F5006004B200EE104A3E
:10164000F8EEC00AB4EE001AB3EE070A00EE810A03
:1016500087ED000ABDE8FC81B8000020BC00002036
:1016600070B506460C46154646F0800000F018F8A6
:1016700006E0552000F014F82070641C681EC5B206
:10168000002DF6D170BD70B504460D4644F08000C3
:1016900000F006F8552000F003F8287070BD000037
:1016A00001B582B04FF47A70012301AA02A900901B
:1016B000024804F0E7FA9DF804000EBD90110020E6
:1016C00010B502461378DB00547843EA6410B0F595
:1016D000806F02DBA0F5006318B200EE100AF8EE8E
:1016E000C00AB4EE001AB3EE070A00EE810A81EDDB
:1016F000000A10BD70B505460C462846FFF7D0FF1E
:101700002046FFF7CDFF70BD00BFFEE710B50248D1
:1017100002F092F810BD0000C40F002010B502487E
:1017200002F08AF810BD0000EC0F0020F8B5044666
:101730001425206802F065F8064603E0206802F0F0
:1017400060F80646032E04D2281EA5F10101CDB291
:10175000F4D16B4604F11C02211D206801F051FEFA
:10176000F8BD00002DE9F04704460E4615469846A0
:10177000DDF820900027012C01D1144F02E0022C4B
:1017800000D1134F0FB9BDE8F087124807604660DB
:10179000280A104908770846457780F81E800E48C9
:1017A00090F8A0100B48C1770B4890F880100948BA
:1017B00080F82010002180F8211080F8221080F895
:1017C0002310FFF7B3FF00BFDDE70000C40F0020C8
:1017D000EC0F00200C010020BC86002038B5164814
:1017E00090ED090ADFED150A20EE200ABDEEC00AD1
:1017F00010EE100A04B21048007D012804D00E48F3
:1018000090F85C00012803D101200D49087002E026
:1018100000200B4908700B4890F8A00008B1012087
:1018200000E00020009006480378224640F26661FE
:101830000120FFF797FF38BD107A002000007A449E
:1018400009010020BC8600202DE9F04704460F4620
:1018500015461E46DDE908894FF0000A012C02D129
:10186000DFF84CA003E0022C01D1DFF848A0BAF168
:10187000000F01D1BDE8F0870F48C0F800A0476015
:10188000280A0D49087708464577310A8177C677D7
:101890004FEA182180F8201080F821804FEA1921A2
:1018A00080F8221080F82390FFF740FF00BFE1E7A7
:1018B000C40F0020EC0F00200C0100201B484068E2
:1018C00000F0006080B31A48406B006819498842F4
:1018D00005D94FF0006017494C3908601CE01448E6
:1018E000406B00681149B831884205D94FF000605B
:1018F0001049503908600FE00D48406B00680B49F3
:101900005831884204D94FF000600849C86003E0AC
:101910004FF000600549886005480068006840F4A1
:1019200000700349096808607047000000600240C9
:10193000681000205864024010B5024802F008FB0D
:1019400010BD00005016002010B5FE48C06C0068A5
:10195000FD49884276D9FC4854380068F949C96C79
:101960000968FA4A914201D1202169E0F549C96C20
:101970000968F54A483A914201D1202160E0F149D5
:10198000C96C0968F14A6032914201D1202157E0C7
:10199000EC49C96C0968EC4A1832914201D1202106
:1019A0004EE0E849C96C0968E84A1832914201D111
:1019B000C91445E0E349C96C0968E34A303A9142E9
:1019C00001D1C9143CE0DF49C96C0968DF4A7832AB
:1019D000914201D1C91433E0DA49C96C0968DA4A85
:1019E0003032914201D1C9142AE0D649C96C096844
:1019F000D64A3032914202D14FF4001120E0D14951
:101A0000C96C0968D04A183A914202D14FF40011CA
:101A100016E0CC49C96C0968CC4A9032914202D197
:101A20004FF400110CE0C749C96C0968C64A483236
:101A3000914203D14FF4001102E003E04FF0006146
:101A4000084070E1BF48C06C0068C049A8318842B6
:101A500076D9BD4858380068BA49C96C0968BB4A8C
:101A6000914201D1202169E0B649C96C0968B64AA2
:101A7000483A914201D1202160E0B249C96C09681D
:101A8000B24A6032914201D1202157E0AD49C96C80
:101A90000968AD4A1832914201D120214EE0A9498E
:101AA000C96C0968A94A1832914201D1C91445E0AC
:101AB000A449C96C0968A44A303A914201D1C914B9
:101AC0003CE0A049C96C0968A04A7832914201D132
:101AD000C91433E09B49C96C09689B4A3032914272
:101AE00001D1C9142AE09749C96C0968974A303274
:101AF000914202D14FF4001120E09249C96C09686B
:101B0000914A183A914202D14FF4001116E08D49E2
:101B1000C96C09688D4A9032914202D14FF400118C
:101B20000CE08849C96C0968874A4832914203D160
:101B30004FF4001102E003E04FF000610840F2E0D2
:101B40008048C06C006881494831884276D97F4816
:101B5000103840687B49C96C09687C4A914201D1C0
:101B6000202169E07749C96C0968774A483A91426F
:101B700001D1202160E07349C96C0968734A603261
:101B8000914201D1202157E06E49C96C09686E4A23
:101B90001832914201D120214EE06A49C96C09688E
:101BA0006A4A1832914201D1C91445E06549C96CAD
:101BB0000968654A303A914201D1C9143CE0614953
:101BC000C96C0968614A7832914201D1C91433E085
:101BD0005C49C96C09685C4A3032914201D1C91430
:101BE0002AE05849C96C0968584A3032914202D1FA
:101BF0004FF4001120E05349C96C0968524A183A61
:101C0000914202D14FF4001116E04E49C96C0968A7
:101C10004E4A9032914202D14FF400110CE04949F2
:101C2000C96C0968484A4832914203D14FF4001107
:101C300002E003E04FF00061084074E043481038D0
:101C400000684049C96C0968404A914201D120218D
:101C500068E03C49C96C09683B4A483A914201D165
:101C600020215FE03749C96C0968384A60329142E7
:101C700001D1202156E03349C96C0968324A183233
:101C8000914201D120214DE02E49C96C09682F4AAB
:101C90001832914201D1C91444E02A49C96C09683B
:101CA000294A303A914201D1C9143BE02549C96C17
:101CB0000968264A7832914201D1C91432E021499B
:101CC000C96C0968204A3032914201D1C91429E017
:101CD0001C49C96C09681D4A3032914202D14FF447
:101CE00000111FE01749C96C0968174A183A914258
:101CF00002D14FF4001115E01249C96C0968134A6A
:101D00009032914202D14FF400110BE00D49C96CA1
:101D100009680D4A4832914202D14FF4001101E0A6
:101D20004FF00061084000286FD00648C06C006882
:101D3000054988427BD90348C06C00680349884242
:101D400008D105E090110020586402401060024064
:101D5000202068E0FE48C06C0068FE49884201D13E
:101D6000202060E0FA48C06C0068FB49884201D13D
:101D7000202058E0F648C06C0068F649603188427F
:101D800001D120204FE0F248C06C0068F249483988
:101D9000884201D1C01446E0ED48C06C0068ED49AE
:101DA0001831884201D1C0143DE0E948C06C006898
:101DB000E9491831884201D1C01434E0E448C06CCC
:101DC0000068E4497831884201D1C0142BE0E04832
:101DD000C06C0068E0493039884202D14FF40010ED
:101DE00021E0DB48C06C0068DA493031884202D11A
:101DF0004FF4001017E0D648C06C0068D649303167
:101E0000884204D14FF400100DE0DFE10FE0D0482C
:101E1000C06C0068CF499031884202D14FF4001065
:101E200001E04FF00060CB49091F08606AE1C84833
:101E3000C06C0068C8494831884274D9C448C06C35
:101E40000068C5496039884201D1202066E0C04859
:101E5000C06C0068BF49884201D120205EE0BC48C8
:101E6000C06C0068BC49884201D1202056E0B848C7
:101E7000C06C0068B7496031884201D120204DE034
:101E8000B348C06C0068B4494839884201D1C014D5
:101E900044E0AF48C06C0068AE491831884201D1B7
:101EA000C0143BE0AA48C06C0068AB4918318842B6
:101EB00001D1C01432E0A648C06C0068A549783151
:101EC000884201D1C01429E0A148C06C0068A24931
:101ED0003039884202D14FF400101FE09C48C06C9A
:101EE00000689C493031884202D14FF4001015E05F
:101EF0009748C06C006898493031884202D14FF44D
:101F000000100BE09248C06C006892499031884202
:101F100002D14FF4001001E04FF000608D49083904
:101F20000860EFE0FFE78A48C06C00688A4918390A
:101F3000884274D98648C06C0068874960398842F5
:101F400001D1202066E08248C06C00688149884247
:101F500001D120205EE07E48C06C00687E49884246
:101F600001D1202056E07A48C06C00687949603180
:101F7000884201D120204DE07548C06C0068764948
:101F80004839884201D1C01444E07148C06C0068EF
:101F900070491831884201D1C0143BE06C48C06CD4
:101FA00000686D491831884201D1C01432E0684898
:101FB000C06C006867497831884201D1C01429E0BB
:101FC0006348C06C006864493039884202D14FF4DC
:101FD00000101FE05E48C06C00685E4930318842E6
:101FE00002D14FF4001015E05948C06C00685A49FE
:101FF0003031884202D14FF400100BE05448C06CDD
:10200000006854499031884202D14FF4001001E039
:102010004FF0006050497039C86073E0FFE74C48EA
:10202000C06C00684C496039884201D1202066E0CC
:102030004748C06C00684749884201D120205EE0D3
:102040004348C06C00684449884201D1202056E0D2
:102050003F48C06C00683F496031884201D1202070
:102060004DE03B48C06C00683B494839884201D18B
:10207000C01444E03648C06C0068364918318842C4
:1020800001D1C0143BE03248C06C006832491831BD
:10209000884201D1C01432E02D48C06C00682D493F
:1020A0007831884201D1C01429E02948C06C006809
:1020B00029493039884202D14FF400101FE02448EA
:1020C000C06C006823493031884202D14FF40010BF
:1020D00015E01F48C06C00681F493031884202D1AA
:1020E0004FF400100BE01A48C06C00681949903199
:1020F000884202D14FF4001001E04FF00060164911
:10210000703988601548007800F0020078B11348F3
:10211000007820F00200114908700846007840F06D
:1021200004000870012211460D4802F04DFA0D48D6
:10213000007800F00200E0B10A48007820F00200C8
:10214000084908700846007840F0040008700BE069
:102150009011002010640240706002403905002098
:10216000000402403A05002001221021184802F024
:102170002BFA1848007800F0020078B11548007872
:1021800020F00200134908700846007840F004006F
:102190000870012210210E4802F016FA11F05AFDC3
:1021A0000D48007800F0040080B10B48007820F062
:1021B0000400094908700846007840F008000870DB
:1021C0000648006840F001000449086010BD0000A6
:1021D000000002403B05002039050020103C014072
:1021E00010B5024801F0B4FE10BD000090150020AB
:1021F00010B5024801F0ACFE10BD0000B016002082
:1022000010B5024801F0A4FE10BD000030150020FA
:102210000146087810381823B0FBF3F20848805CB8
:10222000C865032A05D908686FF30900001D886591
:1022300003E008686FF309008865886D7047000047
:1022400000680108014600208A6A8B69CBB932B167
:10225000012A0DD0022A03D0032A10D10EE000BFBC
:10226000CB6A03F08073B3F1807F00D1012007E0D7
:10227000CB6AB3F1C07F00D1012001E000E000BFD4
:1022800034E08B69B3F5005F1AD132B1012A07D06F
:10229000022A03D0032A11D10AE000BF01200EE078
:1022A000CB6A03F08073B3F1807F00D1012006E098
:1022B000CB6AB3F1C07F00D1012000E000BF15E080
:1022C00032B1012A05D0022A04D0032A0CD103E03E
:1022D00000BF00BF012008E0CB6A03F08073B3F1B8
:1022E000807F00D1012000E000BF00BF704730B503
:1022F0000468246824F4802405682C600468636002
:102300008468402C04D10468A2600468E16003E0A2
:102310000468A1600468E26030BD704770B504468F
:102320000D46164640F203222868811A90421FD0BB
:1023300013DC552844D008DC51283DD052283CD02D
:1023400053283BD054285BD139E0562839D0A0F22D
:10235000012058B1012853D109E0092950D2DFE802
:1023600001F04F08090A0B0C0D0E0F0000BF00BF53
:1023700000BF00BF00BF00BF00BF00BF00BF00BF65
:102380002878401E204908702048844208D12049FE
:102390001D4A127801EB0210314600F045F80AE0C0
:1023A0001C48844207D11C49174A127801EB0210DD
:1023B000314600F039F870BD00BF00BF00BF00BF5C
:1023C00000BF28785138154908701048844209D157
:1023D0000978C1EB0111124A02EB8100314600F08D
:1023E0004FF80CE00B48844209D10C490978C1EB45
:1023F00001110C4A02EB8100314600F041F8DAE7A6
:1024000000BF00BF00BFD6E730010020C40F00208E
:10241000B47E0020EC0F0020647F002031010020FA
:10242000148000200481002070B504460D462088E9
:1024300000B220816878297840EA01202080E8787D
:10244000A97840EA012000B260806879297940EAE1
:10245000012000B2A080A879A07102F0BBF8E06072
:1024600070BD70B50446204600F038F9054605B940
:1024700070BD62892178284600F08CF800BFF7E72C
:1024800070B504460D46287800F00F0020602878CB
:1024900000116060A878697840EA0120A060E878BF
:1024A0000001297940EA2110E0606879297901F07A
:1024B0000F0140EA012020611021DFED170A9FED96
:1024C000170AA06812F0A2FE84ED070A0C21F3EEB1
:1024D0000E0ABBEE0E0AE06812F098FE84ED080AC0
:1024E0000C21F2EE040ABAEE040A206912F08EFE04
:1024F00084ED090AA87900EE100AB8EE400A84EDCE
:102500000C0AE87900EE100AB8EE400A84ED0D0AD4
:1025100002F060F8A06370BDD00F4940D00F49C0F1
:1025200070B52DED028B0446B0EE408AF0EE608A65
:10253000204600F0D3F8054615B9BDEC028B70BDFE
:1025400094ED0E1AB0EE412A94ED0F1AF0EE410A06
:1025500094ED101AB0EE410A2178F0EE681AB0EE50
:10256000481A284607F0F0FB00BFE6E710B5012047
:1025700001F022FF10BD10B5082001F01DFF10BDB5
:1025800010B5102001F018FF10BD10B5202001F08B
:1025900013FF10BD70B504460E4615460B48046087
:1025A00070190A494860FF200877FF2107484177E2
:1025B0008177C17780F8201080F8211080F82210F0
:1025C000FC2180F82310FFF7B1F870BD0C0100204A
:1025D00072B600BFFEE7000070B504460D46B5F9BF
:1025E000020000EE100AB8EEC00ADFED1C0A20EE71
:1025F000200A84ED050A2888400000EE100AB8EE93
:10260000C00ADFED170A20EE200A9FED161AC0EE71
:10261000010A9FED130A30EEC00A84ED070AA8797B
:1026200000EE100AB8EE400A84ED080AB5F904007D
:1026300000EE100AB8EEC00A84ED090A2988618507
:1026400001F0C8FF0646E868301A0A2802D90120BE
:10265000207301E00020207370BD00005077D63D4C
:10266000DB0F49400000004602460C290BDA012A24
:1026700003D1064800EB01107047022A03D1044839
:1026800000EB0110F8E701481030F5E7B47E0020B8
:10269000647F002070B504460D4695ED070A84ED71
:1026A000070A95ED080A84ED050A95ED090A84EDFF
:1026B000060A95ED0C0A84ED080A29792C200155AB
:1026C00001F088FF0646A86B301A0A2802D90120BB
:1026D000207301E00020207370BD0000014648789F
:1026E000032801D0002070478878012801D10448D0
:1026F000F9E78878022801D10248F4E70020F2E7E0
:10270000C40F0020EC0F0020024901EB800191ED85
:10271000000A704798860020024901EB800191ED84
:10272000000A7047A486002070B50446607830B176
:10273000012805D002280FD0032832D118E000BFAD
:102740002278521ED1B2A078FFF78EFF05462946A7
:102750002046FFF741FF25E02278D21CD1B2A078B5
:10276000FFF782FF054629462046FFF735FF19E0AF
:10277000A07801280AD12078401EC0EB00100A4A38
:1027800002EB80012046FFF785FF09E02078401E1C
:10279000C0EB0010054A02EB80012046FFF77AFFEC
:1027A00000E000BF00BF70BD148000200481002045
:1027B00010B52DED0E8BFE480079012808D19FED54
:1027C000FD0AFB4880ED220A9FEDFA0A80ED100A0F
:1027D000F748007902286ED19FEDF60AF44880EDA3
:1027E000260AD0ED321AB0EE611AD0ED361AF0EEAC
:1027F000610AD0ED261AB0EE610A11F026F9EC4814
:1028000080ED260A90F9580001EE100AB8EEC11AC0
:10281000E748D0ED2A1A21EE211AB0EE410A90EDD8
:10282000261AF0EE410AE4480CF000FBE04880ED87
:10283000230A90F9580001EE100AB8EEC11ADC48DC
:10284000D0ED2E1A21EE211AB0EE410A90ED231A96
:10285000F0EE410AD84848300CF0E8FAD44880ED50
:10286000220A9FEDD60A80ED270A90ED271AF0EE96
:10287000410A90ED091AB0EE410AD1480CF0D6FA9F
:10288000CB4880ED110A90ED111AF0EE410A90ED5F
:102890002F1AB0EE410ACA4848300CF0C7FAC448B3
:1028A00090F9100000EE900AF8EEE00A20EE200AFF
:1028B000BF4880ED100ABE48007903287ED1C14888
:1028C000007D01287AD0BF48007F012877D1BE481B
:1028D000007838B9B64890ED2B0A80ED270A012020
:1028E000B9490870B749B1F90C00FEF70CFB41EC8F
:1028F0001C0B9FEDB60B53EC102BFEF792FA41EC3C
:102900001A0BAB4890ED270A10EE101A0846FEF796
:102910000BFB41EC1B0B53EC1A2BFEF77CFA41EC42
:10292000190BFEF714FBA249C1F89C00A548B0F9A9
:10293000080000EE900AF8EEE00AB0EE600AA54842
:1029400006F0BDFBA34890ED010A10EE101A0846F0
:10295000FEF7EAFA41EC1C0B9FED9F0B53EC102B9A
:10296000FEF75FFA41EC1A0B914890ED270A10EE42
:10297000101A0846FEF7D8FA41EC1B0B53EC1A2B41
:10298000FEF749FA41EC190BFEF7E1FA8849C1F864
:102990009C00084690ED2B1AF0EE410A90ED271AA4
:1029A000B0EE410A10F032FCB0EE408A804890ED63
:1029B0002B0A70EE088AD0ED2B0A01E04BE123E0F0
:1029C000B0EE600AF0EE680A7B4890380CF02EFA00
:1029D000774880ED110A90ED111AF0EE410A90ED62
:1029E0002F1AB0EE410A744848380CF01FFA7048AC
:1029F00090F9100000EE900AF8EEE00A20EE200AAE
:102A00006B4880ED100A97E000206F4908706D4810
:102A1000B0F9080000EE900AF8EEE00AB0EE600AA5
:102A20006C4806F04CFB6B4890ED010A10EE101A52
:102A30000846FEF779FA41EC1B0B9FED690B53EC4E
:102A4000102BFEF7EEF941EC1A0BFEF780FA09EEB7
:102A5000100A9FED651ADFED650AB0EE490A10F025
:102A6000C6FF10EE104A2046FEF75EFA41EC1C0B42
:102A70005449B1F90C00FEF746FA41EC1E0B9FEDEC
:102A80005C0B53EC102BFEF7CCF941EC1D0B53EC17
:102A90001C2BFEF71FF941EC1A0B454890ED270A55
:102AA00010EE101A0846FEF73FFA41EC1B0B53ECF0
:102AB0001A2BFEF7B0F941EC190BFEF748FA3C4926
:102AC000C1F89C00084690ED2B1AF0EE410A90EDFB
:102AD000271AB0EE410A10F099FBB0EE408A344854
:102AE00090ED2B0A30EE080AF0EE408AD0ED2B0A6A
:102AF000B0EE600AF0EE680A2F4890380CF096F9B4
:102B00002B4880ED110A90ED111AF0EE410A90ED7C
:102B10002F1AB0EE410A284848380CF087F92448AB
:102B200090F9100000EE900AF8EEE00A20EE200A7C
:102B30001F4880ED100A00BF2249B1F90A00FEF7D4
:102B4000E2F941EC1B0B9FED2C0B53EC102BFEF725
:102B500068F941EC190B164890ED260A10EE101A90
:102B60000846FEF7E1F941EC1A0B53EC192BFEF77E
:102B7000B1F841EC180BFEF7EAF90D49C1F89800DD
:102B80000846D0ED321AB0EE611AD0ED361AF0EEEA
:102B9000610AD0ED261AB0EE610A10F056FF044823
:102BA00080ED260A90F9580001EE100A28E0000096
:102BB000107A002000000000C47C0020B4822A406B
:102BC000547D0020F48100200801002005A2276523
:102BD0005243EB3EE80000202D431CEBE2360A3F57
:102BE000D2FBC6D79E59123F295C8F3D295C8FBD11
:102BF000F168E388B5F8F43E691D554D1075FF3E48
:102C0000B8EEC11A8248D0ED2A1A21EE211AB0EE90
:102C1000410A90ED261AF0EE410A7E480CF006F9C2
:102C20007B4880ED230A90F9580001EE100AB8EEB7
:102C3000C11A7748D0ED2E1A21EE211AB0EE410AC2
:102C400090ED231AF0EE410A724848300CF0EEF88D
:102C50006F4880ED220A6E48007903287DD16E48C6
:102C6000007D0128FAD16D4890F88000012827DB0B
:102C70006A4890ED240A664880ED260A6648007F7F
:102C8000012817D1654890ED210A10EE101A084668
:102C9000FEF74AF941EC1A0B9FED610B53EC102B38
:102CA000FEF7B9F841EC190BFEF751F95849C1F894
:102CB0009C0005E0594890ED210A554880ED270A0F
:102CC0005348D0ED321AB0EE611AD0ED361AF0EE5C
:102CD000610AD0ED261AB0EE610A10F0B6FE4C483B
:102CE00080ED260A4D4890ED250A10EE101A084690
:102CF000FEF71AF941EC1C0B9FED4B0B53EC102B1C
:102D0000FEF78FF841EC1A0B414890F9580001EE9C
:102D1000100AB8EEC11A3E48D0ED2A1A21EE211A47
:102D2000B0EE410A90ED261AF0EE410A39480CF057
:102D30007DF810EE104A2046FEF7F6F841EC1B0B2A
:102D400053EC1A2BFDF7C6FF41EC190BFEF7FFF809
:102D500001462F48C0F88C1000E055E090F958006B
:102D600001EE100AB8EEC11A2948D0ED2E1A21EE54
:102D7000211AB0EE410A90ED231AF0EE410A2548DF
:102D800048300CF053F8224880ED220A90ED2B1ABF
:102D9000F0EE410A90ED271AB0EE410A10F036FA33
:102DA000B0EE408A1A4890ED2B0A70EE088AD0EDFA
:102DB0002B0AB0EE600AF0EE680A164890380CF064
:102DC00035F81648D0ED220AB7EE001A01EE200AB7
:102DD0000F4880ED110A90ED111AF0EE410A90EDC6
:102DE0002F1AB0EE410A0B4848380CF01FF808487B
:102DF00090F9100000EE900AF8EEE00A20EE200AAA
:102E0000034880ED100A00BFBDEC0E8B10BD000022
:102E1000107A0020C47C0020F4810020BC860020B1
:102E20007B14AE47E17A943F000000000000F83FB9
:102E30001CB510F0F1FE534908609FED530A084697
:102E400080ED260A9FED500A80ED270A9FED4E0A7D
:102E500080ED2A0A9FED4C0A80ED2B0A9FED4A0A6D
:102E600080ED2E0A9FED480A80ED2F0A9FED470A5C
:102E700080ED320ABEEE000A80ED360ADFED420A2E
:102E8000B2EE000A424A002142480CF0C7F8DFEDDA
:102E90003E0AB1EE0C0A404A00213E4848300CF090
:102EA000BDF8DFED390AB0EE080A3C4A00213C4883
:102EB0000CF0B4F8DFED340AB0EE000A394A002114
:102EC000374848300CF0AAF8F0EE000AB2EE000ADB
:102ED000354A00212F4890300CF0A0F8DFED2A0A87
:102EE000B1EE0C0A314A00212A48D8300CF096F88D
:102EF0009FED2F0A2F4806F0F7F89FED2D0A2E4878
:102F000006F0F2F89FED2A0A2C4806F0EDF89FED46
:102F1000280A2B4806F0E8F8F2EE042A9FED292A49
:102F2000F2EE041A9FED281AF6EE000AB1EE040A3A
:102F300026480CF02DF900200121B7EE000A0323EA
:102F40000A46CDE900100F48083006F073FF002054
:102F5000411EB7EE000A03230222CDE900101946F4
:102F60000848503006F066FF06480830FFF779FA47
:102F700004485030FFF775FA012002490871487182
:102F80001CBD0000107A0020000000009A99993EB4
:102F900040680108347C00204C680108586801082A
:102FA000547D002064680108706801087C6801088D
:102FB0006666663FE8000020F0000020F800002070
:102FC00000010020CDCC4C3F0AD7A33B747E0020EB
:102FD00010B53248FFF7A8FB30484830FFF7A4FB94
:102FE0000020FFF791FB2D48083880ED2A0A0220C7
:102FF000FFF78AFB2948083880ED2B0A0120FFF7EC
:1030000083FB2648083880ED2D0A0020FFF784FB5B
:103010002248083880ED2E0A0220FFF77DFB1F486A
:10302000083880ED2F0A13F03DF91C490839D1F812
:103030001C12401A19490839C1F8200213F032F95C
:1030400016490839C1F81C02084690F8340048B106
:10305000084690F87C0028B11148008A0121B1EBA4
:10306000A03F19D10D48FFF7FCF9012011F0F0F84D
:103070000A484830FFF7F5F9012011F0E9F8074850
:10308000FFF7EFF9012011F0E3F804484830FFF7AB
:10309000E8F9012011F0DCF810BD0000187A0020DA
:1030A000F4810020134908791349897C114A117170
:1030B000114648710979527991421AD00D4909791E
:1030C000032909D10B4991ED2A0A81ED260A91EDD8
:1030D0002B0A81ED270A0CE006490979022908D15B
:1030E0009FED060A034981ED260A91ED2B0A81ED39
:1030F000270A7047107A0020F481002000000000A9
:1031000010B5DFED0A0A9FED090A0948FFF708FA32
:10311000DFED060A9FED050A05484830FFF700FA83
:10312000FEF702F9FEF75AFB10BD00000000000098
:10313000187A00207047000038B502460020009041
:1031400000BF92F83C00012801D1022038BD0120C7
:1031500082F83C0000BF0868092816D91068C068CA
:103160000C780A3C04EB44050724AC40A0431468E7
:10317000E0600C780A3C04EB44048868A0401468C2
:10318000E46820431468E06013E0106800690C787C
:1031900004EB44050724AC40A043146820610C787C
:1031A00004EB44048868A040146824692043146830
:1031B00020614868072817D21068406B0C79641E9C
:1031C00004EB84051F24AC40A043146860630888A6
:1031D00080B20C79641E04EB8404A0401468646B14
:1031E00020431468606331E048680D2817D21068E6
:1031F000006B0C79E41F04EB84051F24AC40A04352
:1032000014682063088880B20C79E41F04EB8404FE
:10321000A0401468246B20431468206316E01068F3
:10322000C06A0C790D3C04EB84051F24AC40A0431C
:103230001468E062088880B20C790D3C04EB8404C9
:10324000A0401468E46A20431468E062194B1A4CE9
:103250001068A04206D10868122803D1586840F4CB
:1032600080005860144C1068A0421CD108681028D7
:1032700002D00868112816D1586840F40000586040
:10328000086810280FD10D4800680D4CB0FBF4F011
:1032900000EB80004000009002E00098401E00908B
:1032A00000980028F9D100BF002082F83C0000BF40
:1032B00000BF4BE700230140002001402C0000200C
:1032C00040420F0070B5044600250CB9012070BDC6
:1032D0001549A06A884200D000BF206C30B9204652
:1032E00000F024F80020606484F83C00206C00F0BA
:1032F000100088B9206C20F4885040F0020020644F
:103300002046FDF743FF00206064206C20F002009F
:1033100040F00100206400E0012500BF002084F897
:103320003C0000BF2846D2E70100000F10B586B070
:103330000446142101A8FDF7BBFC234920688842FC
:103340000FD100BF002000902048006840F480703A
:103350001E4908600846006800F48070009000BFB5
:103360002FE01B49206888422BD100BF002000902D
:103370001648006840F480601449086008460068F8
:1033800000F48060009000BF00BF00BF00200090EC
:103390000E481438006840F020000C4914390860C9
:1033A0000846006800F02000009000BF00BF08152C
:1033B0000190032002900020039001A9054801F02C
:1033C00009F806B010BD000000200140443802405A
:1033D000002201400014024010B5024692F820304D
:1033E000012B01D0022B06D11068406908431468F4
:1033F0006061002010BD506A40F4802050620120BE
:10340000F8E7F0B504460D461E4694F82070206893
:103410008368A86800B900E000BF012F01D0022F27
:103420007DD103F0806030B903F0006018B903F07B
:10343000805000287ED0C3F30161012088403060B5
:10344000A86860B9B5F800C0E86840EA4C5C20683C
:1034500000F5C07000EB0110C0F800C00FE0D5E926
:1034600001C040EACC00D5F80CC040EA0C00D4F80A
:1034700000C00CF5C07C0CEB011CCCF80000D5F8AA
:1034800010C0206800F5C07000EB0110C0F804C047
:10349000287D01280ED1206800F5C07000EB0110D6
:1034A000406840F4807C206800F5C07000EB01109B
:1034B000C0F804C0D079000692F806C040EA0C407B
:1034C00092F805C040EA0C2092F804C040EA0C00D3
:1034D000D4F800C00CF5C07C0CEB011CCCF80C003F
:1034E000D078000692F802C040EA0C4092F801C081
:1034F00040EA0C2092F800C040EA0C00D4F800C06A
:103500000CF5C07C0CEB011CCCF80800206800F521
:10351000C07000EB0110006840F0010C01E00FE00A
:1035200008E0206800F5C07000EB0110C0F800C092
:103530000020F0BD606A40F4001060620120F8E7EE
:10354000606A40F4802060620120F2E7F0B5044632
:103550000A4694F82050012D01D0022D7ED1424917
:1035600001F50071086840F001000860086820F467
:103570007C5008600868566A40EA06200860107DA2
:1035800000F01F06012000FA06F3C8699843C861DD
:10359000A1F50071D069C8B9D1F80C029843C1F8FF
:1035A0000C02908880B2968940EA064601F51070B8
:1035B000576940F83760108880B2168940EA06469D
:1035C00001F51070576900EBC7004660D06901280B
:1035D00019D1D1F80C021843C1F80C02908880B2BE
:1035E000168840EA064601F51070576940F83760C2
:1035F000908980B2168940EA064601F51070576935
:1036000000EBC7004660906928B9D1F804029843DE
:10361000C1F8040204E0D1F804021843C1F804021E
:10362000106928B9D1F814029843C1F8140204E0D3
:10363000D1F814021843C1F81402106A012804D109
:10364000D1F81C021843C1F81C02D1F8000220F086
:103650000100C1F800020020F0BDFFE7606A40F4FD
:10366000802060620120F7E700640040704770B579
:10367000044694F82050012D01D0022D7DD151B97E
:103680002068C06800F0030080B9606A40F4001050
:103690006062012070BD2068006900F0030028B955
:1036A000606A40F4001060620120F3E7206800F5D2
:1036B000D87000EB0110006800F004009060906882
:1036C00040B9206800F5D87000EB01100068400D8B
:1036D000106007E0206800F5D87000EB011000686A
:1036E000C0085060206800F5D87000EB0110006839
:1036F00000F00200D060206800F5D87000EB0110E7
:10370000406800F00F00082802D30820106108E08C
:10371000206800F5D87000EB0110406800F00F0041
:103720001061206800F5D87000EB0110406800F4CB
:103730007F40000A9061206800F5D87000EB01100E
:103740004068000C5061206800F5D87000EB011053
:1037500080681870206800F5D87000EB0110806850
:1037600000F47F40000A5870206800F5D87000EB24
:103770000110806800F47F0000E03CE0000C9870CD
:10378000206800F5D87000EB01108068000ED8703A
:10379000206800F5D87000EB0110C068187120682F
:1037A00000F5D87000EB0110C06800F47F40000AFB
:1037B0005871206800F5D87000EB0110C06800F463
:1037C0007F00000C9871206800F5D87000EB0110A4
:1037D000C068000ED87131B92068C06840F0200080
:1037E0002668F06005E02068006940F02000266847
:1037F000306100204EE7606A40F480206062012062
:1038000048E70146002091F82020012A01D0022A31
:1038100011D10B689B6803F0806303B1401C0B68F7
:103820009B6803F0006303B1401C0B689B6803F0C6
:10383000805303B1401C70472DE9F05F044600251A
:10384000206846692068D0F804902068876820685E
:10385000D0F80CA02068D0F810B02068D0F81880FC
:1038600006F00100002855D007F00100C0B101208A
:103870002168886007F0020018B1204600F0F7FACE
:103880000EE007F0040010B145F4006508E007F011
:10389000080010B145F4805502E0204600F0E6FA39
:1038A00007F48070C8B14FF480702168886007F415
:1038B000007018B1204600F0DCFA0EE007F48060DA
:1038C00010B145F4005508E007F4006010B145F46C
:1038D000804502E0204600F0CBFA07F48030C8B102
:1038E0004FF480302168886007F4003018B120461A
:1038F00000F0C1FA0EE007F4802010B145F4004555
:1039000008E007F4002010B145F4803502E02046BD
:1039100000F0B0FA06F0080038B10AF0100020B14B
:1039200045F4007510202168C86006F0040040B11D
:103930000AF0080028B108202168C860204600F07D
:103940000DFA06F0020038B12068C06800F00300EC
:1039500010B1204600F004FA06F0400038B10BF038
:10396000100020B145F4806510202168086106F040
:10397000200040B10BF0080028B108202168086140
:10398000204600F009FA06F0100038B120680069FE
:1039900000F0030010B1204600F000FA06F40030F9
:1039A00040B109F0100028B110202168486020467D
:1039B00000F02CFA06F4803040B109F0080028B17C
:1039C000082021684860204600F056FA06F40040BE
:1039D00088B309F0040078B306F4807020B108F0D1
:1039E000010008B145F0010506F4007020B108F0AF
:1039F000020008B145F0020506F4806020B108F02D
:103A0000040008B145F0040506F40060A0B108F018
:103A1000700088B108F07000402817D006DC10282C
:103A20000BD020280CD0302819D10CE0502810D011
:103A3000602814D110E01DE019E045F008050FE002
:103A400045F010050CE045F0200509E045F0400583
:103A500006E045F0800503E045F4807500E000BF16
:103A600000BF2068806920F0700021688861042010
:103A7000216848602DB1606A284360622046FFF7E4
:103A8000F5FDBDE8F09F70B504460CB9012070BD8E
:103A900094F8200010B9204600F0B0F820680068C3
:103AA00040F001002168086000F094FD05460DE03B
:103AB00000F090FD401B0A2808D9606A40F40030ED
:103AC0006062052084F820000120E0E7206840685B
:103AD00000F001000028EBD02068006820F0020010
:103AE0002168086000F076FD05460DE000F072FDEB
:103AF000401B0A2808D9606A40F400306062052043
:103B000084F820000120C2E72068406800F002002D
:103B10000028EBD1207E012806D12068006840F003
:103B200080002168086005E02068006820F08000BF
:103B300021680860607E012806D12068006840F096
:103B400040002168086005E02068006820F040001F
:103B500021680860A07E012806D12068006840F036
:103B600020002168086005E02068006820F020003F
:103B700021680860E07E012806D12068006820F0F6
:103B800010002168086005E02068006840F010001F
:103B900021680860207F012806D12068006840F075
:103BA00008002168086005E02068006820F008002F
:103BB00021680860607F012806D12068006840F015
:103BC00004002168086005E02068006820F0040017
:103BD00021680860D4E9020108432169084361694A
:103BE00008436168491E08432168C861002060627B
:103BF000012084F82000002049E7000010B586B0BD
:103C00000446142101A8FDF753F84E492068884264
:103C100041D14D480068401C4B4908600846006887
:103C200001280FD100BF002000904848006840F0F4
:103C30000070464908600846006800F00070009077
:103C400000BF00BF00BF002000904048103800684F
:103C500040F008003D49103908600846006800F04F
:103C60000800009000BF00BF0320019002200290D6
:103C700000200390032004900920059001A93448F6
:103C800000F0A8FB00220521152001F083F9152082
:103C900001F06CF954E02F492068884250D100BFF0
:103CA000002000902948006840F0806027490860A3
:103CB0000846006800F08060009000BF00BF224806
:103CC0000068401C204908600846006801280FD1A0
:103CD00000BF002000901D48006840F000701B49A4
:103CE00008600846006800F00070009000BF00BF48
:103CF00000BF0020009015481038006840F0020016
:103D00001249103908600846006800F0020000906F
:103D100000BF00BF602001900220029000200390AD
:103D2000032004900920059001A90B4800F052FBE4
:103D300000220621402001F02DF9402001F016F963
:103D400006B010BD006400401C0000204038024056
:103D5000000C024000680040000402407047000070
:103D600010B58AB0044601AB03AA00212046FFF734
:103D70007EFC059820B901AA03A92046FEF7CEFAD9
:103D80000398042803D101A90248FEF779FB0AB081
:103D900010BD00007C8100207047000010B58AB083
:103DA000044601AB03AA01212046FFF760FC0598F9
:103DB00020B901AA03A92046FEF7B0FA40F25551F6
:103DC0000398884203D101A90E4805F043FF40F251
:103DD00056510398884203D101A90A4805F072FFA1
:103DE00040F257510398884203D101A9054805F0D4
:103DF00083FF0398022803D101A90348FEF740FB83
:103E00000AB010BDF481002014800020704770B506
:103E1000044694F82000012822D1022084F82000D2
:103E20002068006820F001002168086000F0D2FBE3
:103E300005460DE000F0CEFB401B0A2808D9606A59
:103E400040F400306062052084F82000012070BD3D
:103E50002068406800F001000028EBD16062F6E7BE
:103E6000606A40F4002060620120F0E7704770470C
:103E70007047704770477047704770B50446A56D2E
:103E800000F0A8FB064694F83500022808D08020F0
:103E9000606500BF002084F8340000BF012070BDC1
:103EA0002068006820F016002168086020684069DA
:103EB00020F0800021684861206C08B9A06C28B10E
:103EC0002068006820F00800216808602068006809
:103ED00020F001002168086010E000F07BFB801BEF
:103EE00005280BD920206065032084F8350000BF29
:103EF000002084F8340000BF0320D0E72068006869
:103F000000F001000028E8D194F85C103F208840C0
:103F1000A860012084F8350000BF002084F8340038
:103F200000BF00BFBBE7014691F83500022803D06F
:103F30008020486501207047052081F83500086819
:103F4000006820F001000A6810600020F3E700001C
:103F5000F8B50446002000908C4800684FF41651D4
:103F6000B0FBF1F7A56D2E6894F85C10082088402E
:103F7000304098B12068006800F0040070B12068FB
:103F8000006820F004002168086094F85C100820A4
:103F90008840A860606D40F00100606594F85C1096
:103FA00001208840304068B12068406900F08000FE
:103FB00040B194F85C1001208840A860606D40F02A
:103FC0000200606594F85C1004208840304068B1BD
:103FD0002068006800F0020040B194F85C100420F2
:103FE0008840A860606D40F00400606594F85C1043
:103FF00010208840304078B32068006800F0080046
:1040000050B394F85C1010208840A86020680068C5
:1040100000F4802080B12068006800F4002028B9F6
:10402000206CC8B12046216C884715E0A06C98B17F
:104030002046A16C88470FE02068006800F480707B
:1040400028B92068006820F0080021680860206C0A
:1040500010B12046216C884794F85C1020208840DD
:104060003040002865D02068006800F0100000286B
:104070005FD094F85C1020208840A86094F8350048
:10408000052828D12068006820F016002168086003
:104090002068406920F0800021684861206C08B9E0
:1040A000A06C28B12068006820F008002168086032
:1040B00094F85C103F208840A860012084F8350007
:1040C00000BF002084F8340000BF206D10B12046EE
:1040D000216D8847F8BD2068006800F4802080B119
:1040E0002068006800F4002028B9606C10B12046F8
:1040F000616C88471DE0E06BD8B12046E16B8847D2
:1041000017E02068006800F4807068B920680068D3
:1041100020F0100021680860012084F8350000BFFD
:10412000002084F8340000BFE06B10B12046E16B42
:104130008847606D38B3606D00F00100F0B1052074
:1041400084F835002068006820F0010021680860CC
:1041500000BF0098401C0090B84200D905E02068DC
:10416000006800F001000028F3D100BF012084F8AE
:10417000350000BF002084F8340000BFE06C10B1AF
:104180002046E16C884700BFA4E700002C00002017
:104190002DE9F0410446002500F01CFA074614B949
:1041A0000120BDE8F081606A00B100BF022084F800
:1041B000350000BF002084F8340000BF206800688C
:1041C00020F00100216808600AE000F003FAC01B3B
:1041D000052805D920206065032084F83500E0E734
:1041E0002068006800F001000028EED12068056812
:1041F00021480540D4E901010843E16808432169E9
:10420000084361690843A1690843E1690843216AD9
:1042100008430543606A042803D1D4E90B0108432D
:104220000543206805602068456925F00705606A38
:104230000543606A04280DD1A06A0543E06A48B1CD
:104240002046FDF7FFFF28B140206065012084F87B
:104250003500A6E7206845612046FDF7D9FF0646F0
:1042600094F85C103F208840B06000206065012019
:1042700084F83500002094E73F8010F02DE9F047E6
:1042800004460D4616461F464FF00008D4F85890D5
:1042900000BF94F83400012802D10220BDE8F08765
:1042A000012084F8340000BF94F83500012825D19E
:1042B000022084F83500002060653B4632462946DE
:1042C0002046FEF714F894F85C103F208840C9F8A7
:1042D00008002068006840F0160021680860206C23
:1042E00028B12068006840F0080021680860206854
:1042F000006840F001002168086006E000BF00206F
:1043000084F8340000BF4FF002084046C6E70000C2
:1043100010B50446102C11D11F48007840F0010060
:104320001D4908701D48007840F001001B490870C5
:104330001B48007870B30FF08DFC2BE0202C0BD1C4
:104340001848007840F001001649087014480078B9
:1043500000B30FF07FFC1DE0082C06D11248007856
:1043600040F001001049087014E0012C12D111F046
:1043700089FF01280ED00D490D48006811F076F92B
:104380000A48006830B120070A490860BFF34F8F20
:10439000BFF36F8F10BD00003A0500203B050020E1
:1043A0003D050020390500203C050020D8050020EF
:1043B0001405002004ED00E010B504460448006830
:1043C000204020B1024804602046FFF7A1FF10BD45
:1043D000143C0140F8B502460B460025002400209D
:1043E0000021D6E0012606FA01F51E6806EA05045A
:1043F000AC4274D11E7906F00306012E04D01E795A
:1044000006F00306022E13D190684F000326BE402B
:10441000B0434F00DE68BE403043906050680126D4
:104420008E40B0431E79C6F300168E403043506074
:104430001E7906F00306032E09D0D0684F0003262C
:10444000BE40B0434F009E68BE403043D0601E79EE
:1044500006F00306022E13D1CF0802F1200656F80B
:1044600027004E07F70E0F26BE40B0434F07FF0E42
:104470001E69BE403043CF0802F1200646F82700EF
:1044800010684F000326BE40B0431E7906F00306B5
:104490004F00BE40304310605E6806F44036002E88
:1044A00076D000BF002600963C4E366846F4804623
:1044B0003A4F3E603E46366806F48046009600BF9E
:1044C00000BF374E8F0856F827008E07370F0F268C
:1044D000BE40B043334EB24202D1002624E057E042
:1044E000314EB24201D101261EE0304EB24201D11E
:1044F000022619E02E4EB24201D1032614E02D4EC1
:10450000B24201D104260FE02B4EB24201D1052662
:104510000AE02A4EB24201D1062605E0284EB242F8
:1045200001D1072600E008268F073F0FBE40304329
:104530001B4E8F0846F82700224E3068A0435E6865
:1045400006F4801606B120431E4E3060361D3068DA
:10455000A0435E6806F4001606B12043194E361DCE
:104560003060184E361F3068A0435E6806F400368F
:1045700006B12043134E361F3060361F3068A0430B
:104580005E6806F4803606B120430E4E083E306069
:10459000491C1029FFF426AFF8BD00004438024042
:1045A00008380140000002400004024000080240B8
:1045B000000C0240001002400014024000180240AB
:1045C000001C0240083C01400AB1816101E00B047B
:1045D0008361704701480068704700002000002098
:1045E00070B504460CB9012070BD94F83D0028B99F
:1045F000002084F83C00204600F010FB242084F8C2
:104600003D002068006820F00100216808602068F3
:10461000006840F40040216808602068006820F4C9
:1046200000402168086000F0C1FE05465C496068F2
:10463000884206D85B48854201D2012007E000206D
:1046400005E05948854201D2012000E00020012800
:1046500000D1C9E75548B5FBF0F62068406820F066
:104660003F003043216848604D496068884201D866
:10467000701C07E04FF4967070434FF47A71B0FBF2
:10468000F1F0401C2168096A21F03F0108432168CC
:10469000086243496068884214D8681E616849000E
:1046A000B0FBF1F0401CC0F30B00042801D2042041
:1046B0003DE0681E61684900B0FBF1F0401CC0F3AA
:1046C0000B0034E0A06838B9681E616801EB410155
:1046D000B0FBF1F0401C0AE0681E616801EBC1020A
:1046E00002EB0111B0FBF1F0401C40F48040C0F33C
:1046F0000B0008B901201AE0A06848B9681E61687B
:1047000001EB4101B0FBF1F0401CC0F30B000CE0E9
:10471000681E616801EBC10202EB0111B0FBF1F010
:10472000401CC0F30B0040F4804040F4004021687E
:10473000C9694CF6FF72914308432168C861D4E906
:10474000070108432168096821F0C0010843216876
:104750000860D4E9031008432168896848F2FF32F1
:104760009143084321688860D4E905010843216822
:10477000C96821F0FF0108432168C860206800680B
:1047800040F001002168086000202064202084F8A7
:104790003D000020206384F83E0000BF24E70000B5
:1047A000A086010080841E0000093D0040420F00E9
:1047B0002DE9FC5F04460F4690469946DDE90CABB7
:1047C0000E9EFFF707FF054694F83D00202870D1A4
:1047D00019230122B5492046009502F05CFE10B174
:1047E0000220BDE8FC9F00BF94F83C00012801D1E5
:1047F0000220F6E7012084F83C0000BF2068006832
:1048000000F0010028B92068006840F0010021682C
:1048100008602068006820F4006021680860222099
:1048200084F83D00402084F83E0000202064C4F855
:1048300024A0A4F82AB0608D20859D48E0624B46F4
:10484000424639462046CDE9006502F0D1FC08B168
:104850000120C6E7208D88B900BF002001902068A4
:104860004069019020688069019000BF00BF206806
:10487000006840F400702168086040E0208D012845
:1048800018D12068006820F480602168086000BFAB
:1048900000200190206840690190206880690190A3
:1048A00000BF00BF2068006840F400702168086005
:1048B00025E0F8E0208D022816D12068006820F459
:1048C0008060216808602068006840F4006021680A
:1048D000086000BF002001902068406901902068B6
:1048E0008069019000BF0AE000BF002001902068AD
:1048F0004069019020688069019000BF00BFC3E05B
:10490000208D03287ED8208D012815D12A463146D6
:10491000204602F09CFE08B1012062E72068006991
:10492000616A0870606A401C6062208D401E2085AC
:10493000608D401E6085A7E0208D02282AD1334675
:1049400000225C492046009502F0A5FD08B1012037
:1049500047E72068006840F400702168086020681C
:104960000069616A0870606A401C6062208D401EA8
:104970002085608D401E608520680069616A08702E
:10498000606A401C6062208D401E2085608D401E44
:10499000608579E03346002246492046009502F0C2
:1049A0007AFD08B101201CE72068006820F48060CF
:1049B0002168086020680069616A0870606A401CAC
:1049C0006062208D401E2085608D401E60853346CC
:1049D000002238492046009502F05DFD08B1012013
:1049E000FFE62068006840F40070216808602068D5
:1049F0000069616A0870606A401C6062208D401E18
:104A0000208500E010E0608D401E60852068006910
:104A1000616A0870606A401C6062208D401E2085BB
:104A2000608D401E60852FE02A463146204602F008
:104A30000EFE08B10120D4E620680069616A0870A2
:104A4000606A401C6062208D401E2085608D401E83
:104A5000608520684069C0F38000A8B1208D0328DC
:104A600005D12068006820F4806021680860206813
:104A70000069616A0870606A401C6062208D401E97
:104A80002085608D401E6085208D00287FF438AF22
:104A9000202084F83D00002084F83E0000BF84F808
:104AA0003C0000BF9DE602209BE6000002001000D3
:104AB0000000FFFF040001002DE9FC5F04460F46E3
:104AC00090469946DDE90CAB0E9EFFF783FD054647
:104AD00094F83D0020287DD1192301224D4920461C
:104AE000009502F0D8FC10B10220BDE8FC9F00BF89
:104AF00094F83C00012801D10220F6E7012084F857
:104B00003C0000BF2068006800F0010028B9206860
:104B1000006840F00100216808602068006820F407
:104B2000006021680860212084F83D00402084F85E
:104B30003E0000202064C4F824A0A4F82AB0608DB0
:104B400020853548E0624B46424639462046CDE94D
:104B5000006502F0FDFB08B10120C6E731E02A46FE
:104B60003146204602F0B8FD50B1206C042805D132
:104B70002068006840F40070216808600120B4E7F4
:104B8000606A007821680861606A401C6062208D5C
:104B9000401E2085608D401E608520684069C0F3FE
:104BA000800070B1208D60B1606A00782168086172
:104BB000606A401C6062208D401E2085608D401E12
:104BC0006085208D0028CAD12A463146204602F051
:104BD0002FFC00E01CE050B1206C042805D12068B7
:104BE000006840F400702168086001207DE72068BB
:104BF000006840F4007021680860202084F83D00BF
:104C0000002084F83E0000BF84F83C0000BF6CE741
:104C100002206AE7020010000000FFFF10B586B016
:104C20000446142101A8FCF743F86F492068884224
:104C300030D100BF002000906C48006840F00200B6
:104C40006A4908600846006800F00200009000BF52
:104C500000BF4FF44070019012200290002003909A
:104C6000032004900420059001A96148FFF7B2FBDE
:104C700000BF002000905D481030006840F4001034
:104C80005A49103108600846006800F4001000908E
:104C900000BFA6E057492068884250D100BF0020DD
:104CA00000905248006840F02000504908600846D3
:104CB000006800F02000009000BF00BF03200190BA
:104CC00012200290002003900320049004200590FD
:104CD00001A94948FFF77EFB00BF00200090434830
:104CE0001030006840F480004049103108600846E8
:104CF000006800F48000009000BF00BF3F484049BA
:104D000008604FF06060486040213D4881600021AC
:104D1000C1604FF480610161002141618161C16125
:104D20004FF40031016200214162FFF731FA08B10E
:104D3000FDF74EFC00BF32486063846351E03149A7
:104D4000206888424DD100BF0020009027480068AD
:104D500040F00400254908600846006800F004009F
:104D6000009000BF00BF00BF002000900846006810
:104D700040F0010008600846006800F00100009063
:104D800000BF00BF4815019012200290012003903F
:104D9000032004900420059001A91B48FFF71AFB8B
:104DA0004FF48070019012200290012003900320A4
:104DB00004900420059001A91448FFF70BFB00BFE5
:104DC0000020009009481030006840F400000749B6
:104DD000103108600846006800F40000009000BF31
:104DE00000BF06B010BD0000005400403038024043
:104DF000000402400058004000140240B860024025
:104E000010110020005C0040000802400000024039
:104E1000034800680349097808440149086070475D
:104E2000200000202800002010B50D48006840F444
:104E300000700B4908600846006840F48060086014
:104E40000846006840F480700860032000F0E0F835
:104E50000F2000F007F800F05FF8002010BD000000
:104E6000003C02402DE9F04188B004460027B846D6
:104E700000BF002001902448006840F00100224952
:104E800008600846006800F00100019000BF00BF04
:104E900002A903A800F062FA069F1FB900F086FA83
:104EA000054602E000F082FA45001848B5FBF0F034
:104EB000A0F101084FF080401549086040F2E73149
:104EC0001348C160C0F804800021016181608161E4
:104ED00001F092F8064696B90D4801F059F90646D8
:104EE0006EB91C2000F042F8102C07D20022214697
:104EF0001C2000F04FF80748046000E0012630460F
:104F000008B0BDE8F08100004038024040420F0088
:104F1000101700202400002008B500BF00200090DA
:104F20001148006840F480400F4908600846006856
:104F300000F48040009000BF00BF00BF0020009040
:104F4000081F006840F08050091F0860084600688C
:104F500000F08050009000BF00BF00220F21901E83
:104F600000F018F808BD0000443802400146084629
:104F700000280DDB00BF00BF00F01F0301229A4094
:104F800043099B0003F1E023C3F8002100BF00BFE9
:104F900000BF70472DE9F05F80460D46164600279A
:104FA0000DF000FF074639462A46334601F0070058
:104FB000C0F1070ABAF1040F02D94FF0040A01E068
:104FC000C0F1070AD14600F1040ABAF1070F02D274
:104FD0004FF0000A01E0A0F1030AD4464FF0010AA5
:104FE0000AFA09FAAAF1010A0AEA020A0AFA0CFA0A
:104FF0004FF0010B0BFA0CFBABF1010B0BEA030BAF
:105000004AEA0B04214640460DF0D4FEBDE8F09F6D
:1050100000BF00F00702064B19684FF6FF03194066
:10502000044B0B4343EA0221014B196000BF704758
:105030000CED00E00000FA05F8B504460025002656
:10504000207800F0010020B9207800F00400042846
:105050002FD100205B498866FFF7BCFA054606E0C1
:10506000FFF7B8FA401B022801D90320F8BD5648C3
:105070000068C0F3C0600028F2D160688101207A26
:1050800041EA007050498431086001204D4988662A
:10509000FFF7A0FA054606E0FFF79CFA401B02283E
:1050A00001D90320E2E748480068C0F3C060002847
:1050B000F2D0207800F0020002287DD100BF00204D
:1050C000009041484030006840F080503E494031F7
:1050D00008600846006800F08050009000BF00BFE4
:1050E0003A48006840F4807038490860FFF772FA67
:1050F000054606E0FFF76EFA401B022801D903209F
:10510000B4E73248006800F480700028F2D02E48DE
:105110007030006800F440764EB3A08900F440700F
:10512000B04224D028487030006820F44076012036
:105130002749086000200860234870300660006836
:1051400000F0010098B1FFF745FA054608E0FFF7C7
:1051500041FA401B41F28831884201D9032085E79A
:10516000194870300068C0F340000028EFD000BF3D
:10517000A08900F44070B0F5407F0CD1124808308F
:10518000006820F4F810134AE168114008430E4902
:105190000831086007E00C480830006820F4F81077
:1051A000094908310860084870300068A189C1F3D6
:1051B0000B010843044900E002E07031086000BFC1
:1051C000002053E7000047420038024000700040D2
:1051D000400E4742FFFCFF0F70B504460D460CB968
:1051E000012070BD5848006800F00700A84209D2AD
:1051F00055490D700846006800F00700A84201D02C
:105200000120EEE7207800F0020002281DD120786E
:1052100000F00400042805D14C48006840F4E05038
:105220004A490860207800F00800082805D147485E
:10523000006840F46040454908604448006820F038
:10524000F000A168084341490860207800F001009F
:10525000A8B36068012807D13C4808380068C0F34B
:105260004040B8B90120BCE76068022802D06068FD
:10527000032807D1354808380068C0F3406048B9B2
:105280000120AEE7314808380068C0F3400008B993
:105290000120A6E72D48006820F00300616808435C
:1052A0002A490860FFF796F9064609E0FFF792F9E8
:1052B000801B41F28831884202D9032091E707E040
:1052C0002248006800F00C006168B0EB810FEDD15E
:1052D0001D48006800F00700A84209D91A490D705E
:1052E0000846006800F00700A84201D0012078E7D6
:1052F000207800F00400042807D11448006820F446
:10530000E050E168084311490860207800F0080087
:10531000082808D10D48006820F46040216940EA5F
:10532000C1000A49086000F061F808490968C1F342
:105330000311074A515CC8400649086006480068E6
:10534000FFF790FD00204CE7003C02400838024087
:10535000086801082C000020240000200F220260B1
:105360000D4A126802F0030242600B4A126802F012
:10537000F0028260084A126802F4E052C260064AF3
:10538000126802F46042D2080261044A126802F014
:1053900007020A607047000008380240003C0240E3
:1053A00001480068704700002C00002000B5FFF79E
:1053B000F7FF04490968C1F38221034A515CC840E0
:1053C00000BD0000083802401868010800B5FFF76A
:1053D000E7FF04490968C1F34231034A515CC84000
:1053E00000BD000008380240186801082DE9F047A8
:1053F000002400250026A1462548006800F00C0086
:1054000020B1042805D008283AD105E0DFF88490BF
:1054100039E0DFF8849036E01D48001F006800F096
:105420003F041B48001F006800F4800078B11A4850
:105430001749091F0968C1F38811A0FB01700146D3
:10544000224600233846FBF7E9FB05460EE01148EB
:105450000F49091F0968C1F38811A0FB01700146BB
:10546000224600233846FBF7D9FB05460848001FB3
:105470000068C0F30140401C4600B5FBF6F902E0AD
:10548000DFF8109000BF00BF4846BDE8F08700007D
:10549000083802400024F400001BB700F8B50446A9
:1054A0000CB90120F8BD207800F00100002874D06C
:1054B000F948006800F00C0004280DD0F648006898
:1054C00000F00C00082813D1F348001F006800F416
:1054D0008000B0F5800F0BD1EF4808380068C0F3AA
:1054E0004040002859D06068002856D10120D9E7F3
:1054F00000BF6068B0F5803F08D1E7480838006811
:1055000040F48030E449083908601EE06068B0F576
:10551000A02F0DD1E0480838006840F48020DE4913
:10552000083908600846006840F4803008600CE0E4
:10553000D9480838006820F48030D7490839086015
:105540000846006820F48020086000BF606890B1C1
:10555000FFF740F8054606E0FFF73CF8401B6428DB
:1055600001D903209EE7CC4808380068C0F34040CA
:105570000028F1D011E0FFF72DF8054606E0FFF70F
:1055800029F8401B642801D903208BE7C24808385A
:105590000068C0F340400028F1D1207800F00200FC
:1055A00002285FD1BC48006800F00C0058B1BA482E
:1055B000006800F00C0008281CD1B748001F0068E4
:1055C00000F48000B0B9B44808380068C0F3400067
:1055D00020B1E068012801D0012063E7AE48083817
:1055E000006820F0F800216940EAC100AA490839A2
:1055F000086037E0E06800B30120A8490860FEF7C2
:10560000E9FF054606E0FEF7E5FF401B022801D949
:10561000032047E7A04808380068C0F3400000288E
:10562000F1D09D480838006820F0F800216940EA70
:10563000C10099490839086014E0002097490860C2
:10564000FEF7C8FF054606E0FEF7C4FF401B022830
:1056500001D9032026E7904808380068C0F34000CD
:105660000028F1D1207800F0080008282CD16069CA
:10567000A8B101208A490860FEF7ACFF054606E0A4
:10568000FEF7A8FF401B022801D903200AE7824841
:105690006C300068C0F340000028F1D014E0002016
:1056A0007F490860FEF796FF054606E0FEF792FF89
:1056B000401B022801D90320F4E677486C300068CB
:1056C000C0F340000028F1D1207800F00400042845
:1056D00070D1002770483830006800F0805090B9D1
:1056E00000BF002000906C483830006840F08050C7
:1056F0006949383108600846006800F08050009021
:1057000000BF00BF01276748006800F48070B0B98F
:105710006448006840F4807062490860FEF75AFFF0
:10572000054606E0FEF756FF401B022801D903207C
:10573000B8E65C48006800F480700028F2D000BF32
:10574000A068012808D154486830006840F0010082
:105750005149683108601DE0A06805280DD14E4808
:105760006830006840F004004B4968310860084622
:10577000006840F0010008600CE0474868300068AD
:1057800020F001004449683108600846006820F0B4
:105790000400086000BFA068A8B1FEF71BFF054623
:1057A00009E0FEF717FF401B41F28831884202D919
:1057B000032077E626E0384868300068C0F34000F0
:1057C0000028EED013E0FEF705FF054608E0FEF7DF
:1057D00001FF401B41F28831884201D9032061E674
:1057E0002D4868300068C0F340000028EFD1012F39
:1057F00007D129483830006820F0805026493831D8
:10580000086000BFA069002845D02348006800F068
:105810000C0008285DD0A069022845D100201F494E
:105820000866FEF7D7FE054606E0FEF7D3FE401BEE
:10583000022801D9032035E6174808380068C0F36C
:1058400040600028F1D1D4E907010843616A40EAC9
:1058500081110122A06AC2EB500041EA00412C20D4
:10586000005D41EA00600C49091F086001200B49F6
:105870000866FEF7AFFE054606E0FEF7ABFE401BEE
:10588000022801D903200DE6034808380068C0F358
:1058900040600028F1D049E008380240000047424B
:1058A000800E474200700040002021490866FEF744
:1058B00091FE054606E0FEF78DFE401B022801D949
:1058C0000320EFE51B480068C0F340600028F2D1D8
:1058D0002CE0A069012800D1E4E51648001D066807
:1058E000A069012820D006F48001E06981421BD123
:1058F00006F03F01206A814216D147F6C070304061
:10590000616AB0EB811F0FD106F440310122A06A19
:10591000C2EB5000B1EB004F06D106F070612C20B5
:10592000005DB1EB006F01D00120BBE50020B9E5BF
:10593000000047420038024070B504460CB901200F
:1059400070BD607F20B900202077204600F04EF81F
:10595000022060772068C068C0F3001000283CD1A6
:1059600000BFCA202168486253202168486200BFF6
:10597000204609F0D1FB0546EDB9206880681A4938
:1059800008402168886021696068084361690843AC
:10599000216889680843216888602168E068086197
:1059A00020680169208941EA004021680861204699
:1059B00009F0D7FB05465DB92068006C20F4802013
:1059C000216808642068006CA169084321680864A4
:1059D00000BFFF202168486200E000250DB90120CA
:1059E00060772846ACE70000BFFF8FFF1FB5044675
:1059F000002000900190029003900949206888429D
:105A00000CD102200090074803906846FFF714FB72
:105A100008B1FCF7DDFD0120034908601FBD00004F
:105A20000028004000031E003C0E474270B50446AB
:105A300000250B482168C860FEF7CCFD054607E04D
:105A4000FEF7C8FD401BB0F57A7F01D9032070BD79
:105A50002068C06800F020000028F1D00020F6E7A0
:105A60005F7F010010B504460CB9012010BD606ACB
:105A700038B96068B0F5827F00D105E00021E161AE
:105A800002E00021216161610021A16294F85100CE
:105A900028B9002084F85000204600F047F8022082
:105AA00084F851002068006820F0400021680860F8
:105AB000A08800F48270218901F404410843A1897F
:105AC00001F400610843217C01F002010843217DBB
:105AD00001F001010843218B01F400710843217F8B
:105AE00001F0380108432021095D01F080010843DD
:105AF000218D01F400510843216808600421A06948
:105B000001EA104094F8241001F0100108432168C4
:105B100048602068C06920F400602168C8610020E6
:105B20006065012084F8510000209FE710B586B021
:105B30000446142101A8FBF7BBF84B4920688842B2
:105B40007ED100BF002000904848006840F480509B
:105B5000464908600846006800F48050009000BF85
:105B600000BF00BF0020009040481438006840F09B
:105B700002003E49143908600846006800F002003F
:105B8000009000BF00BF00BF0020009008460068E2
:105B900040F0010008600846006800F00100009035
:105BA00000BF00BF18200190022002900120039046
:105BB000032004900520059001A92D48FEF70AFC5A
:105BC0008020019002200290012003900320049085
:105BD0000520059001A92748FEF7FCFB2648274928
:105BE00008604FF0C0604860002124488160C160B7
:105BF0004FF480610161002141618161C1614FF415
:105C00004031016200214162FEF7C2FA08B1FCF79F
:105C1000DFFC00BF1948E064846300BF16481830F9
:105C2000174908604FF0C060486040211448816007
:105C30000021C1604FF4806101610021416100E0F9
:105C400010E08161C1614FF40031016200214162C5
:105C5000FEF79EFA08B1FCF7BBFC00BF0848A06441
:105C6000846300BF06B010BD0030014044380240DC
:105C7000000402400000024040640240E81100209D
:105C8000481200202DE9FE4F04460F4690461D465F
:105C90000C9E01200190FEF79DFC814694F851B0C6
:105CA00060680290AA46BBF1010F0BD00298B0F5D4
:105CB000827F04D1A06810B9BBF1040F02D002208A
:105CC000BDE8FE8F1FB1B8F1000F00D00DB9012063
:105CD000F6E700BF94F85000012801D10220EFE759
:105CE000012084F8500000BF94F85100042802D02D
:105CF000052084F8510000206065C4F83880E587ED
:105D0000A5872763E586A58620646064206800680F
:105D100000F04000402805D02068006840F04000B6
:105D200021680860E068B0F5006F52D1606810B17A
:105D3000BAF1010F09D1206B00882168C860206B7F
:105D4000801C2063E08E401EE0863BE02068806877
:105D500000F00200022810D1E08E70B101980128F5
:105D60000BD1206B00882168C860206B801C2063E9
:105D7000E08E401EE086002001902068806800F0E0
:105D8000010068B1E08F58B12068C068A16B08803D
:105D9000A06B801CA063E08F401EE0870120019073
:105DA000FEF718FCA0EB0900B0420BD3701C48B101
:105DB000012084F8510000BF002084F8500000BF8B
:105DC00003207DE7E08E0028C0D1E08F0028BDD100
:105DD00052E0606810B1BAF1010F09D1206B007870
:105DE00021680873206B401C2063E08E401EE08613
:105DF0003CE02068806800F00200022810D1E08EAC
:105E000070B1019801280BD1206B007821680873CC
:105E1000206B401C2063E08E401EE0860020019035
:105E20002068806800F0010068B1E08F58B12068F8
:105E3000C068A16B0870A06B401CA063E08F401E7F
:105E4000E08701200190FEF7C5FBA0EB0900B042FE
:105E500001D3701C00B94EB9012084F8510000BF75
:105E6000002084F8500000BF032029E7E08E0028BE
:105E7000BFD1E08F0028BCD14A46314620460BF006
:105E80001DFE40B12020606500BF002084F8500056
:105E900000BF012014E7A06850B900BF00200090A7
:105EA0002068C068009020688068009000BF00BF34
:105EB000012084F8510000BF002084F8500000BF8A
:105EC000606D08B10120FBE60020F9E670477047DD
:105ED00010B50346002200BF93F83C00012801D111
:105EE000022010BD012083F83C0000BF22F0FF001B
:105EF000CC6840EA040222F440708C6840EA040254
:105F000022F480604C6840EA040222F400600C68CD
:105F100040EA040222F480500C6940EA040222F4B0
:105F200000504C6940EA040222F48040CC6940EA07
:105F300004021868426400BF002083F83C0000BFE0
:105F400000BFCEE730B502460B4600BF92F83C00DA
:105F5000012801D1022030BD012082F83C0000BFA1
:105F6000022082F83D00106844681068816824F0BF
:105F700070041868044310684460184D1068A84203
:105F80001BD01068B0F1804F17D0154D1068A84293
:105F900013D0144D1068A8420FD0134D1068A842BA
:105FA0000BD0124D1068A84207D0114D1068A842BE
:105FB00003D0104D1068A84205D121F08001586827
:105FC000014310688160012082F83D0000BF00207D
:105FD00082F83C0000BF00BFBDE7000000000140A8
:105FE0000004004000080040000C00400004014094
:105FF000004001400018004010B504460CB90120D3
:1060000010BD94F83D0028B9002084F83C002046DB
:1060100000F026F8022084F83D00211D20680CF0D5
:1060200053F8012084F8460000BF84F83E000121A7
:106030003F200155402001554120015500BF00BFC0
:10604000012084F842004320015544200155452099
:10605000015500BF012084F83D000020D0E700007A
:1060600038B504464349206888420FD100BF00205C
:1060700000904148006840F001003F490860084630
:10608000006800F00100009000BF72E03B4920680A
:10609000884211D100BF002000903748001F0068DF
:1060A00040F002003449091F08600846006800F00B
:1060B0000200009000BF5CE031492068884211D1A5
:1060C00000BF002000902C48001F006840F0040032
:1060D0002949091F08600846006800F00400009084
:1060E00000BF46E027492068884211D100BF002048
:1060F00000902148001F006840F008001E49091F59
:1061000008600846006800F00800009000BF30E01A
:106110001D492068884218D100BF00200090164811
:10612000006840F00200144908600846006800F06A
:106130000200009000BF00BF002205212B20FEF7C7
:1061400029FF2B20FEF712FF13E010492068884238
:106150000FD100BF002000900748006840F40030D5
:10616000054908600846006800F40030009000BF50
:1061700000BF38BD00000140443802400004004028
:1061800000080040000C00400004014000440140B1
:10619000014691F83D00012801D0012070470220FE
:1061A00081F83D000868C06840F001000B68D860C5
:1061B0001A4B086898421BD00868B0F1804F17D07E
:1061C000174B0868984213D0164B086898420FD0B6
:1061D000154B086898420BD0144B0868984207D0BA
:1061E000134B0868984203D0124B086898420CD1B0
:1061F0000868806800F00702062A0CD0086800686A
:1062000040F001000B68186005E00868006840F085
:1062100001000B6818600020C0E70000000001408A
:106220000004004000080040000C00400004014051
:1062300000400140001800402DE9F04104460D46A1
:10624000002700BF94F83C00012802D10220BDE8DD
:10625000F081012084F83C0000BF022084F83D005A
:106260002068866826F0770626F47F4620688660D8
:106270002868502833D00CDC202850D004DC0028BB
:106280004BD0102851D149E0302849D040284CD17A
:1062900039E060282DD0702807D0B0F5805F03D09A
:1062A000B0F5005F41D10DE041E0D5E902136A6825
:1062B00020680BF079FF2068866846F07706206832
:1062C000866034E0D5E902136A6820680BF06CFF41
:1062D0002068806840F480402168886027E0EA6890
:1062E000696820680CF050F8502120680BF067FFB7
:1062F0001DE0EA68696820680CF059F860212068A0
:106300000BF05DFF13E0EA68696820680CF03CF868
:10631000402120680BF053FF09E000BF00BF00BF21
:10632000296820680BF04BFF01E0012700BF00BF88
:10633000012084F83D0000BF002084F83C0000BF2D
:10634000384684E7704770B504462068C568206801
:10635000066906F00200022819D105F002000228A1
:1063600015D1401F216808610120207720688069CD
:1063700000F0030018B12046FFF7E4FF05E02046D7
:1063800000F0AAF9204600F05EFA0020207706F01F
:106390000400042819D105F00400042815D1C043D5
:1063A00021680861022020772068806900F440702D
:1063B00018B12046FFF7C6FF05E0204600F08CF933
:1063C000204600F040FA0020207706F00800082858
:1063D00019D105F00800082815D1C04321680861CB
:1063E000042020772068C06900F0030018B120461F
:1063F000FFF7A8FF05E0204600F06EF9204600F008
:1064000022FA0020207706F01000102819D105F09C
:106410001000102815D1C04321680861082020779A
:106420002068C06900F4407018B12046FFF78AFF69
:1064300005E0204600F050F9204600F004FA002064
:10644000207706F0010048B105F0010030B16FF08F
:10645000010021680861204600F0F6F906F080008E
:10646000802809D105F08000802805D1C04321682B
:1064700008612046FFF72AFD06F04000402809D1B8
:1064800005F04000402805D1C0432168086120463E
:1064900000F0E3F906F02000202809D105F02000E3
:1064A000202805D1C043216808612046FFF70FFD71
:1064B00070BD000010B586B00446142101A8FAF79B
:1064C000F7FB7849206888421FD100BF0020009068
:1064D0007548006840F0100073490860084600687D
:1064E00000F01000009000BF00BF4FF4D4400190B6
:1064F00002200290012003900220049001200590C8
:1065000001A96A48FDF766FFCAE069492068884228
:106510001DD100BF002000906348006840F00400D7
:10652000614908600846006800F00400009000BF60
:1065300000BF8815019002200290012003900220E4
:106540000490059001A95B48FDF744FFA8E05A4973
:10655000206888421FD100BF002000905248006888
:1065600040F00800504908600846006800F0080044
:10657000009000BF00BF4FF48040019002200290C5
:1065800001200390032004900220059001A94B48AC
:10659000FDF720FF84E04A49206888421ED100BFF1
:1065A000002000904048006840F080003E490860AC
:1065B0000846006800F08000009000BF00BF4FF464
:1065C000E0500190022002900120039002200490EC
:1065D000059001A93B48FDF7FDFE61E03A492068BE
:1065E00088423BD100BF002000902F48006840F453
:1065F00080702D4908600846006800F480700090A3
:1066000000BF00BF00BF002000900846006840F0B7
:10661000040008600846006800F00400009000BF15
:1066200000BF402001900220029001200390022030
:1066300004900320059001A92448FDF7CBFE4020DB
:106640000190022002900120039002200490032078
:10665000059001A91748FDF7BDFE21E01C492068FF
:1066600088421DD100BF002000900F48006840F014
:1066700020000D4908600846006800F020000090E6
:1066800000BF00BF40200190022002900120039033
:10669000022004900320059001A90E48FDF79AFE00
:1066A00006B010BD0000014030380240001002402A
:1066B000000400400008024000080040000C0240B6
:1066C000000C0040001C0240000401400020024079
:1066D000004401400014024070472DE9F041044697
:1066E0000D461646002700BF94F83C00012802D151
:1066F0000220BDE8F081012084F83C0000BF36B1E3
:10670000042E1BD0082E31D00C2E5ED145E0294638
:1067100020680BF05DFD2068806940F0080021686A
:1067200088612068806920F0040021688861206801
:106730008069296908432168886148E02946206802
:106740000BF07EFD2068806940F40060216888615C
:106750002068806920F480602168886120688069F1
:10676000296940EA01202168886130E029462068D3
:106770000BF0A4FD2068C06940F008002168C861E2
:106780002068C06920F004002168C8612068C069E1
:10679000296908432168C86119E0294620680BF07F
:1067A000C9FD2068C06940F400602168C8612068A4
:1067B000C06920F480602168C8612068C0692969C7
:1067C00040EA01202168C86101E0012700BF00BF45
:1067D00000BF002084F83C0000BF384689E710B5B0
:1067E00004460CB9012010BD94F83D0028B90020E2
:1067F00084F83C00204600F025F8022084F83D0093
:10680000211D20680BF060FC012084F8460000BFC9
:1068100084F83E0001213F200155402001554120D0
:10682000015500BF00BF012084F8420043200155FC
:10683000442001554520015500BF012084F83D004A
:106840000020D0E77047704710B504462068B0F1CB
:10685000804F01D1FEF7DCFA10BD7047704770B56C
:106860000446002520684069C0F3C01594F8410033
:10687000212817D1B5B100BF00BF2168143151E8FC
:10688000001F21F080002168143141E80002002A35
:10689000F3D100BFA06B10B1A06BFDF7EEFA20465C
:1068A0000BF07CFE20684069C0F3801594F842002C
:1068B000222817D1B5B100BF00BF2168143151E8BB
:1068C000001F21F040002168143141E80002002A35
:1068D000F3D100BFE06B10B1E06BFDF7CEFA2046BC
:1068E0000BF016FE002070BD704700002DE9F84F38
:1068F0000446206805682068C668206847694FF02C
:106900000009CA4605F00F09B9F1000F0AD105F0D8
:10691000200038B106F0200020B120460BF051FED7
:10692000BDE8F88FB9F1000F7CD007F0010018B96D
:1069300006F49070002875D005F0010030B106F41F
:10694000807018B1606C40F00100606405F00400D4
:1069500030B107F0010018B1606C40F002006064D3
:1069600005F0020030B107F0010018B1606C40F092
:106970000400606405F0080048B106F0200010B97A
:1069800007F0010018B1606C40F008006064606CB2
:10699000002846D005F0200028B106F0200010B1F4
:1069A00020460BF00EFE20684069C0F3801A606C30
:1069B00000F0080010B9BAF1000F2DD020460BF0FE
:1069C000A7FD2068406900F04000402820D100BFAA
:1069D00000BF2168143151E8001F21F040002168F8
:1069E000143141E80002002AF3D100BFE06B50B13E
:1069F0007F48E16B0865E06BFDF795FA88B1E06BC5
:106A0000016D88470DE02046FFF76EFF09E009E0C1
:106A10002046FFF769FF04E02046FFF765FF0020EE
:106A200060647DE7206B012878D105F01000002814
:106A300074D006F010000028FAD000BF00200090AB
:106A400020680068009020684068009000BF00BF88
:106A50002068406900F04000402870D1E06B006879
:106A600040681FFA80F8B8F1000F58D0A08D40455B
:106A700055DDA4F82E80E06BC069B0F5807F43D06F
:106A800000BF00BF21680C3151E8001F21F4807065
:106A900021680C3141E80002002AF3D100BF00BF99
:106AA00000BF2168143151E8001F21F00100216866
:106AB000143141E80002002AF3D100BF00BF00BF3B
:106AC0002168143151E8001F21F040002168143181
:106AD00041E80002002AF3D100BF202084F84200E0
:106AE0000020206300BF00BF21680C3151E8001F67
:106AF00021F0100021680C3141E80002002AF3D196
:106B000000BFE06BFDF7B9F902206063A08DE28D54
:106B1000801A81B22046FFF7A1FE0EE052E0A08D60
:106B200040450AD1E06BC069B0F5807F05D10220F5
:106B30006063A18D2046FFF791FEF1E6FFE7A08D8F
:106B4000E18D401A1FFA80F8E08DD0B3B8F1000F44
:106B500037D000BF00BF21680C3151E8001F21F47D
:106B6000907021680C3141E80002002AF3D100BF87
:106B700000BF00BF2168143151E8001F21F001005F
:106B80002168143141E80002002AF3D100BF20201F
:106B900084F842000020206300BF00BF21680C3150
:106BA00051E8001F21F0100021680C3141E800027B
:106BB000002AF3D100BF0220606341462046FFF760
:106BC0004DFEADE605F0800030B106F0800018B152
:106BD00020460BF0F7FEA3E605F0400030B106F0CA
:106BE000400018B120460BF0C9FC99E600BF97E6BB
:106BF000D723010810B504460CB9012010BDA069C7
:106C000000B100E000BF94F8410028B9002084F8EA
:106C10004000204600F02AF8242084F84100206833
:106C2000C06820F400502168C86020460BF048FD81
:106C30002068006920F4904021680861206840695C
:106C400020F02A00216848612068C06840F40050A4
:106C50002168C86000206064202084F8410084F826
:106C600042000020606300BFC8E7000010B586B096
:106C70000446142101A8FAF71BF8BA492068884293
:106C80007ED100BF00200090B748006840F010009F
:106C9000B54908600846006800F01000009000BF89
:106CA00000BF00BF00200090AF481438006840F0DB
:106CB0000200AD49143908600846006800F002007F
:106CC000009000BF00BF00BF002000900846006891
:106CD00040F0010008600846006800F001000090E4
:106CE00000BF00BF8020019002200290002003908E
:106CF000032004900720059001A99C48FDF76AFB3A
:106D00004FF40070019002200290002003900320B5
:106D100004900720059001A99548FDF75BFB954875
:106D2000954908604FF000604860402192488160BA
:106D30000021C1604FF480610161002141618161E6
:106D4000C16101624162FDF723FA08B1FBF740FC23
:106D500000BF8948A063846300BF864830388749F4
:106D600008604FF000604860002184488160C16085
:106D70004FF480610161002141618161C16100E0E6
:106D800014E001624162FDF703FA08B1FBF720FC51
:106D900000BF7A48E063846300BF002205212520FC
:106DA000FEF7F8F82520FEF7E1F8D8E074492068EE
:106DB00088425BD100BF002000906B48001F006834
:106DC00040F480206849091F08600846006800F404
:106DD0008020009000BF00BF00BF002000906248EC
:106DE0001438006840F004005F4914390860084610
:106DF000006800F00400009000BF00BF4FF4406046
:106E000001900220029000200390032004900720AC
:106E1000059001A95B48FDF7DDFA5B485B49086016
:106E20004FF000604860002158488160C1604FF415
:106E300080610161002141618161C1614FF40031D4
:106E4000016200214162FDF7A3F908B1FBF7C0FB25
:106E500000BF4E48E063846300BF00220421272066
:106E6000FEF798F82720FEF781F878E04849206877
:106E7000884274D100BF002000903B48006840F079
:106E80002000394908600846006800F020000090A2
:106E900000BF00BF00BF00200090334814380068D6
:106EA00040F040003049143908600846006800F09E
:106EB0004000009000BF00BF4FF4844001900220CA
:106EC000029000200390032004900820059001A95F
:106ED0003048FDF77FFA274890382F490860800531
:106EE000486000212C488160C1604FF480610161DD
:106EF000002141618161C16101624162FDF748F990
:106F000008B1FBF765FB00BF2348E063846300BF63
:106F100018481838214908604FF020604860402127
:106F20001E4881600021C1604FF480610161002131
:106F300041618161C16101624162FDF729F908B1D6
:106F4000FBF746FB00BF1548A063846300BF002227
:106F500005214720FEF71EF84720FEF707F806B088
:106F600010BD0000001001404438024000040240FF
:106F700000000240B8640240301500209015002047
:106F8000004800400008024028600240F015002040
:106F9000001401400018024050160020B0160020D6
:106FA00070B504460D46164694F8420020280BD1D1
:106FB00005B10EB9012070BD00202063324629467C
:106FC00020460BF093FCF6E70220F4E77047704789
:106FD0002DE9F84F04460E46174699464FF0000A31
:106FE00094F84100202850D106B117B90120BDE81E
:106FF000F88F00206064212084F84100FDF7EAFA50
:107000008246A784E784A068B0F5805F04D1206938
:1070100010B90025B04602E035464FF000081EE0EA
:107020005346002280212046CDF800900BF0FAFC58
:1070300020B1202084F841000320D8E745B9B8F8F2
:107040000000C0F308002168486008F1020803E06E
:107050002878216848606D1CE08C401EE084E08C3C
:107060000028DDD15346002240212046CDF8009073
:107070000BF0D8FC20B1202084F841000320B6E7B3
:10708000202084F841000020B1E70220AFE7000093
:10709000034A0168914202D10121024A11707047EE
:1070A000001001400000002070B50446002020744C
:1070B000A37B3D4D2D8803FB05F26168D4F8F400F5
:1070C000F9F7DDFDA27B384B1B8802FB03F16068FA
:1070D000F9F7EEFD002031E0D4F8F41001EB800167
:1070E00091ED000AB5EEC00AF1EE10FA24D0D4F802
:1070F000F41001EB800191ED000A227CD4F8F41029
:1071000001EB820181ED000A227C616A8854A16949
:1071100001EB800191ED000A6169095C227B237C0F
:1071200012FB0311491ED4F80C2102EB810181ED01
:10713000000A217C491C2174411CC8B2A17B8142F8
:10714000CADC002011E0626A125CE16901EB820195
:1071500091ED000A227C00FB0202D4F8181101EB29
:10716000820181ED000A411CC8B2217C8142EADC27
:10717000207CA4F87800217B7A200153207BA4F89E
:107180008000217C82200153207CA4F89000217C87
:1071900092200153207BA4F89800217C9A2001536F
:1071A000207CA4F8480070BDB400002000BFFEE7BA
:1071B000014608684069C0F38020B0B16FF4806078
:1071C0000A68506100200863202081F83D000020FB
:1071D00081F83E00086C40F00400086400BF002005
:1071E00081F83C0000BF012070470020FCE7000050
:1071F0002DE9F84304460F4615469946DDE9088611
:107200002068006840F48060216808602068006899
:1072100040F4807021680860434600224FF001115D
:107220002046009600F037F960B12068006800F44D
:107230008070B0F5807F02D14FF40070206403208D
:10724000BDE8F88307F0FE00216808613346424636
:107250003E49204600F07EF908B10120F0E700BF6A
:1072600000200090206840690090206880690090AC
:1072700000BF00BF32464146204600F02DFA50B113
:10728000206C042805D12068006840F40070216853
:1072900008600120D4E7B9F1010F03D1E8B22168F9
:1072A000086117E0C5F307202168086132464146AE
:1072B000204600F011FA50B1206C042805D1206856
:1072C000006840F40070216808600120B8E7E8B267
:1072D0002168086132464146204600F0FDF950B170
:1072E000206C042805D12068006840F400702168F3
:1072F00008600120A4E72068006840F480702168DD
:107300000860434600224FF001112046009600F02D
:10731000C2F858B12068006800F48070B0F5807F32
:1073200002D14FF400702064032089E7F8B240F0E6
:10733000010021680861334642460449204600F0B6
:1073400009F908B101207BE7002079E7020001007C
:107350002DE9F8430446884615469946DDE9086755
:107360002068006840F4807021680860334600227D
:107370004FF001112046009700F08DF860B12068B1
:10738000006800F48070B0F5807F02D14FF4007087
:1073900020640320BDE8F88308F0FE00216808613E
:1073A0003B4632462149204600F0D4F808B101207E
:1073B000F0E700BF0020009020684069009020683E
:1073C0008069009000BF00BF3A463146204600F079
:1073D00083F950B1206C042805D12068006840F47E
:1073E0000070216808600120D4E7B9F1010F03D1D2
:1073F000E8B22168086117E0C5F307202168086139
:107400003A463146204600F067F950B1206C042816
:1074100005D12068006840F40070216808600120F0
:10742000B8E7E8B2216808610020B3E70200010074
:1074300070B504460D46164625E02046FFF7B8FE17
:1074400008B1012070BD681CE8B1FDF7C3F8801BCE
:10745000A84200D8BDB920684069C0F3800090B947
:1074600000202063202084F83D00002084F83E00A6
:10747000206C40F02000206400BF002084F83C0015
:1074800000BF0120DEE720684069C0F380000028CB
:10749000D3D00020D6E72DE9F04104460D4617462B
:1074A0001E46DDF8188038E0701CA8B3FDF792F88E
:1074B000A0EB0800B04200D876BBC5F30740012816
:1074C0000AD120684069A9B20840A9B2884201D116
:1074D00001200BE0002009E020688069A9B2084083
:1074E000A9B2884201D1012000E00020B84214D1A5
:1074F00000202063202084F83D00002084F83E0016
:10750000206C40F02000206400BF002084F83C0084
:1075100000BF0120BDE8F081FFE7C5F30740012867
:107520000AD120684069A9B20840A9B2884201D1B5
:1075300001200BE0002009E020688069A9B2084022
:10754000A9B2884201D1012000E00020B842ABD0AE
:107550000020DFE72DE9F04104460D4616461F46A0
:1075600058E020684069C0F38020E8B120680068D6
:1075700040F40070216808606FF480602168486101
:1075800000202063202084F83D00002084F83E0085
:10759000206C40F00400206400BF002084F83C0010
:1075A00000BF0120BDE8F081701C90B3FDF712F818
:1075B000C01BB04200D866BBC5F3074001280AD102
:1075C00020684069A9B20840A9B2884201D10120CF
:1075D0000BE0002009E020688069A9B20840A9B248
:1075E000884201D1012000E0002090B900202063F2
:1075F000202084F83D00002084F83E00206C40F0FC
:107600002000206400BF002084F83C0000BF01205F
:10761000C8E7FFE7C5F3074001280AD120684069A1
:10762000A9B20840A9B2884201D101200BE0002094
:1076300009E020688069A9B20840A9B2884201D156
:10764000012000E0002000288BD00020AAE770B5C0
:1076500004460D46164637E020684069C0F3001026
:10766000A0B16FF010002168486100202063202045
:1076700084F83D00002084F83E00206C206400BFA8
:10768000002084F83C0000BF012070BDFCF7A2FF81
:10769000801BA84200D8BDB920684069C0F38010A3
:1076A00090B900202063202084F83D00002084F859
:1076B0003E00206C40F02000206400BF002084F8D1
:1076C0003C0000BF0120E0E720684069C0F3801063
:1076D0000028C1D00020D8E770B504460D461646F4
:1076E00025E02046FFF764FD08B1012070BD681C4D
:1076F000E8B1FCF76FFF801BA84200D8BDB9206835
:107700004069C0F3C01090B900202063202084F8A5
:107710003D00002084F83E00206C40F020002064F2
:1077200000BF002084F83C0000BF0120DEE7206895
:107730004069C0F3C0100028D3D00020D6E7000075
:1077400010B52DED048BF0EE408AB0EE609AF0EEAD
:10775000419AB0EE618A3748C0ED588A80ED599A57
:10776000C0ED5A9A9FED340A80ED5D0A0020314940
:1077700081F83401B7EE000AB4EEC08AF1EE10FAD7
:1077800003DDB7EE000AB0EE408A2A4880ED5E8A3B
:1077900003230022062100F07DFEB7EE000A2548F3
:1077A000D0F8E80080ED000A9FED240A2148D0F8C7
:1077B000E80080ED010A9FED210A1E48D0F8E8009C
:1077C00080ED020A9FED1D0A1A48D0F8E80080ED0E
:1077D000030A1B481749C1F8CC001A48C1F8D00069
:1077E0001948C1F8D4001948C1F8D800012081F81F
:1077F0002A0081F82B009022D1F800011449F9F7F2
:107800003EFA0C499022D1F8F8001249F9F737FAFC
:1078100008499022D1F814010F49F9F730FA0549C7
:107820002422D1F818010D49F9F729FABDEC048B8F
:1078300010BD00009C8200200AD7233C00000000FD
:1078400061780008657D000895780008317F0008A0
:1078500040010020D001002060020020F002002042
:1078600010B5044654F8F81F90220748F9F707FAB4
:1078700090220648616AF9F702FA6169F83C9022A1
:107880000348F9F7FCF910BDD001002014030020D3
:10789000A403002010B5044654F8EC0F90ED000A44
:1078A000F0EE000A20EE200A3F4880ED000A206832
:1078B00090ED010AF0EE000A20EE200A3B4880ED30
:1078C000000A206890ED020AF0EE000A20EE200A7D
:1078D000374880ED000A206890ED030AF0EE000AB8
:1078E00020EE200A334880ED000A14F8DE2C324BDB
:1078F0001B885A4314F8E03C02FB03F1206AF9F7B5
:10790000D7F92B4890ED000AB1EE400A206A80EDCD
:10791000000A284890ED000A206A80ED010A2248FA
:1079200090ED000AB1EE400A206A80ED020A1F487D
:1079300090ED000A206A80ED030A1C4890ED000AD1
:10794000206A80ED060A184890ED000A206A80ED52
:10795000070A184890ED000A206A80ED080A1448CA
:1079600090ED000A206A80ED090A0F4890ED000AA8
:10797000206A80ED0C0A0D4890ED000AB1EE400A35
:10798000206A80ED0D0A0A4890ED000AB1EE400A27
:10799000206A80ED0E0A074890ED000A206AEC3C50
:1079A00080ED0F0A10BD0000D8040020DC04002088
:1079B000E0040020E4040020B400002010B52DED08
:1079C000088BB0EE40AAF0EE60AAB0EE41BAF0EE3D
:1079D000619AF0EE428AB0EE629AB0EE438ADA48DB
:1079E00080ED5B8A90ED520A3AEE400AF6EE000A0C
:1079F00020EE200A20EE080AD44880ED000AD24882
:107A000090ED530A3AEEC00AF6EE000A20EE200A84
:107A100020EE080ACE4880ED000ACB4890ED540ACB
:107A20003BEE400AF6EE000A20EE200A20EE080A9D
:107A3000C84880ED000AC4499022D1F80001C64927
:107A4000F9F71DF9C14890ED000AB1EE400ABE48B1
:107A5000D0F8000180ED010ABD4890ED000AB1EEBA
:107A6000400AB948D0F8000180ED020AB94890ED0B
:107A7000000AB1EE400AB448D0F8000180ED030AD4
:107A8000B24890ED000AB048D0F8000180ED060A37
:107A9000B04890ED000AAC48D0F8000180ED080A2B
:107AA000AB4890ED000AB1EE400AA748D0F80001BB
:107AB00080ED090AA64890ED000AA348D0F800011D
:107AC00080ED0C0AA34890ED000AB1EE400A9E48F2
:107AD000D0F8000180ED0D0A9C4890ED000A9A480C
:107AE000D0F8000180ED0F0A9A4890ED000A964800
:107AF000D0F8000180ED120A954890ED000A9248F6
:107B0000D0F8000180ED130A904890ED000AB1EE24
:107B1000400A8D48D0F8000180ED140A69EEA90AE8
:107B200048EEA80A49EE090AB0EE600A0CF038FAED
:107B30008A4880ED000A90ED000A29EE800A82480A
:107B4000406880ED000A854890ED000A28EE800A22
:107B50007D48406880ED010A804890ED000A29EEDA
:107B6000000A7948406880ED020A774890ED580A8B
:107B7000D0ED5B0A20EE200AD0F8140180ED000A57
:107B8000714890ED580AD0ED5B0A20EE200AD0F83B
:107B9000140180ED070A6C4890ED580AD0ED5B0A9D
:107BA00020EE200AD0F8140180ED0E0A664890ED10
:107BB000580AD0ED5B0A20EE200AD0F8140180EDBF
:107BC000150A614890ED590AD0ED5B0A20EE200AB3
:107BD000D0F8140180ED1C0A5B4890ED590AD0EDF5
:107BE0005B0A20EE200AD0F8140180ED230A5648E3
:107BF00090ED5A0AD0F8180180ED000A524890ED35
:107C00005A0AD0F8180180ED040A4F4890ED5A0A3C
:107C1000D0F8180180ED080A4B4800F0C1FF4A482F
:107C2000006890ED000A484880ED4E0A006890ED2B
:107C3000010A454880ED4F0A006890ED020A42486B
:107C400080ED500A006890ED030A3F4880ED510A2C
:107C5000006890ED040A3C4880ED520A006890EDFF
:107C6000050A394880ED530A9FED3D0A80ED540A1C
:107C700090ED4E1A21EE011AD0ED511A90ED512AD5
:107C800001EE821AF7EE001AB0EE002A52EE011A47
:107C9000F0EE610A90ED4E1AD0ED4F1A21EE211A46
:107CA000D0ED501A90ED512A01EE821AF0EE001A32
:107CB00021EE211AB0EE410A0BF026F9224880EDA0
:107CC000550AD0ED4F0A90ED511A60EE810A90ED01
:107CD0004E1AD0ED501A41EE610AB8EE001A60EE6D
:107CE000810AB0EE600A0BF079F8174880ED560A69
:107CF00090ED4E1A21EE011AD0ED4F1A90ED4F2A59
:107D000001EE821AF7EE001AB0EE002A52EE011AC6
:107D1000F0EE610A90ED4E1AD0ED511A21EE211AC3
:107D2000D0ED4F1A90ED502A01EE821AF0EE001AB3
:107D300021EE211AB0EE410A0BF0E6F8024880ED80
:107D4000570ABDEC088B10BD9C8200200405002062
:107D5000080500200C05002040010020100500202F
:107D60009BF44A3B10B5044654F8EC0F90ED000A22
:107D7000694880ED000A206890ED010A674880EDAF
:107D8000000A206890ED020A654880ED000A54F868
:107D9000EC0990ED030A634880ED000A5E48D0EDDF
:107DA000000A60EEA00A5D4890ED001AD0ED001ABE
:107DB00041EE210A5A4890ED001AD0ED001A41EE2A
:107DC000210A584890ED001AD0ED001A41EE210A20
:107DD000B0EE600A0CF0E4F8534880ED000A002091
:107DE00012E0D4F8EC1001EB800191ED000A4E494D
:107DF000D1ED000A20EE200AD4F8EC1001EB80014E
:107E000081ED000A411CC8B20428EADB474890ED26
:107E10005B0A4248D0ED000A20EE200AF0EE000A8C
:107E200080EE201A04F58074206880ED041A3F4823
:107E300090ED5B0A3A48D0ED000A20EE200AF0EE01
:107E4000000A80EE201A206880ED051A374890ED70
:107E50005B0A3148D0ED000AF1EE600A20EE200AFC
:107E6000F0EE000A80EE201A206880ED0A1A2F48F2
:107E700090ED5B0A2B48D0ED000A20EE200AF0EED0
:107E8000000A80EE201A206880ED0B1A274890ED3A
:107E90005B0A2448D0ED000AF1EE600A20EE200AC9
:107EA000F0EE000A80EE201A206880ED101A1F48BC
:107EB00090ED5B0A1848D0ED000AF1EE600A20EE62
:107EC000200AF0EE000A80EE201A206880ED111AD8
:107ED000164890ED5B0A1248D0ED000A20EE200A09
:107EE000F0EE000A80EE201A206880ED161A0F4886
:107EF00090ED5B0A0948D0ED000AF1EE600A20EE31
:107F0000200AF0EE000A80EE201A2068A4F58074A2
:107F100080ED171A10BD0000C4040020C804002022
:107F2000CC040020D0040020D40400209C82002037
:107F300070B5044604F1800104F17800F8F7E4FD1F
:107F400084F8C800B4F87800A4F8A8005A20015BAF
:107F5000AA20015304F1A80204F1580104F17800A9
:107F6000F8F7B0FC84F8C800B4F8A800A4F8B00092
:107F70008220015BB220015304F1B00204F18001C0
:107F800004F1A800F8F79EFC84F8C800B4F890004B
:107F9000A4F8A0009220015BA220015304F1A002EA
:107FA00004F1900104F1B000F8F76CF984F8C8000E
:107FB00004F1B00104F1A000F8F7ECF9AC3420773B
:107FC000206C90ED000A9F4880ED000A206C90ED37
:107FD000010A9D4880ED000A206C90ED020A9B4842
:107FE00080ED000A206C90ED030A994880ED000AAC
:107FF00034F8340CA081AC3C0121BA2001539248E2
:1080000090ED000A9248D0ED000A20EE200A8D483B
:10801000D0ED000A8D4890ED001A00EEC10AF0EE96
:10802000000A20EE200AB034E06F80ED000A854897
:1080300090ED000A8448D0ED000A20EE200A834823
:10804000D0ED000A824890ED001A00EE810AF0EEB1
:10805000000A20EE200AE06F80ED010A794890EDD9
:10806000000A20EE000A7848D0ED000A90ED001AD0
:1080700000EEC10A7548D0ED000A90ED001A00EE3E
:10808000C10A7348D0ED000A90ED001A00EE810A93
:10809000E06F80ED020A34F8680C2082B03CC22008
:1080A000015304F1C00204F1B80104F14800F8F7EB
:1080B000A7FC84F8C800B4F8C000A4F8A800012107
:1080C000AA20015304F1A80204F1C00104F1B00098
:1080D000F8F7F8FBB8342074012020802189B83CDF
:1080E000BA20015304F1B80104F1C000F8F70CFD07
:1080F00084F8C8000120A4F8A8000121AA20015397
:1081000004F1A80204F1C00104F1B800F8F7DAFBA9
:1081100084F8C800AC20005990ED000A4D4880ED6D
:108120005C0A90ED5C0AD0ED5D0A9FED4B1A60EEA3
:10813000810AB4EEE00AF1EE10FA03D201204549BB
:1081400081F83401434890ED5C0AD0ED5D0AB4EE4D
:10815000E00AF1EE10FA1ADD90F83401B8B1237B91
:108160003E4D2D8803FB05F2D4E93A01F8F787FD6F
:10817000237B3A4D2D886B43257B03FB05F2D4E925
:108180003E01F8F77CFD012084F82C0070BD54F806
:10819000F80F90ED1C0A2F48D0ED5E0A80EE201AF1
:1081A000206880ED1C1A206890ED230A2948D0ED44
:1081B0005E0A80EE201A206880ED231A002004F861
:1081C000CC0CF83CB4F85800A4F8A8008220015B5D
:1081D000AA20015304F1A80204F1800104F158001F
:1081E000F8F770FB84F8C80004F1980204F1B001BC
:1081F00004F1A800F8F766FB84F8C800B4F898000A
:10820000A4F8B8000121BA20015304F1B80204F126
:10821000C00104F19800F8F755FB84F8C8009FED01
:10822000100ABC20005980ED030A04F1300204F169
:10823000B80104F13800F8F725F884F8C80000BF49
:10824000A4E70000E8040020EC040020F004002073
:10825000F40400209C820020CDCCCC3DB400002052
:108260000000000008B507200BF0F2FF02E06420D8
:108270000BF0EEFFF9F71CF90028F8D102E06420BA
:108280000BF0E6FF0BF0F0FE0028F8D1694AA2F1EE
:108290000C01101DF9F726F96748664B103B674A39
:1082A0006749009067480BF0AFFD654965480BF0E2
:1082B000B5FADFED650A9FED650A654A002165485C
:1082C00006F0ACFE00200CF003F804460DF088FF29
:1082D0006149086010216148C161FDF7C3FB08B125
:1082E000FAF776F908225E495E4809F027FB01207B
:1082F0005D490870DFED5D0AB7EE000A0BF0BAFBCE
:10830000DFED5B1A9FED5B1ADFED5B0AB2EE040A4C
:10831000FFF716FA8CE000BF4FF0FF3101200CF0A0
:108320008FFF0128F8D15548007800F0080058B1B7
:108330005248007820F00800504908703D49091D56
:108340004748401CF9F780F84D48007800F00400D9
:1083500060B14B48007820F0040049490870354A64
:108360001032A2F11C014748F9F718F84648007886
:1083700000F0040088B14448007820F0040042492D
:1083800008702C494148F9F79BF92A481038D0ED7C
:10839000040AB0EE600A0BF0B1FD2748254B103BF4
:1083A000264A2749009027480BF02EFD24492548EE
:1083B0000BF034FA224890ED023AF0EE432A90EDA9
:1083C000013AB0EE432A90ED003AF0EE431A1D4810
:1083D00090ED023AB0EE431A90ED013AF0EE430A06
:1083E00090ED003AB0EE430A9FED233A0BF092FB7A
:1083F000274890ED023AF0EE432A90ED013AB0EEB4
:10840000432A90ED003AF0EE431A0E4890ED023AFE
:10841000B0EE431A90ED013AF0EE430A90ED003AC7
:10842000B0EE430A9FED143AFFF7C8FA0AF00CFCCD
:1084300071E7000098850020DC850020648600201C
:10844000588600204C8600200080894500A08C457D
:10845000AC6801080486002014050020901100205B
:1084600018050020200500203D0500200000FA44EA
:10847000C9E57F3F002474496F12833A3905002013
:108480003A0500207E8500203B05002033050020B2
:108490004C8500200FB583B00420FE4908800820D9
:1084A000FD490880DDE903100873039905984873B6
:1084B0000399069888730021039801740698029026
:1084C0000BF05EFE0399486106980290039840699C
:1084D00001900299F8F7ECFBEE48008806994843B2
:1084E00002900BF04DFE03998861EA4800880699D6
:1084F000484302900398806901900299F8F7D8FBED
:10850000E44800880699484302900BF039FE03992D
:10851000C861E04800880699484302900398C06902
:1085200001900299F8F7C4FBDA480088049948439F
:1085300002900BF025FE03990862D6480088049942
:10854000484302900398006A01900299F8F7B0FB43
:10855000069802900BF014FE039948620698029068
:108560000398406A01900299F8F7A2FBC948008875
:108570000499484302900BF003FE03990860C54834
:10858000008804994843029003980068019002997A
:10859000F8F78EFBBF4800880699484302900BF01D
:1085A000EFFD03994860BB48008806994843029054
:1085B0000398406801900299F8F77AFBB548008863
:1085C0000599484302900BF0DBFD03998860B148A0
:1085D00000880599484302900398806801900299A9
:1085E000F8F766FBAB4800880499484302900BF00B
:1085F000C7FD0399C1F8E800A648008804994843DC
:1086000002900398D0F8E80001900299F8F750FB27
:108610000398D0F8E80002900398007B01900122B3
:108620000146DDE902303030F7F7B0FE99480088A6
:108630000499484302900BF0A3FD0399C1F8EC00A4
:10864000944800880499484302900398D0F8EC00BD
:1086500001900299F8F72CFB0398D0F8EC000290F7
:108660000398007B019001220146DDE90230383099
:10867000F7F78CFE059818B386480088059948439B
:1086800002900BF07DFD0399C1F8F000814800884D
:108690000599484302900398D0F8F00001900299A0
:1086A000F8F706FB0398D0F8F00002900398407B9F
:1086B000019001220146DDE902304030F7F766FE05
:1086C000744800880699484302900BF059FD0399BD
:1086D000C1F8F4006F480088069948430290039857
:1086E000D0F8F40001900299F8F7E2FA0398D0F874
:1086F000F40002900398807B019001220146DDE99D
:1087000002304830F7F742FE624800880499484337
:10871000484302900BF034FD0399C1F8F8005D481E
:10872000008804994843484302900398D0F8F80021
:1087300001900299F8F7BCFA0398D0F8F80002907B
:108740000398007B01900398007B00900146DDE9CF
:1087500002305030019AF7F719FE4E48008804990C
:108760004843484302900BF00BFD0399C1F8FC000D
:108770004848008804994843484302900398D0F839
:10878000FC0001900299F8F793FA0398D0F8FC00E6
:1087900002900398007B01900398007B00900146B3
:1087A000DDE902305830019AF7F7F0FD39480088CA
:1087B00004994843484302900BF0E2FC0399C1F846
:1087C00000013448008804994843484302900BF064
:1087D000D7FC0399C1F804012E4800880499484346
:1087E000484302900398D0F8000101900299F8F7ED
:1087F0005FFA284800880499484348430290039848
:10880000D0F8040101900299F8F752FA0398D0F8D1
:10881000000102900398007B01900398007B009078
:108820000146DDE902306030019AF7F7AFFD0398A9
:10883000D0F8040102900398007B01900398007B1C
:1088400000900146DDE902306830019AF7F79EFD9D
:10885000059878B30F480088049948430599484320
:1088600002900BF08DFC0399C1F8080109480088BB
:10887000049948430599484302900398D0F80801A9
:1088800001900299F8F714FA0398D0F808010290C1
:10889000039803E0B4000020B6000020407B019064
:1088A0000398007B00900146DDE902307030019AA8
:1088B000F7F76CFDB9480088069948430499484386
:1088C00002900BF05DFC0399C1F80C01B3480088DD
:1088D000049948430699484302900BF051FC0399D0
:1088E000C1F81001AD4800880699484304994843EF
:1088F00002900398D0F80C0101900299F8F7D8F98A
:10890000A648008804994843069948430290039872
:10891000D0F8100101900299F8F7CAF90398D0F83D
:108920000C0102900398007B01900398807B0090DB
:108930000146DDE902307830019AF7F727FD039808
:10894000D0F8100102900398807B01900398007B7F
:1089500000900146DDE902308030019AF7F716FDFC
:108960008E48008804994843484302900BF008FC65
:108970000399C1F814018948008804994843484381
:1089800002900398D0F8140101900299F8F790F939
:108990000398D0F8140102900398007B019003988B
:1089A000007B00900146DDE902308830019AF7F73C
:1089B000EDFC7A48008806994843484302900BF042
:1089C000DFFB0399C1F818017448008806994843F1
:1089D000484302900398D0F8180101900299F8F7E3
:1089E00067F90398D0F8180102900398807B0190F2
:1089F0000398807B00900146DDE902309030019AB7
:108A0000F7F7C4FC65480088049948430699484331
:108A100002900BF0B5FB0399C1F81C015F48008878
:108A2000049948430699484302900398D0F81C01E2
:108A300001900299F8F73CF90398D0F81C010290D4
:108A40000398807B01900398007B00900146DDE94C
:108A500002309830019AF7F799FC0398007B4F4950
:108A6000098848430399097B484302900BF088FB2F
:108A70000399C1F820010398007B484909884843BD
:108A80000399097B484302900BF07AFB0399C1F8E4
:108A900024010398007B4149098848430399097BD5
:108AA000484302900BF06CFB0399C1F8280103982E
:108AB000007B3A490988484302900BF061FB039917
:108AC000C1F82C010398007B34490988484302907F
:108AD0000BF056FB0399C1F830010398D0F8200140
:108AE00002900398007B01900398007B0090014660
:108AF000DDE90230A030019AF7F748FC0398D0F87E
:108B0000240102900398007B01900398007B009061
:108B10000146DDE90230A830019AF7F737FC0398E7
:108B2000D0F8280102900398007B01900398007B05
:108B300000900146DDE90230B030019AF7F726FCDB
:108B40000398D0F82C0102900398007B0190012239
:108B50000146DDE90230B830F7F718FC0398D0F889
:108B6000300102900398007B019001220146DDE96B
:108B70000230C030F7F70AFC0021039880F8281073
:108B8000039880F82910039880F82A10039880F839
:108B90002B10039880F82C1007B000BDB400002003
:108BA00070B50446E07B18B12046FEF77DFA11E06F
:108BB000A37BF94D2D8803FB05F26168D4F8F4001E
:108BC000F8F75DF8A27BF44B1B8802FB03F16068A9
:108BD000F8F76EF8637BF04D2D8803FB05F2A16872
:108BE000D4F8F000F8F74BF8D4F8CC0018B12046D0
:108BF000D4F8CC10884794F8280030BB607B00285C
:108C000024DD04F1B80204F1300104F16000F7F74B
:108C100059FE84F8C800207BA4F8C0000121C220BE
:108C2000015304F1C00204F1400104F17000F7F7B0
:108C300049FE84F8C80004F1380204F1C00104F1CF
:108C4000B800F7F71FFB84F8C80009E004F1380208
:108C500004F1300104F16000F7F734FE84F8C80035
:108C6000D4F8D00018B12046D4F8D010884794F832
:108C7000290068BB04F1680104F16000F7F744FFC4
:108C800084F8C80004F1580204F1500104F16000B6
:108C9000F7F718FE84F8C800B4F85800A4F8A80044
:108CA0006A20015BAA20015304F1A80204F16801C3
:108CB00004F15800F7F706FE84F8C80004F15802E2
:108CC00004F1880104F1A800F7F7DCFA84F8C80081
:108CD000D4F8D40018B12046D4F8D4108847207CAA
:108CE00010B9E07B00287DD194F82A00002861D1DA
:108CF00004F1800104F17800F7F706FF84F8C8005A
:108D0000B4F87800A4F8A8005A20015BAA20015307
:108D100004F1A80204F1580104F17800F7F7D2FD3C
:108D200084F8C800B4F8A800A4F8B0008220015B61
:108D3000B220015304F1B00204F1800104F1A80053
:108D4000F7F7C0FD84F8C800B4F89000A4F8A000BC
:108D50009220015BA220015304F1A00204F19001D2
:108D600004F1B000F7F78EFA84F8C80004F1B001FE
:108D700004F1A000F7F70EFB84F8C800B4F858001F
:108D8000A4F8A8008220015BAA20015304F1A802E4
:108D900004F1800104F15800F7F794FD84F8C8004D
:108DA00004F1980204F1B00104F1A800F7F78AFD7C
:108DB00084F8C800D4F8D80018B12046D4F8D810E8
:108DC000884794F82B00E8BBB4F87800A4F8B80002
:108DD0000121BA20015304F1B80204F1380104F171
:108DE000780000E06AE0F7F76DFD84F8C800B4F899
:108DF0004800A4F8C0000121C220015304F1C002C0
:108E000004F1B80104F14800F7F7FAFD84F8C8004E
:108E1000B4F89800A4F8B8000121BA20015304F175
:108E2000B80204F1C00104F19800F7F74BFD84F893
:108E3000C80004F1300204F1B80104F13800F7F77A
:108E400021FA00E001E084F8C800D4F8DC0018B191
:108E50002046D4F8DC10884794F82C0068BBB4F89E
:108E60009800A4F8A8007A20015BAA200153B4F866
:108E7000A800A4F8B0005A20015BB220015304F10D
:108E8000A80204F1780104F19800F7F71BFD84F8BB
:108E9000C80004F1B00204F1580104F1A800F7F78A
:108EA00011FD84F8C80004F1500204F1B00104F18E
:108EB0005800F7F7A5FD84F8C80013E0237B364D72
:108EC0002D8803FB05F2D4E93A01F7F7D8FE237B9E
:108ED000314D2D886B43257B03FB05F2D4E93E0120
:108EE000F7F7CDFED4F8E00018B12046D4F8E01032
:108EF0008847002022E0227B00FB0202D4F8F81011
:108F000001EB820191ED000A216A01EB8001D1EDB4
:108F1000000AB4EEE00AF1EE10FA0DD2216A01EB7C
:108F2000800191ED000A227B00FB0202D4F8F810C8
:108F300001EB820181ED000A411CC8B2217B814214
:108F4000D9DCE07BA8B1A27B134B1B885A43A37BDF
:108F500002FB03F1D4F81801F7F7AAFE227B0E4BAF
:108F60001B885A43A37B02FB03F1D4F80C01F7F7EB
:108F70009FFE237B084D2D8803FB05F2D4F8E810F3
:108F80002068F7F77CFED4F8E40018B12046D4F846
:108F9000E4108847206870BDB40000200A7D02F00C
:108FA000010202720A7DC2F3400242720A7DC2F3DC
:108FB000800282720A7DC2F3C002C2720A7DC2F3CD
:108FC000001282750A7DC2F34012C2750A7DC2F397
:108FD000801202730A7DC2F3C01242738A8AC2F3FE
:108FE000002282738A8AC2F34022C2738A8AC2F341
:108FF000802202748A8AC2F3C02242748A8AC2F32F
:10900000003282748A8AC2F34032C2748A8AC2F3FE
:10901000803202758A8AD20B42758A890280CA8997
:10902000524212B242800A8A82808A7C8271CA7C51
:10903000C271027B0276027C4276427C8276427D5D
:10904000C276C27D0277027E42B9027B012A05D137
:10905000427F0AB9012200E000224277427E42B9F3
:10906000027C012A05D1827F0AB9012200E0002298
:109070008277827E42B9427C012A05D1C27F0AB939
:10908000012200E00022C277C27E52B9427D012A4D
:1090900007D190F820200AB9012200E0002280F8D0
:1090A0002020027F52B9C27D012A07D190F82120E9
:1090B0000AB9012200E0002280F821207047F0EE7A
:1090C000400A90ED001AD0ED011A21EE211AD0EDE0
:1090D000001AB7EE002A72EE611A01EEA01AB0EE85
:1090E000410A80ED010A704780ED000ADFED020AB7
:1090F000C0ED010A70470000000000001FB500200D
:1091000000900190029003901548164908604FF4B2
:10911000003048600021134881600161017680F8C9
:109120002010C162104981620021C1600121C1612A
:10913000002180F8301001214161FAF7C3F808B12D
:10914000F9F746FA102000900120019000200290CB
:1091500069460448F9F7F0FF08B1F9F739FA1FBD7D
:1091600000200140340F00200100000F1FB5002037
:1091700000900190029003901548164908604FF442
:10918000003048600021134881600161017680F859
:109190002010C162104981620021C1600121C161BA
:1091A000002180F8301001214161FAF78BF808B1F5
:1091B000F9F70EFA0820009001200190002002909B
:1091C00069460448F9F7B8FF08B1F9F701FA1FBD7D
:1091D000002201407C0F00200100000F10B50E4856
:1091E0000E4908600320486000210C488160C1607E
:1091F0004FF4102101614FF400114161002101760B
:1092000041768176C17601774177FAF73CFC08B167
:10921000F9F7DEF910BD000000640040C40F002023
:1092200010B50E480E4908600320486000210C4824
:109230008160C1604FF4102101614FF40011416160
:109240000021017641768176C17601774177FAF780
:109250001AFC08B1F9F7BCF910BD00000068004025
:10926000EC0F002008B500BF002000902E480068D9
:1092700040F480002C4908600846006800F4800033
:10928000009000BF00BF00BF0020009008460068AB
:1092900040F4001008600846006800F400100090D8
:1092A00000BF00BF002205210C20FBF773FE0C203D
:1092B000FBF75CFE002205212F20FBF76BFE2F2021
:1092C000FBF754FE002205213920FBF763FE39200D
:1092D000FBF74CFE002205213A20FBF75BFE3A200B
:1092E000FBF744FE002205213B20FBF753FE3B2009
:1092F000FBF73CFE002205214420FBF74BFE4420F7
:10930000FBF734FE002205214520FBF743FE4520F4
:10931000FBF72CFE002205214620FBF73BFE4620F2
:10932000FBF724FE08BD00003038024000B5ABB0AA
:109330001C22244924A8F7F7A2FC002124A80AF043
:1093400098FF214908601C221E491C311DA8F7F70F
:1093500096FC00211DA80AF08CFF1C4908601C2205
:109360001849383116A8F7F78AFC002116A80AF028
:1093700080FF174908601C22124954310FA8F7F7E3
:109380007EFC00210FA80AF074FF124908601C221D
:109390000C49703108A8F7F772FC002108A80AF000
:1093A00068FF0D4908601C2206498C3101A8F7F7B7
:1093B00066FC002101A80AF05CFF084908602BB098
:1093C00000BD0000586701080400002008000020CC
:1093D0000C000020100000201400002018000020C5
:1093E00000B587B0142102A8F7F762FC00BF002087
:1093F00001907F48006840F002007D4908600846FF
:10940000006800F00200019000BF00BF00BF002014
:1094100001900846006840F0400008600846006877
:1094200000F04000019000BF00BF00BF002001908D
:109430000846006840F0010008600846006800F037
:109440000100019000BF00BF00BF0020019008464E
:10945000006840F0080008600846006800F0080056
:10946000019000BF00BF00BF0020019008460068C7
:1094700040F0040008600846006800F00400019015
:1094800000BF00BF00BF002001900846006840F404
:10949000807008600846006800F48070019000BF8A
:1094A00000BF00BF002001900846006840F0200087
:1094B00008600846006800F02000019000BF00BF6F
:1094C00000BF002001900846006840F0800008605E
:1094D0000846006800F08000019000BF00BF00BF98
:1094E000002001900846006840F01000086008461F
:1094F000006800F01000019000BF00BF0122402171
:109500003C48FBF761F8012210213B48FBF75CF86F
:10951000012211463948FBF757F8802002900020BD
:1095200003900120049002A93548FAF753FF402028
:109530000290012003900490059002A92D48FAF7AB
:1095400049FF092002904FF4041003900120049079
:1095500002A92848FAF73EFF072002900020039056
:10956000049002A92748FAF735FF10200290012045
:10957000039004900220059002A91F48FAF72AFFE1
:10958000302002904FF4041003900120049002A9AF
:109590001C48FAF71FFF012002900390049002205C
:1095A000059002A91548FAF715FF00220621084682
:1095B000FBF7F0FC0620FBF7D9FC0022052109206F
:1095C000FBF7E8FC0920FBF7D1FC002205210A206B
:1095D000FBF7E0FC0A20FBF7C9FC0022052117205D
:1095E000FBF7D8FC1720FBF7C1FC07B000BD00005B
:1095F00030380240001802400000024000040240DF
:10960000002002400008024010B50B480B490860DA
:109610000B484860002109488160C1604FF48041D7
:109620000161002141618161C1610162FAF7D8FFE6
:1096300008B1F8F7CDFF10BD005400401410002011
:10964000801A060010B50B480B4908600B484860AB
:10965000002109488160C1604FF48041016100210F
:1096600041618161C1610162FAF7BAFF08B1F8F79F
:10967000AFFF10BD0058004068100020801A06009F
:1096800010B50B480B4908600B4848600021094899
:109690008160C1604FF480410161002141618161BD
:1096A000C1610162FAF79CFF08B1F8F791FF10BDA4
:1096B000005C0040BC100020801A060010B50A486B
:1096C0000A490860002048607C210848816040F613
:1096D0007F41C1600021016141618161FCF72CF98A
:1096E00008B1F8F775FF10BD002800407011002088
:1096F00010B50F480F4908604FF482704860002190
:109700000C488160C160022101610121416149026F
:1097100081611021C16100210162416281620A21DF
:10972000C162FCF79FF908B1F8F752FF10BD0000C5
:10973000003001409011002000B587B01C21684620
:10974000F7F7B6FA1548164908600020486000216E
:109750001348816041F28731C1600021016181615C
:10976000FCF74AFC08B1F8F733FF0D48FDF737F86E
:1097700008B1F8F72DFF60200090002001900290C2
:109780000490002269460648FCF7A7FF08B1F8F7E5
:109790001FFF0348FCF78EFE07B000BD00440140E8
:1097A0001014002000B595B0002011901290139075
:1097B00014900F9010901C2108A8F7F779FA202137
:1097C0006846F7F775FA384838490860A7204860B6
:1097D00000213648816044F61F61C16000210161AB
:1097E00041618161FCF708FC08B1F8F7F1FE4FF424
:1097F0008050119011A92D48FCF71EFD08B1F8F713
:10980000E7FE2A48FCF7EBFF08B1F8F7E1FE00207D
:109810000F9010900FA92548FCF794FB08B1F8F7BA
:10982000D7FE602008904FF47A70099000200A90CB
:109830000B900C900D900E90002208A91B48FCF78D
:109840004CFF08B1F8F7C4FE042208A91748FCF73A
:1098500044FF08B1F8F7BCFE082208A91348FCF73A
:109860003CFF08B1F8F7B4FE0C2208A90F48FCF73A
:1098700034FF08B1F8F7ACFE002000900190029090
:10988000039004904FF40050059000200790694623
:109890000648FCF71DFB08B1F8F79AFE0348FCF7F1
:1098A00009FE15B000BD000000000140A812002014
:1098B00000B58DB0002009900A900B900C90079095
:1098C00008901C216846F7F7F3F920482049086002
:1098D0000020486000211E48816042F2CF01C16033
:1098E000002101618161FCF787FB08B1F8F770FE88
:1098F0004FF48050099009A91548FCF79DFC08B168
:10990000F8F766FE1248FCF76AFF08B1F8F760FE48
:1099100000200790089007A90D48FCF713FB08B139
:10992000F8F756FE6020009000200190029004900D
:10993000082269460648FCF7D0FE08B1F8F748FE51
:109940000348FCF7B7FD0DB000BD00000004004067
:10995000F012002000B58DB0002009900A900B9005
:109960000C90079008901C216846F7F7A1F9204851
:1099700020490860A720486000211E4881604FF6FA
:10998000FF71C160002101618161FCF735FB08B105
:10999000F8F71EFE4FF48050099009A91548FCF70E
:1099A0004BFC08B1F8F714FE1248FCF718FF08B199
:1099B000F8F70EFE00200790089007A90D48FCF765
:1099C000C1FA08B1F8F704FE602000900020019071
:1099D00002900490082269460648FCF77EFE08B112
:1099E000F8F7F6FD0348FCF765FD0DB000BD00007B
:1099F000000800403813002000B58DB00020099009
:109A00000A900B900C90079008901C216846F7F77D
:109A10004FF928482849086000204860002126485E
:109A200081604FF6FF71C160002101618161FCF727
:109A3000E3FA08B1F8F7CCFD4FF48050099009A97A
:109A40001D48FCF7F9FB08B1F8F7C2FD1A48FCF70E
:109A5000C6FE08B1F8F7BCFD00200790089007A9E2
:109A60001548FCF76FFA08B1F8F7B2FD60200090D6
:109A70000020019002900490002269460E48FCF7F5
:109A80002CFE08B1F8F7A4FD042269460A48FCF749
:109A900024FE08B1F8F79CFD082269460648FCF749
:109AA0001CFE08B1F8F794FD0348FCF703FD0DB068
:109AB00000BD0000000C00408013002000B595B0F0
:109AC000002011901290139014900F9010901C2170
:109AD00008A8F7F7EDF820216846F7F7E9F83048CD
:109AE00030490860A720486000212E48816044F674
:109AF0001F61C1600021016141618161FCF77CFA55
:109B000008B1F8F765FD4FF48050119011A9254870
:109B1000FCF792FB08B1F8F75BFD2248FCF75FFE0B
:109B200008B1F8F755FD00200F9010900FA91D48BF
:109B3000FCF708FA08B1F8F74BFD602008904FF4E5
:109B40007A70099000200A900B900C900D900E9066
:109B5000002208A91348FCF7C0FD08B1F8F738FD4A
:109B6000042208A90F48FCF7B8FD08B1F8F730FD4A
:109B70000020009001900290039004904FF4005058
:109B800005900020079069460648FCF7A1F908B146
:109B9000F8F71EFD0348FCF78DFC15B000BD000072
:109BA00000040140C813002010B50B480B490860A1
:109BB0004FF4E1304860002108488160C1600161D4
:109BC0000C21416100218161C161FDF713F808B1E9
:109BD000F8F7FEFC10BD00000010014058140020F2
:109BE00010B50B480B4908600B4848600021094834
:109BF0008160C1604FF4806101610C2141610021ED
:109C00008161C161FCF7F6FF08B1F8F7E1FC10BD16
:109C100000480040A0140020A086010010B50B48A9
:109C20000B4908604FF461204860002108488160BA
:109C3000C16001610C21416100218161C161FCF7BA
:109C4000D9FF08B1F8F7C4FC10BD000000140140B2
:109C5000E814002010B54B780C7843EA0422174B27
:109C60001B7823B102800023144C237010BD03889D
:109C7000934208DA0388D31A5B1D0A2493FBF4F39A
:109C80004488234443800280CB788C7843EA0423C1
:109C90001BB200EE103AB8EEC00ADFED090A80EE02
:109CA000201A80ED011A4B790C7943EA04230382D0
:109CB0008B798374CB79037700BFD7E7320100201B
:109CC00000007A444A780B7842EA032212B20281F9
:109CD000CA788B7842EA032212B242814A790B7920
:109CE00042EA032212B28281CA798B7942EA0322C4
:109CF00012B2C281704700000A78C2744A780275B5
:109D0000CA788B7842EA032212B200EE102AB8EE2B
:109D1000C00ADFED0B0A80EE201A80ED061A0A79E0
:109D200042774A798277CA798B7942EA032212B262
:109D300000EE102AB8EEC00A80ED080A7047000055
:109D400000007A4400BFFEE72DE9F0472DED068BB9
:109D500005460C46B0EE40AAB0EE608AF0EE418AAD
:109D6000B0EE619AF0EE429A2D48056044601020F2
:109D70009FED2C1ADFED2C0AB0EE4A0A09F04CFEDA
:109D800086B20C20B3EE0E1AFBEE0E0AB0EE480AB5
:109D900009F042FE87B20C209FED241ADFED240A61
:109DA000B0EE680A09F038FE1FFA80F80C20B1EE18
:109DB000041ADFED1F0AB0EE490A09F02DFE1FFA62
:109DC00080F90C20B2EE041AFAEE040AB0EE690A29
:109DD00009F022FE1FFA80FA30121149087708466E
:109DE0004677C7F3071181773807000E40EA28212C
:109DF0000B48C17780F82080C9F3071180F8211043
:109E00004FEA0970000E40EA2A21054880F8221026
:109E100080F823A0F7F78AFCBDEC068BBDE8F0873D
:109E20000C010020D00F4940D00F49C00000FA4378
:109E300000000000F0B5DDE9054501708270437057
:109E4000047280ED010A458101260673084E094F10
:109E50003F6846F82700074E3668761C054F3E607F
:109E60003E4636681E2E01D91E263E60F0BD00001B
:109E700098790020E40000201CB50A220F49104800
:109E800009F0AAFD01200F490870684604F050FE51
:109E90000D48DDE9001206C0684600F017F80A48D0
:109EA000DDE90012C0E90412684600F0D7F8064860
:109EB000DDE90012C0E916121CBD0000F887002081
:109EC000E0870020E4050020048800205F49604A04
:109ED00011604FF496625E490B684968491C01EBBA
:109EE000410143F821209FED5B0A59490A684968FE
:109EF000491C01EB410102EB810181ED010A54494A
:109F00000968534A526802EB420201EB82018968F8
:109F100064314F4A13685268521C02EB420203EB51
:109F2000820291604A494968491C494A51604FF48C
:109F3000C87247490B684968491C01EB410143F865
:109F400021209FED450A42490A684968491C01EBF6
:109F5000410102EB810181ED010A3D4909683C4A5A
:109F6000526802EB420201EB8201896801F5C87177
:109F7000374A13685268521C02EB420203EB82021A
:109F8000916033494968491C314A51604FF49662E7
:109F90002F490B684968491C01EB410143F8212016
:109FA0009FED2C0A2A490A684968491C01EB4101C6
:109FB00002EB810181ED010A25490968244A5268B2
:109FC00002EB420201EB820189686431204A136886
:109FD0005268521C02EB420203EB820291601C4960
:109FE0004968491C1A4A5160002219490B6849689E
:109FF000491C01EB410143F821209FED160A144949
:10A000000A684968491C01EB410102EB810181EDBD
:10A01000010A0F4909680E4A526802EB420201EB3D
:10A020008201896864310A4A13685268521C02EB43
:10A03000420203EB8202916005494968491C044AC7
:10A04000516006CAC0E90012704700001C89002058
:10A05000040600200000C8420000C843FD49FE4A33
:10A0600011600022FC490B684968491C01EB410161
:10A0700043F821209FEDF90AF7490A684968491C0D
:10A0800001EB410102EB810181ED010AF24909680E
:10A09000F14A526802EB420201EB8201896801F544
:10A0A000FA71ED4A13685268521C02EB420203EB4C
:10A0B00082029160E8494968491CE74A516040F2D0
:10A0C0004B22E5490B684968491C01EB410143F803
:10A0D00021209FEDE30AE0490A684968491C01EB29
:10A0E000410102EB810181ED010ADB490968DA4A8D
:10A0F000526802EB420201EB820189687D31D64A47
:10A1000013685268521C02EB420203EB8202916018
:10A11000D1494968491CD04A51604FF45C72CE491C
:10A120000B684968491C01EB410143F821209FED70
:10A13000CC0AC9490A684968491C01EB410102EB94
:10A14000810181ED010AC4490968C34A526802EBE2
:10A15000420201EB820189687D31BF4A136852686F
:10A16000521C02EB420203EB82029160BA49496839
:10A17000491CB94A51604FF44472B7490B684968A9
:10A18000491C01EB410143F821209FEDB50AB2497A
:10A190000A684968491C01EB410102EB810181ED2C
:10A1A000010AAD490968AC4A526802EB420201EB70
:10A1B000820189687D31A84A13685268521C02EBFB
:10A1C000420203EB82029160A3494968491CA24AFA
:10A1D000516040F24B22A0490B684968491C01EBD1
:10A1E000410143F821209FED9E0A9B490A68496876
:10A1F000491C01EB410102EB810181ED010A964905
:10A200000968954A526802EB420201EB82018968B3
:10A210007D31914A13685268521C02EB420203EBF3
:10A22000820291608C494968491C8B4A516040F216
:10A230004B2289490B684968491C01EB410143F8ED
:10A2400021209FED870A84490A684968491C01EB6F
:10A25000410102EB810181ED010A7F4909687E4AD3
:10A26000526802EB420201EB820189687D317A4A31
:10A2700013685268521C02EB420203EB82029160A7
:10A2800075494968491C744A51604FF444727249D7
:10A290000B684968491C01EB410143F821209FEDFF
:10A2A000710A6D490A684968491C01EB410102EBDA
:10A2B000810181ED010A68490968674A526802EB29
:10A2C000420201EB820189683F31634A1368526898
:10A2D000521C02EB420203EB820291605E49496824
:10A2E000491C5D4A51604FF45C725B490B684968D8
:10A2F000491C01EB410143F821209FED5A0A5649C0
:10A300000A684968491C01EB410102EB810181EDBA
:10A31000010A51490968504A526802EB420201EBB6
:10A32000820189683F314C4A13685268521C02EB23
:10A33000420203EB8202916047494968491C464A40
:10A3400051604FF4777244490B684968491C01EB2E
:10A35000410143F821209FED430A3F490A684968BB
:10A36000491C01EB410102EB810181ED010A3A49EF
:10A370000968394A526802EB420201EB820189689E
:10A380003F31354A13685268521C02EB420203EB1C
:10A390008202916030494968491C2F4A51604FF44C
:10A3A0005C722D490B684968491C01EB410143F877
:10A3B00021209FED2C0A28490A684968491C01EBB5
:10A3C000410102EB810181ED010A23490968224A1A
:10A3D000526802EB420201EB820189683F311E4A5A
:10A3E00013685268521C02EB420203EB8202916036
:10A3F00019494968491C184A51604FF4447216497A
:10A400000B684968491C01EB410143F821209FED8D
:10A41000150A11490A684968491C01EB410102EB20
:10A42000810181ED010A0C4909680B4A526802EB6F
:10A43000420201EB820189683F31074A1368526882
:10A44000521C02EB420203EB82029160024949680E
:10A45000491C09E0948900200C0600200000FA4302
:10A460000000FA4200007C42FE4A51604FF45C72E8
:10A47000FC490B684968491C01EB410143F8212064
:10A480001FED080AF7490A684968491C01EB4101B8
:10A4900002EB810181ED010AF2490968F14A526833
:10A4A00002EB420201EB820189683F31ED4A1368F9
:10A4B0005268521C02EB420203EB82029160E949AE
:10A4C0004968491CE74A516040F24B22E5490B6854
:10A4D0004968491C01EB410143F821201FED200A86
:10A4E000E0490A684968491C01EB410102EB81011E
:10A4F00081ED010ADB490968DA4A526802EB42023F
:10A5000001EB820189687D31D64A13685268521C7A
:10A5100002EB420203EB82029160D2494968491C76
:10A52000D04A51604FF45C72CE490B684968491CAF
:10A5300001EB410143F821201FED370AC9490A68A0
:10A540004968491C01EB410102EB810181ED010ADF
:10A55000C4490968C34A526802EB420201EB820116
:10A5600089687D31BF4A13685268521C02EB42026F
:10A5700003EB82029160BB494968491CB94A5160AA
:10A580004FF44472B7490B684968491C01EB41011B
:10A5900043F821201FED4E0AB2490A684968491C58
:10A5A00001EB410102EB810181ED010AAD4909682E
:10A5B000AC4A526802EB420201EB820189687D31AC
:10A5C000A84A13685268521C02EB420203EB820253
:10A5D0009160A4494968491CA24A516040F24B224B
:10A5E000A0490B684968491C01EB410143F821204F
:10A5F0001FED650A9B490A684968491C01EB410146
:10A6000002EB810181ED010A96490968954A526879
:10A6100002EB420201EB820189687D31914A1368A5
:10A620005268521C02EB420203EB820291608D4998
:10A630004968491C8B4A516040F24B2289490B689A
:10A640004968491C01EB410143F821201FED7C0AB8
:10A6500084490A684968491C01EB410102EB810108
:10A6600081ED010A7F4909687E4A526802EB420285
:10A6700001EB820189687D317A4A13685268521C65
:10A6800002EB420203EB8202916076494968491C61
:10A69000744A51604FF4447272490B684968491C0E
:10A6A00001EB410143F821201FED920A6D490A6830
:10A6B0004968491C01EB410102EB810181ED010A6E
:10A6C00068490968674A526802EB420201EB82015D
:10A6D00089683F31634A13685268521C02EB420298
:10A6E00003EB820291605F494968491C5D4A5160F1
:10A6F0004FF45C725B490B684968491C01EB4101EE
:10A7000043F821201FEDA90A56490A684968491CE7
:10A7100001EB410102EB810181ED010A5149096818
:10A72000504A526802EB420201EB820189683F31D4
:10A730004C4A13685268521C02EB420203EB82023D
:10A74000916048494968491C464A51604FF4777204
:10A7500044490B684968491C01EB410143F8212039
:10A760001FEDC00A3F490A684968491C01EB4101D5
:10A7700002EB810181ED010A3A490968394A5268C0
:10A7800002EB420201EB820189683F31354A1368CE
:10A790005268521C02EB420203EB82029160314983
:10A7A0004968491C2F4A51604FF45C722D490B686F
:10A7B0004968491C01EB410143F821201FEDD70AEC
:10A7C00028490A684968491C01EB410102EB8101F3
:10A7D00081ED010A23490968224A526802EB4202CC
:10A7E00001EB820189683F311E4A13685268521C8E
:10A7F00002EB420203EB820291601A494968491C4C
:10A80000184A51604FF4447216490B684968491C54
:10A8100001EB410143F821201FEDEE0A11490A68BE
:10A820004968491C01EB410102EB810181ED010AFC
:10A830000C4909680B4A526802EB420201EB8201A3
:10A8400089683F31074A13685268521C02EB420282
:10A8500003EB8202916003494968491C014A516037
:10A8600002E000000C0600204FF45C72FE490B6809
:10A870004968491C01EB410143F821209FEDFB0A87
:10A88000F9490A684968491C01EB410102EB810161
:10A8900081ED010AF4490968F34A526802EB420269
:10A8A00001EB820189683F31EF4A13685268521CFC
:10A8B00002EB420203EB82029160EB494968491CBA
:10A8C000E94A516040F24B22E7490B684968491C4C
:10A8D00001EB410143F821209FEDE50AE2490A68B6
:10A8E0004968491C01EB410102EB810181ED010A3C
:10A8F000DD490968DC4A526802EB420201EB820141
:10A9000089687D31D84A13685268521C02EB4202B2
:10A9100003EB82029160D4494968491CD24A5160D4
:10A920004FF45C72D0490B684968491C01EB410146
:10A9300043F821209FEDCE0ACB490A684968491C9B
:10A9400001EB410102EB810181ED010AC649096871
:10A95000C54A526802EB420201EB820189687D31EF
:10A96000C14A13685268521C02EB420203EB820296
:10A970009160BD494968491CBB4A51604FF444721B
:10A98000B9490B684968491C01EB410143F8212092
:10A990009FEDB70AB4490A684968491C01EB4101B7
:10A9A00002EB810181ED010AAF490968AE4A5268A4
:10A9B00002EB420201EB820189687D31AA4A1368E9
:10A9C0005268521C02EB420203EB82029160A649DC
:10A9D0004968491CA44A516040F24B22A2490B68C5
:10A9E0004968491C01EB410143F821209FEDA00A71
:10A9F0009D490A684968491C01EB410102EB81014C
:10AA000081ED010A98490968974A526802EB4202AF
:10AA100001EB820189687D31934A13685268521CA8
:10AA200002EB420203EB820291608F494968491CA4
:10AA30008D4A516040F24B228B490B684968491C92
:10AA400001EB410143F821209FED890A86490A68FC
:10AA50004968491C01EB410102EB810181ED010ACA
:10AA600081490968804A526802EB420201EB820187
:10AA700089687D317C4A13685268521C02EB42029D
:10AA800003EB8202916078494968491C764A51601B
:10AA90004FF4447274490B684968491C01EB410149
:10AAA00043F821209FED710A6F490A684968491CE3
:10AAB00001EB410102EB810181ED010A6A4909685C
:10AAC000694A526802EB420201EB820189683F3118
:10AAD000654A13685268521C02EB420203EB820281
:10AAE000916061494968491C5F4A51604FF45C724A
:10AAF0005D490B684968491C01EB410143F821207D
:10AB00009FED5A0A58490A684968491C01EB4101FE
:10AB100002EB810181ED010A53490968524A5268EA
:10AB200002EB420201EB820189683F314E4A136811
:10AB30005268521C02EB420203EB820291604A49C6
:10AB40004968491C484A51604FF4777246490B687E
:10AB50004968491C01EB410143F821209FED430A5C
:10AB600041490A684968491C01EB410102EB810136
:10AB700081ED010A3C4909683B4A526802EB4202F6
:10AB800001EB820189683F31374A13685268521CD1
:10AB900002EB420203EB8202916033494968491C8F
:10ABA000314A51604FF45C722F490B684968491C67
:10ABB00001EB410143F821209FED2C0A2A490A6844
:10ABC0004968491C01EB410102EB810181ED010A59
:10ABD00025490968244A526802EB420201EB8201CE
:10ABE00089683F31204A13685268521C02EB4202C6
:10ABF00003EB820291601C494968491C1A4A516062
:10AC00004FF4447218490B684968491C01EB410133
:10AC100043F821209FED150A13490A684968491C29
:10AC200001EB410102EB810181ED010A0E49096846
:10AC30000D4A526802EB420201EB820189683F3102
:10AC4000094A13685268521C02EB420203EB82026B
:10AC5000916005494968491C034A51604FF45C7290
:10AC600001490B68496805E00C06002000007C42A1
:10AC70000000FA42491C01EB410143F821201FED7D
:10AC8000050AFE490A684968491C01EB410102EBCB
:10AC9000810181ED010AF9490968F84A526802EB1D
:10ACA000420201EB820189683F31F44A136852681D
:10ACB000521C02EB420203EB82029160EF494968A9
:10ACC000491CEE4A516040F24B22EC490B6849683E
:10ACD000491C01EB410143F821201FED1B0AE74904
:10ACE0000A684968491C01EB410102EB810181EDD1
:10ACF000010AE2490968E14A526802EB420201EBAB
:10AD0000820189687D31DD4A13685268521C02EB6A
:10AD1000420203EB82029160D8494968491CD74A34
:10AD200051604FF45C72D5490B684968491C01EBCE
:10AD3000410143F821201FED320AD0490A684968D1
:10AD4000491C01EB410102EB810181ED010ACB4974
:10AD50000968CA4A526802EB420201EB8201896823
:10AD60007D31C64A13685268521C02EB420203EB63
:10AD700082029160C1494968491CC04A51604FF440
:10AD80004472BE490B684968491C01EB410143F814
:10AD900021201FED490AB9490A684968491C01EB9D
:10ADA000410102EB810181ED010AB4490968B34A0E
:10ADB000526802EB420201EB820189687D31AF4AA1
:10ADC00013685268521C02EB420203EB820291604C
:10ADD000AA494968491CA94A516040F24B22A74937
:10ADE0000B684968491C01EB410143F821201FED24
:10ADF000600AA2490A684968491C01EB410102EB5B
:10AE0000810181ED010A9D4909689C4A526802EB63
:10AE1000420201EB820189687D31984A13685268C9
:10AE2000521C02EB420203EB820291609349496893
:10AE3000491C924A516040F24B2290490B68496884
:10AE4000491C01EB410143F821201FED770A8B4992
:10AE50000A684968491C01EB410102EB810181ED5F
:10AE6000010A86490968854A526802EB420201EBF1
:10AE7000820189687D31814A13685268521C02EB55
:10AE8000420203EB820291607C494968491C7B4A7B
:10AE900051604FF4C47279490B684968491C01EB51
:10AEA000410143F821201FED8E0A74490A68496860
:10AEB000491C01EB410102EB810181ED010A6F495F
:10AEC00009686E4A526802EB420201EB820189680E
:10AED0007D316A4A13685268521C02EB420203EB4E
:10AEE0008202916065494968491C644A51604FF487
:10AEF000F77262490B684968491C01EB410143F84C
:10AF000021201FEDA50A5D490A684968491C01EB2B
:10AF1000410102EB810181ED010A58490968574A54
:10AF2000526802EB420201EB820189687D31534A8B
:10AF300013685268521C02EB420203EB82029160DA
:10AF40004E494968491C4D4A516040F24B224B49D9
:10AF50000B684968491C01EB410143F821201FEDB2
:10AF6000BC0A46490A684968491C01EB410102EBE9
:10AF7000810181ED010A41490968404A526802EBAA
:10AF8000420201EB820189687D313C4A13685268B4
:10AF9000521C02EB420203EB82029160374949687E
:10AFA000491C364A516040F2932234490B68496883
:10AFB000491C01EB410143F821209FED310A2F4943
:10AFC0000A684968491C01EB410102EB810181EDEE
:10AFD000010A2A490968294A526802EB420201EB38
:10AFE0008201896801F27711244A13685268521C61
:10AFF00002EB420203EB8202916020494968491C3E
:10B000001E4A516040F24B221C490B684968491C9A
:10B0100001EB410143F821201FEDEB0A17490A68B3
:10B020004968491C01EB410102EB810181ED010AF4
:10B0300012490968114A526802EB420201EB82018F
:10B0400089687D310D4A13685268521C02EB420236
:10B0500003EB8202916009494968491C074A516023
:10B0600040F24B2205490B684968491C01EB41013C
:10B0700043F821209FED030A004905E00C0600205B
:10B080000080BB4300007A430A684968491C01EB11
:10B09000410102EB810181ED010AFE490968FD4A87
:10B0A000526802EB420201EB82018968FA31F94AE7
:10B0B00013685268521C02EB420203EB8202916059
:10B0C000F4494968491CF34A51600022F1490B6870
:10B0D0004968491C01EB410143F821209FEDEE0A2C
:10B0E000EC490A684968491C01EB410102EB810106
:10B0F00081ED010AE7490968E64A526802EB42021B
:10B1000001EB82018968BC31E24A13685268521C23
:10B1100002EB420203EB82029160DE494968491C5E
:10B12000DC4A516040F24B22DA490B684968491CFD
:10B1300001EB410143F821209FEDD80AD5490A6867
:10B140004968491C01EB410102EB810181ED010AD3
:10B15000D0490968CF4A526802EB420201EB8201F2
:10B1600089683F31CB4A13685268521C02EB420295
:10B1700003EB82029160C7494968491CC54A516086
:10B180004FF4DC72C3490B684968491C01EB41016B
:10B1900043F821209FEDC20ABE490A684968491C4C
:10B1A00001EB410102EB810181ED010AB949096816
:10B1B000B84A526802EB420201EB820189687D3194
:10B1C000B44A13685268521C02EB420203EB82023B
:10B1D0009160B0494968491CAE4A51604FF4DC7235
:10B1E000AC490B684968491C01EB410143F8212037
:10B1F0009FEDAB0AA7490A684968491C01EB410168
:10B2000002EB810181ED010AA2490968A14A526855
:10B2100002EB420201EB820189687D319D4A13688D
:10B220005268521C02EB420203EB82029160994980
:10B230004968491C974A51604FF4C47295490B689C
:10B240004968491C01EB410143F821209FED940A14
:10B2500090490A684968491C01EB410102EB8101F0
:10B2600081ED010A8B4909688A4A526802EB420261
:10B2700001EB820189687D31864A13685268521C4D
:10B2800002EB420203EB8202916082494968491C49
:10B29000804A51604FF4DC727E490B684968491C52
:10B2A00001EB410143F821209FED7D0A79490A68AD
:10B2B0004968491C01EB410102EB810181ED010A62
:10B2C00074490968734A526802EB420201EB820139
:10B2D00089687D316F4A13685268521C02EB420242
:10B2E00003EB820291606B494968491C694A5160CD
:10B2F0004FF4F77267490B684968491C01EB41013B
:10B3000043F821201FEDA10A62490A684968491CD7
:10B3100001EB410102EB810181ED010A5D49096800
:10B320005C4A526802EB420201EB82018968FA3101
:10B33000584A13685268521C02EB420203EB820225
:10B34000916054494968491C524A51600022514950
:10B350000B684968491C01EB410143F821209FED2E
:10B36000500A4C490A684968491C01EB410102EB4B
:10B37000810181ED010A47490968464A526802EB9A
:10B38000420201EB820189687D31424A13685268AA
:10B39000521C02EB420203EB820291603D49496874
:10B3A000491C3C4A51604FF4F7723A490B684968AE
:10B3B000491C01EB410143F821209FED380A354932
:10B3C0000A684968491C01EB410102EB810181EDEA
:10B3D000010A304909682F4A526802EB420201EB28
:10B3E000820189683F312B4A13685268521C02EB74
:10B3F000420203EB8202916026494968491C254AB2
:10B40000516040F24B2223490B684968491C01EB0B
:10B41000410143F821209FED210A1E490A6849682D
:10B42000491C01EB410102EB810181ED010A19493F
:10B430000968184A526802EB420201EB82018968EE
:10B440003F31144A13685268521C02EB420203EB6C
:10B45000820291600F494968491C0E4A516040F2CE
:10B4600093220C490B684968491C01EB410143F8E0
:10B4700021209FED0B0A07490A684968491C01EB26
:10B48000410102EB810181ED010A02490968014A8B
:10B49000526807E00C06002000003C4300007C429C
:10B4A0000000FA4202EB420201EB820189687D3121
:10B4B000FE4A13685268521C02EB420203EB8202FE
:10B4C0009160FA494968491CF84A516040F2BA2231
:10B4D000F6490B684968491C01EB410143F82120FA
:10B4E0001FED110AF1490A684968491C01EB410145
:10B4F00002EB810181ED010AEC490968EB4A5268CF
:10B5000002EB420201EB820189687D31E74A136850
:10B510005268521C02EB420203EB82029160E34943
:10B520004968491CE14A516040F29322DF490B68A7
:10B530004968491C01EB410143F821201FED280A0D
:10B54000DA490A684968491C01EB410102EB8101B3
:10B5500081ED010AD5490968D44A526802EB4202DA
:10B5600001EB820189687D31D04A13685268521C10
:10B5700002EB420203EB82029160CC494968491C0C
:10B58000CA4A516040F24B22C8490B684968491CBD
:10B5900001EB410143F821201FED3F0AC3490A682E
:10B5A0004968491C01EB410102EB810181ED010A6F
:10B5B000BE490968BD4A526802EB420201EB8201B2
:10B5C00089687D31B94A13685268521C02EB420205
:10B5D00003EB82029160B5494968491CB34A516046
:10B5E0004FF4F772B1490B684968491C01EB4101FE
:10B5F00043F821201FED560AAC490A684968491CE6
:10B6000001EB410102EB810181ED010AA7490968C3
:10B61000A64A526802EB420201EB820189687D3141
:10B62000A24A13685268521C02EB420203EB8202E8
:10B6300091609E494968491C9C4A51604FF4DC72F4
:10B640009A490B684968491C01EB410143F82120E4
:10B650001FED6D0A95490A684968491C01EB4101D3
:10B6600002EB810181ED010A904909688F4A526815
:10B6700002EB420201EB820189687D318B4A13683B
:10B680005268521C02EB420203EB8202916087492E
:10B690004968491C854A51604FF4DC7283490B6844
:10B6A0004968491C01EB410143F821201FED840A40
:10B6B0007E490A684968491C01EB410102EB81019E
:10B6C00081ED010A79490968784A526802EB420221
:10B6D00001EB820189687D31744A13685268521CFB
:10B6E00002EB420203EB8202916070494968491CF7
:10B6F0006E4A51604FF4DC726C490B684968491C12
:10B7000001EB410143F821201FED9B0A67490A68BC
:10B710004968491C01EB410102EB810181ED010AFD
:10B7200062490968614A526802EB420201EB8201F8
:10B7300089687D315D4A13685268521C02EB4202EF
:10B7400003EB8202916059494968491C574A51608C
:10B750004FF4DC7255490B684968491C01EB410103
:10B7600043F821201FEDB20A50490A684968491C74
:10B7700001EB410102EB810181ED010A4B490968AE
:10B780004A4A526802EB420201EB820189687D312C
:10B79000464A13685268521C02EB420203EB8202D3
:10B7A000916042494968491C404A51604FF4C47253
:10B7B0003E490B684968491C01EB410143F82120CF
:10B7C0001FEDC90A39490A684968491C01EB410162
:10B7D00002EB810181ED010A34490968334A52685C
:10B7E00002EB420201EB820189687D312F4A136826
:10B7F0005268521C02EB420203EB820291602B4919
:10B800004968491C294A5160002228490B68496847
:10B81000491C01EB410143F821209FED250A2349F2
:10B820000A684968491C01EB410102EB810181ED85
:10B83000010A1E4909681D4A526802EB420201EBE7
:10B8400082018968FA31194A13685268521C02EB66
:10B85000420203EB8202916014494968491C134A71
:10B860005160002211490B684968491C01EB4101F4
:10B8700043F821201FEDF70A0C490A684968491C62
:10B8800001EB410102EB810181ED010A07490968E1
:10B89000064A526802EB420201EB820189683F319D
:10B8A000024A13685268521C04E000000C06002093
:10B8B00000007A4302EB420203EB82029160FE49F0
:10B8C0004968491CFC4A51604FF4C472FA490B683C
:10B8D0004968491C01EB410143F821209FEDF70A1B
:10B8E000F5490A684968491C01EB410102EB8101F5
:10B8F00081ED010AF0490968EF4A526802EB420201
:10B9000001EB820189683F31EB4A13685268521C8F
:10B9100002EB420203EB82029160E7494968491C4D
:10B92000E54A51604FF4F772E3490B684968491CD6
:10B9300001EB410143F821209FEDE00ADE490A684E
:10B940004968491C01EB410102EB810181ED010ACB
:10B95000D9490968D84A526802EB420201EB8201D8
:10B9600089683F31D44A13685268521C02EB420284
:10B9700003EB82029160D0494968491CCE4A51606C
:10B9800040F24B22CC490B684968491C01EB41014C
:10B9900043F821209FEDC90AC7490A684968491C34
:10B9A00001EB410102EB810181ED010AC249096805
:10B9B000C14A526802EB420201EB820189683F31C1
:10B9C000BD4A13685268521C02EB420203EB82022A
:10B9D0009160B9494968491CB74A516040F29322C5
:10B9E000B5490B684968491C01EB410143F8212026
:10B9F0009FEDB30AB0490A684968491C01EB41014F
:10BA000002EB810181ED010AAB490968AA4A52683B
:10BA100002EB420201EB8201896801F27711A64A2A
:10BA200013685268521C02EB420203EB82029160DF
:10BA3000A1494968491CA04A516040F24B229E49E5
:10BA40000B684968491C01EB410143F821209FED37
:10BA50009D0A99490A684968491C01EB410102EBBA
:10BA6000810181ED010A94490968934A526802EB09
:10BA7000420201EB820189687D318F4A1368526866
:10BA8000521C02EB420203EB820291608A49496830
:10BA9000491C894A516040F24B2287490B6849682A
:10BAA000491C01EB410143F821201FED7F0A824927
:10BAB0000A684968491C01EB410102EB810181EDF3
:10BAC000010A7D4909687C4A526802EB420201EB97
:10BAD00082018968FA31784A13685268521C02EB75
:10BAE000420203EB8202916073494968491C724A21
:10BAF0005160002270490B684968491C01EB410103
:10BB000043F821209FED700A6B490A684968491C77
:10BB100001EB410102EB810181ED010A66490968EF
:10BB2000654A526802EB420201EB82018968BC312E
:10BB3000614A13685268521C02EB420203EB820214
:10BB400091605D494968491C5B4A516040F24B2253
:10BB500059490B684968491C01EB410143F8212010
:10BB60009FED560A54490A684968491C01EB410196
:10BB700002EB810181ED010A4F4909684E4A526882
:10BB800002EB420201EB820189683F314A4A1368A5
:10BB90005268521C02EB420203EB8202916046495A
:10BBA0004968491C444A51604FF4DC7242490B68B1
:10BBB0004968491C01EB410143F821209FED410AEE
:10BBC0003D490A684968491C01EB410102EB8101CA
:10BBD00081ED010A38490968374A526802EB42028E
:10BBE00001EB820189687D31334A13685268521C27
:10BBF00002EB420203EB820291602F494968491C23
:10BC00002D4A51604FF4DC722B490B684968491C7E
:10BC100001EB410143F821209FED2A0A26490A68D9
:10BC20004968491C01EB410102EB810181ED010AE8
:10BC300021490968204A526802EB420201EB820165
:10BC400089687D311C4A13685268521C02EB42021B
:10BC500003EB8202916018494968491C164A5160F9
:10BC60004FF4C47214490B684968491C01EB410147
:10BC700043F821209FED130A0F490A684968491CBF
:10BC800001EB410102EB810181ED010A0A490968DA
:10BC9000094A526802EB420201EB820189687D3158
:10BCA000054A13685268521C02EB420203EB8202FF
:10BCB00091600149496809E00C06002000007C42BF
:10BCC0000080BB430000FA4200003C43491CFE4A8E
:10BCD00051604FF4F772FC490B684968491C01EB4D
:10BCE000410143F821201FED090AF7490A68496814
:10BCF000491C01EB410102EB810181ED010AF2498E
:10BD00000968F14A526802EB420201EB820189683C
:10BD10007D31ED4A13685268521C02EB420203EB7C
:10BD200082029160E8494968491CE74A5160002253
:10BD3000E5490B684968491C01EB410143F82120A2
:10BD40009FEDE20AE0490A684968491C01EB41019C
:10BD500002EB810181ED010ADB490968DA4A526888
:10BD600002EB420201EB82018968FA31D64A13687C
:10BD70005268521C02EB420203EB82029160D249EC
:10BD80004968491CD04A51604FF4DC72CE490B68B7
:10BD90004968491C01EB410143F821201FED390A94
:10BDA000C9490A684968491C01EB410102EB81015C
:10BDB00081ED010AC4490968C34A526802EB420294
:10BDC00001EB820189683F31BF4A13685268521CF7
:10BDD00002EB420203EB82029160BB494968491CB5
:10BDE000B94A51604FF4F772B7490B684968491C6A
:10BDF00001EB410143F821201FED500AB2490A68C6
:10BE00004968491C01EB410102EB810181ED010A06
:10BE1000AD490968AC4A526802EB420201EB82016B
:10BE200089683F31A84A13685268521C02EB4202EB
:10BE300003EB82029160A4494968491CA24A5160FF
:10BE400040F24B22A0490B684968491C01EB4101B3
:10BE500043F821201FED650A9B490A684968491C7F
:10BE600001EB410102EB810181ED010A964909686C
:10BE7000954A526802EB420201EB820189687D31EA
:10BE8000914A13685268521C02EB420203EB820291
:10BE900091608D494968491C8B4A516040F2932258
:10BEA00089490B684968491C01EB410143F821208D
:10BEB0001FED7C0A84490A684968491C01EB41016D
:10BEC00002EB810181ED010A7F4909687E4A5268CF
:10BED00002EB420201EB820189687D317A4A1368E4
:10BEE0005268521C02EB420203EB820291607649D7
:10BEF0004968491C744A51604FF4447272490B6896
:10BF00004968491C01EB410143F821201FED930AC8
:10BF10006D490A684968491C01EB410102EB810146
:10BF200081ED010A68490968674A526802EB4202DA
:10BF300001EB820189687D31634A13685268521CA3
:10BF400002EB420203EB820291605F494968491C9F
:10BF50005D4A51604FF45C725B490B684968491C4B
:10BF600001EB410143F821201FEDAA0A56490A6856
:10BF70004968491C01EB410102EB810181ED010A95
:10BF800051490968504A526802EB420201EB8201B2
:10BF900089687D314C4A13685268521C02EB420298
:10BFA00003EB8202916048494968491C464A516046
:10BFB0004FF4777244490B684968491C01EB410111
:10BFC00043F821201FEDC10A3F490A684968491C0E
:10BFD00001EB410102EB810181ED010A3A49096857
:10BFE000394A526802EB420201EB820189687D31D5
:10BFF000354A13685268521C02EB420203EB82027C
:10C00000916031494968491C2F4A51604FF45C7274
:10C010002D490B684968491C01EB410143F8212077
:10C020001FEDD80A28490A684968491C01EB4101FB
:10C0300002EB810181ED010A23490968224A526815
:10C0400002EB420201EB820189687D311E4A1368CE
:10C050005268521C02EB420203EB820291601A49C1
:10C060004968491C184A51604FF4447216490B68DC
:10C070004968491C01EB410143F821201FEDEF0AFB
:10C0800011490A684968491C01EB410102EB810131
:10C0900081ED010A0C4909680B4A526802EB420221
:10C0A00001EB820189687D31074A13685268521C8E
:10C0B00002EB420203EB8202916003494968491C8A
:10C0C000014A516004E000000C06002000007A43A1
:10C0D00040F24B22FE490B684968491C01EB4101C3
:10C0E00043F821209FEDFB0AF9490A684968491C79
:10C0F00001EB410102EB810181ED010AF44909687C
:10C10000F34A526802EB420201EB820189683F3137
:10C11000EF4A13685268521C02EB420203EB8202A0
:10C120009160EB494968491CE94A516040F2932209
:10C13000E7490B684968491C01EB410143F821209C
:10C140009FEDE40AE2490A684968491C01EB410194
:10C1500002EB810181ED010ADD490968DC4A526880
:10C1600002EB420201EB820189683F31D84A136831
:10C170005268521C02EB420203EB82029160D449E6
:10C180004968491CD24A51604FF44472D0490B6847
:10C190004968491C01EB410143F821209FEDCD0A7C
:10C1A000CB490A684968491C01EB410102EB810156
:10C1B00081ED010AC6490968C54A526802EB42028C
:10C1C00001EB820189683F31C14A13685268521CF1
:10C1D00002EB420203EB82029160BD494968491CAF
:10C1E000BB4A51604FF47772B9490B684968491CE2
:10C1F00001EB410143F821209FEDB70AB4490A68D9
:10C200004968491C01EB410102EB810181ED010A02
:10C21000AF490968AE4A526802EB420201EB820163
:10C2200089687D31AA4A13685268521C02EB4202A7
:10C2300003EB82029160A6494968491CA44A5160F7
:10C240004FF47772A2490B684968491C01EB410120
:10C2500043F821209FEDA00A9D490A684968491CBE
:10C2600001EB410102EB810181ED010A9849096866
:10C27000974A526802EB420201EB820189687D31E4
:10C28000934A13685268521C02EB420203EB82028B
:10C2900091608F494968491C8D4A51604FF477720B
:10C2A0008B490B684968491C01EB410143F8212087
:10C2B0009FED890A86490A684968491C01EB4101DA
:10C2C00002EB810181ED010A81490968804A5268C7
:10C2D00002EB420201EB820189687D317C4A1368DE
:10C2E0005268521C02EB420203EB820291607849D1
:10C2F0004968491C764A51604FF45C7274490B6876
:10C300004968491C01EB410143F821209FED720A65
:10C310006F490A684968491C01EB410102EB810140
:10C3200081ED010A6A490968694A526802EB4202D2
:10C3300001EB820189687D31654A13685268521C9D
:10C3400002EB420203EB8202916061494968491C99
:10C350005F4A516000225E490B684968491C01EB45
:10C36000410143F821201FEDA70A59490A6849688D
:10C37000491C01EB410102EB810181ED010A5449A5
:10C380000968534A526802EB420201EB8201896854
:10C39000FA314F4A13685268521C02EB420203EB17
:10C3A000820291604A494968491C494A516040F2F9
:10C3B0004B2247490B684968491C01EB410143F88E
:10C3C00021209FED440A42490A684968491C01EB53
:10C3D000410102EB810181ED010A3D4909683C4AB6
:10C3E000526802EB420201EB820189683F31384A10
:10C3F00013685268521C02EB420203EB8202916006
:10C4000033494968491C324A516040F2932230490D
:10C410000B684968491C01EB410143F821209FED5D
:10C420002D0A2B490A684968491C01EB410102EBBE
:10C43000810181ED010A26490968254A526802EB0B
:10C44000420201EB820189683F31214A1368526838
:10C45000521C02EB420203EB820291601C494968C4
:10C46000491C1B4A51604FF4447219490B684968D2
:10C47000491C01EB410143F821209FED160A1449A4
:10C480000A684968491C01EB410102EB810181ED19
:10C49000010A0F4909680E4A526802EB420201EB99
:10C4A000820189683F310A4A13685268521C02EBC4
:10C4B000420203EB8202916005494968491C044A23
:10C4C00051604FF4777202490B684968491C05E0D6
:10C4D0000C06002000007C420000FA4201EB410102
:10C4E00043F821201FED040AFE490A684968491CE7
:10C4F00001EB410102EB810181ED010AF949096873
:10C50000F84A526802EB420201EB820189687D31F0
:10C51000F44A13685268521C02EB420203EB820297
:10C520009160F0494968491CEE4A51604FF47772B6
:10C53000EC490B684968491C01EB410143F8212093
:10C540001FED1B0AE7490A684968491C01EB4101D4
:10C5500002EB810181ED010AE2490968E14A526872
:10C5600002EB420201EB820189687D31DD4A1368EA
:10C570005268521C02EB420203EB82029160D949DD
:10C580004968491CD74A51604FF47772D5490B6806
:10C590004968491C01EB410143F821201FED320A93
:10C5A000D0490A684968491C01EB410102EB81014D
:10C5B00081ED010ACB490968CA4A526802EB42027E
:10C5C00001EB820189687D31C64A13685268521CAA
:10C5D00002EB420203EB82029160C2494968491CA6
:10C5E000C04A51604FF45C72BE490B684968491CEF
:10C5F00001EB410143F821201FED490AB9490A68BE
:10C600004968491C01EB410102EB810181ED010AFE
:10C61000B4490968B34A526802EB420201EB820155
:10C6200089687D31AF4A13685268521C02EB42029E
:10C6300003EB82029160AB494968491CA94A5160E9
:10C640000022A8490B684968491C01EB410143F8E5
:10C6500021209FEDA50AA3490A684968491C01EBFE
:10C66000410102EB810181ED010A9E4909689D4A61
:10C67000526802EB420201EB82018968FA31994A61
:10C6800013685268521C02EB420203EB8202916073
:10C6900094494968491C934A5160002291490B68AA
:10C6A0004968491C01EB410143F821209FED8E0AA6
:10C6B0008C490A684968491C01EB410102EB810180
:10C6C00081ED010A87490968864A526802EB4202F5
:10C6D00001EB82018968FA31824A13685268521C60
:10C6E00002EB420203EB820291607E494968491CD9
:10C6F0007C4A516000227B490B684968491C01EB68
:10C70000410143F821209FED790A76490A6849687A
:10C71000491C01EB410102EB810181ED010A7149E4
:10C720000968704A526802EB420201EB8201896893
:10C73000C8316C4A13685268521C02EB420203EB88
:10C740008202916067494968491C664A516000222B
:10C7500064490B684968491C01EB410143F82120F9
:10C760009FED610A5F490A684968491C01EB410174
:10C7700002EB810181ED010A5A490968594A526860
:10C7800002EB420201EB82018968FA31554A1368D3
:10C790005268521C02EB420203EB82029160514943
:10C7A0004968491C4F4A516000224E490B6849684C
:10C7B000491C01EB410143F821209FED4B0A4949F7
:10C7C0000A684968491C01EB410102EB810181EDD6
:10C7D000010A44490968434A526802EB420201EBEC
:10C7E00082018968FA313F4A13685268521C02EB91
:10C7F000420203EB820291603A494968491C394A76
:10C800005160002237490B684968491C01EB41011E
:10C8100043F821209FED340A32490A684968491CCF
:10C8200001EB410102EB810181ED010A2D4909680B
:10C830002C4A526802EB420201EB82018968FA310C
:10C84000284A13685268521C02EB420203EB820230
:10C85000916024494968491C224A51604FF444724E
:10C8600020490B684968491C01EB410143F821202C
:10C870001FEDE80A1B490A684968491C01EB4101A0
:10C8800002EB810181ED010A16490968154A5268D7
:10C8900002EB420201EB820189683F31114A1368C1
:10C8A0005268521C02EB420203EB820291600D4976
:10C8B0004968491C0B4A51604FF4447209490B689E
:10C8C0004968491C01EB410143F821209FED080A0A
:10C8D00004490A684968491C01EB410102EB8101E6
:10C8E00008E000000C06002000007A4300004843E6
:10C8F00000007C4281ED010AFE490968FD4A526848
:10C9000002EB420201EB820189683F31F94A136868
:10C910005268521C02EB420203EB82029160F5491D
:10C920004968491CF34A51604FF44472F1490B685D
:10C930004968491C01EB410143F821201FED140A0D
:10C94000EC490A684968491C01EB410102EB81018D
:10C9500081ED010AE7490968E64A526802EB4202A2
:10C9600001EB820189683F31E24A13685268521C28
:10C9700002EB420203EB82029160DE494968491CE6
:10C98000DC4A51604FF47772DA490B684968491CF8
:10C9900001EB410143F821201FED2B0AD5490A681C
:10C9A0004968491C01EB410102EB810181ED010A5B
:10C9B000D0490968CF4A526802EB420201EB82017A
:10C9C00089683F31CB4A13685268521C02EB42021D
:10C9D00003EB82029160C7494968491CC54A51600E
:10C9E0004FF47772C3490B684968491C01EB410158
:10C9F00043F821201FED420ABE490A684968491CD4
:10CA000001EB410102EB810181ED010AB94909689D
:10CA1000B84A526802EB420201EB820189683F3159
:10CA2000B44A13685268521C02EB420203EB8202C2
:10CA30009160B0494968491CAE4A51604FF4447254
:10CA4000AC490B684968491C01EB410143F82120BE
:10CA50009FEDA90AA7490A684968491C01EB4101F1
:10CA600002EB810181ED010AA2490968A14A5268DD
:10CA700002EB420201EB8201896801F2B5219D4A75
:10CA800013685268521C02EB420203EB820291606F
:10CA900098494968491C974A516040F29322954948
:10CAA0000B684968491C01EB410143F821209FEDC7
:10CAB000930A90490A684968491C01EB410102EB5D
:10CAC000810181ED010A8B4909688A4A526802EBAB
:10CAD000420201EB8201896801F27711854A1368ED
:10CAE0005268521C02EB420203EB820291608149C0
:10CAF0004968491C7F4A51604FF477727D490B6841
:10CB00004968491C01EB410143F821201FED880AC7
:10CB100078490A684968491C01EB410102EB81012F
:10CB200081ED010A73490968724A526802EB4202B8
:10CB300001EB820189683F316E4A13685268521CCA
:10CB400002EB420203EB820291606A494968491C88
:10CB5000684A51604FF4447266490B684968491C41
:10CB600001EB410143F821209FED650A61490A6804
:10CB70004968491C01EB410102EB810181ED010A89
:10CB80005C4909685B4A526802EB420201EB820190
:10CB900089687D31574A13685268521C02EB420281
:10CBA00003EB8202916053494968491C514A516024
:10CBB0004FF444724F490B684968491C01EB41012D
:10CBC00043F821209FED4F0A4A490A684968491CE9
:10CBD00001EB410102EB810181ED010A4549096840
:10CBE000444A526802EB420201EB8201896801F279
:10CBF0007621404A13685268521C02EB420203EB52
:10CC0000820291603B494968491C3A4A516040F2AE
:10CC1000932238490B684968491C01EB410143F8EC
:10CC200021209FED360A33490A684968491C01EB07
:10CC3000410102EB810181ED010A2E4909682D4A6B
:10CC4000526802EB420201EB8201896801F277111E
:10CC5000284A13685268521C02EB420203EB82021C
:10CC6000916024494968491C224A516040F293224C
:10CC700020490B684968491C01EB410143F8212018
:10CC80009FED1F0A1B490A684968491C01EB4101D5
:10CC900002EB810181ED010A16490968154A5268C3
:10CCA00002EB420201EB820189687D31114A13686F
:10CCB0005268521C02EB420203EB820291600D4962
:10CCC0004968491C0B4A51604FF4777209490B6857
:10CCD0004968491C01EB410143F821201FEDFC0A82
:10CCE00004490A684968491C01EB410102EB8101D2
:10CCF0000AE000000C06002000402D440080BB43E9
:10CD00000000FA4200801D4481ED010AFE490968D5
:10CD1000FD4A526802EB420201EB820189683F3111
:10CD2000F94A13685268521C02EB420203EB82027A
:10CD30009160F5494968491CF34A51604FF44472C7
:10CD4000F1490B684968491C01EB410143F8212076
:10CD50009FEDEE0AEC490A684968491C01EB410164
:10CD600002EB810181ED010AE7490968E64A526850
:10CD700002EB420201EB8201896801F2B911E24A39
:10CD800013685268521C02EB420203EB820291606C
:10CD9000DD494968491CDC4A51604FF44472DA4964
:10CDA0000B684968491C01EB410143F821201FED44
:10CDB0002C0AD5490A684968491C01EB410102EB7C
:10CDC000810181ED010AD0490968CF4A526802EB1E
:10CDD000420201EB820189687D31CB4A13685268B7
:10CDE000521C02EB420203EB82029160C649496881
:10CDF000491CC54A51604FF4C472C3490B68496865
:10CE0000491C01EB410143F821201FED430ABE49B3
:10CE10000A684968491C01EB410102EB810181ED7F
:10CE2000010AB9490968B84A526802EB420201EBAB
:10CE3000820189687D31B44A13685268521C02EB42
:10CE4000420203EB82029160AF494968491CAE4A35
:10CE500051604FF4F772AC490B684968491C01EB0B
:10CE6000410143F821201FED5A0AA7490A68496881
:10CE7000491C01EB410102EB810181ED010AA2494C
:10CE80000968A14A526802EB420201EB82018968FB
:10CE90007D319D4A13685268521C02EB420203EB3B
:10CEA0008202916098494968491C974A516040F252
:10CEB0004B2295490B684968491C01EB410143F835
:10CEC00021201FED710A90490A684968491C01EB4D
:10CED000410102EB810181ED010A8B4909688A4A0F
:10CEE000526802EB420201EB820189687D31864A79
:10CEF00013685268521C02EB420203EB82029160FB
:10CF000081494968491C804A516040F293227E4918
:10CF10000B684968491C01EB410143F821201FEDD2
:10CF2000890A79490A684968491C01EB410102EB09
:10CF3000810181ED010A74490968734A526802EB64
:10CF4000420201EB8201896801F277116E4A13688F
:10CF50005268521C02EB420203EB820291606A4962
:10CF60004968491C684A516040F24B2266490B6887
:10CF70004968491C01EB410143F821201FEDA00A3B
:10CF800061490A684968491C01EB410102EB8101D2
:10CF900081ED010A5C4909685B4A526802EB420272
:10CFA00001EB820189687D31574A13685268521C2F
:10CFB00002EB420203EB8202916053494968491C2B
:10CFC000514A516040F24B224F490B684968491C55
:10CFD00001EB410143F821209FED4D0A4A490A68BF
:10CFE0004968491C01EB410102EB810181ED010A15
:10CFF00045490968444A526802EB420201EB82014A
:10D000008968FA31404A13685268521C02EB4202A6
:10D0100003EB820291603C494968491C3A4A5160DD
:10D02000002239490B684968491C01EB410143F86A
:10D0300021209FED380A34490A684968491C01EBF0
:10D04000410102EB810181ED010A2F4909682E4A55
:10D05000526802EB420201EB82018968BC312A4A24
:10D0600013685268521C02EB420203EB8202916089
:10D0700025494968491C244A51604FF4C472224929
:10D080000B684968491C01EB410143F821201FED61
:10D09000E40A1D490A684968491C01EB410102EB99
:10D0A000810181ED010A18490968174A526802EBAB
:10D0B000420201EB820189687D31134A136852688C
:10D0C000521C02EB420203EB820291600E49496856
:10D0D000491C0D4A51604FF4DC720B490B684968DA
:10D0E000491C01EB410143F821201FEDFB0A0649D1
:10D0F0000A684968491C01EB410102EB810181ED9D
:10D10000010A0149096807E00C0600200080DC43A1
:10D1100000007A4300003C43FE4A526802EB4202A0
:10D1200001EB820189687D31FA4A13685268521C0A
:10D1300002EB420203EB82029160F6494968491C06
:10D14000F44A51604FF4DC72F2490B684968491C9B
:10D1500001EB410143F821209FEDEF0AED490A68F8
:10D160004968491C01EB410102EB810181ED010A93
:10D17000E8490968E74A526802EB420201EB820182
:10D1800089687D31E34A13685268521C02EB4202FF
:10D1900003EB82029160DF494968491CDD4A516016
:10D1A0004FF4C472DB490B684968491C01EB41012B
:10D1B00043F821209FEDD80AD6490A684968491CDE
:10D1C00001EB410102EB810181ED010AD1490968BE
:10D1D000D04A526802EB420201EB820189687D313C
:10D1E000CC4A13685268521C02EB420203EB8202E3
:10D1F0009160C8494968491CC64A51604FF4DC72C5
:10D20000C4490B684968491C01EB410143F82120DE
:10D210009FEDC10ABF490A684968491C01EB4101F9
:10D2200002EB810181ED010ABA490968B94A5268E5
:10D2300002EB420201EB820189687D31B54A136835
:10D240005268521C02EB420203EB82029160B14928
:10D250004968491CAF4A51604FF4F772AD490B68F9
:10D260004968491C01EB410143F821201FED580A90
:10D27000A8490A684968491C01EB410102EB810198
:10D2800081ED010AA3490968A24A526802EB4202F1
:10D2900001EB82018968FA319E4A13685268521C78
:10D2A00002EB420203EB820291609A494968491CF1
:10D2B000984A5160002297490B684968491C01EB64
:10D2C000410143F821209FED940A92490A68496878
:10D2D000491C01EB410102EB810181ED010A8D49FD
:10D2E00009688C4A526802EB420201EB82018968AC
:10D2F0007D31884A13685268521C02EB420203EBEC
:10D300008202916083494968491C824A51604FF406
:10D31000F77280490B684968491C01EB410143F8E9
:10D3200021209FED7E0A7B490A684968491C01EB70
:10D33000410102EB810181ED010A76490968754AD4
:10D34000526802EB420201EB820189683F31714A67
:10D3500013685268521C02EB420203EB8202916096
:10D360006C494968491C6B4A516040F24B2269493B
:10D370000B684968491C01EB410143F821209FEDEE
:10D38000670A64490A684968491C01EB410102EBDC
:10D39000810181ED010A5F4909685E4A526802EB2A
:10D3A000420201EB820189683F315A4A1368526890
:10D3B000521C02EB420203EB82029160554949681C
:10D3C000491C544A516040F2932252490B68496803
:10D3D000491C01EB410143F821209FED4F0A4D49C3
:10D3E0000A684968491C01EB410102EB810181EDAA
:10D3F000010A48490968474A526802EB420201EBB8
:10D40000820189687D31434A13685268521C02EBDD
:10D41000420203EB820291603E494968491C3D4A41
:10D42000516040F2BA223B490B684968491C01EB44
:10D43000410143F821209FED380A36490A684968BE
:10D44000491C01EB410102EB810181ED010A3149E7
:10D450000968304A526802EB420201EB8201896896
:10D460007D312C4A13685268521C02EB420203EBD6
:10D470008202916027494968491C264A516040F25E
:10D48000932224490B684968491C01EB410143F888
:10D4900021209FED210A1F490A684968491C01EBB8
:10D4A000410102EB810181ED010A1A490968194A1B
:10D4B000526802EB420201EB820189687D31154A14
:10D4C00013685268521C02EB420203EB8202916025
:10D4D00010494968491C0F4A516040F24B220D49DE
:10D4E0000B684968491C01EB410143F821209FED7D
:10D4F0000A0A08490A684968491C01EB410102EB24
:10D50000810181ED010A03490968024A526802EB70
:10D51000420205E00C0600200000FA4200007C42B6
:10D5200001EB820189687D31FE4A13685268521C02
:10D5300002EB420203EB82029160FA494968491CFE
:10D54000F84A51604FF4F772F6490B684968491C74
:10D5500001EB410143F821201FED110AF1490A684E
:10D560004968491C01EB410102EB810181ED010A8F
:10D57000EC490968EB4A526802EB420201EB820176
:10D5800089687D31E74A13685268521C02EB4202F7
:10D5900003EB82029160E3494968491CE14A51600A
:10D5A0004FF4DC72DF490B684968491C01EB41010B
:10D5B00043F821201FED280ADA490A684968491C06
:10D5C00001EB410102EB810181ED010AD5490968B6
:10D5D000D44A526802EB420201EB820189687D3134
:10D5E000D04A13685268521C02EB420203EB8202DB
:10D5F0009160CC494968491CCA4A51604FF4DC72B9
:10D60000C8490B684968491C01EB410143F82120D6
:10D610001FED3F0AC3490A684968491C01EB4101F3
:10D6200002EB810181ED010ABE490968BD4A5268D9
:10D6300002EB420201EB820189687D31B94A13682D
:10D640005268521C02EB420203EB82029160B54920
:10D650004968491CB34A51604FF4C472B1490B6820
:10D660004968491C01EB410143F821201FED560A8E
:10D67000AC490A684968491C01EB410102EB810190
:10D6800081ED010AA7490968A64A526802EB4202E5
:10D6900001EB820189687D31A24A13685268521CED
:10D6A00002EB420203EB820291609E494968491CE9
:10D6B0009C4A51604FF4DC729A490B684968491CD6
:10D6C00001EB410143F821201FED6D0A95490A68DD
:10D6D0004968491C01EB410102EB810181ED010A1E
:10D6E000904909688F4A526802EB420201EB8201BD
:10D6F00089687D318B4A13685268521C02EB4202E2
:10D7000003EB8202916087494968491C854A516050
:10D710004FF4DC7283490B684968491C01EB4101F5
:10D7200043F821201FED840A7E490A684968491C94
:10D7300001EB410102EB810181ED010A79490968A0
:10D74000784A526802EB420201EB820189687D311E
:10D75000744A13685268521C02EB420203EB8202C5
:10D76000916070494968491C6E4A51604FF4DC72FF
:10D770006C490B684968491C01EB410143F82120C1
:10D780001FED9B0A67490A684968491C01EB410182
:10D7900002EB810181ED010A62490968614A526820
:10D7A00002EB420201EB820189687D315D4A136818
:10D7B0005268521C02EB420203EB8202916059490B
:10D7C0004968491C574A51604FF4C47255490B6867
:10D7D0004968491C01EB410143F821201FEDB20AC1
:10D7E00050490A684968491C01EB410102EB81017B
:10D7F00081ED010A4B4909684A4A526802EB42022C
:10D8000001EB820189687D31464A13685268521CD7
:10D8100002EB420203EB8202916042494968491CD3
:10D82000404A516000223F490B684968491C01EB9E
:10D83000410143F821209FED3C0A3A490A684968B2
:10D84000491C01EB410102EB810181ED010A3549DF
:10D850000968344A526802EB420201EB820189688E
:10D86000FA31304A13685268521C02EB420203EB51
:10D87000820291602B494968491C2A4A5160002262
:10D8800028490B684968491C01EB410143F82120F4
:10D890001FEDDE0A23490A684968491C01EB410172
:10D8A00002EB810181ED010A1E4909681D4A526897
:10D8B00002EB420201EB820189683F31194A136889
:10D8C0005268521C02EB420203EB8202916015493E
:10D8D0004968491C134A51604FF4C47211490B68DE
:10D8E0004968491C01EB410143F821201FEDF50A6D
:10D8F0000C490A684968491C01EB410102EB8101AE
:10D9000081ED010A07490968064A526802EB4202A2
:10D9100001EB820189683F31024A13685268521C48
:10D9200004E000000C06002000007A4302EB4202F3
:10D9300003EB82029160FE494968491CFC4A516030
:10D940004FF4F772FA490B684968491C01EB410131
:10D9500043F821209FEDF70AF5490A684968491CF8
:10D9600001EB410102EB810181ED010AF0490968F7
:10D97000EF4A526802EB420201EB820189683F31B3
:10D98000EB4A13685268521C02EB420203EB82021C
:10D990009160E7494968491CE54A516040F24B22D1
:10D9A000E3490B684968491C01EB410143F8212018
:10D9B0009FEDE00ADE490A684968491C01EB410114
:10D9C00002EB810181ED010AD9490968D84A526800
:10D9D00002EB420201EB820189683F31D44A1368AD
:10D9E0005268521C02EB420203EB82029160D04962
:10D9F0004968491CCE4A516040F29322CC490B68D9
:10DA00004968491C01EB410143F821209FEDCA0AF6
:10DA1000C7490A684968491C01EB410102EB8101D1
:10DA200081ED010AC2490968C14A526802EB42020B
:10DA300001EB8201896801F27711BD4A13685268CF
:10DA4000521C02EB420203EB82029160B849496822
:10DA5000491CB74A516040F24B22B5490B684968EE
:10DA6000491C01EB410143F821209FEDB40AB04964
:10DA70000A684968491C01EB410102EB810181ED13
:10DA8000010AAB490968AA4A526802EB420201EB5B
:10DA9000820189687D31A64A13685268521C02EBE4
:10DAA000420203EB82029160A1494968491CA04AE5
:10DAB000516040F24B229E490B684968491C01EBBA
:10DAC000410143F821201FED680A99490A68496815
:10DAD000491C01EB410102EB810181ED010A9449EE
:10DAE0000968934A526802EB420201EB820189689D
:10DAF000FA318F4A13685268521C02EB420203EB60
:10DB0000820291608A494968491C894A5160002211
:10DB100087490B684968491C01EB410143F8212002
:10DB20009FED870A82490A684968491C01EB410157
:10DB300002EB810181ED010A7D4909687C4A526846
:10DB400002EB420201EB82018968BC31784A13681A
:10DB50005268521C02EB420203EB8202916074494C
:10DB60004968491C724A516040F24B2270490B6867
:10DB70004968491C01EB410143F821209FED6D0AE2
:10DB80006B490A684968491C01EB410102EB8101BC
:10DB900081ED010A66490968654A526802EB420252
:10DBA00001EB820189683F31614A13685268521C57
:10DBB00002EB420203EB820291605D494968491C15
:10DBC0005B4A51604FF4DC7259490B684968491C43
:10DBD00001EB410143F821209FED580A54490A689E
:10DBE0004968491C01EB410102EB810181ED010A09
:10DBF0004F4909684E4A526802EB420201EB82012A
:10DC000089687D314A4A13685268521C02EB42020D
:10DC100003EB8202916046494968491C444A5160BD
:10DC20004FF4DC7242490B684968491C01EB410121
:10DC300043F821209FED410A3D490A684968491C83
:10DC400001EB410102EB810181ED010A38490968CC
:10DC5000374A526802EB420201EB820189687D314A
:10DC6000334A13685268521C02EB420203EB8202F1
:10DC700091602F494968491C2D4A51604FF4C47284
:10DC80002B490B684968491C01EB410143F82120ED
:10DC90009FED2A0A26490A684968491C01EB41019F
:10DCA00002EB810181ED010A21490968204A52688D
:10DCB00002EB420201EB820189687D311C4A136844
:10DCC0005268521C02EB420203EB82029160184937
:10DCD0004968491C164A51604FF4F77214490B68A1
:10DCE0004968491C01EB410143F821209FED130ACB
:10DCF0000F490A684968491C01EB410102EB8101A7
:10DD000081ED010A0A490968094A526802EB420298
:10DD100001EB820189687D31054A13685268521C03
:10DD200002EB420203EB820291600149496809E07B
:10DD30000C06002000007C420080BB430000FA4239
:10DD400000003C43491CFE4A51600022FC490B681C
:10DD50004968491C01EB410143F821209FEDF90A74
:10DD6000F7490A684968491C01EB410102EB81014E
:10DD700081ED010AF2490968F14A526802EB420258
:10DD800001EB82018968FA31ED4A13685268521C2E
:10DD900002EB420203EB82029160E9494968491CA7
:10DDA000E74A51604FF4DC72E5490B684968491C49
:10DDB00001EB410143F821201FED220AE0490A68E6
:10DDC0004968491C01EB410102EB810181ED010A27
:10DDD000DB490968DA4A526802EB420201EB820130
:10DDE00089683F31D64A13685268521C02EB4202DE
:10DDF00003EB82029160D2494968491CD04A5160C4
:10DE00004FF4F772CE490B684968491C01EB410198
:10DE100043F821201FED390AC9490A684968491C9D
:10DE200001EB410102EB810181ED010AC44909685E
:10DE3000C34A526802EB420201EB820189683F311A
:10DE4000BF4A13685268521C02EB420203EB820283
:10DE50009160BB494968491CB94A516040F24B2264
:10DE6000B7490B684968491C01EB410143F821207F
:10DE70001FED4E0AB2490A684968491C01EB41018D
:10DE800002EB810181ED010AAD490968AC4A526893
:10DE900002EB420201EB820189687D31A84A1368D6
:10DEA0005268521C02EB420203EB82029160A449C9
:10DEB0004968491CA24A516040F29322A0490B686C
:10DEC0004968491C01EB410143F821201FED650A17
:10DED0009B490A684968491C01EB410102EB810139
:10DEE00081ED010A96490968954A526802EB42029F
:10DEF00001EB820189687D31914A13685268521C96
:10DF000002EB420203EB820291608D494968491C91
:10DF10008B4A51604FF4447289490B684968491C27
:10DF200001EB410143F821201FED7C0A84490A6876
:10DF30004968491C01EB410102EB810181ED010AB5
:10DF40007F4909687E4A526802EB420201EB820176
:10DF500089687D317A4A13685268521C02EB42028A
:10DF600003EB8202916076494968491C744A51600A
:10DF70004FF45C7272490B684968491C01EB41011E
:10DF800043F821201FED930A6D490A684968491C2E
:10DF900001EB410102EB810181ED010A6849096849
:10DFA000674A526802EB420201EB820189687D31C7
:10DFB000634A13685268521C02EB420203EB82026E
:10DFC00091605F494968491C5D4A51604FF477721E
:10DFD0005B490B684968491C01EB410143F821206A
:10DFE0001FEDAA0A56490A684968491C01EB41011C
:10DFF00002EB810181ED010A51490968504A5268DA
:10E0000002EB420201EB820189687D314C4A1368C0
:10E010005268521C02EB420203EB820291604849B3
:10E020004968491C464A51604FF45C7244490B6888
:10E030004968491C01EB410143F821201FEDC10A49
:10E040003F490A684968491C01EB410102EB810123
:10E0500081ED010A3A490968394A526802EB4202E5
:10E0600001EB820189687D31354A13685268521C80
:10E0700002EB420203EB8202916031494968491C7C
:10E080002F4A51604FF444722D490B684968491C6E
:10E0900001EB410143F821201FEDD80A28490A6805
:10E0A0004968491C01EB410102EB810181ED010A44
:10E0B00023490968224A526802EB420201EB8201BD
:10E0C00089687D311E4A13685268521C02EB420275
:10E0D00003EB820291601A494968491C184A516051
:10E0E00040F24B2216490B684968491C01EB41017B
:10E0F00043F821201FEDF10A11490A684968491CBB
:10E1000001EB410102EB810181ED010A0C49096833
:10E110000B4A526802EB420201EB820189683F31EF
:10E12000074A13685268521C02EB420203EB820258
:10E13000916003494968491C014A516004E00000AC
:10E140000C06002000007A4340F29322FE490B683F
:10E150004968491C01EB410143F821209FEDFB0A6E
:10E16000F9490A684968491C01EB410102EB810148
:10E1700081ED010AF4490968F34A526802EB420250
:10E1800001EB820189683F31EF4A13685268521CE3
:10E1900002EB420203EB82029160EB494968491CA1
:10E1A000E94A51604FF44472E7490B684968491CD9
:10E1B00001EB410143F821209FEDE40AE2490A689E
:10E1C0004968491C01EB410102EB810181ED010A23
:10E1D000DD490968DC4A526802EB420201EB820128
:10E1E00089683F31D84A13685268521C02EB4202D8
:10E1F00003EB82029160D4494968491CD24A5160BC
:10E200004FF47772D0490B684968491C01EB410112
:10E2100043F821209FEDCE0ACB490A684968491C82
:10E2200001EB410102EB810181ED010AC649096858
:10E23000C54A526802EB420201EB820189687D31D6
:10E24000C14A13685268521C02EB420203EB82027D
:10E250009160BD494968491CBB4A51604FF47772CF
:10E26000B9490B684968491C01EB410143F8212079
:10E270009FEDB70AB4490A684968491C01EB41019E
:10E2800002EB810181ED010AAF490968AE4A52688B
:10E2900002EB420201EB820189687D31AA4A1368D0
:10E2A0005268521C02EB420203EB82029160A649C3
:10E2B0004968491CA44A51604FF47772A2490B681F
:10E2C0004968491C01EB410143F821209FEDA00A58
:10E2D0009D490A684968491C01EB410102EB810133
:10E2E00081ED010A98490968974A526802EB420297
:10E2F00001EB820189687D31934A13685268521C90
:10E3000002EB420203EB820291608F494968491C8B
:10E310008D4A51604FF45C728B490B684968491C07
:10E3200001EB410143F821209FED890A86490A68E3
:10E330004968491C01EB410102EB810181ED010AB1
:10E3400081490968804A526802EB420201EB82016E
:10E3500089687D317C4A13685268521C02EB420284
:10E3600003EB8202916078494968491C764A516002
:10E37000002275490B684968491C01EB410143F8CB
:10E3800021201FED900A70490A684968491C01EB79
:10E39000410102EB810181ED010A6B4909686A4A7A
:10E3A000526802EB420201EB82018968FA31664A47
:10E3B00013685268521C02EB420203EB8202916026
:10E3C00061494968491C604A516040F24B225E49EC
:10E3D0000B684968491C01EB410143F821209FED7E
:10E3E0005B0A59490A684968491C01EB410102EB83
:10E3F000810181ED010A54490968534A526802EBD0
:10E40000420201EB820189683F314F4A136852682A
:10E41000521C02EB420203EB820291604A494968B6
:10E42000491C494A516040F2932247490B684968A8
:10E43000491C01EB410143F821209FED440A424968
:10E440000A684968491C01EB410102EB810181ED39
:10E45000010A3D4909683C4A526802EB420201EB5D
:10E46000820189683F31384A13685268521C02EBB6
:10E47000420203EB8202916033494968491C324AE7
:10E4800051604FF4447230490B684968491C01EBF4
:10E49000410143F821209FED2D0A2B490A68496864
:10E4A000491C01EB410102EB810181ED010A264982
:10E4B0000968254A526802EB420201EB8201896831
:10E4C0003F31214A13685268521C02EB420203EBAF
:10E4D000820291601C494968491C1B4A51604FF4F3
:10E4E000777219490B684968491C01EB410143F8EF
:10E4F00021209FED170A14490A684968491C01EB5D
:10E50000410102EB810181ED010A0F4909680E4AC0
:10E51000526802EB420201EB820189687D310A4AAE
:10E5200013685268521C02EB420203EB82029160B4
:10E5300005494968491C044A51604FF47772024901
:10E540000B684968491C05E00C06002000007C426D
:10E550000000FA4201EB410143F821201FED040ABB
:10E56000FE490A684968491C01EB410102EB81013F
:10E5700081ED010AF9490968F84A526802EB420242
:10E5800001EB820189687D31F44A13685268521C9C
:10E5900002EB420203EB82029160F0494968491C98
:10E5A000EE4A51604FF47772EC490B684968491C98
:10E5B00001EB410143F821201FED1B0AE7490A68DE
:10E5C0004968491C01EB410102EB810181ED010A1F
:10E5D000E2490968E14A526802EB420201EB82011A
:10E5E00089687D31DD4A13685268521C02EB420291
:10E5F00003EB82029160D9494968491CD74A5160AE
:10E600004FF45C72D5490B684968491C01EB410124
:10E6100043F821201FED320AD0490A684968491C95
:10E6200001EB410102EB810181ED010ACB4909684F
:10E63000CA4A526802EB420201EB820189687D31CD
:10E64000C64A13685268521C02EB420203EB820274
:10E650009160C2494968491CC04A51600022BF49C3
:10E660000B684968491C01EB410143F821209FEDEB
:10E67000BC0ABA490A684968491C01EB410102EB2E
:10E68000810181ED010AB5490968B44A526802EB7B
:10E69000420201EB82018968FA31B04A136852687C
:10E6A000521C02EB420203EB82029160AB494968C3
:10E6B000491CAA4A51604FF44472A8490B68496842
:10E6C000491C01EB410143F821201FED5F0AA349DA
:10E6D0000A684968491C01EB410102EB810181EDA7
:10E6E000010A9E4909689D4A526802EB420201EB09
:10E6F000820189687D31994A13685268521C02EB85
:10E70000420203EB8202916094494968491C934A92
:10E71000516040F2BA2291490B684968491C01EBEB
:10E72000410143F821201FED760A8C490A684968A7
:10E73000491C01EB410102EB810181ED010A87498E
:10E740000968864A526802EB420201EB820189683D
:10E750007D31824A13685268521C02EB420203EB7D
:10E76000820291607D494968491C7C4A516040F2AF
:10E7700093227A490B684968491C01EB410143F82F
:10E7800021209FED780A75490A684968491C01EB08
:10E79000410102EB810181ED010A704909686F4A6C
:10E7A000526802EB420201EB8201896801F27711A3
:10E7B0006A4A13685268521C02EB420203EB82025F
:10E7C000916066494968491C644A516040F24B2295
:10E7D00062490B684968491C01EB410143F821205B
:10E7E0009FED600A5D490A684968491C01EB4101D7
:10E7F00002EB810181ED010A58490968574A5268C4
:10E8000002EB420201EB8201896801F27711534A5F
:10E8100013685268521C02EB420203EB82029160C1
:10E820004E494968491C4D4A51604FF444724B4966
:10E830000B684968491C01EB410143F821201FED99
:10E84000BC0A46490A684968491C01EB410102EBD0
:10E85000810181ED010A41490968404A526802EB91
:10E86000420201EB820189687D313C4A136852689B
:10E87000521C02EB420203EB820291603749496865
:10E88000491C364A516040F2BA2234490B68496843
:10E89000491C01EB410143F821201FEDD30A2F4908
:10E8A0000A684968491C01EB410102EB810181EDD5
:10E8B000010A2A490968294A526802EB420201EB1F
:10E8C000820189687D31254A13685268521C02EB27
:10E8D000420203EB8202916020494968491C1F4AA9
:10E8E000516040F293221D490B684968491C01EBB5
:10E8F000410143F821209FED1C0A18490A68496824
:10E90000491C01EB410102EB810181ED010A134930
:10E910000968124A526802EB420201EB82018968DF
:10E92000BC310E4A13685268521C02EB420203EBE0
:10E930008202916009494968491C084A516040F2C5
:10E94000BA2206490B684968491C01EB410143F8AA
:10E9500021209FED060A01490A6809E00C06002003
:10E9600000007A430080BB4300003C4300007C422F
:10E970004968491C01EB410102EB810181ED010A6B
:10E9800069490968684A526802EB420201EB820158
:10E9900089683F31644A13685268521C02EB420294
:10E9A00003EB8202916060494968491C5E4A5160EC
:10E9B00040F293225C490B684968491C01EB410114
:10E9C00043F821209FED590A57490A684968491CB4
:10E9D00001EB410102EB810181ED010A5249096815
:10E9E000514A526802EB420201EB820189687D3193
:10E9F0004D4A13685268521C02EB420203EB82023A
:10EA0000916049494968491C474A516040F24B228C
:10EA100045490B684968491C01EB410143F8212035
:10EA20009FED420A40490A684968491C01EB4101CF
:10EA300002EB810181ED010A3B4909683A4A5268BB
:10EA400002EB420201EB820189687D31364A13688C
:10EA50005268521C02EB420203EB8202916032497F
:10EA60004968491C304A51604FF4F7722E490B68CF
:10EA70004968491C01EB410143F821201FED480A78
:10EA800029490A684968491C01EB410102EB8101EF
:10EA900081ED010A24490968234A526802EB4202C7
:10EAA00001EB82018968FA311F4A13685268521CCF
:10EAB00002EB420203EB820291601B494968491C48
:10EAC000194A5160002218490B684968491C01EB3A
:10EAD000410143F821201FED5E0A13490A68496885
:10EAE000491C01EB410102EB810181ED010A0E4954
:10EAF00009680D4A526802EB420201EB8201896803
:10EB0000FA31094A13685268521C02EB420203EBC5
:10EB10008202916004494968491C034A516006CA4F
:10EB2000C0E90012704700000C0600200000FA4205
:10EB3000B949BA4A11600022B8490B684968491CB2
:10EB400001EB410143F82120B0EE000AB3490A6805
:10EB50004968491C01EB410102EB810181ED010A89
:10EB6000AE490968AD4A526802EB420201EB8201EC
:10EB70008968891CA94A13685268521C02EB420238
:10EB800003EB82029160A5494968491CA34A516080
:10EB90004FF48372A1490B684968491C01EB41019C
:10EBA00043F821209FED9E0A9C490A684968491C48
:10EBB00001EB410102EB810181ED010A97490968EE
:10EBC000964A526802EB420201EB82018968C83121
:10EBD000924A13685268521C02EB420203EB820213
:10EBE00091608E494968491C8C4A516000228B49CA
:10EBF0000B684968491C01EB410143F82120B0EE44
:10EC0000080A86490A684968491C01EB410102EB80
:10EC1000810181ED010A81490968804A526802EB4D
:10EC2000420201EB82018968C91C7C4A1368526860
:10EC3000521C02EB420203EB820291607749496861
:10EC4000491C764A516040F2932274490B68496826
:10EC5000491C01EB410143F821209FED710A6F49E6
:10EC60000A684968491C01EB410102EB810181ED11
:10EC7000010A6A490968694A526802EB420201EBDB
:10EC800082018968C831654A13685268521C02EBD8
:10EC9000420203EB8202916060494968491C5F4A65
:10ECA000516000225D490B684968491C01EB410134
:10ECB00043F82120B0EE080A58490A684968491CFF
:10ECC00001EB410102EB810181ED010A5349096821
:10ECD000524A526802EB420201EB82018968C91C68
:10ECE0004E4A13685268521C02EB420203EB820246
:10ECF00091604A494968491C484A51604FF4C462CE
:10ED000046490B684968491C01EB410143F8212041
:10ED10009FED430A41490A684968491C01EB4101DA
:10ED200002EB810181ED010A3C4909683B4A5268C6
:10ED300002EB420201EB82018968C831374A13684D
:10ED40005268521C02EB420203EB8202916033498B
:10ED50004968491C314A5160002230490B684968B2
:10ED6000491C01EB410143F82120B2EE0E0A2B4968
:10ED70000A684968491C01EB410102EB810181ED00
:10ED8000010A26490968254A526802EB420201EB52
:10ED9000820189680F31214A13685268521C02EBC4
:10EDA000420203EB820291601C494968491C1B4ADC
:10EDB000516040F2174219490B684968491C01EB40
:10EDC000410143F821209FED170A14490A68496858
:10EDD000491C01EB410102EB810181ED010A0F4960
:10EDE00009680E4A526802EB420201EB820189680F
:10EDF00001F5FA71094A13685268521C02EB42028B
:10EE000003EB8202916005494968491C034A51603D
:10EE100006CAC0E900127047A4880020FC05002043
:10EE2000000048430000FA4300BFFEE7B0EE401A7E
:10EE300010B99FED790A704790ED100A80ED110A24
:10EE400090ED0F0A80ED100AC0ED060A80ED071A5A
:10EE500030EEC10A80ED0F0A0178002975D190EDDE
:10EE6000010AD0ED0F1A20EE210A80ED090A90ED7B
:10EE70000A0AD0ED021A90ED0F2A01EE820A80ED07
:10EE80000A0A90ED0D0A80ED0E0A90ED0C0A80ED55
:10EE90000D0A90ED0F0AD0ED101A30EE610A80EDE8
:10EEA0000C0A90ED030AD0ED0C1A20EE210A80ED39
:10EEB0000B0A90ED0A0AD0ED051AB4EEE10AF1EE64
:10EEC00010FA04DD90ED050A80ED0A0A10E090EDDD
:10EED0000A0AD0ED051AF1EE611AB4EEE10AF1EE7C
:10EEE00010FA05D290ED050AB1EE400A80ED0A0A4B
:10EEF00090ED090AD0ED0A1A30EE210AD0ED0B1A76
:10EF000030EE210A80ED080A90ED080AD0ED041ACF
:10EF1000B4EEE10AF1EE10FA04DD90ED040A80EDA2
:10EF2000080A76E090ED080AD0ED041AF1EE611AB5
:10EF3000B4EEE10AF1EE10FA6BD290ED040AB1EEF4
:10EF4000400A80ED080A64E0FFE70178012960D1FA
:10EF500090ED0F0AD0ED101A30EE610AD0ED011AD3
:10EF600020EE210A80ED090A90ED020AD0ED0F1A79
:10EF700020EE210A80ED0A0A90ED0D0A80ED0E0ABE
:10EF800090ED0C0A80ED0D0A90ED0F0AD0ED101AED
:10EF9000B0EE002A02EE610AD0ED111A30EE210A1D
:10EFA00080ED0C0A90ED030AD0ED0C1A20EE210A38
:10EFB00080ED0B0A90ED090AD0ED0A1A30EE210A15
:10EFC000D0ED0B1A30EE210AD0ED081A30EE210AEE
:10EFD00080ED080A90ED080AD0ED041AB4EEE10ABB
:10EFE000F1EE10FA04DD90ED040A80ED080A10E05D
:10EFF00090ED080AD0ED041AF1EE611AB4EEE10AC0
:10F00000F1EE10FA05D290ED040AB1EE400A80ED5F
:10F01000080A90ED080A0EE70000000000B102B9EE
:10F020007047017092ED001A80ED011A92ED011AFD
:10F0300080ED021A92ED021A80ED031A80ED040AA7
:10F04000C0ED050A9FED0C1A80ED0E1A80ED0D1A29
:10F0500080ED0C1A9FED081A80ED081A80ED0B1A4E
:10F0600080ED0A1A80ED091A80ED111A80ED101A50
:10F0700080ED0F1A00BFD3E70000000010B5234B4E
:10F080001B685B6943F04003204C246863611F4B9D
:10F090001B68DB6843F010031C4C2468E3601C4BC6
:10F0A0001B681B6823F00103194C2468236007E0E8
:10F0B000174B1B681B6823F00103154C2468236061
:10F0C000134B1B681B6803F00103002BF0D1114B9D
:10F0D0000F4C2468A3600E4B1B68D8600C4B1B6858
:10F0E00019610B4B1B685A60094B1B681B6843F482
:10F0F0008023074C24682360054B1B681B6843F082
:10F100000103034C2468236010BD0000A0140020FC
:10F11000F01500200448004070B504460026002584
:10F120002068C06800F04000C8B92068C06840F09E
:10F1300080002168C860F5F74DFA064608E0F5F74B
:10F1400049FA801BB0F57A7F02D904206077012547
:10F150002068C06800F0400008B9012DEFD12846B2
:10F1600070BD70B5044600252068C06820F080009E
:10F170002168C8602068806800F0200030B920460F
:10F18000F6F754FC10B1042060770125284670BDC5
:10F1900080ED000AC0ED010A80ED021AC0ED031AED
:10F1A00080ED042AC0ED052A9FED133A80ED063A62
:10F1B0009FED113A80ED073A9FED0F3A80ED083A46
:10F1C0009FED0D3A80ED093A9FED0B3A80ED0A3A3A
:10F1D0009FED093A80ED0B3A9FED073A80ED0C3A2E
:10F1E0009FED053A80ED0D3A9FED033A80ED0E3A22
:10F1F0000249C1637047000000000000A94F0108E8
:10F2000010B5FB4B1B681B6823F00103F84C246806
:10F210002360F84B1B681B6823F00103F54C24683E
:10F22000236007E0F24B1B681B6823F00103F04CDE
:10F2300024682360EE4B1B681B6803F00103002B5E
:10F24000F0D107E0EB4B1B681B6823F00103E94C8E
:10F2500024682360E74B1B681B6803F00103002B45
:10F26000F0D1E54BDB6C1B68E44CA34275D9E24B53
:10F27000DB6C1B68E24CA34201D1202368E0DE4B2B
:10F28000DB6C1B68DD4C483CA34201D120235FE0CE
:10F29000D94BDB6C1B68DA4C6034A34201D12023CC
:10F2A00056E0D54BDB6C1B68D44C1834A34201D11B
:10F2B00020234DE0D04BDB6C1B68D14C1834A342AB
:10F2C00001D1DB1444E0CC4BDB6C1B68CB4C303CF5
:10F2D000A34201D1DB143BE0C74BDB6C1B68C84C7D
:10F2E0007834A34201D1DB1432E0C34BDB6C1B68E2
:10F2F000C24C3034A34201D1DB1429E0BE4BDB6C9D
:10F300001B68BF4C3034A34202D14FF400131FE0FE
:10F31000B94BDB6C1B68B94C183CA34202D14FF4CB
:10F32000001315E0B44BDB6C1B68B54C9034A34262
:10F3300002D14FF400130BE0AF4BDB6C1B68AF4CFA
:10F340004834A34202D14FF4001301E04FF00063B0
:10F35000AA4C4C3C236076E1FFE7A74BDB6C1B68B3
:10F36000A74CA834A34275D9A34BDB6C1B68A44CF3
:10F37000A34201D1202369E09F4BDB6C1B689F4CAB
:10F38000483CA34201D1202360E09B4BDB6C1B680F
:10F390009B4C6034A34201D1202357E0964BDB6C99
:10F3A0001B68964C1834A34201D120234EE0924BA7
:10F3B000DB6C1B68924C1834A34201D1DB1445E08E
:10F3C0008D4BDB6C1B688D4C303CA34201D1DB14B0
:10F3D0003CE0894BDB6C1B68894C7834A34201D13B
:10F3E000DB1433E0844BDB6C1B68844C3034A34269
:10F3F00001D1DB142AE0804BDB6C1B68804C30347D
:10F40000A34202D14FF4001320E07B4BDB6C1B685E
:10F410007A4C183CA34202D14FF4001316E0764B0D
:10F42000DB6C1B68764C9034A34202D14FF400137E
:10F430000CE0714BDB6C1B68704C4834A34203D169
:10F440004FF4001302E005E04FF000636B4C503CBA
:10F450002360F8E0684BDB6C1B68694C4834A342BE
:10F4600075D9654BDB6C1B68654CA34201D1202329
:10F4700068E0614BDB6C1B68604C483CA34201D1E7
:10F4800020235FE05C4BDB6C1B685D4C6034A34267
:10F4900001D1202356E0584BDB6C1B68574C1834C5
:10F4A000A34201D120234DE0534BDB6C1B68544C2D
:10F4B0001834A34201D1DB1444E04F4BDB6C1B68D2
:10F4C0004E4C303CA34201D1DB143BE04A4BDB6C99
:10F4D0001B684B4C7834A34201D1DB1432E0464B1D
:10F4E000DB6C1B68454C3034A34201D1DB1429E0AE
:10F4F000414BDB6C1B68424C3034A34202D14FF4C9
:10F5000000131FE03C4BDB6C1B683C4C183CA342D7
:10F5100002D14FF4001315E0374BDB6C1B68384CFD
:10F520009034A34202D14FF400130BE0324BDB6C5A
:10F530001B68324C4834A34202D14FF4001301E05F
:10F540004FF000632E4C103CE3607CE0FFE72A4B59
:10F55000DB6C1B682A4CA34201D1202370E0264BB0
:10F56000DB6C1B68254C483CA34201D1202367E09B
:10F57000214BDB6C1B68224C6034A34201D1202359
:10F580005EE01D4BDB6C1B681C4C1834A34201D1A0
:10F59000202355E0184BDB6C1B68194C1834A34230
:10F5A00001D1DB144CE0144BDB6C1B68134C303C7A
:10F5B000A34201D1DB1443E00F4BDB6C1B68104C02
:10F5C0007834A34201D1DB143AE00B4BDB6C1B68AF
:10F5D0000A4C3034A34201D1DB1431E0064BDB6C22
:10F5E0001B68074C3034A3420CD14FF4001327E0C2
:10F5F000E8110020481200209011002058640240B9
:10F6000010600240F74BDB6C1B68F74CA34202D141
:10F610004FF4001314E0F34BDB6C1B68F34CA34274
:10F6200002D14FF400130BE0EE4BDB6C1B68EE4C89
:10F630006034A34202D14FF4001301E04FF00063A5
:10F64000EA4CA03CA360E74BDB6C1B68E64C18342B
:10F65000A34274D9E34BDB6C1B68E44C903CA3429F
:10F6600001D1102366E0DF4BDB6C1B68DE4C303CC5
:10F67000A34201D110235DE0DA4BDB6C1B68DB4C4D
:10F68000303CA34201D1102354E0D64BDB6C1B6805
:10F69000D54C3034A34201D110234BE0D14BDB6C6D
:10F6A0001B68D24C783CA34201D11B1542E0CD4BE4
:10F6B000DB6C1B68CC4C183CA34201D11B1539E014
:10F6C000C84BDB6C1B68C94C183CA34201D11B150D
:10F6D00030E0C44BDB6C1B68C34C4834A34201D1FF
:10F6E0001B1527E0BF4BDB6C1B68C04C603CA34282
:10F6F00002D14FF480131DE0BA4BDB6C1B68BA4C8F
:10F70000A34202D14FF4801314E0B64BDB6C1B68AC
:10F71000B64CA34202D14FF480130BE0B14BDB6C2B
:10F720001B68B14C6034A34202D14FF4801301E056
:10F730004FF08063AC4C343C236070E1FFE7A94B91
:10F74000DB6C1B68A94C1834A34274D9A54BDB6C45
:10F750001B68A64C903CA34201D1102366E0A14B4C
:10F76000DB6C1B68A04C303CA34201D110235DE050
:10F770009C4BDB6C1B689D4C303CA34201D1102399
:10F7800054E0984BDB6C1B68974C3034A34201D19A
:10F7900010234BE0934BDB6C1B68944C783CA342EA
:10F7A00001D11B1542E08F4BDB6C1B688E4C183C63
:10F7B000A34201D11B1539E08A4BDB6C1B688B4CD3
:10F7C000183CA34201D11B1530E0864BDB6C1B6853
:10F7D000854C4834A34201D11B1527E0814BDB6CDB
:10F7E0001B68824C603CA34202D14FF480131DE0A1
:10F7F0007C4BDB6C1B687C4CA34202D14FF4801322
:10F8000014E0784BDB6C1B68784CA34202D14FF4B8
:10F8100080130BE0734BDB6C1B68734C6034A342AA
:10F8200002D14FF4801301E04FF080636E4C383CFE
:10F830002360F4E0FFE76B4BDB6C1B686B4C483CD0
:10F84000A34274D9674BDB6C1B68684C903CA342A5
:10F8500001D1102366E0634BDB6C1B68624C303CCB
:10F86000A34201D110235DE05E4BDB6C1B685F4C53
:10F87000303CA34201D1102354E05A4BDB6C1B688F
:10F88000594C3034A34201D110234BE0554BDB6C73
:10F890001B68564C783CA34201D11B1542E0514BEA
:10F8A000DB6C1B68504C183CA34201D11B1539E09E
:10F8B0004C4BDB6C1B684D4C183CA34201D11B1513
:10F8C00030E0484BDB6C1B68474C4834A34201D105
:10F8D0001B1527E0434BDB6C1B68444C603CA34288
:10F8E00002D14FF480131DE03E4BDB6C1B683E4C95
:10F8F000A34202D14FF4801314E03A4BDB6C1B6837
:10F900003A4CA34202D14FF480130BE0354BDB6C31
:10F910001B68354C6034A34202D14FF4801301E0E0
:10F920004FF08063314CA03CE36078E0FFE72D4B63
:10F93000DB6C1B682D4C903CA34201D110236BE083
:10F94000284BDB6C1B68284C303CA34201D11023B0
:10F9500062E0244BDB6C1B68244C303CA34201D199
:10F96000102359E01F4BDB6C1B681F4C3034A34243
:10F9700001D1102350E01B4BDB6C1B681B4C783C07
:10F98000A34201D11B1547E0164BDB6C1B68164CDC
:10F99000183CA34201D11B153EE0124BDB6C1B68E7
:10F9A000124C183CA34201D11B1535E00D4BDB6C0A
:10F9B0001B680D4C4834A34201D11B152CE0094BA8
:10F9C000DB6C1B68094C603CA34202D14FF48013EE
:10F9D00022E0044BDB6C1B68034CA34208D14FF4BC
:10F9E000801319E09011002040640240A0600240A2
:10F9F000F74BDB6C1B68F74CA34202D14FF480132A
:10FA00000AE0F34BDB6C1B68F34CA34202D14FF4CA
:10FA1000801301E04FF08063EE4CA03CA360EC4B00
:10FA2000DB6C1B68EC4C483CA34274D9E84BDB6CA4
:10FA30001B68E84C903CA34201D1082366E0E44BEC
:10FA4000DB6C1B68E44C903CA34201D108235DE0D1
:10FA5000DF4BDB6C1B68DF4C303CA34201D1082339
:10FA600054E0DB4BDB6C1B68DB4C303CA34201D128
:10FA700008234BE0D64BDB6C1B68D64C783CA3428A
:10FA800001D15B1542E0D24BDB6C1B68D24C783C59
:10FA9000A34201D15B1539E0CD4BDB6C1B68CD4C2B
:10FAA000183CA34201D15B1530E0C94BDB6C1B68ED
:10FAB000C94C183CA34201D15B1527E0C44BDB6C59
:10FAC0001B68C44C603CA34202D14FF400231DE0EC
:10FAD000BF4BDB6C1B68C04C603CA34202D14FF4AF
:10FAE000002313E0BA4BDB6C1B68BA4CA34202D173
:10FAF0004FF400230AE0B64BDB6C1B68B64CA34204
:10FB000002D14FF4002301E04FF00073B24C943C5B
:10FB1000236070E1FFE7AE4BDB6C1B68AD4C183423
:10FB2000A34274D9AA4BDB6C1B68AA4C903CA3423D
:10FB300001D1082366E0A64BDB6C1B68A64C903C09
:10FB4000A34201D108235DE0A14BDB6C1B68A14CF3
:10FB5000303CA34201D1082354E09D4BDB6C1B6871
:10FB60009D4C303CA34201D108234BE0984BDB6C09
:10FB70001B68984C783CA34201D15B1542E0944B42
:10FB8000DB6C1B68944C783CA34201D15B1539E0D7
:10FB90008F4BDB6C1B688F4C183CA34201D15B156B
:10FBA00030E08B4BDB6C1B688B4C183CA34201D1C3
:10FBB0005B1527E0864BDB6C1B68864C603CA342E0
:10FBC00002D14FF400231DE0814BDB6C1B68824C9B
:10FBD000603CA34202D14FF4002313E07C4BDB6C6A
:10FBE0001B687C4CA34202D14FF400230AE0784BFF
:10FBF000DB6C1B68784CA34202D14FF4002301E078
:10FC00004FF00073744C983C2360F4E0FFE7704BB6
:10FC1000DB6C1B686F4C483CA34274D96C4BDB6CAB
:10FC20001B686C4C903CA34201D1082366E0684BF2
:10FC3000DB6C1B68684C903CA34201D108235DE05B
:10FC4000634BDB6C1B68634C303CA34201D108233F
:10FC500054E05F4BDB6C1B685F4C303CA34201D12E
:10FC600008234BE05A4BDB6C1B685A4C783CA34290
:10FC700001D15B1542E0564BDB6C1B68564C783C5F
:10FC8000A34201D15B1539E0514BDB6C1B68514C31
:10FC9000183CA34201D15B1530E04D4BDB6C1B6877
:10FCA0004D4C183CA34201D15B1527E0484BDB6C5F
:10FCB0001B68484C603CA34202D14FF400231DE076
:10FCC000434BDB6C1B68444C603CA34202D14FF4B5
:10FCD000002313E03E4BDB6C1B683E4CA34202D179
:10FCE0004FF400230AE03A4BDB6C1B683A4CA3420A
:10FCF00002D14FF4002301E04FF00073354CA03CDB
:10FD0000E36078E0FFE7324BDB6C1B68314C903CE2
:10FD1000A34201D108236CE02D4BDB6C1B682E4CF9
:10FD2000903CA34201D1082363E0294BDB6C1B68A4
:10FD3000284C303CA34201D108235AE0244BDB6C11
:10FD40001B68254C303CA34201D1082351E0204BD5
:10FD5000DB6C1B681F4C783CA34201D15B1548E06B
:10FD60001B4BDB6C1B681C4C783CA34201D15B1520
:10FD70003FE0174BDB6C1B68164C183CA34201D1CB
:10FD80005B1536E0124BDB6C1B68134C183CA3422E
:10FD900001D15B152DE00E4BDB6C1B680D4C603CFC
:10FDA000A34202D14FF4002323E0094BDB6C1B6814
:10FDB000094C603CA34202D14FF4002319E0044BEC
:10FDC000DB6C1B68034CA34208D14FF4002310E006
:10FDD00090110020A0600240A0640240F84BDB6C50
:10FDE0001B68F84CA34202D14FF4002301E04FF00E
:10FDF0000073F54CA360F24BDB6C1B68F14C483C84
:10FE0000A34275D9EE4BDB6C1B68EF4C1034A34258
:10FE100001D1042368E0EA4BDB6C1B68E94C903CA1
:10FE2000A34201D104235FE0E54BDB6C1B68E64C89
:10FE30007034A34201D1042356E0E14BDB6C1B6814
:10FE4000E04C303CA34201D104234DE0DC4BDB6CA1
:10FE50001B68DD4C2834A34201D19B1544E0D84BEC
:10FE6000DB6C1B68D74C783CA34201D19B153BE06F
:10FE7000D34BDB6C1B68D44C8834A34201D19B1557
:10FE800032E0CF4BDB6C1B68CE4C183CA34201D157
:10FE90009B1529E0CA4BDB6C1B68CB4C4034A3425A
:10FEA00002D14FF480231FE0C54BDB6C1B68C54CAF
:10FEB000603CA34202D14FF4802315E0C04BDB6CC1
:10FEC0001B68C14CA034A34202D14FF480230BE045
:10FED000BB4BDB6C1B68BB4CA34203D14FF48023AC
:10FEE00002E005E04FF08073B64C943C236071E172
:10FEF000B34BDB6C1B68B44CB834A34275D9B04B20
:10FF0000DB6C1B68B04C1034A34201D1042367E0C2
:10FF1000AB4BDB6C1B68AB4C903CA34201D1042380
:10FF20005EE0A74BDB6C1B68A74C7034A34201D189
:10FF3000042355E0A24BDB6C1B68A24C303CA3426F
:10FF400001D104234CE09E4BDB6C1B689E4C283493
:10FF5000A34201D19B1543E0994BDB6C1B68994C84
:10FF6000783CA34201D19B153AE0954BDB6C1B68B2
:10FF7000954C8834A34201D19B1531E0904BDB6C4A
:10FF80001B68904C183CA34201D19B1528E08C4B78
:10FF9000DB6C1B688C4C4034A34202D14FF48023AD
:10FFA0001EE0874BDB6C1B68864C603CA34202D191
:10FFB0004FF4802314E0824BDB6C1B68824CA0342E
:10FFC000A34202D14FF480230AE07D4BDB6C1B6817
:10FFD0007C4CA34202D14FF4802301E04FF08073A8
:10FFE000784C983C2360F5E0FFE7754BDB6C1B68B1
:10FFF000754C5834A34274D9714BDB6C1B68724C3E
:020000040801F1
:100000001034A34201D1042368E06D4BDB6C1B6804
:100010006C4C903CA34201D104235FE0684BDB6C45
:100020001B68694C7034A34201D1042356E0644B31
:10003000DB6C1B68634C303CA34201D104234DE0D0
:100040005F4BDB6C1B68604C2834A34201D19B15CD
:1000500044E05B4BDB6C1B685A4C783CA34201D1FB
:100060009B153BE0564BDB6C1B68574C8834A34216
:1000700001D19B1532E0524BDB6C1B68514C183C94
:10008000A34201D19B1529E04D4BDB6C1B684E4C04
:100090004034A34202D14FF480231FE0484BDB6C75
:1000A0001B68484C603CA34202D14FF4802315E00A
:1000B000434BDB6C1B68444CA034A34202D14FF489
:1000C00080230BE03E4BDB6C1B683E4CA34203D10C
:1000D0004FF4802302E004E04FF080733A4CE36079
:1000E00078E0374BDB6C1B68374C1034A34201D1EE
:1000F00004236DE0324BDB6C1B68324C903CA34216
:1001000001D1042364E02E4BDB6C1B682E4C703451
:10011000A34201D104235BE0294BDB6C1B68294C13
:10012000303CA34201D1042352E0254BDB6C1B6819
:10013000254C2834A34201D19B1549E0204BDB6CB0
:100140001B68204C783CA34201D19B1540E01C4B1E
:10015000DB6C1B681C4C8834A34201D19B1537E033
:10016000174BDB6C1B68174C183CA34201D19B1545
:100170002EE0134BDB6C1B68134C4034A34202D1BE
:100180004FF4802324E00E4BDB6C1B680D4C603C6D
:10019000A34202D14FF480231AE0094BDB6C1B68A9
:1001A000094CA034A34202D14FF4802310E0044B49
:1001B000DB6C1B68034CA34208D14FF4802307E09B
:1001C00090110020A0640240006002404FF0807354
:1001D000FE4CA360FE4BDB6C1B68FE4CA34276D941
:1001E000FB4BDB6C1B68F94C1034A34201D101239B
:1001F00069E0F74BDB6C1B68F64C483CA34201D12D
:10020000012360E0F24BDB6C1B68F04C7034A342BE
:1002100001D1012357E0EE4BDB6C1B68ED4C183429
:10022000A34201D101234EE0E94BDB6C1B68E74C94
:100230002834A34201D1402345E0E54BDB6C1B6829
:10024000E44C303CA34201D140233CE0E04BDB6C6A
:100250001B68DE4C8834A34201D1402333E0DC4BE1
:10026000DB6C1B68DB4C3034A34201D140232AE015
:10027000D74BDB6C1B68D54C4034A34202D14FF402
:10028000803320E0D24BDB6C1B68D24C183CA3427D
:1002900002D14FF4803316E0CD4BDB6C1B68CB4CA6
:1002A000A034A34202D14FF480330CE0C84BDB6C86
:1002B0001B68C84C4834A34203D14FF4803302E09A
:1002C00005E04FF48003C34C4C3C23606EE1C04B0F
:1002D000DB6C1B68BD4CB834A34276D9BC4BDB6CDD
:1002E0001B68BA4C1034A34201D1012369E0B84B1A
:1002F000DB6C1B68B74C483CA34201D1012360E092
:10030000B34BDB6C1B68B14C7034A34201D10123A9
:1003100057E0AF4BDB6C1B68AE4C1834A34201D1E5
:1003200001234EE0AA4BDB6C1B68A84C2834A34287
:1003300001D1402345E0A64BDB6C1B68A54C303C4B
:10034000A34201D140233CE0A14BDB6C1B689F4CD6
:100350008834A34201D1402333E09D4BDB6C1B6802
:100360009C4C3034A34201D140232AE0984BDB6CF3
:100370001B68964C4034A34202D14FF4803320E0F6
:10038000934BDB6C1B68934C183CA34202D14FF497
:10039000803316E08E4BDB6C1B688C4CA034A34280
:1003A00002D14FF480330CE0894BDB6C1B68894C25
:1003B0004834A34203D14FF4803302E005E04FF408
:1003C0008003844C503C2360F0E0814BDB6C1B6865
:1003D0007E4C5834A34275D97D4BDB6C1B687B4C3B
:1003E0001034A34201D1012369E0794BDB6C1B6817
:1003F000784C483CA34201D1012360E0744BDB6C94
:100400001B68724C7034A34201D1012357E0704B3A
:10041000DB6C1B686F4C1834A34201D101234EE002
:100420006B4BDB6C1B68694C2834A34201D1402321
:1004300045E0674BDB6C1B68664C303CA34201D146
:1004400040233CE0624BDB6C1B68604C8834A34269
:1004500001D1402333E05E4BDB6C1B685D4C3034D4
:10046000A34201D140232AE0594BDB6C1B68574C57
:100470004034A34202D14FF4803320E0544BDB6C74
:100480001B68544C183CA34202D14FF4803316E051
:100490004F4BDB6C1B684D4CA034A34202D14FF490
:1004A00080330CE04A4BDB6C1B684A4C4834A34257
:1004B00003D14FF4803302E004E04FF48003434C57
:1004C000E36073E0424BDB6C1B68404C1034A3428A
:1004D00001D1012368E03E4BDB6C1B683D4C483C7E
:1004E000A34201D101235FE0394BDB6C1B68374C21
:1004F0007034A34201D1012356E0354BDB6C1B68FD
:10050000344C1834A34201D101234DE0304BDB6C55
:100510001B682E4C2834A34201D1402344E02C4BCD
:10052000DB6C1B682B4C303CA34201D140233BE0E9
:10053000274BDB6C1B68254C8834A34201D1402338
:1005400032E0234BDB6C1B68224C3034A34201D1D8
:10055000402329E01E4BDB6C1B681C4C4034A3423B
:1005600002D14FF480331FE0194BDB6C1B68194C30
:10057000183CA34202D14FF4803315E0144BDB6CDE
:100580001B68124CA034A34202D14FF480330BE01D
:100590000F4BDB6C1B680F4C4834A34202D14FF465
:1005A000803301E04FF48003084CA360084B9B6C40
:1005B0001B68084CA3427BD9054B9B6C1B68034C02
:1005C0001034A34208D120236EE0000000600240F6
:1005D0009011002058640240F74B9B6C1B68F74C4D
:1005E000A34201D120235FE0F34B9B6C1B68F44CCA
:1005F000A34201D1202357E0EF4B9B6C1B68EF4CCB
:100600006034A34201D120234EE0EB4B9B6C1B686E
:10061000EB4C483CA34201D1DB1445E0E64B9B6C1C
:100620001B68E64C1834A34201D1DB143CE0E24BDA
:100630009B6C1B68E24C1834A34201D1DB1433E0FD
:10064000DD4B9B6C1B68DD4C7834A34201D1DB147D
:100650002AE0D94B9B6C1B68D94C303CA34202D199
:100660004FF4001320E0D44B9B6C1B68D34C303408
:10067000A34202D14FF4001316E0CF4B9B6C1B68D2
:10068000CF4C3034A34202D14FF400130CE0CA4BDC
:100690009B6C1B68C94C9034A34203D14FF40013E8
:1006A00002E005E04FF00063C44C241F23606AE1C0
:1006B000C14B9B6C1B68C24C4834A34274D9BE4BDF
:1006C0009B6C1B68BE4C603CA34201D1202366E0BA
:1006D000B94B9B6C1B68B94CA34201D120235EE04F
:1006E000B54B9B6C1B68B64CA34201D1202356E04E
:1006F000B14B9B6C1B68B14C6034A34201D12023E9
:100700004DE0AD4B9B6C1B68AD4C483CA34201D106
:10071000DB1444E0A84B9B6C1B68A84C1834A34224
:1007200001D1DB143BE0A44B9B6C1B68A44C183438
:10073000A34201D1DB1432E09F4B9B6C1B689F4CA2
:100740007834A34201D1DB1429E09B4B9B6C1B68DE
:100750009B4C303CA34202D14FF400131FE0964B58
:100760009B6C1B68954C3034A34202D14FF40013AC
:1007700015E0914B9B6C1B68914C3034A34202D125
:100780004FF400130BE08C4B9B6C1B688B4C90342C
:10079000A34202D14FF4001301E04FF00063874CF5
:1007A000083C2360EFE0FFE7834B9B6C1B68844CA5
:1007B000183CA34274D9804B9B6C1B68804C603CF6
:1007C000A34201D1202366E07B4B9B6C1B687B4CD2
:1007D000A34201D120235EE0774B9B6C1B68784CD1
:1007E000A34201D1202356E0734B9B6C1B68734CD2
:1007F0006034A34201D120234DE06F4B9B6C1B68FA
:100800006F4C483CA34201D1DB1444E06A4B9B6C23
:100810001B686A4C1834A34201D1DB143BE0664BE1
:100820009B6C1B68664C1834A34201D1DB1432E088
:10083000614B9B6C1B68614C7834A34201D1DB1483
:1008400029E05D4B9B6C1B685D4C303CA34202D1A0
:100850004FF400131FE0584B9B6C1B68574C30340F
:10086000A34202D14FF4001315E0534B9B6C1B685D
:10087000534C3034A34202D14FF400130BE04E4BE3
:100880009B6C1B684D4C9034A34202D14FF4001373
:1008900001E04FF000634A4C703CE36073E0FFE717
:1008A000454B9B6C1B68464C603CA34201D1202306
:1008B00066E0414B9B6C1B68404CA34201D1202356
:1008C0005EE03D4B9B6C1B683D4CA34201D1202355
:1008D00056E0394B9B6C1B68384C6034A34201D105
:1008E00020234DE0344B9B6C1B68354C483CA342A5
:1008F00001D1DB1444E0304B9B6C1B682F4C183447
:10090000A34201D1DB143BE02B4B9B6C1B682C4CAE
:100910001834A34201D1DB1432E0274B9B6C1B68D7
:10092000264C7834A34201D1DB1429E0224B9B6C86
:100930001B68234C303CA34202D14FF400131FE04C
:100940001D4B9B6C1B681D4C3034A34202D14FF4ED
:10095000001315E0184B9B6C1B68194C3034A342F4
:1009600002D14FF400130BE0134B9B6C1B68134C2C
:100970009034A34202D14FF4001301E04FF0006322
:100980000F4C703CA3600C4B9B6C1B680B4C4834A9
:10099000A3427AD9084B9B6C1B68094C603CA3426C
:1009A00001D110236DE0044B9B6C1B68034CA342E8
:1009B00008D1102365E0000090110020106402406F
:1009C00070600240F74B9B6C1B68F74CA34201D14F
:1009D000102356E0F34B9B6C1B68F44CA34201D1EF
:1009E00010234EE0EF4B9B6C1B68EF4C483CA3423E
:1009F00001D11B1545E0EB4B9B6C1B68EB4C483C55
:100A0000A34201D11B153CE0E64B9B6C1B68E64CF6
:100A10001834A34201D11B1533E0E24B9B6C1B68D9
:100A2000E24C1834A34201D11B152AE0DD4B9B6C2C
:100A30001B68DD4C303CA34202D14FF4801320E010
:100A4000D84B9B6C1B68D94C303CA34202D14FF46D
:100A5000801316E0D34B9B6C1B68D34C3034A342FD
:100A600002D14FF480130CE0CE4B9B6C1B68CF4C33
:100A70003034A34203D14FF4801302E005E04FF07D
:100A80008063CA4C643C23606AE1C64B9B6C1B6864
:100A9000C54C4834A34274D9C24B9B6C1B68C24CF2
:100AA000603CA34201D1102366E0BE4B9B6C1B68E7
:100AB000BE4C603CA34201D110235DE0B94B9B6C5E
:100AC0001B68B94CA34201D1102355E0B54B9B6C78
:100AD0001B68B64CA34201D110234DE0B14B9B6C77
:100AE0001B68B14C483CA34201D11B1544E0AD4BFF
:100AF0009B6C1B68AD4C483CA34201D11B153BE0ED
:100B0000A84B9B6C1B68A84C1834A34201D11B1541
:100B100032E0A44B9B6C1B68A44C1834A34201D157
:100B20001B1529E09F4B9B6C1B689F4C303CA342DC
:100B300002D14FF480131FE09A4B9B6C1B689B4CB7
:100B4000303CA34202D14FF4801315E0954B9B6CCF
:100B50001B68954C3034A34202D14FF480130BE054
:100B6000904B9B6C1B68914C3034A34202D14FF4E4
:100B7000801301E04FF080638C4C683C2360EFE011
:100B8000FFE7884B9B6C1B68874C183CA34274D9C9
:100B9000844B9B6C1B68844C603CA34201D11023A6
:100BA00066E0804B9B6C1B68804C603CA34201D18B
:100BB00010235DE07B4B9B6C1B687B4CA34201D1F7
:100BC000102355E0774B9B6C1B68784CA34201D1F6
:100BD00010234DE0734B9B6C1B68734C483CA34245
:100BE00001D11B1544E06F4B9B6C1B686F4C483C5C
:100BF000A34201D11B153BE06A4B9B6C1B686A4CFE
:100C00001834A34201D11B1532E0664B9B6C1B6864
:100C1000664C1834A34201D11B1529E0614B9B6C33
:100C20001B68614C303CA34202D14FF480131FE09B
:100C30005C4B9B6C1B685D4C303CA34202D14FF473
:100C4000801315E0574B9B6C1B68574C3034A34204
:100C500002D14FF480130BE0524B9B6C1B68534C3A
:100C60003034A34202D14FF4801301E04FF080638F
:100C70004D4C703CE36073E0FFE74A4B9B6C1B6894
:100C8000494C603CA34201D1102366E0454B9B6C6C
:100C90001B68464C603CA34201D110235DE0414BF0
:100CA0009B6C1B68404CA34201D1102355E03D4B87
:100CB0009B6C1B683D4CA34201D110234DE0394B86
:100CC0009B6C1B68384C483CA34201D11B1544E087
:100CD000344B9B6C1B68354C483CA34201D11B151F
:100CE0003BE0304B9B6C1B682F4C1834A34201D166
:100CF0001B1532E02B4B9B6C1B682C4C1834A34209
:100D000001D11B1529E0274B9B6C1B68264C303CFE
:100D1000A34202D14FF480131FE0224B9B6C1B684F
:100D2000224C303CA34202D14FF4801315E01D4BFE
:100D30009B6C1B681C4C3034A34202D14FF48013CF
:100D40000BE0184B9B6C1B68184C3034A34202D14B
:100D50004FF4801301E04FF08063134C703CA360AC
:100D6000104B9B6C1B68114C183CA3427AD90D4B5D
:100D70009B6C1B680C4C603CA34201D108236DE0C6
:100D8000084B9B6C1B68094C603CA34201D10823B3
:100D900064E0044B9B6C1B68034CA34208D10823FE
:100DA0005CE000009011002070600240706402401E
:100DB000F74B9B6C1B68F74CA34201D108234DE015
:100DC000F34B9B6C1B68F44CA34201D15B1545E0CF
:100DD000EF4B9B6C1B68EF4C483CA34201D15B1569
:100DE0003CE0EB4B9B6C1B68EB4C6034A34201D1A5
:100DF0005B1533E0E64B9B6C1B68E64C1834A34252
:100E000001D15B152AE0E24B9B6C1B68E24C183465
:100E1000A34202D14FF4002320E0DD4B9B6C1B6802
:100E2000DC4C303CA34202D14FF4002316E0D84BF7
:100E30009B6C1B68D84C7834A34202D14FF400233A
:100E40000CE0D34B9B6C1B68D24C3034A34203D1D3
:100E50004FF4002302E005E04FF00073CD4C643CFA
:100E600023606AE1CA4B9B6C1B68CB4C9034A34255
:100E700074D9C74B9B6C1B68C74C183CA34201D16B
:100E8000082366E0C24B9B6C1B68C24C603CA342CB
:100E900001D108235DE0BE4B9B6C1B68BE4C4834FF
:100EA000A34201D1082354E0B94B9B6C1B68B94C99
:100EB000A34201D108234CE0B54B9B6C1B68B64C98
:100EC000A34201D15B1544E0B14B9B6C1B68B14C54
:100ED000483CA34201D15B153BE0AD4B9B6C1B68CA
:100EE000AD4C6034A34201D15B1532E0A84B9B6C42
:100EF0001B68A84C1834A34201D15B1529E0A44B10
:100F00009B6C1B68A44C1834A34202D14FF40023FD
:100F10001FE09F4B9B6C1B689E4C303CA34202D150
:100F20004FF4002315E09A4B9B6C1B689A4C783465
:100F3000A34202D14FF400230BE0954B9B6C1B683E
:100F4000944C3034A34202D14FF4002301E04FF01F
:100F50000073904C683C2360EFE0FFE78C4B9B6C88
:100F60001B688D4C3034A34274D9894B9B6C1B6831
:100F7000894C183CA34201D1082366E0844B9B6C4A
:100F80001B68844C603CA34201D108235DE0804B88
:100F90009B6C1B68804C4834A34201D1082354E069
:100FA0007B4B9B6C1B687B4CA34201D108234CE01C
:100FB000774B9B6C1B68784CA34201D15B1544E0D6
:100FC000734B9B6C1B68734C483CA34201D15B156F
:100FD0003BE06F4B9B6C1B686F4C6034A34201D1AC
:100FE0005B1532E06A4B9B6C1B686A4C1834A34259
:100FF00001D15B1529E0664B9B6C1B68664C18346D
:10100000A34202D14FF400231FE0614B9B6C1B688D
:10101000604C303CA34202D14FF4002315E05C4BFE
:101020009B6C1B685C4C7834A34202D14FF40023C4
:101030000BE0574B9B6C1B68564C3034A34202D1DB
:101040004FF4002301E04FF00073534C283CE36061
:1010500073E0FFE74E4B9B6C1B684F4C183CA34260
:1010600001D1082366E04A4B9B6C1B68494C603CED
:10107000A34201D108235DE0454B9B6C1B68464CA5
:101080004834A34201D1082354E0414B9B6C1B68B8
:10109000404CA34201D108234CE03D4B9B6C1B68A4
:1010A0003D4CA34201D15B1544E0394B9B6C1B685E
:1010B000384C483CA34201D15B153BE0344B9B6C60
:1010C0001B68354C6034A34201D15B1532E0304BD4
:1010D0009B6C1B682F4C1834A34201D15B1529E08F
:1010E0002B4B9B6C1B682C4C1834A34202D14FF441
:1010F00000231FE0264B9B6C1B68264C303CA34210
:1011000002D14FF4002315E0214B9B6C1B68224C4D
:101110007834A34202D14FF400230BE01C4B9B6CAC
:101120001B681C4C3034A34202D14FF4002301E071
:101130004FF00073184C283CA360154B9B6C1B6848
:10114000144C183CA3427AD9114B9B6C1B68124C6F
:10115000183CA34201D104236DE00D4B9B6C1B682E
:101160000C4C603CA34201D1042364E0084B9B6C0F
:101170001B68094C4834A34201D104235BE0044BB3
:101180009B6C1B68034CA34208D1042353E000006E
:10119000901100207064024028600240F74B9B6C65
:1011A0001B68F74CA34201D19B1544E0F34B9B6CA9
:1011B0001B68F44CA34201D19B153CE0EF4B9B6CA8
:1011C0001B68EF4C6034A34201D19B1533E0EB4B1D
:1011D0009B6C1B68EB4C6034A34201D19B152AE049
:1011E000E64B9B6C1B68E64C1834A34202D14FF4CB
:1011F000802320E0E14B9B6C1B68E24C1834A34237
:1012000002D14FF4802316E0DC4B9B6C1B68DC4C56
:101210007834A34202D14FF480230CE0D74B9B6C6F
:101220001B68D84C7834A34203D14FF4802302E0EA
:1012300005E04FF08073D34C1C3C23606AE1CF4B38
:101240009B6C1B68CE4C9034A34274D9CB4B9B6CE7
:101250001B68CB4C183CA34201D1042366E0C74B6A
:101260009B6C1B68C74C183CA34201D104235DE072
:10127000C24B9B6C1B68C24C4834A34201D104236F
:1012800054E0BE4B9B6C1B68BE4C4834A34201D15A
:1012900004234BE0B94B9B6C1B68B94CA34201D1B2
:1012A0009B1543E0B54B9B6C1B68B64CA34201D128
:1012B0009B153BE0B14B9B6C1B68B14C6034A34267
:1012C00001D19B1532E0AD4B9B6C1B68AD4C60347B
:1012D000A34201D19B1529E0A84B9B6C1B68A84C2D
:1012E0001834A34202D14FF480231FE0A34B9B6C20
:1012F0001B68A44C1834A34202D14FF4802315E09C
:101300009E4B9B6C1B689E4C7834A34202D14FF4D9
:1013100080230BE0994B9B6C1B689A4C7834A3425A
:1013200002D14FF4802301E04FF08073954C203CB4
:101330002360EFE0FFE7914B9B6C1B68904C3034CF
:10134000A34274D98D4B9B6C1B688D4C183CA342F7
:1013500001D1042366E0894B9B6C1B68894C183CC7
:10136000A34201D104235DE0844B9B6C1B68844C39
:101370004834A34201D1042354E0804B9B6C1B688A
:10138000804C4834A34201D104234BE07B4B9B6C3F
:101390001B687B4CA34201D19B1543E0774B9B6CB0
:1013A0001B68784CA34201D19B153BE0734B9B6CAF
:1013B0001B68734C6034A34201D19B1532E06F4B24
:1013C0009B6C1B686F4C6034A34201D19B1529E0D4
:1013D0006A4B9B6C1B686A4C1834A34202D14FF4D1
:1013E00080231FE0654B9B6C1B68664C1834A3423E
:1013F00002D14FF4802315E0604B9B6C1B68604C5E
:101400007834A34202D14FF480230BE05B4B9B6CFA
:101410001B685C4C7834A34202D14FF4802301E076
:101420004FF08073564C283CE36073E0FFE7534B6A
:101430009B6C1B68524C183CA34201D1042366E00C
:101440004E4B9B6C1B684F4C183CA34201D10423AC
:101450005DE04A4B9B6C1B68494C4834A34201D168
:10146000042354E0454B9B6C1B68464C4834A34214
:1014700001D104234BE0414B9B6C1B68404CA342C1
:1014800001D19B1543E03D4B9B6C1B683D4CA34237
:1014900001D19B153BE0394B9B6C1B68384C603489
:1014A000A34201D19B1532E0344B9B6C1B68354C39
:1014B0006034A34201D19B1529E0304B9B6C1B6823
:1014C0002F4C1834A34202D14FF480231FE02B4B42
:1014D0009B6C1B682B4C1834A34202D14FF4802321
:1014E00015E0264B9B6C1B68254C7834A34202D137
:1014F0004FF480230BE0214B9B6C1B68214C78340C
:10150000A34202D14FF4802301E04FF080731C4CC2
:10151000283CA360194B9B6C1B681A4C3034A342C7
:101520007AD9164B9B6C1B68154C183CA34201D111
:1015300001236DE0114B9B6C1B68124C183CA342BD
:1015400001D1012364E00D4B9B6C1B680C4C4834AB
:10155000A34201D101235BE0084B9B6C1B68094C43
:101560004834A34201D1012352E0044B9B6C1B6819
:10157000034CA34208D140234AE000009011002010
:101580002860024028640240E74B9B6C1B68E74CD4
:10159000A34201D140233BE0E34B9B6C1B68E44C2E
:1015A000A34201D1402333E0DF4B9B6C1B68DF4C2F
:1015B0006034A34201D140232AE0DB4B9B6C1B68C3
:1015C000DB4C483CA34202D14FF4803320E0D64BA1
:1015D0009B6C1B68D54C1834A34202D14FF4803366
:1015E00016E0D14B9B6C1B68D14C1834A34202D13E
:1015F0004FF480330CE0CC4B9B6C1B68CB4C7834A5
:10160000A34203D14FF4803302E005E04FF480039E
:10161000C64C1C3C23606AE1C34B9B6C1B68C44CEA
:101620003034A34274D9C04B9B6C1B68C04C783CCF
:10163000A34201D1012366E0BB4B9B6C1B68BB4CF2
:10164000183CA34201D101235DE0B74B9B6C1B68A2
:10165000B74C183CA34201D1012354E0B24B9B6C20
:101660001B68B24C4834A34201D101234BE0AE4B7E
:101670009B6C1B68AE4C603CA34201D1402342E00E
:10168000A94B9B6C1B68A94CA34201D140233AE0B3
:10169000A54B9B6C1B68A64CA34201D1402332E0B2
:1016A000A14B9B6C1B68A14C6034A34201D1402329
:1016B00029E09D4B9B6C1B689D4C483CA34202D18A
:1016C0004FF480331FE0984B9B6C1B68974C183489
:1016D000A34202D14FF4803315E0934B9B6C1B68FF
:1016E000934C1834A34202D14FF480330BE08E4B5D
:1016F0009B6C1B688D4C7834A34202D14FF480332D
:1017000001E04FF48003894C203C2360EFE0FFE7C9
:10171000854B9B6C1B68864C303CA34274D9824B32
:101720009B6C1B68824C783CA34201D1012366E08C
:101730007D4B9B6C1B687D4C183CA34201D101235F
:101740005DE0794B9B6C1B68794C183CA34201D13E
:10175000012354E0744B9B6C1B68744C4834A342C7
:1017600001D101234BE0704B9B6C1B68704C603CBB
:10177000A34201D1402342E06B4B9B6C1B686B4C36
:10178000A34201D140233AE0674B9B6C1B68684C35
:10179000A34201D1402332E0634B9B6C1B68634C36
:1017A0006034A34201D1402329E05F4B9B6C1B684E
:1017B0005F4C483CA34202D14FF480331FE05A4BA8
:1017C0009B6C1B68594C1834A34202D14FF48033F0
:1017D00015E0554B9B6C1B68554C1834A34202D145
:1017E0004FF480330BE0504B9B6C1B684F4C7834AC
:1017F000A34202D14FF4803301E04FF480034C4CFC
:10180000883CE36073E0FFE7474B9B6C1B68484CE8
:10181000783CA34201D1012366E0434B9B6C1B68DB
:10182000424C183CA34201D101235DE03E4B9B6C2E
:101830001B683F4C183CA34201D1012354E03A4BB2
:101840009B6C1B68394C4834A34201D101234BE007
:10185000354B9B6C1B68364C603CA34201D1402346
:1018600042E0314B9B6C1B68304CA34201D14023BA
:101870003AE02D4B9B6C1B682D4CA34201D14023B9
:1018800032E0294B9B6C1B68284C6034A34201D189
:10189000402329E0244B9B6C1B68254C483CA34209
:1018A00002D14FF480331FE01F4B9B6C1B681F4C11
:1018B0001834A34202D14FF4803315E01A4B9B6CCD
:1018C0001B681B4C1834A34202D14FF480330BE049
:1018D000154B9B6C1B68154C7834A34202D14FF416
:1018E000803301E04FF48003114C883CA360114B1E
:1018F0001B68D960104B1B68D8600E4B1B685A6080
:101900000D4B1B685A600B4B1B681B6843F00103AF
:10191000084C24682360084B1B681B6843F00103D4
:10192000054C2468236010BD9011002028640240FB
:1019300088600240E81100204812002010B5594B81
:101940001B685B6843F00203564C24686360554B88
:101950001B685B6843F00103524C24686360514B81
:101960001B681B6843F040034E4C246823604E4BB9
:101970001B681B6823F001034B4C2468236007E0BD
:10198000494B1B681B6823F00103474C2468236004
:10199000454B1B681B6803F00103002BF0D1424B41
:1019A0001B68424CA34205D94FF400133F4C4C3CFA
:1019B00023601BE03C4B1B683D4CA34205D94FF410
:1019C00000133A4C503C236010E0374B1B68384CF6
:1019D000603CA34205D94FF40013354CB83CE3609A
:1019E00004E04FF40013324CB83CA360314B2E4C52
:1019F0002468A3602C4B1B68D9602B4B1B685A6072
:101A0000294B1B681B6843F01003274C2468236094
:101A1000294B1B681B6823F00103274C24682360B3
:101A200007E0254B1B681B6823F00103224C246848
:101A30002360214B1B681B6803F00103002BF0D1CE
:101A40001D4B1B68194CA34205D94FF00063174C7E
:101A50004C3C23601BE0184B1B68154CA34205D976
:101A60004FF00063114C503C236010E0124B1B6898
:101A70000F4C603CA34205D94FF000630C4CB83CBE
:101A8000E36004E04FF00063094CB83CA360094BED
:101A9000094C2468A360084B1B68D860064B1B6880
:101AA0005A6010BD90110020E811002058640240D7
:101AB000B86002400C300140481200207CB504465A
:101AC0000E4615463346012202212046009500F0BD
:101AD00039F828B1606D40F02000606503207CBDBE
:101AE000164800681821B0FBF1F01549B0FBF1F081
:101AF0004FF47A71484301906068B0F5827F0DD150
:101B00003346002280212046009500F01BF898B152
:101B1000606D40F0200060650320E0E700BF0198A1
:101B200000B908E00198401E019020688068C0F369
:101B3000C0100028F3D100BF0020D0E72C00002007
:101B400040420F002DE9F84F04460D4690461E46D0
:101B5000DDF82890F2F73EFDA0EB0900371AF2F706
:101B600039FD82462C480068C0F3CB3078430090A2
:101B700046E0701C002843D0F2F72CFDA0EB0A00D1
:101B8000B84200D2A7BB2068406820F0E00021687E
:101B900048606068B0F5827F0DD1A068B0F5004F55
:101BA00003D0A068B0F5806F05D12068006820F0F0
:101BB000400021680860A06AB0F5005F0DD100BF49
:101BC0002068006820F400502168086020680068E0
:101BD00040F400502168086000BF012084F85100E3
:101BE00000BF002084F8500000BF0320BDE8F88F3C
:101BF000FFE7009808B9002702E00098401E009017
:101C0000206880682840A84201D1012000E000201F
:101C10004045AED10020E9E72C00002010B5174860
:101C200090ED8A1AF0EE410A90ED861AB0EE410A64
:101C300000F5B870FDF7FAF8104880ED0E0A90ED47
:101C4000891AF0EE410A90ED851AB0EE410A00F5CE
:101C5000DC70FDF7EBF8094880ED200A90ED881A5A
:101C6000F0EE410A90ED841AB0EE410A00F594704E
:101C7000FDF7DCF8014880ED320A10BDA497002082
:101C80007047000000B589B001F0C6FF3249086016
:101C900000200121B7EE000A0B460222CDE9001018
:101CA00011462D480830F8F7C5F800200121B7EE9D
:101CB000000A0B460222CDE9001027485030F8F701
:101CC000B9F82648D0E900128068CDE906120890DC
:101CD000DFED230A9FED230A06AA00212248FDF723
:101CE0009DF9DFED1F0A9FED1F0A06AA00211E487D
:101CF0004830FDF793F900200121B7EE000A0346B2
:101D00000A46CDE90010032113489830F8F792F8FD
:101D1000124A0C3207CA03AB07C3104A1832D2E981
:101D200000109268CDE901020091F3EE0E0A9FEDDA
:101D30000F0A03AA00210C489038FDF76FF9DFED78
:101D4000080A9FED0B0A6A46002107484838FDF74C
:101D500065F909B000BD0000A4970020B86801082B
:101D600000007A4400007A4614990020000096434F
:101D70000000804610B50D48F0F7D6FC0B489038AF
:101D8000F0F7D2FC09484838F0F7CEFC07489838FD
:101D900090ED070A80ED860A90ED190A80ED850A1C
:101DA00090ED2B0A80ED840A10BD00003C980020C5
:101DB00070470000414890F88000012804D03F4857
:101DC00090F88000022805D13D48C07C10B13C4805
:101DD000007D38B93A48C07C01283FD13848007DA1
:101DE00001283BD03648008800EE100AB8EE400AC1
:101DF0003348D0ED080A9FED331A70EEC10AB4EEF5
:101E0000E00AF1EE10FA06D22F4890ED000A2F48B2
:101E100080ED880A51E02A48008800EE100AB8EEEA
:101E2000400A2748D0ED080AB3EE0E1A70EEC10A38
:101E3000B4EEE00AF1EE10FA0AD2234890ED000A5F
:101E4000DFED230A30EE600A204880ED880A34E096
:101E50009FED200A1D4880ED880A2EE01848008A70
:101E60000121B1EBA02F05D19FED1B0A174880ED92
:101E7000880A22E01248807F012805D19FED140ACC
:101E8000124880ED880A18E00D48807F022805D1AD
:101E90009FED120A0D4880ED880A0EE00848807F09
:101EA000032805D19FED0E0A084880ED880A04E05A
:101EB0009FED080A054880ED880A7047BC8600201F
:101EC000F48100200000484214060020A49700205E
:101ED00000009643000000000000FAC30000C84361
:101EE000000048431CB50021144890ED320ABDEEB5
:101EF000C00A10EE100A00B20B460A46CDE90001F6
:101F00004FF400710120EFF79FFC0020009001903A
:101F10000A4890ED0E0ABDEEC00A10EE100A03B298
:101F2000064890ED200ABDEEC00A10EE100A02B27B
:101F30004FF400710220EFF787FC1CBDA49700202E
:101F40001348407F012801D1124908701048407F92
:101F500010B900200F4908700E480078012803D0FE
:101F60000D480079032809D19FED0C0A0C4880ED3B
:101F7000890A9FED0C0A80ED8A0A08E09FED0A0AA3
:101F8000074880ED890A9FED080A80ED8A0A7047AC
:101F9000F481002020060020107A00200000164462
:101FA000A4970020000016C40000000010B500BF78
:101FB000502080F31188BFF34F8FBFF36F8F00BFA6
:101FC00004F076F918B14FF080500449086000BF62
:101FD000002080F3118800BF10BD000004ED00E078
:101FE00000B593B0302107A8EEF762FE142102A8D5
:101FF000EEF75EFE00BF002001902448006840F02C
:102000008050224908600846006800F08050019026
:1020100000BF00BF00BF002001901D48006840F4D1
:1020200080401B4908600846006800F48040019029
:1020300000BF00BF012007900004089002200D900F
:1020400041050E9106210F91A821109102211191B5
:102050000721129107A8F3F721FA08B1F0F7B8FAAF
:102060000F20029002200390002004904FF4A05013
:1020700005904FF480500690052102A8F3F7ACF8C4
:1020800008B1F0F7A5FA13B000BD000040380240D7
:10209000007000400348006840F470000149086087
:1020A0007047000088ED00E010B50248F4F74BF9E6
:1020B00010BD00001017002010B50248F4F743F9D6
:1020C00010BD0000C813002010B502682B4B9842C9
:1020D0000ED0B0F1804F0BD0294B984208D0294B3D
:1020E000984205D0284B984202D0284B984203D101
:1020F00022F070024B681A43204B984220D0B0F176
:10210000804F1DD01E4B98421AD01E4B984217D0BC
:102110001D4B984214D01D4B984211D01C4B984235
:102120000ED01C4B98420BD01B4B984208D01B4B37
:10213000984205D01A4B984202D01A4B984203D1CC
:1021400022F44072CB681A4322F080034C6943EAC0
:1021500004028B68C3620B688362084B984202D00A
:102160000A4B984201D10B690363036843F00403EF
:10217000036001234361026010BD000000000140C4
:102180000004004000080040000C00400004014032
:102190000040014000440140004801400018004058
:1021A000001C00400020004030B50C46816821F43E
:1021B0007F4142EA032525432943816030BD0A4619
:1021C000816821F0700142F0070319438160704774
:1021D00030B5026A056A25F0010505624368846925
:1021E00024F0700424F003040D682C4322F0020252
:1021F0008D682A43104DA84200D103E00F4DA8423C
:1022000006D100BF22F00802CD682A4322F0040262
:10221000094DA84202D0094DA84207D123F480738A
:1022200023F400734D692B438D692B434360846114
:102230004D684563026230BD00000140000401406A
:1022400030B5026A056A25F01005056243688469A5
:1022500024F4E04424F440740D6844EA052422F098
:1022600020028D6842EA0512124DA84200D103E017
:10227000114DA84207D100BF22F08002CD6842EA8A
:10228000051222F040020B4DA84202D00A4DA8428E
:1022900009D123F4806323F400634D6943EA850385
:1022A0008D6943EA8503436084614D6885630262FA
:1022B00030BD0000000001400004014030B5026A5A
:1022C000056A25F4807505624368C46924F07004CA
:1022D00024F003040D682C4322F400728D6842EA56
:1022E0000522124DA84200D103E0114DA84207D1AA
:1022F00000BF22F40062CD6842EA052222F4806227
:102300000A4DA84202D00A4DA84209D123F48053B5
:1023100023F400534D6943EA05138D6943EA05131D
:102320004360C4614D68C563026230BD0000014076
:102330000004014030B5036A056A25F48055056242
:102340004468C26922F4E04222F440720D6842EA15
:10235000052223F400538D6843EA0533084DA84253
:1023600002D0084DA84204D124F480444D6944EAC7
:1023700085144460C2614D680564036230BD00008D
:10238000000001400004014030B50B461446026ACB
:10239000056A25F001050562816921F0F00141EA35
:1023A000041122F00A021A438161026230BD30B585
:1023B0000B461446026A056A25F01005056281691C
:1023C00021F4704141EA043122F0A00242EA0312F2
:1023D0008161026230BD70B50446A56B0020E885BE
:1023E0002846F4F781FA70BD70B506460025B46B37
:1023F00020684069C0F3C01594F84100212805D138
:1024000025B10020E084204600F0C8F8206840692B
:10241000C0F3801594F84200222805D125B1002090
:10242000E085204600F074F8606C40F010006064B5
:102430002046F4F759FA70BD70B50546AC6B2868B4
:10244000006800F48070002842D1E08500BF00BF22
:1024500021680C3151E8001F21F4807021680C3193
:1024600041E80002002AF3D100BF00BF00BF21688D
:10247000143151E8001F21F001002168143141E8B6
:102480000002002AF3D100BF00BF00BF2168143151
:1024900051E8001F21F040002168143141E800029A
:1024A000002AF3D100BF202084F84200206B0128CD
:1024B0000ED100BF00BF21680C3151E8001F21F090
:1024C000100021680C3141E80002002AF3D100BF5E
:1024D00000206063206B012804D1A18D2046F4F711
:1024E000BDF902E02046F4F771FD70BD70B50546F8
:1024F000AC6B01206063206B012805D1A08D4108E1
:102500002046F4F7ABF902E02046F4F760FD70BD19
:1025100000BF00BF02680C3252E8002F22F4907115
:1025200002680C3242E80013002BF3D100BF00BF59
:1025300000BF0268143252E8002F22F00101026845
:10254000143242E80013002BF3D100BF016B0129C4
:102550000ED100BF00BF02680C3252E8002F22F0FB
:10256000100102680C3242E80013002BF3D100BFC7
:10257000202180F8421000210163704710B5044605
:102580002068C06820F040002168C860202084F8DE
:1025900041002046F4F77CFD002010BD00BF00BFC5
:1025A00002680C3252E8002F22F0C00102680C329F
:1025B00042E80013002BF3D100BF202180F8411026
:1025C0007047F8B504460025002694F842002228FA
:1025D00073D1A068B0F5805F0BD1206948B9A66AB5
:1025E00020684068C0F308003080A06A801CA062A8
:1025F00014E0A56AA068B0F5805F03D0A06828B990
:10260000206918B920684068287004E02068406894
:1026100000F07F002870A06A401CA062E08D401E80
:1026200080B2E085002846D12068C06820F02000F4
:102630002168C8602068C06820F480702168C86084
:102640002068406920F0010021684861202084F85A
:10265000420000206063206B012826D10020206307
:1026600000BF00BF21680C3151E8001F21F01000AD
:1026700021680C3141E80002002AF3D100BF206834
:10268000006800F0100010280AD100BF0020009060
:1026900020680068009020684068009000BF00BF7C
:1026A000A18D2046F4F7DAF802E02046F4F78EFC1C
:1026B0000020F8BD01E00020FBE70220F9E7000060
:1026C0002DE9F84F04462068006920F44050E16885
:1026D0000843216808612169A068084361690843CB
:1026E000E169084300902068C06849F20C618843A2
:1026F000009908432168C8602068406920F4407050
:10270000A16908432168486176492068884203D05E
:1027100075492068884203D1F2F758FE814602E0ED
:10272000F2F744FE8146E069B0F5004F6CD102201B
:102730006168A0FB015003461920A9FB0070014607
:102740002A463846EEF76AFA6421B0FBF1F04FEA08
:10275000001A02206168A0FB01510B461920A9FB59
:1027600000712A463846EEF759FA8346022061681E
:10277000A0FB015003461920A9FB00712A463846E8
:10278000EEF74CFA6421B0FBF1F000EBC00101EB75
:102790000010ABEB8000322101EBC0006421B0FBE4
:1027A000F1F000F0F8000AEB400A02206168A0FB9B
:1027B000015003461920A9FB007001462A463846FD
:1027C000EEF72CFA834602206168A0FB0150034615
:1027D0001920A9FB00712A463846EEF71FFA64213A
:1027E000B0FBF1F000EBC00101EB0010ABEB80009F
:1027F000322101EBC0006421B0FBF1F000F00700D2
:102800005044216888606AE004206168A0FB0150A0
:1028100003461920A9FB007001462A463846EEF708
:10282000FDF9824604206168A0FB0150034619208F
:10283000A9FB007001462A463846EEF7EFF96421FD
:10284000B0FBF1F000EBC00101EB0010AAEB80003F
:10285000322101EB00106421B0FBF1F000F0F00A2E
:1028600004206168A0FB017003461920A9FB0051F8
:102870003A462846EEF7D2F96421B0FBF1F00AEBB4
:10288000001A04206168A0FB01510B461920A9FB26
:1028900000712A463846EEF7C1F983460420616884
:1028A000A0FB015003461920A9FB007001462A46EF
:1028B0003846EEF7B3F96421B0FBF1F000EBC0014C
:1028C00001EB0010ABEB8000322101EB0010642122
:1028D000B0FBF1F000F00F00504421688860BDE8C3
:1028E000F88F0000001001400014014077B581B05E
:1028F000044615460298A062A58500206064222047
:1029000084F842002C48E16BC8632C48E16B0864F2
:102910002B48E16BC8640020E16B086502AE3268A9
:102920002368191D2B46E06BF1F7A8FC38B1102085
:102930006064202084F84200012004B070BD00BF14
:102940000020009020680068009020684068009097
:1029500000BF00BF206970B100BF00BF21680C310B
:1029600051E8001F41F4807021680C3141E80002F9
:10297000002AF3D100BF00BF00BF2168143151E825
:10298000001F41F001002168143141E80002002AD3
:10299000F3D100BF00BF00BF2168143151E8001F10
:1029A00041F040002168143141E80002002AF3D1CF
:1029B00000BF0020C1E7000039240108ED24010810
:1029C000E9230108014691F84100212828D18868AF
:1029D000B0F5805F0BD1086948B90A6A1088C0F366
:1029E00008000B685860086A801C086205E00B6AE2
:1029F000581C086218780B685860C88C401E80B25A
:102A0000C88458B90868C06820F080000B68D86096
:102A10000868C06840F040000B68D860002070472C
:102A20000220FCE72DE9F84304460D461746984678
:102A3000089E31E0701C70B3F1F7CCFDA0EB0800EC
:102A4000B04200D816B90320BDE8F8832068C068FA
:102A500000F00400F8B1802D1ED0402D1CD020685D
:102A60000068C0F3C000B0B100BF00200090206833
:102A70000068009020684068009000BF00BF2046BA
:102A8000FFF746FD0820606400BF002084F8400086
:102A900000BF0120D8E7FFE7206800682840A8426F
:102AA00001D1012000E00020B842C3D00020CBE7D4
:102AB00038B54E480068006800F0200060B100BFE3
:102AC000002000904948006800680090474800686E
:102AD0004068009000BF88E04548006800F01000A2
:102AE0000028F8D000BF002000904048006800682F
:102AF00000903E4800684068009000BF00BFF1F7BA
:102B000069FD04463B480068006800F40020002886
:102B100040D138480068006820F001003549096854
:102B20000860344800684068C0F1240032490880D9
:102B300024203049096848602E480068006840F445
:102B400000202C49096808602A480068006840F0A5
:102B5000010028490968086027480088122843D1E5
:102B60002649274802F038FA26480068201A6428C7
:102B700002D900202449086023480068401C2249EB
:102B80000860F1F727FD1F4908601C491C4802F046
:102B900023FA29E017480068006820F00100154971
:102BA00009680860134800684068C0F124001249B1
:102BB000088024200F49096848601448806A20F47E
:102BC0000020124988620B480068006840F001004C
:102BD00008490968086008480088122804D1074994
:102BE0000748243002F0F8F900BF38BDA0140020D7
:102BF00000480040F01500203C0100203A820020EF
:102C00005182002038010020340100200060024081
:102C100008B50C4800680068C0F3001070B100BF30
:102C20000020009007480068006800900548006890
:102C30004068009000BF00BF00F048F80148F3F77B
:102C400055FE08BDE81400201B4890ED000A1B4803
:102C500080ED030A184890ED010A184880ED040A37
:102C6000154890ED020A154880ED050A144890EDCC
:102C7000550A124880ED000A114890ED560A0F4897
:102C800080ED010A0E4890ED570A0C4880ED020ACB
:102C90000C4890ED000A094880ED060A094890EDBD
:102CA000010A064880ED070A064890ED020A03482B
:102CB00080ED080A704700004C86002098860020AE
:102CC0009C8200204C85002000BFFEE710B52648FE
:102CD000F3F7C5FD254800684068C0F1800024492D
:102CE0000870084600781D2834D3224C20785628D6
:102CF0002FD1607847282CD1E07E452829D1207F2C
:102D00004E2826D10846027821461B48EDF7B7FF2A
:102D1000E41C14F8010C184981F880002068C1F8FF
:102D200084006068C1F88800A068C1F88C00E06881
:102D3000C1F890002069C1F894006069E41EC1F8F0
:102D40009C00F1F747FC0C49C1F89800012081F87C
:102D5000A00000BF80210748EDF7AAFF80220549A7
:102D60000148F4F71DF910BDE814002050160020AA
:102D7000DC05002060870020BC860020410008029E
:102D800018BF04200A0E18BF40F001004FF07F4228
:102D900032EA010108BF40F00200012808BF052007
:102DA0007047000002480068C0F30220704700002E
:102DB0000CED00E010B5002804DB0A07130E054AED
:102DC000135406E00A07140E034A00F00F031B1FFA
:102DD000D45410BD00E400E018ED00E010B54FF051
:102DE0000E402DED028BB0EE408A18EE104A00EB3B
:102DF0004400B0F1506F4AD84FF0FC40B0EB440FA4
:102E000022D2B0EEC80AF7EE000A30EEC00AF6EEA3
:102E1000000A60EE208A18EE900A02F0D1F901EE65
:102E2000100A14F0004F1DBFDFED2D0A9FED2D0A93
:102E3000B1EE411ADFED2C0A08BF9FED2C0AF8EE27
:102E4000001A21EE218A05E0DFED290A68EE088AE2
:102E5000B0EE600A9FED271ADFED271A30EE080A60
:102E600048EE811A9FED251A08EEA11ADFED241A0B
:102E700048EE811A9FED231A08EEA11A68EE281A6F
:102E8000BDEC028B01EE810A30EE200A10BD4FF03E
:102E9000E440B0EB440F0CD918EE100AFFF76EFFB8
:102EA000042808BF00F094F9B0EE480ABDEC028B8C
:102EB00010BD4FF07F40B0EB440F07D2B0EE480A90
:102EC000BDEC028BBDE8104000F074B9012000F0A9
:102ED00097F9BDEC028BBDE8104000F071B900001D
:102EE0000000C9BF22AAFDB90000C93F22AAFD39CE
:102EF0000000000024FE1C3DC78AD83C1E67383DF8
:102F00001B93993DAFAA2A3E70B54FF068422DED54
:102F1000048BF0EE408A18EE900AB0EE608A18EE4C
:102F2000101A02EB4003B3F1654F3CBF02EB4102C4
:102F3000B2F1654F7DD200BFC0F3C753C1F3C75292
:102F40009A1A1B2A09DD10F0004F14BF9FED830A67
:102F50009FED830ABDEC048B70BD12F11A0F36DAB7
:102F600011F0004F09D010F0004F0CBF9FED7D0A0B
:102F70009FED7D0ABDEC048B70BD88EE889A19EE3A
:102F8000100AFFF7FBFE042808BF00F021F918EE35
:102F9000900AFFF7F3FE054618EE100AFFF7EEFE63
:102FA000044619EE100AFFF7E9FE042D18BF052D9F
:102FB00008D1042C18BF052C04D1002804BF02201E
:102FC00000F01EF9B0EE490ABDEC048B70BD420062
:102FD000B2EB410F3AD910F0004F19BFDFED630A91
:102FE0009FED630ADFED630A9FED630AB0EE481AB6
:102FF0000A46B1EE688A80F00041F0EE418A104640
:103000000A1A5200B2F1807F34D2484010F0004FCB
:10301000DFED5A1A9FED5A2A1DBFBEEE001A70EE60
:10302000E10A30EE420AB6EE001A08BF70EEA10ABD
:1030300000E040E008BF30EE020AB0EE682A01EE80
:10304000482A08EE818AC2EE081A15E011F0004FF6
:1030500004BF9FED4C0AF0EE400AD1D010F0004FB3
:1030600019BFDFED490A9FED490ADFED490A9FEDDF
:10307000490AC5E7C8EE881A21EEA11A9FED462A33
:10308000DFED462A41EE022A9FED452A01EE222A73
:10309000DFED442A41EE022A9FED432ABDEC048B6A
:1030A00001EE222A21EE811A01EE020A30EE210AF7
:1030B00030EE200A70BD4FF07F42B2EB400F28BFC8
:1030C000B2EB410F09D2F0EE480AB0EE680ABDEC4F
:1030D000048BBDE8704000F070B840EA01035B006B
:1030E00008BF41F0FF410BD0B2EB400F08BFB2EB7D
:1030F000410F08D120F0804008EE900A21F0804175
:1031000008EE101A18E7B2EB400F12BF5FEA410356
:1031100040F0FF4001F000413FF40EAFB2EB410F31
:1031200012BF5FEA400200F0004041F0FF413FF46F
:1031300003AF4A0092EA40033FF5FEAE002AACBF5F
:103140009FED1A0A9FED1A0A68EE808A28EE008A1F
:1031500018EE900A18EE101AEEE60000DB0FC9BF59
:10316000DB0FC93FDB0F4940DB0F49C00000C9BF7F
:1031700022AAFDB90000C93F22AAFD390060ED3E38
:10318000C30ACE3700000000000049C022AA7DBA61
:103190000000494022AA7D3A2DAD65BD8FB8D53DCE
:1031A0000FB511BE61C84C3EA8AAAABE0000804F50
:1031B0000000802F30EE000A704730EE200A704782
:1031C000DFED020A80EEA00A704700000000000058
:1031D0009FED020A20EE000A704700000000001078
:1031E00002E008C8121F08C1002AFAD170477047D0
:1031F000002001E001C1121F002AFBD1704700002E
:1032000001490860704700003006002000B5B0EEAC
:10321000401AF0EE601A31EE610AB0EE402AB0EECC
:10322000420A00F0F1FF00BD38B5002000900024F4
:10323000EEF794F88020EEF733FA5520EEF730FAE7
:103240005520EEF72DFA0090EEF77EF89620EEF777
:10325000F4F8EEF783F88020EEF722FA5520EEF727
:103260001FFA5520EEF71CFA0090EEF76DF8962045
:10327000EEF7E3F8EEF772F8B6217E20EEF73AFAB1
:10328000EEF762F85020EEF7D2F8EEF767F88020FC
:10329000EEF706FA5520EEF703FA5520EEF700FA9E
:1032A0000090EEF751F89620EEF7C7F8EEF756F8D3
:1032B0008020EEF7F5F95520EEF7F2F95520EEF7FC
:1032C000EFF90090EEF740F89620EEF7B6F89DF88B
:1032D00000001E2801D0FF2038BD002437E0EEF7A3
:1032E0003DF804EB44021C4B1A44517804EB4402B1
:1032F000985CEEF7FFF9EEF727F89620EEF79DF8C9
:10330000EEF72CF804EB4401134A515C41F08000C5
:10331000EEF7C6F95520EEF7C3F95520EEF7C0F9E0
:103320000090EEF711F89620EEF787F804EB4400D2
:103330000949084440789DF80010884205D004EB04
:103340004400054908448078C6E7601CC4B2062CD6
:10335000C5DB0020C0E70000C000002010B586B02B
:1033600000200190029000900024EDF7F7FF8020EC
:10337000EEF796F95520EEF793F95520EEF790F910
:103380000090EDF7E1FF9620EEF757F8EDF7E6FF36
:103390008020EEF785F95520EEF782F95520EEF7FB
:1033A0007FF90090EDF7D0FF9620EEF746F8EDF7A5
:1033B000D5FFB6217E20EEF79DF9EDF7C5FF502031
:1033C000EEF735F8EDF7CAFF8020EEF769F95520E2
:1033D000EEF766F95520EEF763F90090EDF7B4FFCC
:1033E0009620EEF72AF8EDF7B9FF8020EEF758F9AE
:1033F0005520EEF755F95520EEF752F90090EDF70C
:10340000A3FF9620EEF719F89DF800001E2802D0C1
:10341000FF2006B010BD00243AE0EDF79FFF04EB5B
:1034200044028C4B1A44517804EB4402985CEEF74A
:1034300061F9EDF789FF9620EDF7FFFFEDF78EFFBD
:1034400004EB4401834A515C41F08000EEF728F917
:103450005520EEF725F95520EEF722F90090EDF70B
:1034600073FF9620EDF7E9FF04EB44007949084427
:1034700040789DF80010884205D004EB440075495F
:1034800008448078C5E75020EDF7D1FF601CC4B236
:10349000042CC2DB00246FE0EDF760FF221D02EB7D
:1034A00042026C4B1A445178221D02EB4202985C96
:1034B000EEF720F9EDF748FF9620EDF7BEFFEDF7A8
:1034C0004DFF211D01EB4101624A515C41F080003A
:1034D000EEF7E6F85520EEF7E3F85520EEF7E0F8C2
:1034E0000090EDF731FF9620EDF7A7FF201D00EBD0
:1034F00040005849084440789DF80010884206D0A2
:10350000201D00EB400053490844807881E750209B
:10351000EDF78DFFEDF722FF9220EEF7C1F80622BE
:1035200001A91220EEF79CF8EDF70EFF9DF80500BB
:10353000000200B29DF80410084304EB440103AA02
:1035400022F811009DF80700000200B29DF8061055
:10355000084304EB440102EB410148809DF8090057
:10356000000200B29DF80810084304EB440102EB8E
:1035700041018880601CC4B2022C8DDBEDF7EEFEA9
:1035800000216D20EEF7B6F8EDF7DEFE9620EDF7A0
:1035900054FFEDF7E3FEED20EEF782F85520EEF74D
:1035A0007FF85520EEF77CF80090EDF7CDFE9620E1
:1035B000EDF743FF9DF8000008B1042029E7EDF77F
:1035C000CDFEB6217E20EEF795F8EDF7BDFE50203A
:1035D000EDF72DFFBDF90C00BDF91210401A40F2B5
:1035E0005551884210DBBDF90E10BDF91400081AC0
:1035F00040F25551884207DBBDF91010BDF91600A5
:10360000081AB0F52A7F01DA802002E7EDF7A6FE5E
:103610008020EEF745F85520EEF742F85520EEF7FA
:103620003FF80090EDF790FE9620EDF706FFEDF7DE
:1036300095FE8020EEF734F85520EEF731F855204E
:10364000EEF72EF80090EDF77FFE9620EDF7F5FEF1
:103650000020DEE62068010838B500240020009034
:10366000EDF792FE69460020EEF70DF8EDF782FEC9
:103670009620EDF7E2FEEDF787FE69460020EEF7B3
:1036800002F8EDF777FE9620EDF7D7FEEDF77CFE1A
:10369000B6211420EEF72EF8EDF76CFE5020EDF772
:1036A000C6FEEDF771FE69460020EDF7ECFFEDF781
:1036B00061FE9620EDF7C1FEEDF766FE694600203B
:1036C000EDF7E1FFEDF756FE9620EDF7B6FE9DF81B
:1036D00000000F2801D0FF2038BD00242FE0EDF7B7
:1036E00053FE04EB4402184B1A44517804EB440295
:1036F000985CEDF7FFFFEDF73DFE9620EDF79DFEA0
:10370000EDF742FE04EB44010F4A505C6946EDF7C9
:10371000BAFFEDF72FFE9620EDF78FFE04EB440085
:103720000949084440789DF80010884205D004EB10
:103730004400054908448078CEE7601CC4B2062CDA
:10374000CDDB0020C8E70000D200002038B5002003
:1037500000900024EDF718FE69460020EDF793FF76
:10376000EDF708FE9620EDF768FEEDF70DFE6946D1
:103770000020EDF788FFEDF7FDFD9620EDF75DFEEB
:10378000EDF702FEB6211420EDF7B4FFEDF7F2FDE0
:103790005020EDF74CFEEDF7F7FD69460020EDF700
:1037A00072FFEDF7E7FD9620EDF747FEEDF7ECFD34
:1037B00069460020EDF767FFEDF7DCFD9620EDF799
:1037C0003CFEEDF7E1FD01213C20EDF793FFEDF725
:1037D000D1FD5020EDF72BFE00BFEDF7D5FD69467A
:1037E0003C20EDF750FFEDF7C5FD9620EDF725FEE7
:1037F000601CC4B29DF8000000F0020008B90A2C59
:10380000EBDB0A2C01D1402038BD9DF8000000F010
:10381000040008B14020F7E70020F5E710B586B0B6
:103820000246002048E092ED000A00EB4003304CD5
:1038300004EB8303D3ED000A20EE200AD2ED010A47
:1038400000EB400304EB830393ED011A00EE810AC1
:10385000D2ED020A00EB400304EB830393ED021A5E
:1038600000EE810A03AB03EB800383ED000A91EDC8
:10387000000A00EB400304EB8303D3ED000A20EEC3
:10388000200AD1ED010A00EB400304EB830393ED22
:10389000011A00EE810AD1ED020A00EB400304EBAD
:1038A000830393ED021A00EE810A6B4603EB80035B
:1038B00083ED000A431CD8B20328B4DB002013E0D8
:1038C00003AB03EB800393ED000A02EB800383ED6F
:1038D000000A6B4603EB800393ED000A01EB8003C3
:1038E00083ED000A431CD8B20328E9DB06B010BD03
:1038F000B005002000B58BB0012009900020079092
:1039000001200890002001900290039004900690FE
:103910000120059001A90E48EFF718FE0C48F0F7BA
:1039200076FA10210A48EFF757FD002005900E2087
:103930000A90069001A90748EFF708FE0548F0F73E
:1039400066FA02210348EFF747FD0BB000BD000007
:10395000C40F0020EC0F0020074800680749B0FBA7
:10396000F1F007490870044800684FF47A71B0FB21
:10397000F1F00449086070472C00002040420F001D
:10398000AC000020B000002070B5034600240021E8
:103990000020002200254FF0E02675690D4E367894
:1039A00003FB06F44FF0E026B16910E04FF0E0268B
:1039B000B06988420BD0884202D20E1A324402E02B
:1039C0002E1A0E4432440146A24200D300E0EDE735
:1039D00000BF70BDAC000020034619608818401E6F
:1039E00058609A600020D860196159617047F0EE04
:1039F000401AF4EEE01AF1EE10FA02D2B0EE600ACC
:103A00007047F4EEC11AF1EE10FA02DDB0EE410A91
:103A1000F6E7B0EE610AF3E7014671EE602AF0EED8
:103A2000621AB0EE602A30EE423A01208840401E11
:103A300002EE900AF8EEE22A63EE222A82EEA13A22
:103A4000FDEEC32A12EE900A7047F0EE401AF4EE33
:103A5000E01AF1EE10FA02D2B0EE600A7047F4EE0E
:103A6000C11AF1EE10FA02DDB0EE410AF6E7B0EE4F
:103A7000610AF3E710B52DED028BB0EE408AF0EE4F
:103A8000608A00200BE01D4901EB800181ED008A76
:103A90001B4901EB8001C1ED008A011DC8B2092854
:103AA000F1DB0323002219461648F4F7F3FC15490D
:103AB0002422D1F800011449EDF7E1F8114924223C
:103AC000D1F8F8001149EDF7DAF80E492422D1F8BF
:103AD00014010A49EDF7D3F80A492422D1F8180154
:103AE0000749EDF7CCF807492422D1F80C01084921
:103AF000EDF7C5F8BDEC028B10BD00007C04002082
:103B0000A004002018840020340400205804002061
:103B10008868010810B52DED088BF0EE409AB0EEE4
:103B200060AAF0EE41AAF0EE618AB0EE42BAB0EEC1
:103B3000629AB0EE438A29EE880A324880ED000A84
:103B40002AEE080A304880ED000A2AEE880A2F483B
:103B500080ED000A90ED000A2D48D0F8000180EDBC
:103B6000010A294890ED000AB1EE400A2848D0F831
:103B7000000180ED020A254890ED000AB1EE400AEE
:103B80002348D0F8000180ED030A1E4890ED000A9A
:103B90001F48D0F8000180ED050A1B4890ED000A8F
:103BA0001B48D0F8000180ED060A164890ED000A87
:103BB000B1EE400A1648D0F8000180ED070A14481B
:103BC0004068C0ED008A1248406880ED01BA104894
:103BD000406880ED029A0E48F4F7E2FF00200CE006
:103BE0000B49096801EB800191ED000A094901EBDD
:103BF000800181ED000A411CC8B20328F0DBBDEC56
:103C0000088B10BDF8040020FC04002000050020F3
:103C1000188400204C850020004870473A8200201C
:103C20004FF4FA7001F0E2FCEFF702F910E0EFF761
:103C300081FAEFF7CDF9EFF735FAEEF7B9FDEFF7C7
:103C40005FFA01F03FFAEDF76FFB012000F000FB97
:103C5000EDE7000010B500BF5021EFF3118081F3B4
:103C60001188BFF34F8FBFF36F8F00BF04465748D3
:103C7000007800F0010088B35548806C0068006847
:103C800000F0010050BB5248C06C0068006800F0B2
:103C9000010018BB4F48007800F00200F0B94E4810
:103CA000007800F00200C8B94848007820F0010010
:103CB000464908700846007840F00200087000226B
:103CC00001214648F0F780FC082245494548FBF7AA
:103CD00097FA00BF84F3118800BF10BDFFE73D488D
:103CE000007800F0010088B33948806C00680068F3
:103CF00000F0010050BB3648C06C0068006800F05E
:103D0000010018BB3148007800F00200F0B93248D9
:103D1000007800F00200C8B92E48007820F00100B9
:103D20002C4908700846007840F002000870002214
:103D300010212D48F0F748FC09222C492C48FBF7AC
:103D40005FFA00BF84F3118800BFC6E7FFE722488F
:103D5000007800F0010088B31D48806C006800689E
:103D600000F0010050BB1A48C06C0068006800F009
:103D7000010018BB1548007800F00200F0B91548A2
:103D8000007800F00200C8B91348007820F0010064
:103D9000114908700846007840F0020008700022BF
:103DA00010211148F0F710FC042212491248FBF7C9
:103DB00027FA00BF84F3118800BF8EE7FFE700BF3A
:103DC00084F3118800BF00BF87E700003905002099
:103DD000901100203A0500203B050020000402401D
:103DE0001805002020050020000002407C850020EE
:103DF000280500203105002035050020014909680B
:103E00004863704710140020F0B50546059C00205B
:103E10006AE093ED050A00EB4006354F07EB860696
:103E2000D6ED000A20EE200AD3ED060A00EB40068C
:103E300007EB860696ED011A00EE810AD3ED070A1C
:103E400000EB400607EB860696ED021A00EE810AAB
:103E500005EB800686ED000A93ED010A00EB4006B3
:103E6000244F07EB8606D6ED000A20EE200AD3ED9C
:103E7000020A00EB400607EB860696ED011A00EEFB
:103E8000810AD3ED030A00EB400607EB860696EDA8
:103E9000021A00EE810A01EB800686ED000A94ED1D
:103EA000010A00EB4006144F07EB8606D6ED000A28
:103EB00020EE200AD4ED020A00EB400607EB86064E
:103EC00096ED011A00EE810AD4ED030A00EB4006DC
:103ED00007EB860696ED021A00EE810A02EB8006D9
:103EE00086ED000A461CF0B2032892DBF0BD00000C
:103EF00040050020640500208805002010B52DED48
:103F0000028BB0EE408A20480078F0B1DFED1F0A46
:103F1000B0EE480A1E48FAF789FF1D4890ED080ADE
:103F2000B5EEC00AF1EE10FA03D29FED1A0A80ED49
:103F3000080A174890ED080ABCEEC00A10EE100AF5
:103F400084B22046FFF75AFF1BE09FED100AB4EE43
:103F5000C08AF1EE10FA10DD0F480078401C0E49BF
:103F6000087008460078C82807DD01200649087057
:103F70009FED0A0A064880ED0A0A41F28730FFF7F2
:103F80003DFFBDEC028B10BDAC05002000000C42D3
:103F90000486002000000000D405002000401C45DD
:103FA000F0EE400AF6EE001A60EEA11AB0EE611AC9
:103FB000B0EE600A10EE100A0749A1EB600000EEB7
:103FC000100A21EE002AF7EE081A42EE401A61EEBE
:103FD000801AB0EE610A7047865A375F704700005A
:103FE0001FB504466420012103AA0B46CDE9002138
:103FF000029022461C210348F0F7DAFB9DF80C00E2
:1040000004B010BDBC10002013B584B00446642079
:10401000012105AA0B46CDE90021029022461C2170
:104020000248F0F749FD06B010BD0000BC100020AA
:1040300010B5012240210248F0F7C6FA10BD000079
:104040000018024010B5002240210248F0F7BCFAE7
:1040500010BD000000180240704710B5044620460D
:1040600000F0F6F810BD000070B500250024FFF741
:10407000B5FFFFF7F1FFFFF7E5FF3220FFF7EDFF98
:10408000FFF7D6FF3220FFF7E8FF0020FFF7A8FF79
:104090000546102D01D0402070BD0120FFF7DDFF47
:1040A000002424E004EB4402134B1A44517804EB3F
:1040B0004402985CFFF7A8FF0120FFF7CEFF04EB56
:1040C00044010D4A505CFFF78BFF05460120FFF7C6
:1040D000C4FF04EB4400084908444078A84204D0D7
:1040E00004EB440008448078D6E7601CC4B2042C7A
:1040F000D8DB0020D0E7000032680108F0F794FE1A
:10410000FDF76EFFF5F76CF9F5F7ACF8F5F766F823
:10411000F5F786F8F5F7ECFAF5F71CFCF5F76CFC0B
:10412000F5F75EFDF5F7CAFCF5F7AAFAF5F7C6FA5A
:10413000F5F738FBF5F7BCFBF5F7FEFAF5F734FDBC
:10414000F5F76CFDF5F760FAF5F77CFAF4F7D6FFB2
:10415000F5F70CF8FFF7CEFBFFF7FEFB00F014FFBE
:10416000EDF7C4F8F5F7E2F800F07EF800BFFEE7DF
:1041700001460020842901D0CA1C10447047000069
:10418000F0B50B30154D20F007010024144A0FE064
:1041900003688B420BD38B4205D95E1A43184768DC
:1041A000C3E9006700E04368136002C004E0021D39
:1041B00010680028ECD12046002802D1286808B1F8
:1041C0000020F0BD064A07481060074A121A22F084
:1041D0000702C0E9002401202860D7E72C06002050
:1041E00028060020E4990020E0B90020F5F744FEFD
:1041F00007E004480068401C02490860052001F0FF
:10420000F5F9F6E7F405002005E0DFED0E0A70EEA3
:10421000600AB0EE600ADFED0C0AB4EEE00AF1EEDF
:1042200010FAF2DC05E0DFED070A70EE200AB0EECE
:10423000600ADFED060AB4EEE00AF1EE10FAF2D3FE
:1042400070470000DB0FC940DB0F4940DB0F49C05E
:1042500070B5044625460DB1294600E00121084607
:1042600001F0C4F9002070BD10B501F0B3FA0020D0
:1042700010BD7FB504460D46606998B1A06988B14C
:10428000B4F90800FFF774FF0646D4E90510CDE93C
:10429000006102902B462269D4E9001001F042FF30
:1042A000039013E0B4F90800FFF762FF064603A885
:1042B000CDE90060238A9AB22B46D4E9001001F0C0
:1042C000FFFE012802D0002004B070BD0398FBE778
:1042D000014611B90948006800E00846024652B993
:1042E00000BF502080F31188BFF34F8FBFF36F8F53
:1042F00000BF00BFFEE702F134007047300000202D
:104300002DE9F04105460E461F48076800201F4969
:10431000096881F852001D480068001D00F0CAFFBE
:1043200050B91A48006890F82C10012088401849AC
:104330000968814316480160681C38B936B11348D2
:104340000168091D134801F01FF81AE07C190F4895
:1043500000684460BC4207D20C480168091D0E4841
:10436000006800F0F7FF0CE008480168091D0B48E1
:10437000006800F0EFFF0A480068844201D2084854
:104380000460BDE8F08100004400002030000020FF
:10439000480000207418002038000020340000205D
:1043A0006000002010B5044600F0FAFF23480068C2
:1043B000401C224908602248006840B92048046037
:1043C0000846006801280DD100F0FAF90AE01D48FE
:1043D000006838B91A480068C06AE16A884201D8A2
:1043E0001748046018480068401C1749086094F892
:1043F0002C100120884015490968084313490860BA
:10440000E16A01EB8101124A02EB8100211D00F0FB
:10441000BBFF00F0EFFF0B48006868B10848006878
:10442000C06AE16A884207D24FF0805009490860AB
:10443000BFF34F8FBFF36F8F10BD0000400000200F
:10444000300000204C0000205C00002048000020CC
:104450009817002004ED00E008B500F0A1FF124815
:104460000068E8B9114800F065FF114800F062FFEC
:104470000E48104908600E480F49086000200F4B95
:104480000F4A102100900A2001F004FB0649086041
:104490000846006820B10BA10348006801F06AF8E3
:1044A00000F0A8FF08BD000074000020881800205C
:1044B0009C1800206C00002070000020B018002024
:1044C000F8180020546D72510000000010B516E07D
:1044D00000F066FF0C48C068C468201D00F0EAFECA
:1044E0000A480068401E0949086009480068401EE3
:1044F0000749086000F07EFF204600F05FF804489E
:1045000000680028E4D110BD6018002040000020A1
:104510003C00002070B504460D46206C70B1216C43
:10452000E0680144E160D4E90210884201D32168C7
:10453000E1602846226CE168ECF7A1FB70BD2DE933
:10454000F04104460F4615464FF00008A66B206C5C
:1045500048B9206800282CD1A06801F04DFF8046A2
:104560000020A06025E07DB93946226C6068ECF738
:1045700086FB216C606808446060D4E901018842D0
:1045800017D32068606014E03946226CE068ECF7CD
:1045900076FB216CE068411AE1602168E06888429E
:1045A00003D2216CA068411AE160022D01D106B14D
:1045B000761E701CA0634046BDE8F08110B504462D
:1045C00094F8510030B9206B00F032FF204600F023
:1045D0002FFF1AE094F85100012803D1204600F083
:1045E00027FF12E094F85100022801D1012000E0D9
:1045F000002050B900BF502080F31188BFF34F8FC7
:10460000BFF36F8F00BF00BFFEE710BD0146084A31
:10461000126812680AB9012200E000220A600A68E2
:1046200022B9034A1268D268106800E0002070477F
:104630006C00002030B54FF4C043174800F0070469
:104640002CB1C01D20F00700134C041B1B1B02469D
:10465000124C22600024114D6C60D018083820F0F4
:1046600007000F4C206000240D4D2D686C600C4D30
:104670002D682C601146441A4C60094C24680C606B
:10468000084D4C682C60084D4C682C604FF000447D
:10469000064D2C6030BD00009819002080000020DD
:1046A00088000020900000208C0000209C0000204A
:1046B00000BFFFF70BFF064800680128F9D94FF04B
:1046C000805004490860BFF34F8FBFF36F8FF0E74E
:1046D0009817002004ED00E02DE9F04106460D4654
:1046E00017469846069C0DB9246000E02760E663F3
:1046F00025640121204601F03DFABDE8F0812DE955
:10470000F05F82460E4690469B460A9F0C9C4FEAFD
:104710008801A522206BECF7C4FAA8F10100216BF7
:1047200001EB800929F0070909F0070008B9012009
:1047300000E0002050B900BF502080F31188BFF383
:104740004F8FBFF36F8F00BF00BFFEE786B100251C
:1047500007E0715D04F134004155705D00B902E07D
:104760006D1C102DF5D300BF00214320015502E040
:10477000002084F83400072F00D30627E76267641F
:104780000020A064201D00F0E2FD04F1180000F0FC
:10479000DEFD2461C7F10700A06164620020E064CF
:1047A00084F8500084F852005A465146484600F0BA
:1047B000D5FB20600B9808B10B980460BDE8F09F12
:1047C00010B5002407E004EB84010F4A02EB8100DE
:1047D00000F0B0FD641C072CF5D30C4800F0AAFDD6
:1047E0000B4800F0A7FD0B4800F0A4FD0A4800F0BC
:1047F000A1FD0A4800F09EFD0448094908600448EC
:104800000849086010BD00009817002024180020F7
:10481000381800204C180020601800207418002060
:10482000340000203800002010B50146164800E092
:10483000006803688B42FBD30246436813448B42F3
:1048400004D143684C682344436001460A464B68E0
:1048500013440468A34211D10C4C03682468A3429A
:1048600008D04B680468646823444B6003681B6885
:104870000B6005E0054B1B680B6001E003680B60F3
:10488000884200D0016010BD800000208800002018
:104890002DE9F04104460D4616461F464FF000082C
:1048A00065602461B5420CD8F01BA169884202D32F
:1048B0004FF0010811E0211D0948006800F04AFD91
:1048C0000BE0BE4204D2BD4202D34FF0010804E027
:1048D000211D0448006800F03DFD4046BDE8F08120
:1048E000700000206C00002070B5054600F058FDF7
:1048F000A86B08B9012400E0002400F07BFD2046ED
:1049000070BD70B5054600F04BFDA86BE96B8842A1
:1049100001D1012400E0002400F06CFD204670BDB0
:10492000F8B505460F461A480068C068C468201DDF
:1049300000F0C0FC94F8240000F00400E8B1A06985
:1049400041192B463A462046FFF7A2FFD8B1002076
:1049500003462A4601460090204601F0BBFE06466B
:1049600056B900BF502080F31188BFF34F8FBFF3BB
:104970006F8F00BF00BFFEE705E094F8240020F031
:10498000010084F824002046216A8847F8BD000011
:104990006C000020F0B587B0A0E00398002811DA81
:1049A00004AE56B900BF502080F31188BFF34F8F7B
:1049B000BFF36F8F00BF00BFFEE7D6E90020B168EC
:1049C000904700BF03980028E6DB059C606908B9A2
:1049D000012000E0002010B9201D00F06BFC02A8AF
:1049E00000F0DEF8054603980A2875D2DFE800F0EB
:1049F00009050739416306083A4200BF00BF00BFFE
:104A000000BF94F8240040F0010084F824000498CA
:104A1000A269811803462A462046FFF739FFF8B1FC
:104A20002046216A884794F8240000F00400B8B1B9
:104A3000002000900498A1694218002319462046DE
:104A400001F048FE074657B900BF502080F3118897
:104A5000BFF34F8FBFF36F8F00BF00BFFEE700BFF4
:104A60003BE000BF94F8240020F0010084F824000B
:104A700033E000BF94F8240040F0010084F82400E3
:104A80000498A061A06908B1012000E0002050B99D
:104A900000BF502080F31188BFF34F8FBFF36F8F9B
:104AA00000BF00BFFEE7A06941192B462A462046F9
:104AB000FFF7EEFE11E094F8240000F0020018B9B0
:104AC000204600F0B5FC05E094F8240020F0010039
:104AD00084F8240001E0FFE700BF00BF002203A923
:104AE0000448006801F0E4F900287FF456AF07B0ED
:104AF000F0BD000074000020F8B505460C4600F03B
:104B0000C5FE684600F04CF80646009820BB44B944
:104B1000B54206D801F020FD31462846FFF700FFD8
:104B20001CE03CB10E480068006808B9012000E0B4
:104B300000200446A91B22460A48006800F030FD08
:104B400001F00AFD50B94FF0805007490860BFF3EB
:104B50004F8FBFF36F8F01E001F0FEFCF8BD000046
:104B6000700000207400002004ED00E00A4909688C
:104B7000096809B9012100E0002121B14FF0FF319E
:104B8000064A116006E004490968C968C868034A12
:104B90004168116070470000340000206000002070
:104BA00070B5044601F07EFB054607480068854263
:104BB00004D200F063F80120206001E000202060B2
:104BC00001480560284670BD7C0000202DE9F043B7
:104BD00002460D460027106800284CD01046D0F839
:104BE0000480D8F80480C0F8048000F10808D0F8E8
:104BF0000490C14505D1D0F80480D8F80480C0F8ED
:104C00000480D0F80480D8F80C6000BF1046D0F8BB
:104C10000480D8F80480C0F8048000F10808D0F8B7
:104C20000490C14505D1D0F80480D8F80480C0F8BC
:104C30000480D0F80480D8F80C104FF0000C00234A
:104C400011E001F13400C45CE85CA04202D04FF0F6
:104C5000010C03E014B90F464FF0010CBCF1000F3A
:104C600000D002E05B1C102BEBD300BF07B101E0CA
:104C7000B142CBD100BF3846BDE8F0832DE9F843FF
:104C800034E025480068C068056823480068C068AB
:104C9000C468201D00F00EFB2046216A884794F866
:104CA000240000F0040008B3A0694619AE4207D9F9
:104CB00066602461211D1848006800F04BFB15E078
:104CC000002003462A4601460090204601F002FDDE
:104CD000074657B900BF502080F31188BFF34F8FAC
:104CE000BFF36F8F00BF00BFFEE700BF0A48006838
:104CF000006808B9012000E000200028C1D0064863
:104D0000D0F8008005480068034908600348C0F8EF
:104D10000080BDE8F88300006C00002070000020D7
:104D20000246002101E0521C491C1078A528FAD047
:104D3000890888B2704700000E480068401C08B916
:104D4000012000E0002050B900BF502080F31188FE
:104D5000BFF34F8FBFF36F8F00BF00BFFEE700BFF1
:104D6000502080F31188BFF34F8FBFF36F8F00BFC8
:104D700000BFFEE7A000002008B500BF6846FFF7AF
:104D800045FC044620460099FFF7B6FEFFF702FEF9
:104D9000F4E770B5044600F003FB94F9455010E0C9
:104DA000606A08B9012000E0002038B904F124004D
:104DB00001F086FB18B100F053FC00E003E0681E30
:104DC00045B2002DECDC00BFFF2084F8450000F068
:104DD00011FB00F0E5FA94F9445010E0206908B99D
:104DE000012000E0002048B904F1100001F068FB48
:104DF00008B100F035FC681E45B200E001E0002D6E
:104E0000ECDC00BFFF2084F8440000F0F3FA70BD32
:104E10002DE9F04104464FF0000800F037FD494805
:104E2000006808B9FFF706FC4748006820400028E2
:104E300070D1D4B1083404F00700B0B104F0070019
:104E4000C0F10800044404F0070008B9012000E0A4
:104E5000002050B900BF502080F31188BFF34F8F5E
:104E6000BFF36F8F00BF00BFFEE7002C52D0374862
:104E7000006884424ED8364E3046056801E02E4622
:104E80002D686868A04202D228680028F7D12D4812
:104E9000006885423ED0306800F10808286830601C
:104EA0006868001B102819D92F1907F0070008B9E6
:104EB000012000E0002050B900BF502080F311888D
:104EC000BFF34F8FBFF36F8F00BF00BFFEE768686F
:104ED000001B78606C603846FFF7A6FC1B496868C9
:104EE0000968081A194908600846006819490968DC
:104EF000884203D21548006816490860124968685C
:104F00000968084368600020286013480068401C56
:104F10001149086001F020FB08F0070008B90120E2
:104F200000E0002050B900BF502080F31188BFF38B
:104F30004F8FBFF36F8F00BF00BFFEE74046BDE855
:104F4000F0810000880000209C0000208C000020E0
:104F5000800000209000002094000020001F4FF0EF
:104F600080730360001F21F001030360001F054BE5
:104F7000036014380260001F6FF0020303602038E2
:104F800070470000394D010810B524220249A1F1F3
:104F90002400FAF773F810BD7582002002E00120AA
:104FA000FFF756F9FBE70000F0EE400AF5EEC00A05
:104FB000F1EE10FA02DDB7EE000A7047F5EEC00A16
:104FC000F1EE10FA02D2BFEE000AF6E79FED010AF9
:104FD000F3E700000000000010B503460C4603B1E3
:104FE00004B910BD1878597840EA0120C0F30A00CE
:104FF00020805878C010997840EA4110C0F30A0028
:10500000608098788011D97840EA8100197940EA67
:105010008120C0F30A00A08018794010597940EA35
:10502000C110C0F30A00E0805879C0F30110A072EB
:10503000587900118108E1729879D97940EA012004
:1050400000B2A081187A597A40EA012001B204F135
:105050000C00E181987AD97A40EA012001B204F18A
:105060000C002182197BA174597BE174987BD97B58
:1050700040EA0120A082187C597C40EA012000B25D
:1050800020812088A0F5806000B220806088A0F593
:10509000806000B26080A088A0F5806000B2A0802F
:1050A000E088A0F5806000B2E0802089A0F58060F3
:1050B00000B2208121460248F3F770FF00BF90E75D
:1050C0001882002000B589B047208DF804005620D2
:1050D0008DF805002548C07918B101208DF806002B
:1050E00002E000208DF806002148D0F8AC00CDF891
:1050F00007002048007F012806D19FED1F0A10EE0F
:10510000100ACDF80B0004E01948D0F8BC00CDF827
:105110000B00174890ED2A0AB1EE400A10EE100A73
:10512000CDF80F00124890ED2E0AB1EE400A10EEB5
:10513000100ACDF813000E48D0F8B400CDF81700CF
:105140000C484068CDF81B000A484088ADF81F00A5
:1051500045208DF821004E2101A8817764231F226C
:1051600001A90648F1F734FF09B000BD18820020FC
:10517000107A0020F481002000000000E8140020D4
:10518000FCF716FEC92000F031FAFCF77BFD13E0B6
:10519000FCF7F0FDFCF774FDFCF7D2FEFCF70AFE0D
:1051A000FCF73CFDFCF79EFE012000F01FFA0020FA
:1051B00000F094F801490860EAE7000024060020A6
:1051C00010B500EE100A2DED028BB1EEC08A18EE7C
:1051D000100A20F00040C0F1FF40C00F0AD010EECE
:1051E000100A20F00040C0F1FF40C00F04BF0120B2
:1051F000FEF706F818EE100ABDEC028B10BD00BFDA
:1052000000F092FB0120FFF723F8F9E7B0EE401A17
:1052100030EEC10AF0EE401AB0EE412A00EE100A5C
:10522000B8EEC00A60EE212A01228A40521E00EE2A
:10523000102AB8EEC03A82EE830A30EE020A7047B6
:1052400070B506460D4600F0ABF818480068C06C13
:1052500088B901201549096881F850005DB1012124
:105260002846FFF74DF84FF0805011490860BFF312
:105270004F8FBFF36F8F00F0BDF800F091F80B482F
:105280000068C46C4CB126B1002008490968C864A4
:1052900003E0601E05490968C864002003490968E5
:1052A00081F8500000F0A6F8204670BD30000020C4
:1052B00004ED00E001460A69D1E901309860D1E9C6
:1052C000010358605068884201D18868506000200E
:1052D00008611068401E1060106870472DE9F041A9
:1052E000044614B90648006800E0204607463D6BB6
:1052F0002846FFF715FD06463046BDE8F081000060
:1053000030000020034B0360034B0B6080231360CD
:10531000704700003406002088060020034B03601D
:10532000034B0B604FF480731360704788080020B4
:10533000DC08002000F1080141604FF0FF3181607E
:1053400000F10801C1600161002101607047002186
:105350000161704710B502460B685C1C0CB91069FE
:1053600007E002F1080000E04068446824689C42BD
:10537000FAD944684C604C68A160886041600A6159
:105380001468641C146010BD42684A6093688B60A6
:10539000936859609160086103685B1C0360704703
:1053A00000BF502080F31188BFF34F8FBFF36F8F82
:1053B00000BF0E480068401C0C49086008460068A1
:1053C000012812D10A480068C0B208B9012000E0E3
:1053D000002050B900BF502080F31188BFF34F8FD9
:1053E000BFF36F8F00BF00BFFEE77047A000002033
:1053F00004ED00E00D48006850B900BF502080F374
:105400001188BFF34F8FBFF36F8F00BF00BFFEE760
:1054100006480068401E054908600846006820B933
:10542000002080F3118800BF00BF7047A00000205B
:1054300070B506463546002E44D0083D2C4622491C
:1054400060680968084008B1012000E0002050B9F8
:1054500000BF502080F31188BFF34F8FBFF36F8FD1
:1054600000BF00BFFEE7206808B9012000E000206F
:1054700050B900BF502080F31188BFF34F8FBFF3A6
:105480006F8F00BF00BFFEE70F49606809680840E2
:10549000C0B12068B0B90C49606809688843606091
:1054A00000F0F4F909496068096808440749086090
:1054B0002046FFF7B9F906480068401C0449086017
:1054C00001F04AF870BD00009C0000208C00002014
:1054D0009800002000204FF0E02108618861064814
:1054E00000684FF47A71B0FBF1F0401E4FF0E021FC
:1054F00048610720086170472C00002070B5EAF76A
:10550000ABFE0446102C16D304F1E02090F8F053C3
:1055100015480078854201DB012000E0002050B9E9
:1055200000BF502080F31188BFF34F8FBFF36F8F00
:1055300000BF00BFFEE70D48006800F4E0600C49C2
:105540000968884201D8012000E0002050B900BF5E
:10555000502080F31188BFF34F8FBFF36F8F00BFD0
:1055600000BFFEE770BD0000A40000200CED00E0CD
:10557000A8000020024600200BE0084B53F8303012
:1055800033B9064B43F8301003EBC0035A6002E016
:10559000401C0828F1D300BF7047000058170020B6
:1055A0002DE9F04105460E4617462C46FFF7F8FE5A
:1055B00094F94400401C10B9002084F8440094F988
:1055C0004500401C10B9002084F84500FFF712FF89
:1055D000A06B28B93A46314604F1240000F0DAF80D
:1055E0002046FFF7D6FBBDE8F081000070B5044609
:1055F0000025D4B11248006808B9012000E000205D
:1056000050B900BF502080F31188BFF34F8FBFF314
:105610006F8F00BF00BFFEE700F038F90021204681
:10562000FEF76EFE00F098FF05463DB94FF0805042
:1056300004490860BFF34F8FBFF36F8F70BD000048
:105640006800002004ED00E0034909680160034997
:1056500009684160704700005800002044000020A5
:105660000120014908607047540000202DE9F041F5
:1056700005460F4655B900BF502080F31188BFF38F
:105680004F8FBFF36F8F00BF00BFFEE7FFF736FFFE
:105690002C4600BF5021EFF3118081F31188BFF336
:1056A0004F8FBFF36F8F00BF064694F850800220E3
:1056B00084F85000E06C401CE064B8F1010F3AD16E
:1056C000A06A08B9012000E0002050B900BF5020B6
:1056D00080F31188BFF34F8FBFF36F8F00BF00BF00
:1056E000FEE718480068A8B9201DFFF7E3FD94F80D
:1056F0002C100120884014490968084312490860A9
:10570000E16A01EB8101114A02EB8100211DFFF7E3
:105710003BFE04E004F118010D48FFF735FE0D498A
:10572000E06A0968C96A884205D90FB1012038606A
:1057300001200949086000BF86F3118800BFBDE859
:10574000F081000068000020480000209817002029
:105750004C180020300000205400002070B5044692
:105760000D4654B900BF502080F31188BFF34F8F0E
:10577000BFF36F8F00BF00BFFEE705480168183117
:105780002046FFF7E7FD01212846FEF7B9FD70BD71
:105790003000002070B505460E46144655B900BFCE
:1057A000502080F31188BFF34F8FBFF36F8F00BF7E
:1057B00000BFFEE70648016818312846FFF7E4FD00
:1057C0000CB14FF0FF3621463046FEF799FD70BD13
:1057D0003000002010B586B000200590049003AA88
:1057E00004A905A8FFF78EFD0022DDE90410134689
:1057F000CDE9002102901EA11F48039A00F092FCFF
:105800001E4908600846006808B1012400E0002431
:10581000012C02D100F022FF0446012C15D100BF5B
:10582000502080F31188BFF34F8FBFF36F8F00BFFD
:105830004FF0FF3012490860012012490860002033
:105840001149086000F072F810E0601C08B10120F6
:1058500000E0002050B900BF502080F31188BFF352
:105860004F8FBFF36F8F00BF00BFFEE706B010BDC4
:1058700049444C4500000000B14601086400002086
:10588000600000204C000020440000200248006816
:10589000401C014908607047680000201D480068EE
:1058A00018B101201C49086032E000201A49086044
:1058B0001A480068B0FA80F0C0F11F0101EB8100C6
:1058C000174A52F8200008B1012000E0002050B92A
:1058D00000BF502080F31188BFF34F8FBFF36F8F4D
:1058E00000BF00BFFEE701EB81020D4B03EB82001E
:1058F00042685268426000F108024368934202D154
:105900004268526842604268D268064B1A6000BF23
:10591000704700006800002054000020480000206C
:105920009817002030000020704700001CB5524836
:1059300000685249884201D0012000E0002050B99F
:1059400000BF502080F31188BFF34F8FBFF36F8FDC
:1059500000BF00BFFEE7484800684849491E88422A
:1059600001D0012000E0002050B900BF502080F39A
:105970001188BFF34F8FBFF36F8F00BF00BFFEE7EB
:105980003F49084600780190FF200A4610700846FB
:10599000007800909DF8000000F0F0009DF80020D5
:1059A000904201D1012000E0002050B900BF5020FA
:1059B00080F31188BFF34F8FBFF36F8F00BF00BF1D
:1059C000FEE79DF8000000F050002E4A10700720FE
:1059D0002D4A106009E02C480068401E2A4A1060D9
:1059E0009DF800004006000E00909DF8000000F0B9
:1059F00080008028EFD024480068C0F10700042808
:105A000001D1012000E0002050B900BF502080F3F8
:105A10001188BFF34F8FBFF36F8F00BF00BFFEE74A
:105A2000194800680002184A10601046008800F407
:105A3000E0601060124A019810700F482030006832
:105A400040F470000C49203108600846006840F0BE
:105A500070400860FFF73EFD00200C490860EAF73F
:105A6000C3FB0B48006840F0404009490860EAF772
:105A7000A7FB00201CBD000000ED00E071C20F413B
:105A800000E400E0A4000020A8000020A000002006
:105A900034EF00E02DE9F84380460E4617461D46D8
:105AA000DDF82090B8F1000F01D0012000E00020C7
:105AB00050B900BF502080F31188BFF34F8FBFF360
:105AC0006F8F00BF00BFFEE70DB1012000E0002096
:105AD00050B900BF502080F31188BFF34F8FBFF340
:105AE0006F8F00BF00BFFEE707B10EB1012000E0DD
:105AF000002050B900BF502080F31188BFF34F8FB2
:105B0000BFF36F8F00BF00BFFEE707B90EB90120DA
:105B100000E0002050B900BF502080F31188BFF38F
:105B20004F8FBFF36F8F00BF00BFFEE7482000908C
:105B30000098482801D1012000E0002050B900BFA2
:105B4000502080F31188BFF34F8FBFF36F8F00BFDA
:105B500000BFFEE700BF2C464CB1012084F8460090
:105B60004B463A46314640460094FEF7B5FD204686
:105B7000BDE8F88370B505460E462C4654B900BF03
:105B8000502080F31188BFF34F8FBFF36F8F00BF9A
:105B900000BFFEE7FFF704FCD4E90F12206801FB09
:105BA0000200A0600020A06320686060E06B401EDF
:105BB000226C216800FB0211E160FF2084F84400A0
:105BC00084F845009EB9206908B9012000E0002052
:105BD000A8B904F1100000F073FC80B14FF08050C0
:105BE00009490860BFF34F8FBFF36F8F07E004F1DF
:105BF0001000FFF79FFB04F12400FFF79BFBFFF76A
:105C0000F9FB012070BD000004ED00E02DE9FF4329
:105C100083B0064688461D464FF00009344654B905
:105C200000BF502080F31188BFF34F8FBFF36F8FF9
:105C300000BF00BFFEE7B8F1000F01D1206C08B92A
:105C4000012000E0002050B900BF502080F31188EF
:105C5000BFF34F8FBFF36F8F00BF00BFFEE7022D72
:105C600002D1E06B012801D1012000E0002050B9F1
:105C700000BF502080F31188BFF34F8FBFF36F8FA9
:105C800000BF00BFFEE700F0FDFA08B9059808B9AB
:105C9000012000E0002050B900BF502080F311889F
:105CA000BFF34F8FBFF36F8F00BF00BFFEE700BF92
:105CB000FFF776FBA06BE16B884201D3022D28D160
:105CC0002A4641462046FEF73AFC0746606A08B974
:105CD000012000E0002068B904F1240000F0F0FB8E
:105CE00088B14FF0805032490860BFF34F8FBFF347
:105CF0006F8F08E03FB14FF080502D490860BFF32F
:105D00004F8FBFF36F8FFFF775FB012007B0BDE822
:105D1000F083059818B9FFF76DFB0020F6E7B9F19D
:105D2000000F04D101A8FFF78FFC4FF00109FFF726
:105D300061FBFFF7ABFDFFF733FB94F94400401C18
:105D400010B9002084F8440094F94500401C10B9B3
:105D5000002084F84500FFF74DFB05A901A800F0DD
:105D60005BF9F0B92046FEF7CCFDA0B104F11000BC
:105D70000599FFF7F3FC2046FFF70BF800F0ECFB6A
:105D8000002895D14FF0805009490860BFF34F8F2C
:105D9000BFF36F8F8CE72046FEF7FBFF00F0DCFBC4
:105DA00086E72046FEF7F5FF00F0D6FB0020ADE7C2
:105DB00004ED00E02DE9F84F07468A4690461E465E
:105DC0003C4654B900BF502080F31188BFF34F8F79
:105DD000BFF36F8F00BF00BFFEE7BAF1000F01D124
:105DE000206C08B9012000E0002050B900BF50200D
:105DF00080F31188BFF34F8FBFF36F8F00BF00BFD9
:105E0000FEE7022E02D1E06B012801D1012000E063
:105E1000002050B900BF502080F31188BFF34F8F8E
:105E2000BFF36F8F00BF00BFFEE7FFF767FB00BF48
:105E30005021EFF3118081F31188BFF34F8FBFF32F
:105E40006F8F00BF0546A06BE16B884201D3022E25
:105E500025D194F945B0A06B0090324651462046BA
:105E6000FEF76DFB0BF1010088B9606A08B90120EB
:105E700000E0002050B904F1240000F021FB28B11B
:105E8000B8F1000F02D00120C8F8000004E00BF1C7
:105E9000010040B284F845004FF0010901E04FF0E5
:105EA000000900BF85F3118800BF4846BDE8F88FA0
:105EB0002DE9F74183B005460E464FF000082C4609
:105EC00054B900BF502080F31188BFF34F8FBFF348
:105ED0006F8F00BF00BFFEE70EB9206C08B901202C
:105EE00000E0002050B900BF502080F31188BFF3BC
:105EF0004F8FBFF36F8F00BF00BFFEE700F0C2F906
:105F000008B9059808B9012000E0002050B900BF89
:105F1000502080F31188BFF34F8FBFF36F8F00BF06
:105F200000BFFEE700BFFFF73BFAA76BF7B13146B2
:105F30002046FEF7EFFA781EA063206908B9012019
:105F400000E0002060B904F1100000F0B9FA38B1A7
:105F50004FF080502F490860BFF34F8FBFF36F8F12
:105F6000FFF748FA012006B0BDE8F081059818B99E
:105F7000FFF740FA0020F6E7B8F1000F04D101A8BE
:105F8000FFF762FB4FF00108FFF734FAFFF77EFCE2
:105F9000FFF706FA94F94400401C10B9002084F879
:105FA000440094F94500401C10B9002084F84500D5
:105FB000FFF720FA05A901A800F02EF8F0B9204655
:105FC000FEF792FCA0B104F124000599FFF7C6FB8F
:105FD0002046FEF7DEFE00F0BFFA0028A3D14FF006
:105FE00080500C490860BFF34F8FBFF36F8F9AE763
:105FF0002046FEF7CEFE00F0AFFA94E72046FEF70B
:10600000C8FE00F0A9FA2046FEF76EFC00288AD0F0
:106010000020A8E704ED00E070B506460C4656B92E
:1060200000BF502080F31188BFF34F8FBFF36F8FF5
:1060300000BF00BFFEE754B900BF502080F31188B5
:10604000BFF34F8FBFF36F8F00BF00BFFEE7FFF7B7
:10605000A7F9184802687068131A1748006890F882
:10606000520030B100201449096881F8520001251E
:106070001CE02068401C08B9002517E00F49306873
:106080000968884204D07068904201D801250DE06B
:106090002068984207D92068C01A20603046FFF770
:1060A000D3FA002502E0002020600125FFF7A2F9C5
:1060B000284670BD44000020300000205800002019
:1060C0002DE9FF4F85B0804689461746DDE912ABC2
:1060D000B800FEF79DFE064656B15420FEF798FE26
:1060E00004460CB1266304E03046FFF7A1F900E056
:1060F00000248CB1002084F85100CDE900ABCDE93B
:1061000002403A4649464046089BFEF7F8FA2046C8
:10611000FEF748F9012501E04FF0FF35284609B0A8
:10612000BDE8F08F2DE9F04F85B0074688469146CF
:106130009A46DDE90EB6109C0EB1012000E0002069
:1061400050B900BF502080F31188BFF34F8FBFF3C9
:106150006F8F00BF00BFFEE70CB1012000E0002000
:1061600050B900BF502080F31188BFF34F8FBFF3A9
:106170006F8F00BF00BFFEE75420039003985428A0
:1061800001D1012000E0002050B900BF502080F371
:106190001188BFF34F8FBFF36F8F00BF00BFFEE7C3
:1061A00000BFB4B1AEB125462C462E63022085F85F
:1061B0005100002004A953464A46CDE900B1CDE97B
:1061C000025041463846FEF79AFA2846FEF7EAF8AA
:1061D00001E000200490049805B0BDE8F08F0000B5
:1061E00070B5064607253046EAF76DFD102801D246
:1061F000012000E0002050B900BF502080F311883A
:10620000BFF34F8FBFF36F8F00BF00BFFEE7FFF7F5
:106210003DFB00BF6D1E05EB8501154A02EB8100B9
:106220003146FEF7D3FC044604B101E0002DF1D164
:1062300000BF2CB931460F480068FEF7C7FC044682
:106240002CB931460C480068FEF7C0FC044624B95E
:1062500031460A48FEF7BAFC044624B931460848DC
:10626000FEF7B4FC044600F077F9204670BD00004C
:1062700098170020340000203800002074180020F7
:10628000601800200549096809B9012005E00449A2
:10629000096809B9022000E0002070474C00002086
:1062A0006800002001490868704700004400002091
:1062B0002DE9F0414FF000084448006800287CD1E7
:1062C00043480068451C4248056015BB41480068CA
:1062D000006808B9012000E0002050B900BF50203C
:1062E00080F31188BFF34F8FBFF36F8F00BF00BFE4
:1062F000FEE738480768384800683649086036487D
:10630000076036480068401C34490860FEF72EFCE0
:1063100000BF3348006885423CD300BF2D48006869
:10632000006808B9012000E0002020B14FF0FF30E4
:106330002B4908602DE027480068C068C46866687B
:10634000B54202D22648066023E0201DFEF7B2FFC8
:10635000A06A18B104F11800FEF7ACFF94F82C10F5
:10636000012088401F49096808431E490860E16A06
:1063700001EB81011C4A02EB8100211DFFF704F8AB
:106380001A49E06A0968C96A8842C7D34FF0010810
:10639000C4E700BF15480068C06A00EB80001249DE
:1063A00051F82000012801D94FF001081048006879
:1063B00008B14FF0010805E0FFE70E480068401CF7
:1063C0000C4908604046BDE8F081000068000020EC
:1063D0004400002034000020380000205800002035
:1063E00060000020480000209817002030000020A6
:1063F000540000205000002070B505462C460026B1
:10640000002D55D02B480068844201D1012000E0C6
:10641000002050B900BF502080F31188BFF34F8F88
:10642000BFF36F8F00BF00BFFEE7A06C50B900BF85
:10643000502080F31188BFF34F8FBFF36F8F00BFE1
:1064400000BFFEE7A06C401EA064616CE06A884259
:106450002ED0A06C60BB201DFEF72CFF78B9E06A3F
:1064600000EB8000144951F8200040B994F82C103A
:106470000120884011490968814310480160606C1F
:10648000E062E06AC0F10700A06194F82C100120DE
:1064900088400A490968084308490860E16A01EB35
:1064A0008101054A02EB8100211DFEF76DFF0126E7
:1064B000304670BD300000209817002048000020B2
:1064C00070B50646F068C46854B900BF502080F328
:1064D0001188BFF34F8FBFF36F8F00BF00BFFEE780
:1064E00004F11800FEF7E6FE15480068A8B9201D63
:1064F000FEF7E0FE94F82C1001208840114909684D
:10650000084310490860E16A01EB81010E4A02EB81
:106510008100211DFEF738FF04E004F118010B484B
:10652000FEF732FF0A49E06A0968C96A884204D95D
:10653000012501200749086000E00025284670BDBC
:106540006800002048000020981700204C18002008
:10655000300000205400002070B50024002636488A
:10656000006850B900BF502080F31188BFF34F8FEF
:10657000BFF36F8F00BF00BFFEE7FEF711FF2E488D
:106580000068401E2C4908600846006800284FD16A
:106590002A48006800284BD024E02948C068C46815
:1065A00004F11800FEF786FE201DFEF783FE94F826
:1065B0002C100120884023490968084321490860BC
:1065C000E16A01EB8101204A02EB8100211DFEF707
:1065D000DBFE1E49E06A0968C96A884202D30120CD
:1065E0001B4908601648006808B9012000E0002037
:1065F0000028D2D00CB1FEF7B9FA1648056865B18B
:1066000000BFFFF755FE10B10120114908606D1E53
:10661000002DF6D100200F4908600D48006838B100
:10662000012630070C490860BFF34F8FBFF36F8F0F
:10663000FEF7E0FE304670BD6800002040000020FC
:106640004C1800204800002098170020300000203F
:10665000540000205000002004ED00E010B586B08A
:106660000024FDF7F9FE16480068D0B1002005901F
:10667000049003AA04A905A8FEF750FE0222DDE952
:1066800004100023CDE9002102900EA10F48039AC7
:10669000FFF748FD0E4908600846006800B1012474
:1066A00000BF54B900BF502080F31188BFF34F8F53
:1066B000BFF36F8F00BF00BFFEE7204606B010BDDE
:1066C00074000020546D722053766300794D0108E8
:1066D000780000202DE9FF4704460D4616461F4668
:1066E000DDF830804FF0000954B900BF502080F32E
:1066F0001188BFF34F8FBFF36F8F00BF00BFFEE75E
:106700001448006810B3009501960294062D15DA1E
:10671000FFF7B8FD022808D10023424669460D481C
:106720000068FFF773FA814610E000231A466946B5
:1067300008480068FFF76AFA814607E000233A46F6
:10674000694604480068FFF735FB8146484604B0B7
:10675000BDE8F0877400002018690108FF510108A6
:10676000FEFF0000000000008000000000000000AC
:1067700000000000006901086582000803000000B5
:106780000000000000040000000000000000000005
:10679000E8680108213C0108020000000000000038
:1067A000000200000000000000000000086901086D
:1067B0009D4F010801000000000000008000000063
:1067C0000000000000000000DC680108ED41010845
:1067D000FFFF0000000000000001000000000000BA
:1067E00000000000F4680108815101080100000068
:1067F0000000000000020000000000000000000097
:106800000006101600061016000000000000000030
:106810000102030406070809000000000102030446
:1068200040AC037D04014103057C00026D0D026D47
:1068300009020B080141090242C0030A0B040000CF
:106840000000A04100000000CDCC4C3D0000803F86
:1068500000000000CDCC4C3D0000004000000000D6
:10686000CDCCCC3D0000803F00000000CDCC4C3DA5
:106870000000A041CDCCCC3DCDCCCC3D0000803F34
:1068800000000000CDCCCC3D0000803F00000000A7
:1068900000000000000000000000803F0000000039
:1068A00000000000000000000000803F0000C8441D
:1068B000CDCC4C3E00000000000070419A99193F79
:1068C0000000803F0000F041CDCC4C3D0000803FF7
:1068D0000000C8420000003FCDCCCC3D6D7573690F
:1068E000635461736B00000067696D62616C546191
:1068F000736B000073686F6F745461736B000000FA
:10690000696D755461736B0052656D6F74655F726C
:1069100065635F7461736B007465737400000000DD
:10692000406901080000002034060000341100080E
:106930000C6A010834060020ACD30000F0310108D5
:1069400002230132103928037124F41AAA01011418
:10695000100DE7416B3A58A08B3A7D04017C16027A
:1069600040AB03411009055308065804070F1608E9
:1069700010820911160A15800B16053C0C18010D22
:10698000021108F201031A803F09711C0808125015
:10699000C347CDCCCC3D0409531C0C1A401C461CEB
:1069A00005180AD7233C09521C0D1BBD3786351C20
:1069B000D4247449091310031A803F09721C099EDC
:1069C000900912106FC842CDCCCC3D04091210C5FD
:1069D0000AD7233C091310D450C347091E10014F96
:1069E0004B82FF015A920842FF5AA208B9F03908B7
:1069F0000212BF791C091D246920E93809164809CB
:0C6A00001E28A103300101031CC8430044
:040000050800018965
:00000001FF
