:020000040800F2
:10000000C0690024A5030008A1C70008459A00089C
:100010005DC600080D1400087DED0008000000001A
:10002000000000000000000000000000E5020008E1
:1000300009350008000000004103000889D00008CD
:10004000C3030008C3030008C3030008C303000878
:10005000C3030008C3030008C3030008C303000868
:10006000C3030008C3030008C303000825300008C9
:10007000313000083D30000849300008C303000853
:10008000C3030008C3030008C30300083137000896
:1000900099370008C3030008C3030008C30300081E
:1000A000C3030008C3030008C3030008C303000818
:1000B000C3030008C303000821D20008C3030008DB
:1000C000C3030008C3030008C3030008C3030008F8
:1000D000A1CC0008E1E70008C3030008C30300083F
:1000E000C3030008C303000800000000C3030008A6
:1000F000C3030008C3030008C3030008C3030008C8
:10010000C3030008C3030008C3030008C3030008B7
:10011000C303000851D700082DD20008C30300080C
:100120005530000861300008C3030008C30300080D
:10013000C3030008C3030008C3030008C303000887
:1001400000000000000000000000000000000000AF
:10015000C30300086D300008C3030008C303000890
:10016000C3030008C3030008C3030008C303000857
:10017000C3030008C3030008C30300080000000015
:10018000C3030008C30300085DD70008C3030008C9
:10019000C3030008C3030008C3030008C303000827
:1001A000C3030008C3030008C303000800000000E5
:1001B000C3030008C3030008C3030008C303000807
:1001C000C3030008C3030008000000000000000093
:1001D0000000000000000000C30300080000000051
:1001E000000000000000000000000000000000000F
:1001F0000000000000000000C3030008C303000863
:10020000C3030008C303000800000000C303000884
:10021000C3030008C3030008C3030008C3030008A6
:10022000C303000800000000C30300080000000032
:10023000C3030008C303000800000000C303000854
:10024000C3030008C3030008C3030008C303000876
:10025000C3030008C3030008C3030008C303000866
:10026000C3030008C3030008C3030008C303000856
:10027000C3030008C3030008C30300080000000014
:10028000C3030008C3030008C3030008C303000836
:1002900000000000C3030008C303000800000000C2
:1002A00000000000C3030008C3030008C3030008E4
:1002B000BDE70008C3030008C303000809380008AD
:1002C000C3030008C3030008C3030008DFF810D00D
:1002D00000F0DAFA00480047452C0108AFF300802F
:1002E000C06900242C4B19680868B0E8F04F80F30F
:1002F0000988BFF36F8F4FF0000080F311887047BB
:100300000000000008480068006880F308884FF08B
:10031000000080F3148862B661B6BFF34F8FBFF35D
:100320006F8F00DF00BF00BF08ED00E0DFF80C00BA
:10033000016841F470010160704700BF88ED00E082
:10034000EFF30980BFF36F8F134B1A681EF0100F85
:1003500008BF20ED108A20E9F04F106009B44FF07B
:10036000500080F31188BFF34F8FBFF36F8F13F0EE
:1003700033FB4FF0000080F3118809BC196808684E
:10038000B0E8F04F1EF0100F08BFB0EC108A80F3F9
:100390000988BFF36F8F704738000024EFF30580A2
:1003A00070470000074880470748804707480047D4
:1003B000FEE7FEE7FEE7FEE7FEE7FEE7FEE7FEE715
:1003C000FEE7FEE7B536000849D10008CD02000877
:1003D0002DE9F05F0546002092469B46884606467A
:1003E000814640241BE0284641464746224600F00D
:1003F00082F853465A46C01A914110D31146184606
:10040000224600F016F82D1A67EB01084F462246E7
:100410000120002100F00DF817EB00094E41201ECD
:10042000A4F10104DFDC484631462A464346BDE8D4
:10043000F09F202A04DB203A00FA02F100207047E6
:100440009140C2F1200320FA03F319439040704712
:10045000202A06DBCB17203A41FA02F043EAE07388
:1004600006E041FA02F3D040C2F120029140084375
:100470001946704740EA01039B0703D009E008C909
:10048000121F08C0042AFAD203E011F8013B00F859
:10049000013B521EF9D27047D2B201E000F8012BA5
:1004A000491EFBD270470022F6E710B513460A46F4
:1004B00004461946FFF7F0FF204610BD421C10F815
:1004C000011B0029FBD1801A704730B50B4601464D
:1004D00000202022012409E021FA02F59D4205D3E3
:1004E00003FA02F5491B04FA02F52844151EA2F18D
:1004F0000102F1DC30BD202A04DB203A21FA02F0AF
:100500000021704721FA02F3D040C2F1200291404D
:100510000843194670472DE9FE4F804681EA0300E3
:10052000C00F0C46009021F0004123F00045B8EBCD
:100530000200A94105D24046214690461C460B4682
:10054000024623F00040104347D0270DC7F30A00AE
:10055000C3F30A510290401A019040286BDAC3F3AA
:10056000130040F4801B0098924620B10023D2EB88
:10057000030A63EB0B0B01985946C0F14002504649
:10058000FFF757FF06460D4650465946019AFFF7BA
:100590005FFF10EB08006141002487EA115284EAF2
:1005A000E7731A4340D0009A62B3019A012A4FEAD6
:1005B000075215DC001B61EB02014FF0004202EA1A
:1005C0000752CDE90042001C41F5801132462B460E
:1005D00000F07BF903B0BDE8F08F40462146F9E713
:1005E000001B61EB0201001C41F5801300185B4108
:1005F0002018A2F5001747EB030140EAD570B619A1
:100600006D4111E06D084FEA360645EAC0754FEAC4
:100610000752001B61EB0201001C41F580114908E3
:100620004FEA30000019514132462B4603B0BDE875
:10063000F04F00F03BB90098012240000023D0EBBE
:10064000020263EBE073009821464FEAE074B8EBD6
:10065000000061EB0401E9E783F000435BE781F010
:10066000004158E72DE9FE4F81EA030404F00044FD
:1006700021F0004100944FF0000B23F0004350EABA
:1006800001045ED052EA03045BD0C3F30A54C1F301
:100690000A552C44A4F2F3340194A0FB0254C1F394
:1006A000130141F48011C3F3130343F4801301FBDE
:1006B000024400FB034E840A970A44EA815447EA45
:1006C0008357A4FB076802958D0A05FB07854FEA4F
:1006D000932C04FB0C542705029D4FEA065847EA69
:1006E0001637B5EB08056EEB070C870E920E47EA3E
:1006F000811742EA8312A7FB0201B6EB0B0164EB00
:1007000000042B0D43EA0C335E1844EB1C50DA4610
:100710005146E7FB0201C5F313044FEA0B3343EAEA
:1007200014534FEA0432019C43EA0603A4F10C047B
:100730000294009CCDE900B400F0C7F803B0BDE816
:10074000F08F00200146F9E72DE9F04D81EA03041E
:1007500004F0004B21F0004514464FF0000A23F04E
:10076000004150EA050220D054EA01021DD0C5F331
:100770000A570246C5F31303C1F31300C1F30A5627
:1007800040F4801543F48013A7EB0608101BD646EF
:1007900008F2FD3873EB050002D308F1010801E00F
:1007A00092185B41B8F1000F03DA00200146BDE862
:1007B000F08D00204FF48011064684460EE0171B92
:1007C00073EB050705D3121B63EB050306434CEAE5
:1007D000010C49084FEA300092185B4150EA0107CA
:1007E000EDD152EA030012D082EA040083EA050147
:1007F000084305D0101BAB4106D20122002306E0BE
:1008000000224FF0004302E06FF0010253101AEB98
:1008100006004CEB085110EB0A0041EB0B01BDE860
:10082000F04D00F043B8C1F30A52C1F3130140F296
:10083000FF3341F480119A4202DA002001467047EA
:1008400040F233439A42A2F2334202DC5242FFF7B3
:1008500052BEFFF7EEBD000030B5041E71F100047A
:1008600004DB4FF00044404264EB0101141E73F1BD
:10087000000405DB1C464FF00043524263EB0403C7
:10088000994208BF904230BD064C074D06E0E06833
:1008900040F0010394E8070098471034AC42F6D3C7
:1008A000FFF718FDD85F0108F85F010810B5141EA6
:1008B00073F1000408DA401C41F1000192185B4119
:1008C0001A4301D120F0010010BD2DE9F04D9246F0
:1008D0009B4611B1B1FA81F202E0B0FA80F2203207
:1008E0009046FFF7A6FD04460F4640EA0A0041EA9B
:1008F0000B0153465A46084313D0114653EA0100F0
:1009000019D0C8F140025046FFF7F5FD05460E46E6
:10091000504659464246FFF78CFD084305D001205A
:1009200004E020463946BDE8F08D0020054346EA44
:10093000E0762C4337430A986305E40AA0EB0800ED
:100940000022FD0A44EA47540A3002D5002001463D
:10095000E9E7010510196941DDE908450019694118
:10096000BDE8F04DA2E770B58C1810F8015B15F0EA
:10097000070301D110F8013B2A1106D110F8012B11
:1009800003E010F8016B01F8016B5B1EF9D12B0736
:1009900005D40023521E0DD401F8013BFAE710F8EC
:1009A000013BCB1A921C03E013F8015B01F8015BD9
:1009B000521EF9D5A142D8D3002070BD30B50546EE
:1009C0000C46002D0CD0022C0AD90648A11E028824
:1009D000284603F0DBFB291901F8020D000A4870D4
:1009E00030BD0000FC0B002430B505460C46002D40
:1009F00009D0022C07D9FF222846611E03F0DEFB36
:100A0000291901F8010C30BD2DE9F05F2DED068BA1
:100A1000C24FD7F8800800EE100AB8EE400ADFEDAA
:100A2000C00A60EE200AA7F160044FF0010A00231B
:100A300004F14809618804F1500B002918D1A4F889
:100A400002A0E36304F1580197EDAD0A81ED000ABD
:100A500097EDCB1A81ED011A89ED000A89ED011A93
:100A600097EDB00A8BED000A97EDCE0A8BED010AE7
:100A7000E16B4218E263B1EE040AB7EE001A20EE11
:100A8000200A61EE200ADFEDA72AC7ED592AC7ED3B
:100A90006B2A60884FF4FA659FEDA33A012808D0CD
:100AA0009FEDA28A022837D0032866D0042832D1CD
:100AB0000BE19FED9F1A0126002071EE401A09EB11
:100AC0008001D1ED000AF4EEE10AF1EE10FA05D250
:100AD00070EE800AC1ED000A00260EE031EE002A19
:100AE000F4EEC20AF1EE10FA05DD70EEC00AC1EDB7
:100AF000000A002601E081ED001A401CC0B2022865
:100B0000DDD30EB9AA4202D902206080E363C7EDAB
:100B1000592A87ED6B3A68E00126002038EE601A0A
:100B20000BEB800191ED000AB4EEC10AF1EE10FA70
:100B300005D230EE200A81ED000A00260EE078EEA4
:100B4000201AB4EEE10AF1EE10FA05DD30EE600A8B
:100B500081ED000A002601E081ED008A401CC0B250
:100B60000228DDD30EB9AA4202D903206080E363D4
:100B7000C7ED592A87ED6B3A37E001260020DFEDFB
:100B80006D2A72EEC01AB0EE621A09EB8001D1ED47
:100B9000000AF4EEE10AF1EE10FA05D270EE800AD6
:100BA000C1ED000A00260EE031EE002AF4EEC20A82
:100BB000F1EE10FA05DD70EEC00AC1ED000A002664
:100BC00001E081ED001A401CC0B20228DBD39FED8A
:100BD0005A0A87ED590A9FED590A87ED6B0A0EB93B
:100BE000AA4202D904206080E3630024DFED548A26
:100BF0009FED549ADFED549A9FED54AA4FF0FF38C1
:100C00000BEB8400D0ED000AC4EB041007EBC00628
:100C100004EB440000EB041096EDB00A07EB8000F3
:100C200000F2C4400BF0BEFDB0EE408A96EDB00A73
:100C30000AF05CFA38EE400A09EB840096EDAD1A32
:100C4000D0ED000A70EEC10A96EDAE1AF1EE411A2F
:100C500068EEA00A49EE210AC4EBC40007EB800548
:100C600085EDFB0AC5EDFC0A05F57D7106F54370BF
:100C700000F028FE95EDFD0AB0EE691AF0EE4A0A82
:100C800010F054FE85EDFD0A95EDFE0AB0EE691AEE
:100C9000F0EE4A0A10F04AFE85EDFE0AD5EDFD0A97
:100CA000002C21D04FF0010000EE100A04EBC4002C
:100CB000B8EEC00A07EB001020EE800A80ED110AA2
:100CC000D5EDFE0A12D1404612E023706380204821
:100CD0000BF022FE1E484C300BF01EFE84ED048A01
:100CE000BDEC068BBDE8F09F4046DDE74FF001000C
:100CF00000EE100A0AEB4400B8EEC00A00EBC00098
:100D000007EBC00020EE800A80ED110A04F1010417
:100D1000E4B2022CFFF474AFE2E7000030010024DB
:100D20006F12833A0000000000000080713D0A3E0F
:100D30009A99993EDB0FC93FCDCC4C3ECDCC4CBEF1
:100D4000000070423333934000002042000020C274
:100D5000F405002401220248114605F009BB0000F9
:100D60000008025800220248012105F001BB0000E2
:100D7000000802587047000001220248082105F0CF
:100D8000F7BA00000008025800220248082105F0C6
:100D9000EFBA000000080258704730B504464FF41F
:100DA0007A7502E0284600F004F8641EA4B2F9D275
:100DB00030BD70B500214FF0E0256B69C0EB00102D
:100DC0004401AA69A8699042FCD003D2A2EB0002B8
:100DD000114403E0A3EB0006324411440246A14251
:100DE000F0D370BD10B5FFF7C5FFFFF7D5FF10F0CA
:100DF00043FB044610F0C6FB204310BD2DE9FC4127
:100E000004460D461646002000900190FFF7AAFF09
:100E1000922000F0BFF806226946122000F09CF8EC
:100E2000FFF798FF9DF801009DF80010000200B246
:100E30000843484F00EE100AD7ED000AB8EEC00A8A
:100E400020EE200A85ED000A9DF803009DF80210AF
:100E5000000200B2084300EE100AF8EEC00A97ED57
:100E6000000A60EE800AC5ED010A9DF805009DF8B4
:100E70000410000200B2084300EE900AF8EEE00A07
:100E800020EE800A85ED020AFFF77EFF0822694600
:100E9000002000F061F8FFF76FFF9DF800000F28B9
:100EA00030D19DF803009DF80210000200B2084303
:100EB00000EE100AD7ED010AB8EEC00A20EE200AB3
:100EC00084ED000A9DF805009DF80410000200B2B0
:100ED000084300EE100AF8EEC00A97ED010A60EE32
:100EE000800AC4ED010A9DF807009DF80610000273
:100EF00000B2084300EE900AF8EEE00A20EE800A05
:100F000084ED020AFFF72EFFA22000F043F8022230
:100F10006946222000F020F8FFF71CFF9DF8000032
:100F20009DF80110C00040EA5110B0F5806F02DB5F
:100F3000A0F5006000B200EE100AB4EE001AF8EE60
:100F4000C00AB3EE070A00EE810A86ED000ABDE88A
:100F5000FC810000200B002470B50D46144640F0C3
:100F6000800000F017F806E0552000F013F805F8AF
:100F7000010B641EE4B2002CF6D170BD10B50C4616
:100F800040F0800000F006F8552000F003F82070D3
:100F900010BD000001B582B04FF47A7001230090BB
:100FA00001AA034802A907F06BF99DF804000EBDE1
:100FB0003810002410B50C46FFF7ECFF2046BDE8C2
:100FC0001040FFF7E7BF000010B5394C37482060EC
:100FD000042161609FED371AB5EEC00AF1EE10FAF8
:100FE00001D2B0EE410A10EE101A334A914201DDEF
:100FF0009FED320AF5EEC00AF1EE10FA01D2F0EEE2
:10100000410A10EE901AB7EE001AB1F17E5F01DDD1
:10101000F0EE410A84ED020AC4ED030A01680A6A8F
:1010200041F211131A4207D10A6A9B101A4203D1E6
:101030000A6822F001020A60026800215162B5EEDE
:10104000C00AF1EE10FA06D80368EF22DA62C26035
:10105000026891631BE09FED1A2AC2EE001A31EE7E
:10106000C10A30EE011A61EE200AB6EE001A60EEF7
:10107000810ABCEEC00A026810EE101AD16280ED3F
:10108000030ABCEEE00A026810EE101A9163012117
:1010900007F0D4FBD4E9000107F0B4FD2068006834
:1010A000016841F00101016010BD000048120024F8
:1010B000C00000240000000000409C4600409C4608
:1010C0000024744970B505460C4600F013F8284614
:1010D00011F008FF9FED060AF0EE400A00F00AF852
:1010E000002C04D02046BDE8704011F0FBBE70BD5E
:1010F0000000000070B59FED5A1AB5EEC00AF1EE7F
:1011000010FA01D2B0EE410A10EE100A5549884299
:1011100001DD9FED550AF5EEC00AF1EE10FA01D29D
:10112000F0EE410A10EE900AF7EE001AB0F17E5F81
:1011300001DDF0EE610A4D4C84ED020AC4ED030AB4
:10114000206801680A6A41F211131A4207D10A6A3B
:101150009B101A4203D10A6822F001020A6001685A
:1011600000224A624149B5EEC00AF1EE10FA496820
:1011700004D9F5EEC00AF1EE10FA1ED80568EF2387
:10118000EB62C36051B104290BD008290CD00C29A3
:101190000DD010290ED00168CA6533E001684A639A
:1011A00030E001688A632DE00168CA632AE00168C3
:1011B0000A6427E001688A6524E09FED2D2A82EE0B
:1011C000001A31EE611A31EE210A20EE200AF6EE05
:1011D000000A20EE200AFCEEC10A036810EE902AF5
:1011E000DA62C0ED030AB9B104291CD0082921D064
:1011F0000C2926D010292BD0BCEEC00A026810EEB4
:10120000101AD165012107F019FB206800680168F8
:1012100041F00101016070BDBCEEC00A026810EE31
:10122000101A5163EEE7BCEEC00A026810EE101A05
:101230009163E7E7BCEEC00A026810EE101AD163B2
:10124000E0E7BCEEC00A026810EE101A1164D9E79C
:10125000BCEEC00A026810EE101A9165D2E70000D9
:101260000000000000409C4600409C46C000002456
:101270000024744970B52DED048B5D4C94EDB30AD8
:101280000FF05AFE94EDB01AD4EDB40A21EE201AF4
:1012900020EE018A94EDC20A30EE600AD4EDA30A72
:1012A00030EE200A9FED539A00EE098A94EDB30ABE
:1012B00010F098F8D4EDB10A00EE808A94EDD10ACE
:1012C0000FF03AFE94EDCE1AD4EDD20A21EE201A98
:1012D00060EE018A94EDE00A30EE600AD4EDA30AD4
:1012E00030EE200A40EE098A94EDD10A10F07AF827
:1012F000D4EDCF0A40EE808AF6EE000A38EE280AD6
:1013000020EE208A84ED988A94ED9A0A04F66C0007
:101310000AF0DEF9384D686880ED008A04F5006057
:1013200090ED1C0A686880ED010AD4F880089FEDF2
:10133000338A00EE100AD5F80001B8EE400A20EE1C
:10134000080A80ED010A284609F090FDD5F8E8006A
:1013500090ED002A84ED992A90ED010A84ED9B0A14
:1013600094ED930A9FED261BB7EEC00AB0EEC00BBA
:10137000B4EEC10BF1EE10FA0ED2D4F8800800EEF4
:10138000100AB8EE400A62EE000A94ED960A00EEEA
:10139000880A84ED960A03E09FED1B0A84ED960A05
:1013A0000021C1EB011004EBC00201EB410092ED02
:1013B000B30A04EBC00080EDEA0A92EDB40A80EDB6
:1013C000EB0A94ED960A80EDEC0A94ED990A80ED13
:1013D000ED0A94EDA20A80EDEE0A94EDA30A80EDE9
:1013E000EF0A491CC9B20229DBD3BDEC048B70BDE6
:1013F000300100248FC2753D605700246F12833A7C
:10140000000000E04D62503F00000000FEE70000D9
:101410002DE9F04105460E4617462DED028BF0EE04
:10142000408A002D2AD0002E28D000249FED158A56
:1014300022E000EE107A05EBC403B8EE400AD3EDCB
:10144000010A20EE800ABCEEC00A10EE100A93EDED
:10145000000AB5EEC00AF1EE10FA07D8B0EE480A5D
:101460000021F0EE400AFFF72DFE04E00021F0EE2F
:10147000680AFFF727FE641CB442DAD3BDEC028B86
:10148000BDE8F081000000000348C822B7EE000A62
:101490004FF4C471FFF7BCBFF43E010830B4029DA5
:1014A0000B4C44F8100C44F80C1C227663761A0A94
:1014B000A276E5762A0A227700226277A277E2777F
:1014C00004F1180230BC89B2082310F0C9B800003A
:1014D000880B00240B784A78DFED090A42EA0322E0
:1014E00012B200EE102AB8EEC00A80EE201A80ED8B
:1014F000001A8A780273CA78427309798173704737
:1015000000007A4410B504462DED108BB0EE40EA91
:10151000B0EE60FA82B0B7EECF0AB0EE40AB0EF09C
:10152000BBFA9FED8F8B20EE080BF7EEC0CBB7EE2A
:10153000CE0AB0EE409B0EF0AFFA20EE080BF7EEAD
:10154000C0EBB0EE4A0B0EF0A7F920EE080BB7EE99
:10155000C0BBB0EE490B0EF09FF920EE080BF7EE82
:10156000C0BB7CEEEEAA3BEE6BAA2AEE0A0A0AEE9C
:10157000AA0AB7EEC00A0EF0B1FBB7EEC00BF6EE4A
:10158000000A2AEE20CA2AEEA0AADFED770AB0EE02
:10159000601A00EE001A71EE60AA2CEE0C0A0AEE38
:1015A0000A0A0AEEEA0AB7EEC00A0EF097FBB7EE97
:1015B000CA1A30EE010B3CEE2A1AB7EEC11A0DF032
:1015C0002BFFB0EE001B20EE010BB7EEC0CBB7EE49
:1015D000CC0AB0EE40AB0EF05FF93BEECB1AB5EEA5
:1015E00000BBB7EEC1DA00EE0BDBB0EE4A0B0EF03B
:1015F00053FAB0EE401B3EEEEC0AB7EEC00A01EE25
:101600000B0BB0EE4D1B0DF007FFF7EEC0CBB0EEAD
:10161000490B0EF041F920EE08DBB0EE4A0B0EF05C
:101620003BF900EE0BDBB7EECDDBB0EE490B0EF075
:1016300033FA20EE089BB0EE4A0B0EF02DFA00EEC6
:101640000B9BB7EEC99B2DEE0D0A09EE090AB7EE0A
:10165000C00A0EF043FBB7EEC01B8DED011AB7EECA
:10166000CD1AB7EEC90A0DF0D7FEF7EEC0EB3EEE8D
:10167000EC0AB7EEC0AAB0EE4A0B0EF00DFA20EE5F
:10168000089B3EEE4C0AB7EEC0BAB0EE4B0B0EF024
:1016900003FA29EE00DB3CEECC0AB7EEC09AB0EEBE
:1016A000490B0EF0F9F98DEE001BF7EEC1FB3EEE93
:1016B000CC0AB7EEC0DAB0EE4D0B0EF0EDF920EE2D
:1016C00008EB3CEECF0AB7EEC0CAB0EE4C0B0EF002
:1016D000E3F92EEE00EBB0EE490B0EF0DDF98EEEE5
:1016E000001BB7EEC1EBB0EE4A0B0EF0D5F820EEC2
:1016F00008ABB0EE4B0B0EF0CFF92AEE00BBB0EE0C
:10170000490B0EF0C9F99DED011AB7EEC1AA20EE02
:101710000A0B8BEE001BB7EEC1BBB0EE4D0B0EF00B
:10172000BBF820EE088BB0EE4C0B0EF0B5F928EEAE
:10173000008BB0EE490B0EF0AFF920EE0A0B88EEED
:10174000001BB7EEC10BC4ED00FA84ED01EA84ED95
:1017500002BA84ED030A02B0BDEC108B10BD00008C
:10176000000000A047E1CA3F0000803D90ED000A64
:10177000D1ED000A524B20EE200A83ED210A90EDB4
:10178000010AD1ED010A20EE200A83ED220A90ED34
:10179000020AD1ED020A20EE200A83ED230A90ED21
:1017A000030AD1ED030A20EE200A83ED240A90ED0E
:1017B000040A83ED250A90ED050AD1ED050A20EE15
:1017C000200A83ED260A90ED060AD1ED000A20EEEC
:1017D000200A83ED270A90ED070AD1ED010A20EED9
:1017E000200A83ED280A90ED080AD1ED020A20EEC6
:1017F000200A83ED290A90ED090AD1ED030A20EEB3
:10180000200A83ED2A0A90ED0A0AD1ED040A20EE9F
:10181000200A83ED2B0A90ED0B0AD1ED050A20EE8C
:10182000200A83ED2C0A90ED000AD1ED000A91ED1B
:10183000011A20EE200AD0ED010A00EE810AD0ED57
:10184000020A91ED021A00EE810AD0ED030A91ED31
:10185000031A00EE810AD0ED040A91ED041A00EE9D
:10186000810AD0ED050A91ED051A00EE810A82ED9C
:10187000000A90ED060AD1ED000A91ED011A20EE62
:10188000200AD0ED070A00EE810AD0ED080A91ED9A
:10189000021A00EE810AD0ED090A91ED031A00EE5A
:1018A000810AD0ED0A0A91ED041A00EE810AD0ED0A
:1018B0000B0A91ED051A00EE810A82ED010A7047CC
:1018C0003009002490ED001AD0ED022A90ED012A93
:1018D000D0ED031A21EE001A02EEA01A22EE000A41
:1018E00001EEA00A81ED001A81ED010A70470000A7
:1018F000F0B4DDE904560C4C44F8100C44F80C1C10
:10190000170A277662761A0AA276E3762A0A2277DF
:101910006577320AA277E67704F11802F0BC89B243
:1019200008230FF09DBE0000880B00240848007AB1
:1019300002280BD0032801D001F058BB04486038BE
:10194000007808B1FFF760B801F0F0BA01F0EEBA24
:101950003001002470B5304C304D94F83800002828
:101960000BD094F8800040B194F8C80028B194F8E6
:10197000100110B1287D01281BD127480C3001F03F
:10198000DDFD012011F0AEFA2348543001F0D6FD00
:10199000012011F0A7FA20489C3001F0CFFD012072
:1019A00011F0A0FA1C48E43001F0C8FD012011F04C
:1019B00099FA207A032802D1617A032906D1A97BFA
:1019C00021B9022812D1607A02280FD014484FF4AE
:1019D000CA71FEF768FD002084F8280384F8A0038C
:1019E0000D489FED100A603880ED040A0E480F4D37
:1019F000407B48B10E48042107F004F9286811F033
:101A000001FF207A607270BD0948042107F098F93F
:101A1000286811F07BFFF4E730010024FA56002417
:101A200088030024713D0A3E50570024180000240A
:101A3000481200242DE9F04F2DED048BAFB00FF0CC
:101A400093FFB74E30600024671E012306F10C009F
:101A50001A46B7EE000ACDE90074194680460AF02E
:101A600075FE012306F154001A4602218146B7EEA5
:101A7000000ACDE900740AF069FE012506F19C0018
:101A80002B4603212A46B7EE000ACDE900548246D0
:101A90000AF05CFE012306F1E4001A4604218346A5
:101AA000B7EE000ACDE900540AF050FE9FED9D8A82
:101AB000002302220121B0EE480ACDE9007406F5A8
:101AC00096700AF043FE022200231146B0EE480A47
:101AD000CDE9005406F5BA700AF038FE404601F030
:101AE0002DFD012011F0FEF9484601F027FD0120EF
:101AF00011F0F8F9504601F021FD012011F0F2F942
:101B0000584601F01BFD88480470022141700321F2
:101B10008170C4704FF4CA7106F51670FEF7C3FCED
:101B20009C2106F5DE70FEF7BEFC86F8284386F899
:101B3000A04335722CAB7D4C94E8070007C3DFED62
:101B40007C8A0021B1EE040AF0EE680A2CAA06F2A3
:101B50002C400AF001FFD4E9041229ABE06807C366
:101B60000021F7EE000AB1EE000A29AA06F5EE60A0
:101B70000AF0F2FED4E9071226ABA06907C30021E0
:101B8000F0EE680AB2EE0E0A26AA06F2BC700AF05F
:101B9000E3FED4E90A02616A2391CDE9240200211F
:101BA000F0EE680AB2EE0E0A23AA06F608000AF062
:101BB000D3FED4E90D1220AB206B07C3F0EE680A08
:101BC0009FED5C9A002120AAB0EE490A06F2C440BB
:101BD0000AF0C2FE9FED588A06F5806686ED358ACA
:101BE0000021F0EE680AB0EE490A20AA06F58870D6
:101BF0000AF0B2FE86ED488AD4E91002E16B1D912D
:101C0000CDE91E02F0EE680A9FED4C0A00211DAAE4
:101C100006F523700AF0A0FED4E913121AABA06CEB
:101C200007C3F0EE680A9FED460A00211AAA06F1E2
:101C300078000AF091FED4E9161217AB606D07C365
:101C40000021F0EE680AB2EE000A17AA06F5FA7053
:101C50000AF082FE9FED3B8A06F25440B0EE480A3D
:101C600009F04AFDB0EE480A06F25C4009F044FD76
:101C7000B0EE480A06F2644009F03EFDB0EE480AB4
:101C800006F26C4009F038FD9FED2F0A06F2744011
:101C900009F032FD2448022300221946343008F0AE
:101CA00003FED4E91A13D4E9182014AE0BC613921C
:101CB00070340FCC0FAC0FC41C480BAE803090E8D2
:101CC0001E001EC600F1100107AE1EC91EC6D0E9D7
:101CD000092303AC016AC06A0EC4069013AA1B490B
:101CE0005CCA88685CC003AA08685CCA5CC00FAAAA
:101CF000C8695CCA5CC00BAA086A5CCA5CC0486957
:101D000007A91EC91EC00848183005703C218180F3
:101D10002D2141802FB0BDEC048BBDE8F08F000079
:101D2000300100243C3C7C412C5700245C500108CD
:101D30000000000000002A43CDCC4C3E0000AF4321
:101D4000000034436666663FCDCCCC3E5858002434
:101D500010B511F04BFF0E4CD4F87C18401AC4F8A3
:101D6000800811F043FFC4F87C08D4F82804401C14
:101D7000C4F828040CF040FF0CF038FD0CF0F4FD22
:101D80000CF058FFFFF776FABDE810400CF0E0BD0C
:101D9000300100242DE9F05F2DED0A8B002500268F
:101DA00000219FEDFE9ADFF8F8A3DAF80000B0F901
:101DB000022002F11403292B00D31546B0F90820A4
:101DC00002F11403292B00D31646B0F9002002F1CA
:101DD0001403292B00D31146494200EE101AB8EE25
:101DE000C00A9FEDF0AA60EE0A8AEF4FDFF8BCC38D
:101DF000FB7D012B03D0B0F90610614502D1012112
:101E00008AF8E8139AF8E813B1EE00BADFEDE8BA01
:101E10009FEDE8CADFF8A093DFEDE89AE04CDFF829
:101E2000A083603C012913D0DAEDF90AB0EE6B0A09
:101E30000EF06AFFB0EE408ADAEDF90AB0EE4C0A15
:101E40000EF062FFB0EE402AB87C002873D08CE11F
:101E500099F80A10322902D999F8001079B3F0EEF6
:101E6000008AD84991F84320CF49012A91F817B048
:101E7000897D0BEB4B0B4FEA4B0B24D0022A3AD057
:101E8000032A51D0C84B042ADB7D03EBC30363D084
:101E9000052A7ED0C44BDB7D03EB83035B00062A5F
:101EA00071D0072A70D0082A6FD0092A6ED00A2A6A
:101EB0006DD0B0F9060060456AD10120EEE0FFE781
:101EC000F0EE4B8ACDE7B0F90600604501D1012064
:101ED00000E0002000EE901A00EB40000BEB400009
:101EE00000EE100AF8EE600AB8EE400A00EEA80A0A
:101EF00084ED070AE2E0B0F90600C3EBC3026045D7
:101F000001D1012000E0002000EE901AC0EBC000DB
:101F1000104400EE100AF8EE600AB8EE400A00EE37
:101F2000A80A84ED070AC9E0B0F90600DA006045A6
:101F300002D1012001E00AE1002002EBC00000EE26
:101F4000100AF8EE400A00EE101AB8EE400A40EE11
:101F5000280AC4ED070AB1E0B0F90600604501D1D6
:101F6000012000E0002003EBC00000EE100AF8EEB4
:101F7000400A00EE101AB8EE400A40EE280AC4EDFE
:101F8000070A9BE005E01AE02FE044E059E06EE02C
:101F900083E0B0F90600604501D1012000E0002097
:101FA00000EE901A03EBC00000EE100AF8EE600A93
:101FB000B8EE400A00EEA80A84ED070A7EE0B0F908
:101FC0000600604501D1012000E0002003EBC000C5
:101FD00000EE100AF8EE400A00EE101AB8EE400AC1
:101FE00040EE280AC4ED070A68E0B0F90600604533
:101FF00001D1012000E0002003EBC00000EE100A38
:10200000F8EE400A00EE101AB8EE400A40EE280A38
:10201000C4ED070A52E0B0F90600604501D1012085
:1020200000E0002003EBC00000EE100AF8EE400ACA
:1020300000EE101AB8EE400A40EE280AC4ED070A76
:102040003CE0B0F90600604501D1012000E000202D
:1020500003EBC00000EE100AF8EE400A00EE101A82
:10206000B8EE400A40EE280AC4ED070A26E0B0F9AF
:102070000600604501D1012000E0002000EE901A2A
:1020800003EBC00000EE100AF8EE600AB8EE400A5A
:1020900000EEA80A84ED070A10E0002000EB4000E3
:1020A0000BEB400000EE100AF8EE400A00EE101AAA
:1020B000B8EE400A40EE280AC4ED070A384994ED0C
:1020C000070AD4ED080A6039354891ED091AB4EED3
:1020D000E00AD0F88008F1EE10FA11DD01EE900A66
:1020E000F8EE611A21EE811A41EE290AC4ED080AC0
:1020F000F4EEC00AF1EE10FA14DD84ED080A11E0E6
:1021000010D201EE900AF8EE611A21EE811A41EE2A
:10211000690AC4ED080AF4EEC00AF1EE10FA01D221
:1021200084ED080A94ED080A88ED020AB7EEC00AA9
:102130009FED251BB0EEC00BB4EEC10BF1EE10FA13
:1021400052D284ED0A9A00208AF8E8034CE0B7EEF8
:10215000C20AB7EEC81AB0EEC00BB0EEC11BB4EEA7
:10216000C10BF1EE10FA38FE028A9AEDF90A70EE10
:10217000080A17480AF016FBB1EE400AB7EEE81A53
:10218000B1EE062BB7F90000B7EEC00A01EE020B64
:1021900001EE100AB8EEC11B1CE0000000000000B8
:1021A000300100240C98C63AFA5600246CFDFFFF5B
:1021B000B4822A403869F4BE205700246F12833A53
:1021C0003857002494580024000000403333D33F94
:1021D000240700249FEDFE2B01EE420BB7EEC00B4F
:1021E00084ED070A88ED020A9AF8E803DFEDFAAAFF
:1021F000002866D1DAEDF90AB0EE6B0A0EF084FD24
:10220000B0EE408ADAEDF90AB0EE4C0A0EF07CFD31
:10221000B0EE401A0120B97C69B9B7EEC80AB7EE32
:10222000C11AB0EEC00BB0EEC11BB4EEC10BF1EEA3
:1022300010FA00D3801E99F80A10322902D999F8B1
:102240000010E9B3B0EE6A8A00EE105AB8EEC00A88
:1022500020EE0A0A60EE0B0A00EE100AB8EEC00A81
:1022600020EE800A88ED000ADAEDB00A9AEDCE1A67
:10227000B6EE002B70EE810AB7EEE01A21EE021BDB
:102280009FEDD62BB4EEC21BF1EE10FA2CDDB7EEAB
:10229000C01A397A00EE101AB8EE402B9FEDD10B20
:1022A00003EE100A22EE002BB8EEC33B02EE031B36
:1022B000B7EEC11B797A02EE101AB7EEC11A01E02F
:1022C0000FE0F5E2B8EE422B22EE000B02EE100A10
:1022D000B8EEC22B00EE421BB7EEC10B88ED000A30
:1022E000C8E2B7EE008AAFE7C04991F843109FED0E
:1022F000C02B012917D002294ED003297DD00429F3
:102300007CD005297BD09FEDBC1B062978D00729FE
:1023100077D0082976D0092975D00A2974D0397A5E
:10232000012972D089E2397A012917D1B97D414357
:1023300000EE901AF8EEE00A60EE880AB7EEE01AB6
:1023400000EE900AB8EEE03BB7EEC00A03EE021BC7
:1023500031EE000BB7EEC00B88ED000A797A012947
:10236000BED1B97D01EE100A4143B8EEC11B00EEAB
:10237000101AB8EEC00A20EE080AB7EEC00A01EE45
:10238000020B98ED001AB7EEC11A31EE400BB7EE12
:10239000C00B88ED000A6DE2397A9FED991B012987
:1023A00017D1B97D414300EE901AF8EEE00A60EED5
:1023B000880AB7EEE02A00EE900AB8EEE03BB7EEEE
:1023C000C00A03EE012B32EE000BB7EEC00B88ED16
:1023D000000A797A0129DED1B97D02EE100A414363
:1023E000B8EEC22B00EE101AB8EEC00A20EE080AB2
:1023F000B7EEC00A02EE010B08E012E04CE086E006
:10240000C0E01EE156E18EE1C6E1FEE198ED001A62
:10241000B7EEC11A31EE400BB7EEC00B88ED000AE3
:1024200028E2397A9FED781B012917D1B97D414304
:1024300000EE901AF8EEE00A60EE880AB7EEE02AA5
:1024400000EE900AB8EEE03BB7EEC00A03EE012BB7
:1024500032EE000BB7EEC00B88ED000A797A012945
:1024600099D1B97D02EE100A4143B8EEC22B00EEBD
:10247000101AB8EEC00A20EE080AB7EEC00A02EE43
:10248000010B98ED001AB7EEC11A31EE400BB7EE12
:10249000C00B88ED000AEDE1397AB7EE081B01297F
:1024A00017D1B97D414300EE901AF8EEE00A60EED4
:1024B000880AB7EEE02A00EE900AB8EEE03BB7EEED
:1024C000C00A03EE012B32EE000BB7EEC00B88ED15
:1024D000000A797A0129A3D1B97D02EE100A41439D
:1024E000B8EEC22B00EE101AB8EEC00A20EE080AB1
:1024F000B7EEC00A02EE010B98ED001AB7EEC11A52
:1025000031EE400BB7EEC00B88ED000AB2E1397A2C
:102510009FED3F1B012917D1B97D414300EE901A71
:10252000F8EEE00A60EE880AB7EEE02A00EE900AC4
:10253000B8EEE03BB7EEC00A03EE012B32EE000B23
:10254000B7EEC00B88ED000A797A012919D1B97D5F
:1025500002EE100A4143B8EEC22B00EE101AB8EE9C
:10256000C00A20EE080AB7EEC00A02EE010B98ED91
:10257000001AB7EEC11A31EE400BB7EEC00B88ED72
:10258000000A77E1397A012917D1B97D414300EE7C
:10259000901AF8EEE00A60EE880AB7EEE02A00EE44
:1025A000900AB8EEE03BB7EEC00A03EE012B32EE24
:1025B000000BB7EEC00B88ED000A797A01293FD1F4
:1025C000B97D414300EE101AB8EEC00A24E00000C5
:1025D00079E9263108AC9C3F9A99993E7B14AE4725
:1025E000E17AD43FCDCCCCCCCCCCEC3F9458002479
:1025F000333333333333F33F333333333333FB3F0B
:10260000CDCCCCCCCCCCF43F666666666666F63F35
:102610009A9999999999F93F20EE080A02EE100AC1
:10262000B7EEC00AB8EEC22B02EE010B98ED001A0D
:10263000B7EEC11A31EE400BB7EEC00B88ED000AC1
:1026400018E1397A012917D1B97D414300EE901A7A
:10265000F8EEE00A60EE880AB7EEE02A00EE900A93
:10266000B8EEE03BB7EEC00A03EE012B32EE000BF2
:10267000B7EEC00B88ED000A797A012919D1B97D2E
:1026800002EE100A4143B8EEC22B00EE101AB8EE6B
:10269000C00A20EE080AB7EEC00A02EE010B98ED60
:1026A000001AB7EEC11A31EE400BB7EEC00B88ED41
:1026B000000ADFE0397A012917D1B97D414300EEE4
:1026C000901AF8EEE00A60EE880AB7EEE02A00EE13
:1026D000900AB8EEE03BB7EEC00A03EE012B32EEF3
:1026E000000BB7EEC00B88ED000A797A012919D1E9
:1026F000B97D02EE100A4143B8EEC22B00EE101A6B
:10270000B8EEC00A20EE080AB7EEC00A02EE010BCE
:1027100098ED001AB7EEC11A31EE400BB7EEC00BC0
:1027200088ED000AA6E0397A012917D1B97D414325
:1027300000EE901AF8EEE00A60EE880AB7EEE02AA2
:1027400000EE900AB8EEE03BB7EEC00A03EE012BB4
:1027500032EE000BB7EEC00B88ED000A797A012942
:1027600019D1B97D02EE100A4143B8EEC22B00EE3A
:10277000101AB8EEC00A20EE080AB7EEC00A02EE40
:10278000010B98ED001AB7EEC11A31EE400BB7EE0F
:10279000C00B88ED000A6DE0397A012917D1B97DA7
:1027A000414300EE901AF8EEE00A60EE880AB7EEB8
:1027B000E02A00EE900AB8EEE03BB7EEC00A03EE66
:1027C000012B32EE000BB7EEC00B88ED000A797AD0
:1027D00001294FD1B97D02EE100A4143B8EEC22B58
:1027E00000EE101AB8EEC00A20EE080AB7EEC00AD2
:1027F00002EE010B98ED001AB7EEC11A31EE400B54
:10280000B7EEC00B88ED000A34E0B97D414300EE1D
:10281000901AF8EEE00A60EE880AB7EEE01A00EED1
:10282000900AB8EEE03BB7EEC00A03EE021B31EEB1
:10283000000BB7EEC00B88ED000A797A012919D197
:10284000B97D01EE100A4143B8EEC11B00EE101A2B
:10285000B8EEC00A20EE080AB7EEC00A01EE020B7D
:1028600098ED001AB7EEC11A31EE400BB7EEC00B6F
:1028700088ED000A98ED000AD4ED060AB4EEE00AED
:10288000F1EE10FA15DDDAF88008D4ED051A01EE44
:10289000100AB8EE411A21EE211A41EE290AC4EDC0
:1028A000060AB4EEE00AF1EE10FA18D284ED060A38
:1028B00015E014D2DAF88008D4ED051A01EE100AFA
:1028C000B8EE411A21EE211A41EE690AC4ED060A5A
:1028D000B4EEE00AF1EE10FA01DD84ED060A94EDA3
:1028E000050AD4ED091AAC4AA06890420FDA99F8AB
:1028F0000A100A2906D2DFEDA90A20EE200A61EEAD
:10290000AA1A16E0F6EE000A20EE200A11E0A44909
:1029100088420EDA99F800100A2906D2DFEDA10AE2
:1029200020EE200A61EEA01A03E0DFED9F0A20EE00
:10293000200A98ED001AB0EEC12AD4ED060AF0EE96
:10294000E02AB4EEE22AF1EE10FA06D321EE202AB4
:10295000B5EEC02AF1EE10FA01D2012100E000210B
:10296000B1B130EE802AB4EEC21AF1EE10FA02DDF7
:1029700084ED062A3DE030EEC00AB4EEC01AF1EE56
:1029800010FA02D284ED060A33E084ED061A30E034
:10299000904218DAF4EEC00AF1EE10FA04DD30EEDF
:1029A000C00A84ED060A24E0B1EE401AF4EEC10A32
:1029B000F1EE10FA04D230EE800A84ED060A18E037
:1029C00084ED069A15E030EE802AB4EEC21AF1EEDC
:1029D00010FA02DD84ED062A0BE030EEC00AB4EEF8
:1029E000C01AF1EE10FA02D284ED060A01E084ED7D
:1029F000061AD4ED080A98ED020A30EEA11AB4EED8
:102A0000C10AF1EE10FA02DD84ED081A0BE070EE57
:102A1000E10AB4EEE00AF1EE10FA02D2C4ED080ABF
:102A200001E084ED080AD4ED060A94ED080A88ED69
:102A3000020A9AF80800032836D08AED939A8AEDA4
:102A4000949A8AED959A002101EB41000AEBC000AF
:102A500080ED839A80ED849A80ED859A9AED930AB1
:102A600080ED860A80ED879A80ED889A491CC9B26C
:102A70000229E9D39AF80800DFED4C0A9FED4C1AC1
:102A8000032818D09FED4B0A84ED040A94ED040A44
:102A90000EF04CFF84ED040A8AED8F0A8AED900A4D
:102AA000BDEC0A8BBDE8F09FCAED930A8AED949ABB
:102AB0008AED950AC7E700EE106AB8EEC00A60EE2C
:102AC0000A1A94ED040A01EEE90A84ED040A787BFF
:102AD0009FED392BA8B1DFED3A1A31EEC04AB7EEBF
:102AE000C43AB0EEC33BB4EEC23BF1EE10FA06DDE1
:102AF000DFED341A04EE210A84ED040A01E0C4ED8E
:102B0000041A387B08B9B87AC8B1D4ED041A30EE8B
:102B1000E10AB7EEC03AB0EEC34B9FED2B3BB4EEEB
:102B2000C34BF1EE10FA06DD9FED293A40EE031A91
:102B3000C4ED041A03E0B0EE600A84ED040AF87AEA
:102B4000B8B19FED240A94ED044A70EE441AB7EE32
:102B5000E13AB0EEC33BB4EEC23BF1EE10FA06DD53
:102B60009FED1D0A01EE804A84ED044A01E084EDE8
:102B7000040A9AF92404012808D0022809D003285D
:102B800084D19FED160A84ED040A7FE7C4ED040AA0
:102B90007CE784ED041A79E79A99993ECDCCCC3D37
:102BA000CDCC4C3F3333333F6666663F713D0A3EC2
:102BB000B4C8B63E295C0F3E000000E04D62503FB5
:102BC000AE47613E4260E53B000000402AA9433F1A
:102BD0000AD7233C5C8FC23E0AD7A33BE27A143E5D
:102BE00010B50AF0F7F8BDE810400AF0D1B90000BE
:102BF00030B52F4B012418688189022902D14289FE
:102C0000022A02D0032902D004E01C7219E0428992
:102C1000022A06D0274A927B012A02D0012903D03A
:102C200005E0022018720CE04289022A02D0022933
:102C300003D005E00320187203E0408903281CD06C
:102C40001C720020C0EB001103EBC10191F8282396
:102C5000B2B1D1F824531E2D12D9002281F82823B5
:102C600000EB400101EB00119FED130A03EB810122
:102C700001F5806181ED360A15E004201872E0E765
:102C80008AB9D1F820231E2A0DD981F8284300EBF8
:102C9000400101EB00119FED090A03EB810101F5F1
:102CA000806181ED360A401CC0B20228CAD330BD13
:102CB00030010024FA56002400002A430000F042AC
:102CC00070B505462DED088BB0EE40ABF0EE419AA5
:102CD000B0EE61BA804C2078002805D084ED032A3C
:102CE000C4ED042A00202070D4ED030A9FED7B0A76
:102CF00020EE801ADFED7A0A02EE201A84ED031A24
:102D000094ED041A21EE000A02EEA00A84ED040AF2
:102D10007449B1F84C0000EE100AB8EE400A84ED98
:102D2000020A714A937A322B01D9127852B300EE1B
:102D3000100AB8EE400A84ED020AB1F8570000EE1E
:102D4000100AF8EE408A94ED020ADFED680AB5EE4B
:102D5000C00AF1EE10FA01D1C4ED020A9FED641A27
:102D600094ED020A0EF0E2FD84ED020AF7EE00BADD
:102D7000B0EE6B9A18EE900A5E4988420ADD9FED2C
:102D80005E9A0AE0323000EE100AB8EE400A84ED96
:102D9000020AD2E718EE900A584960EE098AD4ED8B
:102DA000030AB0EE4A0A09F02BFE84ED050AD4EDC1
:102DB000040AB0EE690A09F023FE84ED060AD4ED98
:102DC000050A30EE800A84ED070A3AEE2A0AD4EDAD
:102DD000030A09F015FE84ED080A39EE8B0AD4EDDA
:102DE000040A09F00DFE84ED090AD4ED080A30EE5C
:102DF000802A84ED0A2AB0EE6B8ADFED410AB4EE38
:102E0000E82AF1EE10FA1CD994ED070AB4EEC02AB4
:102E1000F1EE10FA15D3B4EEE80AF1EE10FA02DB87
:102E2000B0EE608A0DE038EEC01A32EE400A354945
:102E300010EE100A884202DD81EE008A01E0B0EE59
:102E4000608A18EE100AB0F17E5F01DDB0EE6B8A89
:102E5000B5EEC08AF1EE10FA01D2B0EE608A94EDC0
:102E6000010AB4EEC08AF1EE10FA02D285ED008AB2
:102E70000DE0DFED250A30EE200AB4EEC80AF1EECF
:102E800010FA02D285ED000A01E085ED008AD5ED49
:102E9000000AB0EE4A0A00EEAA0AD4ED030A09F0CD
:102EA000AFFD84ED0B0AD5ED000AB0EE690A00EE25
:102EB0008B0AD4ED040A09F0A3FD84ED0C0AD4EDCD
:102EC0000B0A30EE800A84ED0D0A95ED000A84EDC0
:102ED000010ABDEC088B70BDEC0900249A99593F9A
:102EE0009A99193E94580024205700240000344237
:102EF000000016430000F0416666A63F0000204136
:102F00000000000017B7D1380AD7A33B0548006876
:102F1000016841F01001016003494FF4C872014893
:102F200006F096BC80150024B25900242DE9F0412A
:102F30002DED028B08F0ACFA08F058F9284E96ED0A
:102F4000FD0AB1EE400A86ED110A96EDFE0AB1EED9
:102F5000400A86ED230A06F5806797ED040A86EDA0
:102F6000350A97ED050A86ED470A00249FED1D8A74
:102F7000DFED1D8A307A022802D003280FD01CE032
:102F800004EBC400B0EE481A06EBC005F0EE680A88
:102F900095ED110A0EF0CAFC85ED110A0DE004EB67
:102FA000C400B0EE481A06EBC005F0EE680A95EDD5
:102FB000110A0EF0BBFC85ED110A641CE4B2042C6E
:102FC000D8D397ED010AB1EE400A86ED590A97ED84
:102FD000080A86ED6B0ABDEC028BBDE8F0810000AB
:102FE0003001002400002042000020C20C489FED68
:102FF0000B0A80ED110A80ED230A80ED350A80ED81
:10300000470A80ED120A80ED240A80ED360A80ED31
:10301000480A80ED5A0A80ED6C0A704700000000F3
:1030200030010024014801F017BC0000C01000244A
:10303000014801F011BC00002C180024014801F0E7
:103040000BBC000038110024014801F005BC000051
:103050001C190024014801F0FFBB0000A418002443
:10306000014801F0F9BB00003C170024014801F0C1
:10307000F3BB0000B417002410B52C4A016891423C
:103080003AD02A4A1832914236D0284A30329142F8
:1030900032D0264A483291422ED0244A60329142A0
:1030A0002AD0224A7832914226D0204A9032914248
:1030B00022D01E4AA83291421ED01D4A91421BD0F6
:1030C0001B4A1832914217D0194A3032914213D01C
:1030D000174A483291420FD0154A603291420BD0C4
:1030E000134A7832914207D0114A9032914203D06C
:1030F0000F4AA832914214D1CAB2103A1823B2FB37
:10310000F3F20C4C02F00703E35CC365032A04D915
:103110006FF30901091D816506E06FF309018165FF
:1031200002E021F0FF018165806D10BD10000240BA
:1031300010040240583E010810B501680123224CDA
:10314000CAB2A1421BD0204C1434A14217D01E4C4D
:103150002834A14213D01C4C3C34A1420FD01A4C4D
:103160005034A1420BD0184C6434A14207D0164C05
:103170007834A14203D0144C8C34A1420FD1083AC8
:103180001421B2FBF1F1114A02EB810202660F4AEF
:103190008032426601F01F018B40836610BD103AF9
:1031A0001824B2FBF4F20A4C2144A82900D80832B2
:1031B000084901EB8201016606498031416602F04F
:1031C0001F018B40836610BD0854025800580258F6
:1031D000F0FBFDBF000802400279521E072A31D8D9
:1031E000194B016899421BD0174B1433994217D0E1
:1031F000154B2833994213D0134B3C3399420FD0CF
:10320000114B503399420BD00F4B6433994207D086
:103210000D4B7833994203D00B4B8C33994207D135
:103220000A4901EB8201C16608494031016706E0A5
:10323000074901EB8201C16605494031016701215F
:1032400091404167704700000854025800590258E5
:1032500000090240014610B500208B694FF0C07490
:103260008A6A002B0ED0B3F5005F1AD062B3012A30
:103270002AD0022A28D0032A03D1C96AC90100D55D
:10328000012010BD1AB1012A06D0022AF9D1C96A5B
:10329000C901F6D5012010BDC96AA142FBD10120A8
:1032A00010BD52B1012A0AD0022A06D0032AF7D152
:1032B000C96AA142F4D1012010BD012010BDC96A24
:1032C000C901FBD5012010BD012010BD2DE9F04F33
:1032D000856D8A4E894FDFF824C2A836DFF81C823C
:1032E000DFF818920CF1180CDFF810A208F1300882
:1032F000DFF808B209F1480904680AF1600A0BF125
:10330000780BBC426DD064456BD0444569D04C45C8
:1033100067D0544565D05C4563D0DFF8E0E10EF13D
:10332000900E74455DD0B4425BD0DFF8D4E17445B3
:1033300057D0DFF8CCE10EF1180E744551D0DFF80C
:10334000C0E10EF1300E74454BD0DFF8B4E10EF160
:10335000480E744545D0DFF8A8E10EF1600E7445C3
:103360003FD0DFF89CE10EF1780E744539D0DFF8DC
:1033700090E10EF1900E744533D0DFF884E10EF148
:10338000A80E74452DD0DFF87CE1744529D0DFF814
:1033900074E10EF1140E744523D0DFF868E10EF1EC
:1033A000280E74451DD0DFF85CE10EF13C0E74452B
:1033B00017D0DFF850E10EF1500E744511D0DFF850
:1033C00044E10EF1640E74450BD0DFF838E10EF1E4
:1033D000780E744505D0DFF82CE10EF18C0E7445A3
:1033E00009D1D0E919E4CEF80440C46E1CB1D0E98B
:1033F0001CE4CEF804400468BC422ED064452CD0B6
:1034000044452AD04C4528D0544526D05C4524D08C
:103410003A4F9037BC4220D0B4421ED0384EB4420E
:103420001BD0374E1836B44217D0354E3036B44222
:1034300013D0334E4836B4420FD0314E6036B442CA
:103440000BD02F4E7836B44207D02D4E9036B44272
:1034500003D02B4EA836B4421BD190F85C4004F048
:103460001F063F24B440AC600468256825F480251D
:103470002560046863608368402B05D00368996009
:103480000068C260BDE8F08F03689A600068C160A0
:10349000F8E71C4EB4421BD01A4E1436B44217D073
:1034A000184E2836B44213D0164E3C36B4420FD0D4
:1034B000144E5036B4420BD0124E6436B44207D08C
:1034C000104E7836B44203D00E4E8C36B442D9D169
:1034D00090F85C4004F01F060124B4406C6004685E
:1034E00063608368402B04D0036899600068C26001
:1034F000C8E703689A600068C160C3E71000024033
:103500001004024008540258704710B50446208841
:1035100020810A78487840EA022020808A78C8789A
:1035200040EA022060800A79487940EA0220A080BF
:103530008879A07102F024FFE06010BD10B5044648
:10354000204600F0EBFA002805D062892178BDE81A
:10355000104000F095B810BD70B504460D462878AF
:1035600000F00F0020602878000960606978A87872
:1035700040EA0120A060E9782A79090141EA1211A4
:10358000E1602A79697902F00F0241EA02212161A2
:103590001021DFED170A9FED170A10F02BF884EDCC
:1035A000070AE0680C21DFED140A9FED140A10F001
:1035B00021F884ED080A20690C21DFED110A9FED46
:1035C000110A10F017F884ED090AA87900EE100A24
:1035D000B8EE400A84ED0C0AE87900EE100AB8EE65
:1035E000400A84ED0D0A02F0CBFEA06370BD00001E
:1035F000DA0F4941DA0F49C100003442000034C2F9
:1036000000005842000058C210B50446204600F0A1
:1036100085FA00280ED021789FED070A94ED0E2A36
:10362000BDE81040F0EE401AB0EE401AF0EE400A4D
:1036300009F016B810BD00000000000010B50446E7
:103640002DED028BB0EE408A204600F067FA00288C
:1036500010D02178D4ED0F0A9FED080AF0EE481A39
:10366000BDEC028BB0EE402AB0EE401ABDE810402F
:1036700008F0F6BFBDEC028B10BD0000000000009A
:103680000A4B43F8100C0A4443F80C2CFF2119761E
:1036900059769976D976197759779977FC21D97720
:1036A00091B2024A082318320DF0DABF880B0024C9
:1036B00072B6FEE70548016841F002010160034867
:1036C000083801688904FCD5704700000C4802588E
:1036D00010B58AB0002402940394022004900120C3
:1036E00005900694079402A9104802F070F808B1FA
:1036F000FFF7DEFF02220D4800231146009402F07E
:10370000AAF808B1FFF7D4FF08480022012101F010
:10371000E5FF08B1FFF7CCFF044802F0FDFC0028EC
:1037200001D0FFF7C5FF0AB010BD0000580E0024FD
:10373000014802F081B90000580E002410B58AB08B
:1037400000240294039402200490059006940794A8
:1037500002A9104802F03BF808B1FFF7A9FF0222C6
:103760000C4800231146009402F075F808B1FFF7E9
:103770009FFF08480022102101F0B0FF08B1FFF7B9
:1037800097FF044802F0C8FC002801D0FFF790FF23
:103790000AB010BDF80E0024014802F04DB9000037
:1037A000F80E002410B58AB0002402940394049407
:1037B000012005908002069040F2FF7007901148AA
:1037C00002A902F004F808B1FFF772FF02220D48C7
:1037D00000231146009402F03EF808B1FFF768FF9D
:1037E00008480022012101F079FF08B1FFF760FFCE
:1037F000044802F091FC002801D0FFF759FF0AB0FD
:1038000010BD0000980F0024014802F015B9000017
:10381000980F002430B5426B036853F8844F4FF67D
:10382000FC718C4344EA82041C60036853F8844FA3
:10383000058F24F47F0444EA05441C60836B1A441A
:10384000036853F8884F8C4344EA82041C60036881
:1038500053F8884F858F24F4FE0444EA05441C6025
:10386000C36B02EB4302036853F8A04F8C4344EA56
:1038700082041C60036853F8A04FB0F8405024F451
:10388000FE0444EA05441C60D0E9103403FB042222
:10389000036853F8B04F8C4344EA82041C60036809
:1038A00053F8B04FB0F8485024F4FE0444EA0544FD
:1038B0001C60D0E9123403FB0422036853F8AC4FB8
:1038C0008C4344EA82041C60D0E9143403FB0422D4
:1038D000036853F8F04F8C4344EA82041C60036889
:1038E00053F8F04FB0F8585024F47C1444EA0544DF
:1038F0001C60836D02EB4303026852F8C04F8C4397
:1039000044EA83011160016851F8C02FB0F85C30BF
:1039100022F47C1242EA03420A60016851F8C02F87
:1039200090F8603022F07C5242EA03620A60416BF8
:10393000224A02EB8101C166826B01EB82020267BF
:10394000C36B02EBC3024267D0E91034634302EB5E
:1039500083028267D0E91234634302EB8302C267B9
:10396000D0E91434634302EB8302C0F88020836DF6
:1039700002EBC302C0F88420C46D836E5C4302EB8B
:103980008402C0F88820046E5C4302EB8402C0F815
:1039900090200B4B9A4208D99830416841F02001A1
:1039A000416003210170012030BD002200E004C10C
:1039B000D0F890308B42FAD8002030BD00AC0040E7
:1039C000FCD30040F0B5D1E901650C692C430D68CA
:1039D000002E1AD045F080452C4391F82070D1E993
:1039E000066535434E6946EA076635438E8945EAE2
:1039F0000645D0F88460806E584306EB80031C6057
:103A00005D60083300200B4E0FE044EA8544E4E794
:103A10001418155CE77845EA0765A77864783F04D1
:103A200047EA0424254320C3001DCC68345D84424A
:103A3000EED8F0BD603E010870B504460D46DFEDDE
:103A40001C0AB5F9020000EE100AB8EEC00A20EE1A
:103A5000200A84ED050A28889FED171A400000EE21
:103A6000100AF8EE400A9FED130A60EE800A10EE8D
:103A7000810A84ED070AA87900EE100AB8EE400A20
:103A800084ED080AB5F9040000EE100AB8EEC00A89
:103A900084ED090A2888608502F072FCE968401A02
:103AA0000A2802D90120207370BD0020207370BD48
:103AB0005077D63DDB0F4940000000390C2901D278
:103AC000022801D0034870470248103800EB01106B
:103AD00070470000D860002470B504460D4695ED8F
:103AE000070A84ED070A95ED080A84ED050A95EDAD
:103AF000090A84ED060A95ED0C0A84ED080A287976
:103B000084F82C0002F03CFCA96B401A0A2802D968
:103B10000120207370BD0020207370BD4178012901
:103B200001D0002070478078012803D0022803D0FC
:103B3000002070470148704701487047580E002424
:103B4000F80E002460EE000A20EE801AC64B1A7AA6
:103B5000022A02D0032A7DD06AE1DFEDC41A61EEA9
:103B6000211A9FEDC32A40EE821A9FEDC22A40EE31
:103B7000021A9FEDC12A71EE821AC0ED001ADFED24
:103B8000BF1A61EE211A9FEDBE2A40EE821A9FED08
:103B9000BD2A40EE021A9FEDBC2A71EE821AC0EDDA
:103BA000011ADFEDBA1A61EE211A9FEDB92A40EE33
:103BB000821A9FEDB82A40EE021A9FEDB72A71EEE5
:103BC000821AC0ED021ADFEDB51A61EE211A9FEDDF
:103BD000B42A40EE821A9FEDB32A40EE021A9FEDFE
:103BE000B22A71EE821AC0ED031ADFEDB01A61EE4F
:103BF000211A9FEDAF2A40EE821A9FEDAE2A40EEC9
:103C0000021A9FEDAD2A71EE821AC0ED041ADFEDA3
:103C1000AB1A61EE211A9FEDAA2A40EE821A9FED9F
:103C2000A92A40EE021A9FEDA82A71EE821AC0ED71
:103C3000051ADFEDA61A61EE211A9FEDA52A40EEC6
:103C4000821A9FEDA42A40EE021A9FEDA32A71EE7C
:103C5000821A00E014E0C0ED061ADFEDA01A21EE92
:103C6000211ADFED9F1A00EEA11ADFED9E0A00EE89
:103C7000201A9FED9D0A31EE000A80ED070AD7E079
:103C8000DFED9A1A61EE211A9FED992A40EE821A11
:103C90009FED982A40EE021A9FED972A71EE821A44
:103CA000C0ED001ADFED951A61EE211A9FED942AFE
:103CB00040EE821A9FED932A40EE021A9FED922A5F
:103CC00071EE821AC0ED011ADFED901A61EE211A31
:103CD0009FED8F2A40EE821A9FED8E2A40EE021A47
:103CE0009FED8D2A71EE821AC0ED021ADFED8B1A5C
:103CF00061EE211A9FED8A2A40EE821A9FED892AF1
:103D000040EE021A9FED882A71EE821AC0ED031A66
:103D1000DFED861A61EE211A9FED852A40EE821AA8
:103D20009FED842A40EE021A9FED832A71EE821ADB
:103D3000C0ED041ADFED811A61EE211A9FED802A91
:103D400040EE821A9FED7F2A40EE021A9FED7E2AF6
:103D500071EE821AC0ED051ADFED7C1A61EE211AB0
:103D60009FED7B2A40EE821A9FED7A2A40EE021ADE
:103D70009FED792A71EE821AC0ED061ADFED771AEF
:103D800061EE211A9FED762A40EE821A9FED752A88
:103D900040EE021A9FED742A71EE821AC0ED071AE6
:103DA000DFED721A61EE211A9FED712A40EE821A40
:103DB0009FED702A40EE021A9FED6F2A71EE821A73
:103DC000C0ED081ADFED6D1A61EE211A9FED6C2A25
:103DD00040EE821A9FED6B2A40EE021A9FED6A2A8E
:103DE00071EE821AC0ED091ADFED681A61EE211A30
:103DF0009FED672A40EE821A9FED662A40EE021A76
:103E00009FED652A71EE821AC0ED0A1ADFED631A82
:103E100021EE211ADFED621A00EEA11ADFED610A30
:103E200000EE201A9FED600A31EE000A80ED0B0AC9
:103E3000002918D0197A032915D19FED5C0A80ED6D
:103E4000000A80ED010A80ED020A80ED030A80ED90
:103E5000040A80ED050A80ED080A80ED090A80ED6C
:103E60000A0A80ED0B0A704730010024778D46C3A3
:103E7000C2977043AFA5F5C28E06C2C06ABC943E1D
:103E80001D5A143F341107C1F931A6BEBE3095C189
:103E900011B6B741FE4325C1E414ADBFB1BF42C165
:103EA0005F878841265314C13E792CC09FFC8BC28A
:103EB000C482FC421E56AFC2355EE34110FAA7C170
:103EC000E403E7417FFB82C180489F4081E50D43C9
:103ED0002D0396C2410204C246D41242F2D253418B
:103EE0000E4F4AC1BADA2A4072F927409FCD76C0F8
:103EF000E977BB42FCE9C2C238F8B2BF7A368141E9
:103F0000BA4936C13333A9C08FC2F5BC8CDB5440EB
:103F10001AC07B4054E3BDC0355E3ABD54E3EF4068
:103F2000E0BEB4400B4624C1CDCCCCBE955DB943B8
:103F30008E5D98C31F855741EEBC224201DEE8C06A
:103F4000D6563C41B7D116C1CC7F7C40811AD144B2
:103F5000ACC5B8C4649D3443B0431143C422064386
:103F6000004F17C3B81E2D4214AE12413C3D024310
:103F70006ACDD6C260E5B2400D715B41152CA642F8
:103F8000424FF1C1413157C23E390B4217E964C378
:103F9000AD1C84C48FF19244637F65C1A127B142F7
:103FA0006BAB0CC3A3A1A542E258C3C00000000044
:103FB00010B504462DED0A8BB0EE408AB7EEE00A4C
:103FC000B0EE40AB0BF068FD9FED479B20EE090B78
:103FD000B7EEC0BBB7EEC80AB0EE408B0BF05CFD8D
:103FE00020EE090BF7EEC0BBB0EE4A0B0BF054FC11
:103FF00020EE090BB7EEC0ABB0EE480B0BF04CFC5B
:1040000020EE090BB7EEC00B7BEE6BAA3AEE40AA8E
:104010002AEE0A0A0AEEAA0AB7EEC00A0BF05EFE02
:10402000B7EEC00BF6EE000A2AEE20BA6AEEA0AA9E
:104030009FED2F1AF0EE410A40EE000A30EEC1AAC1
:104040002BEE0B0A0AEEAA0A0AEE4A0AB7EEC00ADB
:104050000BF044FEB7EEEA1A30EE010B3BEE0A1A03
:10406000B7EEC11A0BF0D8F9B0EE001B20EE010B31
:10407000B7EEC0ABB0EE480B0BF00EFC20EE09BB68
:10408000B7EECA0AB0EE40AB0BF006FCB5EE00CBC3
:1040900000EE0CBBB7EECBBBB0EE480B0BF0FCFC5C
:1040A00020EE098BB0EE4A0B0BF0F6FC00EE0C8B09
:1040B000B7EEC88B2BEE0B0A08EE080AB7EEC00A63
:1040C0000BF00CFEF7EEC08BB7EECB1AB7EEC80ABA
:1040D0000BF0A2F9B7EEC00BC4ED008A84ED010A23
:1040E000BDEC0A8B10BD0000000000A047E1CA3FF4
:1040F0000000803DD0ED001A90ED032AD0ED012A9A
:1041000090ED023A21EE821A02EEC31AC2EE013A93
:10411000B1EE622AC2EE012AB1EE433A83EE012AE1
:1041200081EE813A23EE801A02EE201A22EE800AF6
:1041300003EE200A81ED001A81ED010A70470000AC
:10414000024610B55078002810D001281AD1907876
:10415000012817D110780C49401EBDE81040C0EB73
:10416000001001EB80011046FFF7B6BC1078401E2E
:10417000C1B29078FFF7A2FC01461046BDE810409E
:10418000FFF75ABC10BD0000D85F0024034610465C
:1041900010B5002B01D0084C0AE04FF6FF7010BD9F
:1041A00013F8012B4240D2B234F8122082EA1020D8
:1041B000491E4A1CF4D110BD2C53010810B5054C02
:1041C00003E010F8013B5340E25C491E4B1CF8D160
:1041D000104610BD2C520108014890ED690A704745
:1041E000805C0024014890ED680A7047805C0024E0
:1041F000014890ED6A0A7047805C002490ED001A37
:10420000D0ED011A21EE001A01EEA01AD0ED021A2B
:1042100021EE800AD0ED031A01EEA00A81ED001A0A
:1042200081ED010A704700002DE9F84F044602F0C5
:10423000A7F800905CB194F83500022809D08020DE
:104240006065002084F834000120BDE8F88F01206B
:10425000FBE7D14ED04FD0491836DFF83C833037DA
:10426000DFF83493DFF830A308F14808DFF828B30B
:1042700009F1600920680AF1780A0BF1900B884275
:104280002ED0B0422CD0B8422AD0404528D0484544
:1042900026D0504524D0584522D0BF4AA83290425B
:1042A0001ED0BE4A90421BD0BC4A1832904217D052
:1042B000BA4A3032904213D0B84A483290420FD0B6
:1042C000B64A603290420BD0B44A7832904207D05E
:1042D000B24A9032904203D0B04AA83290420AD1FA
:1042E000026822F01E0202602068426922F0800209
:1042F0004261256804E0026822F00E02026025682F
:10430000206888424DD0B0424BD0B84249D0404599
:1043100047D0484545D0504543D0584541D09E4AA6
:10432000A83290423DD09D4A90423AD09B4A1832E2
:10433000904236D0994A3032904232D0974A483231
:1043400090422ED0954A603290422AD0934A7832D9
:10435000904226D0914A9032904222D08F4AA83281
:1043600090421ED08E4A90421BD08D4A1432904209
:1043700017D08B4A2832904213D0894A3C3290425F
:104380000FD0874A503290420BD0854A6432904217
:1043900007D0834A7832904203D0814A8C329042CF
:1043A00004D1206E026822F4807202607A4920688B
:1043B00088422ED0B0422CD0B8422AD0404528D0D6
:1043C000484526D0504524D0584522D07249A831BE
:1043D00088421ED0714988421BD0704918318842EA
:1043E00017D06E493031884213D06C494831884229
:1043F0000FD06A49603188420BD0684978318842D1
:1044000007D066499031884203D06449A831884278
:1044100004D1016821F00101016013E0016821F07D
:10442000010101600EE001F0ABFF0099401A052880
:1044300008D92020343420620320607000202070CE
:10444000012002E72868C007EDD1534A0121206806
:1044500090422ED0B0422CD0B8422AD0404528D02D
:10446000484526D0504524D0584522D04A4BA83341
:1044700098421ED0494B98421BD0484B1833984263
:1044800017D0464B3033984213D0444B48339842B0
:104490000FD0424B603398420BD0404B7833984258
:1044A00007D03E4B9033984203D03C4BA833984200
:1044B00008D1A06D94F85C3003F01F053F23AB409A
:1044C000836007E0A06D94F85C3003F01F0301FAED
:1044D00003F34360206890424DD0B0424BD0B842C5
:1044E00049D0404547D0484545D0504543D0584530
:1044F00041D0294AA83290423DD0284A90423AD031
:10450000264A1832904236D0244A3032904232D075
:10451000224A483290422ED0204A603290422AD01D
:104520001E4A7832904226D01C4A9032904222D0C5
:104530001A4AA83290421ED0194A90421BD0184AFB
:104540001432904217D0164A2832904213D0144A9F
:104550003C3290420FD0124A503290420BD0104A57
:104560006432904207D00E4A7832904203D00C4A0F
:104570008C3290420BD1D4E919205060E06E30B1FA
:10458000026822F480720260D4E91C205060343446
:1045900061700020207058E61000024010040240B4
:1045A000085402582DE9F05F002808D090F8351023
:1045B000022906D0802141650120BDE8F09F01203D
:1045C000FBE7A14AA04BA04C18329F4D30339E4EC2
:1045D0004834DFF874B26035DFF870C27836DFF83F
:1045E0006C82DFF868920CF1300CDFF860A208F101
:1045F0006008016809F17809944F0AF1900A594559
:1046000031D091422FD099422DD0A1422BD0A94236
:1046100029D0B14227D0DFF830E20EF1900E71457B
:1046200021D0DFF824E20EF1A80E71451BD0DFF88F
:104630001CE2AEF1180E714515D0B94213D0DFF867
:104640000CE20EF1180E71450DD061450BD0DFF86C
:10465000FCE10EF1480E714505D0414503D04945B6
:1046600001D0514537D14FF0040E80F835E059455F
:1046700027D0914225D0994223D0A14221D0A942EE
:104680001FD0B1421DD070489030814219D06E4881
:10469000A830814215D06D481838814211D0B942F6
:1046A0000FD06A48183081420BD0614509D0674865
:1046B0004830814205D0414503D0494501D051459C
:1046C00004D1086820F001000860BAE0086820F012
:1046D00001000860B5E0D1F800E02EF00E0EC1F840
:1046E00000E00168DE46594531D091422FD0994211
:1046F0002DD0A1422BD0A94229D0B14227D0DFF83A
:1047000048B10BF1900B594521D0DFF83CB10BF1CA
:10471000A80B59451BD0DFF834B1ABF1180B594544
:1047200015D0B94213D0DFF824B10BF1180B59455D
:104730000DD061450BD0DFF814B10BF1480B594592
:1047400005D0414503D0494501D0514506D1D1F8A6
:1047500000B02BF0010BC1F800B005E0D1F800B0BB
:104760002BF0010BC1F800B001684FF0010B71454F
:1047700046D0914244D0994242D0A14240D0A94271
:104780003ED0B1423CD0304A9032914238D02E4A8D
:10479000A832914234D02D4A183A914230D0B942D1
:1047A0002ED02A4A183291422AD0614528D0274A71
:1047B0004832914224D0414522D0494520D051452C
:1047C0001ED0234A91421BD0214A1432914217D065
:1047D0001F4A2832914213D01D4A3C3291420FD0D9
:1047E0001B4A503291420BD0194A6432914207D091
:1047F000174A7832914203D0154A8C32914218D12F
:10480000016E0A6822F480720A60816D90F85C2063
:1048100002F01F020BFA02F24A60D0E9192151603E
:10482000C16E31B10A6822F480720A60D0E91C219D
:10483000516080F835B0002180F83410016D01B16D
:1048400088470020B9E6000010000240280402401A
:1048500008540258406D70472DE9FF5F0446002060
:1048600001904FF41651FD480068B0FBF1F0009044
:10487000A56D2E682968FA4FDFF8E4B3DFF8E0830E
:10488000DFF8DC930BF1180BDFF8D4A308F1300844
:10489000206809F148090AF1600AB8423BD05A463B
:1048A000904238D0404536D0484534D0504532D07B
:1048B000EB4A783290422ED0E94A903290422AD088
:1048C000E74AA832904226D0E64A904223D0E54AF1
:1048D000183290421FD0E34B303398421BD0E14B4B
:1048E0004833984217D0DFF87CC30CF1600C604568
:1048F00011D0DFF870C30CF1780C60450BD0DFF8F5
:1049000064C30CF1900C604505D0DFF858E30EF15C
:10491000A80E70457ED194F85C10082301F01F01A9
:1049200003FA01F232424BD0B84232D0584530D06F
:1049300040452ED048452CD050452AD0C849783122
:10494000884226D0C6499031884222D0C449A83135
:1049500088421ED0C34988421BD0C24918318842C0
:1049600017D0C0493031884213D0BE4948318842FF
:104970000FD0BC49603188420BD0BA4978318842A7
:1049800007D0B8499031884203D0B649A83188424F
:1049900003D1016801F0040102E0016801F008019F
:1049A00071B1016821F00401016094F85C0000F02D
:1049B0001F0003FA00F2AA60606D40F0010060651C
:1049C00094F85C00012100F01F008140314240D08A
:1049D0002068B84234D0584532D0404530D04845A0
:1049E0002ED050452CD09E4A7832904228D09C4AF6
:1049F0009032904224D09A4AA832904220D0994ACC
:104A000090421DD0974A1832904219D0954A3032C0
:104A1000904200E0D2E113D0924A483290420FD047
:104A2000904A603290420BD08E4A7832904207D042
:104A30008C4A9032904203D08A4AA83290427DD16B
:104A4000406910F0800F04D0A960606D40F0020052
:104A5000606594F85C00042100F01F008140314241
:104A60003ED02068B84232D0584530D040452ED094
:104A700048452CD050452AD0794A7832904226D0E9
:104A8000774A9032904222D0754AA83290421ED086
:104A9000744A90421BD0734A1832904217D0714A20
:104AA0003032904213D06F4A483290420FD06D4A54
:104AB000603290420BD06B4A7832904207D0694AFC
:104AC0009032904203D0674AA83290424ED100689B
:104AD00010F0020F04D0A960606D40F00400606522
:104AE00094F85C00102100F01F008140314260D03A
:104AF0002068B84234D0584532D0404530D048457F
:104B00002ED050452CD0564A7832904228D0544A64
:104B10009032904224D0524AA832904220D0514A3A
:104B200090421DD04F4A1832904219D04D4A30322F
:104B3000904215D04B4A4832904200E014E00FD02A
:104B4000484A603290420BD0464A7832904207D0B1
:104B5000444A9032904203D0424AA832904207D150
:104B6000006800F0080006E0006872E70068B7E738
:104B7000006800F0040058B1A9602068016849038A
:104B80000CD50068000304D4216C09B12046884785
:104B90000FE0A16C69B1204688470AE00168C905A9
:104BA00003D4016821F008010160216C09B120469D
:104BB000884794F85C00202100F01F0081403142BA
:104BC0007BD02068B84232D0584530D040452ED0F6
:104BD00048452CD050452AD0214A7832904226D0E0
:104BE0001F4A9032904222D01D4AA83290421ED0D5
:104BF0001C4A90421BD01B4A1832904217D0194AC7
:104C00003032904213D0174A483290420FD0154AA2
:104C1000603290420BD0134A7832904207D0114A4A
:104C20009032904203D00F4AA832904203D10068DC
:104C300000F0100002E0006800F00200E8B3A96094
:104C400094F83500042812D02068016849033DD546
:104C50000068000335D4616C79B305E030000024AE
:104C60001000024010040240204688473FE02068C0
:104C7000016821F0160101602068416921F080017E
:104C80004161206C08B9A06C20B12068016821F056
:104C90000801016094F85C0000F01F013F2088408B
:104CA000A860012084F83500002084F83400216DCC
:104CB000002974D004B0204600E018E0BDE8F05FA1
:104CC0000847E16B99B12046884710E00168C905A3
:104CD00009D4016821F010010160012084F8350039
:104CE000002084F83400E16B09B120468847606DEC
:104CF000002854D0606DC00758D0042084F83500D7
:104D00002068B84231D058452FD040452DD0484575
:104D10002BD0504529D0B749884226D0B549183103
:104D2000884222D0B349303188421ED0B2498842ED
:104D30001BD0B1491831884217D0AF493031884271
:104D400013D0AD49483188420FD0AB496031884219
:104D50000BD0A9497831884207D0A74990318842C1
:104D600003D0A549A831884204D1016821F001018E
:104D7000016003E0016821F00101016021680198F0
:104D8000009A401C0190904202D80868C007F6D1F2
:104D90000868C00704D0032084F8350003E087E0EA
:104DA000012084F83500002084F83400E16C0029EB
:104DB0007ED004B02046BDE8F05F08478F4EB04279
:104DC0001BD08E4E1436B04217D08C4E2836B042CF
:104DD00013D08A4E3C36B0420FD0884E5036B04287
:104DE0000BD0864E6436B04207D0844E7836B0423F
:104DF00003D0824E8C36B0425AD106684FF0040E72
:104E000094F85CB00BF01F0B0EFA0BFE1EEA010FBC
:104E1000CDF80CE05ED05FEA467E5BD50398686013
:104E2000300411D5F00307D4A16C002940D004B0A0
:104E30002046BDE8F05F0847216C002938D004B057
:104E40002046BDE8F05F0847B0063BD42068B84272
:104E50002DD068496039884229D0404527D048453F
:104E600025D0504523D06349884220D0614918316C
:104E700088421CD05F493031884218D05E49884250
:104E800015D0904213D05C49303188420FD09842FF
:104E90000DD059496031884209D05749783188424C
:104EA00005D0604503D05449A831884206D100E0BE
:104EB0007CE0016821F00801016003E0016821F055
:104EC00004010160216C002970D004B02046BDE8C7
:104ED000F05F08474FF0020E0EFA0BFE1EEA010FBC
:104EE000CDF808E063D05FEA867E60D502986860FE
:104EF000300411D5F00307D4616C002978D004B0D8
:104F00002046BDE8F05F0847E16B002970D004B08F
:104F10002046BDE8F05F0847B0063FD42068B8429D
:104F20002DD034496039884229D0404527D04845A2
:104F300025D0504523D02F49884220D02D49183103
:104F400088421CD02B493031884218D02A498842E7
:104F500015D0904213D02849303188420FD0984262
:104F60000DD025496031884209D0234978318842E3
:104F700005D0604503D02049A831884204D101689A
:104F800021F01401016003E0016821F00A010160D1
:104F9000012084F83500002084F83400E16B0029FA
:104FA00026D004B02046BDE8F05F084720E0082284
:104FB00002FA0BF20A421BD0310719D5016821F021
:104FC0000E01016094F85C0000F01F01012000FA5E
:104FD00001F16960606584F83500002084F83400D0
:104FE000E16C002904D004B02046BDE8F05F08471A
:104FF000BDE8FF9F88000240100402400854025898
:105000002DE9F05F044601F0BBF90646002C7DD087
:10501000F24F0222DFF8C4830025DFF8C093DFF8E7
:10502000BCA308F13008DFF8B4B309F148092068DF
:105030000AF1600A0BF1780BB84232D0E749183117
:1050400088422ED040452CD048452AD0504528D003
:10505000584526D0E1499031884222D0DF49A83115
:1050600088421ED0DE4988421BD0DD491831884273
:1050700017D0DB493031884213D0D94948318842B2
:105080000FD0D749603188420BD0D549783188425A
:1050900007D0D3499031884203D0D149A831884202
:1050A0007ED184F8352084F83450B84234D0CB49CE
:1050B0001831884230D040452ED048452CD050453C
:1050C0002AD0584528D0C5499031884224D0C349B8
:1050D000A831884220D0C24988421DD0C049183129
:1050E000884219D0BE493031884215D0BC49483178
:1050F000884211D0BA49603188420DD0B849783120
:10510000884209D0B6499031884200E009E003D0D6
:10511000B349A831884207D1016821F0010101603B
:1051200013E00120BDE8F09F016821F0010101605A
:105130000BE001F025F9801B052806D920206065C9
:10514000032084F835000120ECE720680068C007E0
:10515000EFD122681168A3480140D4E90203184343
:10516000D4E9043633431843A3691843E369184369
:10517000236A18430843616A042903D1D4E90B1355
:10518000194308436168A1F12903052B0DD9163B8A
:10519000032B0AD9083B012B07D9083B032B00E05E
:1051A0002AE002D97439032901D840F48010106034
:1051B0002068406920F00701606A40EA010604287F
:1051C0000DD1A06A0643E06A48B12046FEF742F8D6
:1051D00028B140206065012084F83500A2E72068EE
:1051E00046612046FDF748FF94F85C1001F01F026D
:1051F0003F219140816066E07B4988421BD07A4B19
:105200001433984217D0784B2833984213D0764BFA
:105210003C3398420FD0744B503398420BD0724BB2
:105220006433984207D0704B7833984203D06E4B6A
:105230008C3398427ED1884211D06B491431884218
:105240000DD069492831884209D067493C318842EC
:1052500005D065495031884201D06349643184F8F2
:10526000352084F83450026860490A40A16840291A
:105270007ED080297DD00021E36841EAD3012369F3
:1052800041EAD301636941EAD301A36941EAD30149
:10529000E36941EAD301236A41EA13111143016032
:1052A00051492068494208441421B0FBF1F08000C4
:1052B000E0652046FDF7E0FE94F85C1001F01F0267
:1052C0000121914041602068B84256D043491831CD
:1052D000884252D0404550D048454ED050454CD0E1
:1052E00058454AD03D499031884246D03B49A83183
:1052F000884242D03A4988423FD0394918318842E1
:105300003BD037493031884237D03549483188421F
:1053100033D03349603188422FD0314978318842C7
:105320002BD02F499031884227D02D49A83188426F
:1053300023D000E02DE02C4988421ED02A491431A8
:1053400088421AD028492831884216D026493C3153
:10535000884212D02449503188420ED0224964310B
:1053600088420AD020497831884206D01E4901E09F
:105370000AE00BE08C31884229D12046FDF7DCFEA3
:10538000A06880280CD00CE0102175E74FF4804114
:1053900072E740206065032084F835000120C1E6F3
:1053A0006560216E20790860D4E919104860606852
:1053B000401E072808D82046FDF70EFFE06E056066
:1053C000D4E91C10486002E0E566256765676565FD
:1053D000012084F835000020A4E6000010000240FF
:1053E000100402403F8010FE085402580F00FEFFD8
:1053F0002DE9F84F044600200090002C15D094F8B9
:105400003400012813D0012084F8340094F835507A
:105410000020012D0DD04FF40061616584F8340047
:10542000012000900098BDE8F88F0120FBE70220E2
:10543000F9E7022584F835506065A54DA44EA44FC8
:105440001835DFF88CC23036DFF884824837DFF851
:105450008092DFF87CA208F16008DFF874B209F1ED
:10546000780920680AF1900A0BF1A80B60453BD03F
:10547000A84239D0B04237D0B84235D0404533D0B9
:10548000484531D050452FD058452DD0DFF844C283
:10549000604529D0DFF83CC20CF1180C604523D0E0
:1054A000DFF830C20CF1300C60451DD0DFF824C2AB
:1054B0000CF1480C604517D0DFF818C20CF1600CF5
:1054C000604511D0DFF80CC20CF1780C60450BD0B0
:1054D000DFF800C20CF1900C604505D0DFF8F4C194
:1054E0000CF1A80C604506D1D0F800C02CF0010CDE
:1054F000C0F800C005E0D0F800C02CF0010CC0F8E6
:1055000000C02046FDF7E2FE7149206888422CD099
:10551000A8422AD0B04228D0B84226D0404524D054
:10552000484522D0504520D058451ED0694A904267
:105530001BD0684A1832904217D0664A30329042E7
:1055400013D0644A483290420FD0624A603290428F
:105550000BD0604A7832904207D05E4A9032904237
:1055600003D05C4AA83290420DD1026822F01E029C
:1055700042F016020260206C90B12068026842F08E
:10558000080202600CE0026822F00E0242F00A02F9
:105590000260206C20B12068026842F004020260C0
:1055A000206888424BD0A84249D0B04247D0B84288
:1055B00045D0404543D0484541D050453FD058455F
:1055C0003DD0444A90423AD0424A1832904236D0B6
:1055D000404A3032904232D03E4A483290422ED039
:1055E0003C4A603290422AD03A4A7832904226D0E1
:1055F000384A9032904222D0364AA83290421ED089
:10560000354A90421BD0344A1432904217D0324A65
:105610002832904213D0304A3C3290420FD02E4A6A
:10562000503290420BD02C4A6432904207D02A4A22
:105630007832904203D0284A8C3290420DD1206EAD
:105640000268D20303D5026842F480720260E06E01
:1056500018B1026842F480720260206888422CD03F
:10566000A8422AD0B04228D0B84226D0404524D003
:10567000484522D0504520D058451ED01549884273
:105680001BD014491831884217D012493031884252
:1056900013D01049483188420FD00E4960318842FA
:1056A0000BD00C497831884207D00A4990318842A2
:1056B00003D00849A831884204D1016841F00101B2
:1056C0000160AFE6016841F001010160AAE6000057
:1056D00010000240100402400854025810B590F81F
:1056E0009830012B08D0022B06D050F89C1F41F0B7
:1056F00002010160012010BD03689C6D0C4204D1C1
:10570000DC6D44F00104DC6505E09C6D31EA0404C5
:105710001CD00324DC658B0504D5036853F8E04FE7
:1057200014431C604B0504D5036853F8E44F14433D
:105730001C600068426D084B0B401A4342650748E5
:10574000026842EA91710160002010BDDC6D44F0F6
:105750000204DC65DFE70000FFFFCF3F14A8004034
:1057600070B5044694F89800022806D054F89C0FAF
:1057700040F008002060012070BD2068D0F8C030E3
:1057800013F07C5F0AD0D0F8C4309B020DD554F8DA
:105790009C0F40F400702060012070BD54F89C0FF5
:1057A00040F020002060012070BDD0F8C400C0F39C
:1057B000044520462B46FEF705F921680120A84044
:1057C000C1F8D000C4F89400002070BD704710B537
:1057D00090F89820012A08D0022A06D050F89C1F81
:1057E00041F002010160012010BDCA680B688BB155
:1057F000072A0B6943EA42732BD00C7A4A6942EAC2
:1058000084724968006F00EBC100036042604FF092
:10581000000010BD072A10D00C7A4FEAC2624B6913
:1058200043EA84730C8A42EA044243EA0203496869
:10583000C06E00EB81000360E9E70B8A4FF0605413
:105840008A6942EA0343CA6944EA022243EA02033C
:10585000EDE78A69D5E730B5039C90F89850012DA3
:1058600006D050F89C1F41F004010160012030BDBA
:105870000068090141EA820141EA43012143C0F87D
:105880008010002030BD704770470000F0B5002444
:1058900090F89850022D06D050F89C1F41F0080156
:1058A00001600120F0BD40290BD0412936D0056DA3
:1058B0008D4260D850F89C1F41F02001016001200A
:1058C000F0BD0568D5F8A06016F4FE0F18D0D5F825
:1058D000A46076061BD0D5F8A460F60105D5D5F8EE
:1058E000A06016F0004F00D50124D5F8A450C5F3F0
:1058F00005252C44456C466F654306EB85063FE065
:1059000050F89C1F41F0200101600120F0BD50F8CB
:105910009C1F41F4807101600120F0BD0568D5F83D
:10592000B06016F4FE0F18D0D5F8B46076061BD020
:10593000D5F8B460F60105D5D5F8B06016F0004F83
:1059400000D50124D5F8B450C5F305252C44C56C09
:10595000866F654306EB850612E050F89C1F41F008
:10596000200101600120F0BD50F89C1F41F48071BE
:1059700001600120F0BD456DC66F4D4306EB850605
:10598000356805F0804555602DB3356825F06045D4
:105990001560356805F000559560356805F00045DF
:1059A0001561B588ADB2D5617568C5F30345D5609D
:1059B000756805F480155561756805F400159561E5
:1059C0007568C5F30665156275680836ED0F556292
:1059D0000025174F09E03568C5F38A451560D8E7FB
:1059E00016F805C003F805C06D1CD2F80CC017F8F6
:1059F0000CC0AC45F4D8402909D041290BD0012274
:105A000020290CD200688A40C0F898200DE0006878
:105A1000C0F8A84009E00068C0F8B84005E0006898
:105A200001F01F018A40C0F89C200020F0BD00005A
:105A3000603E0108704700002DE9FE4F0446B64F56
:105A400038688007391D096800EA81700290206873
:105A5000016D01F47041D0F854A00AEA010A016D09
:105A600001F00F01D0F854B00BEA010B016D01F009
:105A7000F001426D0A400192016D01F07151D0F8C0
:105A8000548008EA0108016D01F06071426D0A401E
:105A90000092416D056D4FF00009CE43F10509D428
:105AA000E943C90506D4B9150165C7F80090204639
:105AB000FFF7C0FF700510D4E84340050DD42068FF
:105AC000D0F8DC20D0F8E41011404FF48062026579
:105AD000C7F80090204600F03DFB029858B18F496E
:105AE00002980840216808650298800F3860029982
:105AF0002046FFF76BFEBAF1000F0BD021688748F4
:105B00000AEA000008654FEA9A703860514620465C
:105B100000F022FBBBF1000F0BD021687F480BEA9D
:105B2000000008654FEA9B7038605946204600F037
:105B3000D3FA019858B1794901980840216808655D
:105B40000198800F38600199204600F0DBFA30059B
:105B50000BD4E843000508D421684FF400600865C1
:105B6000C7F80090204600F0F8FAB00510D4E843DA
:105B700080050DD42068D0F8D820D0F8E01011406E
:105B80004FF400720265C7F80090204600F0E3FA77
:105B900030030BD4E843000308D421684FF40020FD
:105BA0000865C7F80090204600F094FAF0030BD483
:105BB000E843C00308D421684FF480300865C7F873
:105BC0000090204600F0C5FA70030BD4E843400370
:105BD00008D421684FF480200865C7F8009020465B
:105BE00000F0B6FAB0030ED4E84380030BD421686A
:105BF0004FF400300865C7F80090D4F89C0040F0DE
:105C00008000C4F89C00009858B1444900980840AE
:105C1000216808650098800F386000992046FFF7DA
:105C200033FEB8F1000F0DD021683C4808EA0000AF
:105C300008654FEA98703860D4F89C0040EA080084
:105C4000C4F89C003649206888425BD1606881684E
:105C5000890757D0016A01F00F02416A1140026AB8
:105C600002F03002476A1740026A02F4C072D0F8AC
:105C7000248008EA0208026A02F4FC42456A1540E0
:105C8000026A02F4F022466A1640D0F82490D0F856
:105C900020A019B10162204600F057FA2FB16068C8
:105CA00007623946204600F052FA6FEA09004006C2
:105CB0000ED46FEA0A0040060AD46068C16B090C72
:105CC000C26B02F03F0240230362204600F03EFA1E
:105CD000B8F1000F06D06068C0F820804146204629
:105CE00000F032FA35B160680562D4F89C002843B0
:105CF000C4F89C0036B160680662D4F89C0030435A
:105D0000C4F89C00D4F89C00002802D02046FFF77D
:105D1000BAFDBDE8FE8F000010A80040FFFFCF3F96
:105D200000A000402DE9F04393B004464C22954971
:105D30006846FAF79FFB6CB1934F2068B84202D1D6
:105D400000F5807060604FF4407994F89800002668
:105D500020B108E0012013B0BDE8F08384F8996019
:105D6000204600F013F92068816921F0100181615B
:105D700000F006FB05464FF003080DE000F000FBC5
:105D8000401B0A2808D954F89C0F40F001002060FD
:105D900004F8048C0120DEE7206880690007EDD458
:105DA0002068816941F00101816100F0E9FA05464E
:105DB0000DE000F0E5FA401B0A2808D954F89C0FC2
:105DC00040F00100206004F8048C0120C3E7206843
:105DD0008069C007EDD02068816941F002018161CE
:105DE000207C012839D02068816941F0400181611F
:105DF000607C012837D02068816921F4804181616D
:105E0000A07C012835D02068816941F480518161EE
:105E100020688169A26821F4407111438161206882
:105E2000816921F0A40181612068016921F01001DC
:105E30000161E068012822D030B302282BD020680D
:105E4000816941F0800181612068016941F01001A0
:105E50000161E068032818D022E02068816921F000
:105E600040018161C4E72068816941F4804181611A
:105E7000C6E72068816921F480518161C8E7206804
:105E8000816941F0040181610AE02068816941F083
:105E90002001816104E02068816941F02001816175
:105EA000207E401E4106E069401E41EA0020216A32
:105EB000491E0843A18A491E40EA01402168C86181
:105EC000A06848450FD1E16AA06A491E401E40EA19
:105ED0000121206B401E41EA0011A08C401E41EAC6
:105EE00000402168C860206E28B1206850F8C01FAB
:105EF000626E11430160D4E91701C842694609D0B6
:105F0000206850F8C82FA36E22F0070251F8233002
:105F10001A430260206C48B1206850F8BC2F636CB3
:105F200022F0070251F823301A430260A06C50B1EE
:105F3000206850F8BC2FE36C22F0700251F8233037
:105F400042EA03120260206D50B1206850F8BC2F65
:105F5000636D22F4E06251F8231042EA01210160EE
:105F60002068B84204D16068816821F00301816033
:105F700044F8946FA66001202071943C2046FDF700
:105F800049FCE8E6703E010800A000402DE9F04120
:105F900086B00446142101A8FAF785FA474B00257C
:105FA00022680227464C4FF0090CDFF80C81196873
:105FB0000C3C434E4348491C424527D119600129F6
:105FC00007D1316841F480713160316801F480712A
:105FD0000091216841F008012160216801F0080169
:105FE000009103210191029703950495CDF814C007
:105FF00001A900F0B3F800220521132000F064FA93
:10600000132000F053FA06B0BDE8F081DFF8B88045
:10601000424526D11960012907D1306840F48070CB
:106020003060306800F480700090206840F002001A
:106030002060206800F0020000906020019002972C
:1060400003950495CDF814C001A9204800F086F806
:1060500000220521142000F037FA142000F026FA5F
:10606000D1E7DFF86CC06245CDD11960012907D1B5
:10607000316841F480713160316801F480710091C0
:10608000216841F008012160216801F008010091B8
:106090004FF4405101910297039504950521059114
:1060A00001A900F05BF8002205219F2000F00CFA06
:1060B0009F2000F0FBF9A6E700A000401C00002490
:1060C000EC440258000C025800A40040000402589E
:1060D00000D400407047000010B50446C8070BD03C
:1060E0000648844201D10BF077FB0548844203D176
:1060F000BDE810400BF0E4BB10BD0000580E0024BA
:10610000980F0024C90604D50249884201D10BF03A
:10611000A1BB7047F80E002490F89810012906D012
:1061200050F89C1F41F004010160012070470221DA
:1061300080F8981001688A6922F001028A610021C2
:10614000C0F89C1000207047704770477047704738
:106150007047704770477047704770472DE9F84F98
:106160000022784D03264FF001080F274FF0B04C66
:10617000E1E008FA02F31C409A46002C7ED00B792D
:1061800003F00303012B01D0022B1BD1D0F80890A0
:10619000530006FA03FB29EA0B09D1F80CB00BFAFD
:1061A00003FB4BEA090BC0F808B0436823EA0A0373
:1061B00091F80490C9F3001909FA02F949EA0309B0
:1061C000C0F804900B79DB439B070ED0D0F80C90FD
:1061D000530006FA03FA29EA0A09D1F808A00AFAD4
:1061E00003FA4AEA090AC0F80CA00B7903F003038A
:1061F000022B14D1D30800EB8303D3F820A04FEA7D
:1062000042794FEAD96907FA09FB2AEA0B0AD1F861
:1062100010B00BFA09FB4BEA0A0BC3F820B0D0F818
:106220000090530006FA03FA29EA0A0991F804A03B
:106230000AF0030A0AFA03FA4AEA090AC0F800A0B7
:106240004B6813F4403F75D03F4BD3F8009049F0B2
:106250000209C3F800901B6803F00203009322F0C8
:10626000030909F1B049D9F808B493074FEA137A42
:1062700007FA0AF32BEA030B344B00E05AE098428A
:1062800001D1002328E0324B984201D1012323E0C1
:10629000304B984201D102231EE02F4B984201D18E
:1062A000032319E02D4B984201D1042314E02C4B19
:1062B000984201D105230FE02A4B984201D10623D1
:1062C0000AE0294B984201D1072305E0274B984269
:1062D00001D1092300E00A2303FA0AF343EA0B037E
:1062E000C9F80834DCF80030A343D1F804905FEA21
:1062F000C92900D52343CCF80030DCF80430A3438F
:10630000D1F804905FEA892900D52343CCF8043002
:106310006B68A343D1F804905FEA893900D5234321
:106320006B602B68A343D1F804905FEAC93900D5AC
:1063300023432B60521C0C6834FA02F37FF419AF2C
:10634000BDE8F88F80000058F4440258000002585D
:106350000004025800080258000C025800100258AD
:106360000014025800180258001C02580024025859
:10637000002A01D0816170470904816170470000E3
:1063800001488068704700002400002402488168AA
:1063900002781144816070472400002410B5032066
:1063A00000F0B2F801F03CF90F490A68C2F3032388
:1063B0000E4AD35C03F01F03D840096801F00F01B7
:1063C000515C0B4A01F01F0120FA01F111600949EB
:1063D00008600F2000F010F808B1012010BD00F097
:1063E00053F8002010BD000018440258E43E010894
:1063F000340000243000002410B58AB00446102C6C
:106400002FD2002221461E2000F05EF81E2000F050
:106410004DF8184804601848016841F00401016013
:10642000006800F00400009001A902A801F082F8C1
:106430000798C0B101F0D0F840001049B0FBF1F16D
:10644000491E10480E4A026040F2E732C2604160C5
:1064500000210161816002F057F938B101200AB0D2
:1064600010BD0120FBE701F0B7F8E6E7054802F0B0
:1064700091F9F4E728000024E844025840420F0054
:10648000000800409419002482B00748016841F0D8
:1064900002010160006800F00200019000220F215B
:1064A000901E02B000F010B8F4440258002809DB36
:1064B000012100F01F0291404009800000F1E0201E
:1064C000C0F8001170470000F0B40D460D4B1B687A
:1064D000C3F30223C3F10704042C00D90424191DBB
:1064E000072901D2002300E0DB1E012606FA04F191
:1064F000491E294099409E40761E16403143F0BC0B
:1065000008F049BD0CED00E000F00701054A1068F5
:106510004FF6FF03184040EA01200349084310608A
:10652000704700000CED00E00000FA0570B514495A
:106530000A68D243520708D5096801F00701814271
:1065400001D0012070BD002070BD0A6822F0070252
:1065500002430A60FFF714FF0446094D4FF47A76B0
:10656000083D06E0FFF70CFF001BB04201D90120F7
:1065700070BD2868C0438004F4D4002070BD0000C2
:106580000C48025810B501F005F805490968054A9C
:10659000C1F30211515C01F01F01C84010BD0000A1
:1065A00020440258E43E010810B569490A6802F027
:1065B00003020968C1F30531654B1B1D1B68C3F35A
:1065C0000013634C14342468C4F3CC0414FB03F3A9
:1065D00000EE103AB8EE400A002971D09FED5D1A26
:1065E0005B4BF7EE000A1033F2B39FED5B2A012AF2
:1065F0007FD0022A7CD001EE901A1968F8EE611A59
:10660000C2EE212AC1F3080101EE901AF8EE611AD8
:1066100040EE011A31EEA00A22EE800A1968C1F399
:10662000462101EE101AB8EE411A31EE201AC0EEE2
:10663000011ABCEEE11A80ED001A1968C1F3064197
:1066400001EE101AB8EE411A31EE201AC0EE011A0E
:10665000BCEEE11A80ED011A1968C1F3066101EE82
:10666000101AB8EE411A00E008E071EE200A80EE40
:10667000201ABCEEC10A80ED020A10BD344A283A45
:106680001468A4061ED51268C2F3C104334AE2405E
:1066900001EE902AF8EE612A01EE901A1968F8EEE0
:1066A000611A82EEA12AC1F3080101EE901AF8EEF8
:1066B000611A40EE011A31EEA00A22EE000AADE79F
:1066C00041E016E001EE901ADFED252A1968F8EE98
:1066D000611A82EEA12AC1F3080101EE901AF8EEC8
:1066E000611A40EE011A31EEA00A22EE000A95E787
:1066F00013E001EE901A1968F8EE611AC2EE212A31
:10670000C1F3080101EE901AF8EE611A40EE011A89
:1067100031EEA00A22EE800A80E701EE901ADFED4A
:10672000112A1968F8EE611A82EEA12AC1F3080154
:1067300001EE901AF8EE611A40EE011A31EEA00A4D
:1067400022EE000A6AE7002101604160816010BD0D
:1067500028440258000000390024744A0090D003F5
:106760000024744C001BB74B10B569490A6802F04D
:1067700003020968C1F30551654B1B1D1B68C3F378
:106780000023634C1C342468C4F3CC0414FB03F3CF
:1067900000EE103AB8EE400A002971D09FED5D1A64
:1067A0005B4BF7EE000A1833F2B39FED5B2A012A28
:1067B0007FD0022A7CD001EE901A1968F8EE611A97
:1067C000C2EE212AC1F3080101EE901AF8EE611A17
:1067D00040EE011A31EEA00A22EE800A1968C1F3D8
:1067E000462101EE101AB8EE411A31EE201AC0EE21
:1067F000011ABCEEE11A80ED001A1968C1F30641D6
:1068000001EE101AB8EE411A31EE201AC0EE011A4C
:10681000BCEEE11A80ED011A1968C1F3066101EEC0
:10682000101AB8EE411A00E008E071EE200A80EE7E
:10683000201ABCEEC10A80ED020A10BD344A283A83
:106840001468A4061ED51268C2F3C104334AE2409C
:1068500001EE902AF8EE612A01EE901A1968F8EE1E
:10686000611A82EEA12AC1F3080101EE901AF8EE36
:10687000611A40EE011A31EEA00A22EE000AADE7DD
:1068800041E016E001EE901ADFED252A1968F8EED6
:10689000611A82EEA12AC1F3080101EE901AF8EE06
:1068A000611A40EE011A31EEA00A22EE000A95E7C5
:1068B00013E001EE901A1968F8EE611AC2EE212A6F
:1068C000C1F3080101EE901AF8EE611A40EE011AC8
:1068D00031EEA00A22EE800A80E701EE901ADFED89
:1068E000112A1968F8EE611A82EEA12AC1F3080193
:1068F00001EE901AF8EE611A40EE011A31EEA00A8C
:1069000022EE000A6AE7002101604160816010BD4B
:1069100028440258000000390024744A0090D00333
:106920000024744C001BB74B2DE9FC5F0446002586
:106930000026F94F2068DFF8E493C043010104F119
:106940000800019004F1280000900DD4606EB8B1E9
:10695000B0F5801F19D0B0F5001F1CD0B0F5401F56
:1069600000D00125EDB12E462088C043C00535D4A6
:10697000A06D05282FD2DFE800F01D22282F2F0060
:10698000386840F400303860ECE70198022106F0E6
:1069900063F80546E6E70098022106F0EFF80546A1
:1069A000E0E7D9F80000616E20F440100843C9F810
:1069B0000000D9E7386840F4003038600CE00198F6
:1069C000002106F049F8054606E00098002106F08F
:1069D000D5F8054600E00125A5B12E462088DFF850
:1069E0004083C04340051FD4D4F8A400B0F5C00FC5
:1069F00018D010DC50B3B0F5001F2CD0B0F5800FCC
:106A00000FD12EE0D9F80000A16D20F00700084357
:106A1000C9F80000E2E7B0F5000F03D0B0F5200F91
:106A200000D001251DB32E462088C043000531D477
:106A3000D4F8A800B0F1407F2AD022DCF0B3B0F146
:106A4000807F4BD0B0F1007F21D14DE0386840F419
:106A500000303860E6E70198002105F0FDFF0546AB
:106A6000E0E70098002106F089F80546DAE7D8F853
:106A70000000D4F8A41020F460000843C8F8000017
:106A8000D2E7B0F1806F03D0B0F1A06F00D0012544
:106A900085B32E462068C04380010AD4E06C30B133
:106AA000102832D0202836D0302800D001258DB3D0
:106AB0002E462088C043C00446D400E009E0E06DC3
:106AC000B0F5005F5CD036DCA0B3B0F5805F38D1A4
:106AD00050E0386840F400303860D9E70198002170
:106AE00005F0BAFF0546D3E70098002106F046F806
:106AF0000546CDE7FFE7D8F80000D4F8A81020F04D
:106B0000E0600843C8F80000C4E7386840F400308B
:106B10003860CCE705E00198022105F09DFF0546AD
:106B2000C5E77E48001F0168E26C21F03001114387
:106B30000160BEE719E0B0F5405F03D0B0F5804FCB
:106B400000D0012515B32E462088C04380042FD4E1
:106B5000206EB0F5403F29D021DC38B3B0F5803F3E
:106B600038D0B0F5003F20D13AE0386840F400302A
:106B70003860E7E70198002105F06EFF0546E1E780
:106B80000098002105F0FAFF0546DBE7D9F8000080
:106B9000E16D20F4E0400843C9F80000D4E7B0F507
:106BA000802F03D0B0F5A02F00D00125F5B12E46DF
:106BB0002088C04340042BD4D4F8AC00B0F1405F2F
:106BC00024D01CDC10B3B0F1805F4FD0B0F1005F77
:106BD0001BD152E00198012105F03EFF0546E5E793
:106BE0000098012105F0CAFF0546DFE7D9F800004B
:106BF000216E20F4E0200843C9F80000D8E7B0F186
:106C0000804F03D0B0F1A04F00D00125A5B32E4690
:106C10002088C04300040AD4E06E30B1B0F1805F38
:106C20003DD0B0F1005F3FD00125B5B32E462068BE
:106C3000C043C0010AD4A06C30B1012843D002285F
:106C400046D0032800D0012545B32E462068C04316
:106C500040025AD4DFF8CCB0DBF8000040F480707A
:106C6000CBF80000FFF78CFB824648E00198012139
:106C700005F0F2FE0546C9E705E00098012105F0A0
:106C80007DFF0546C2E7D8F80000D4F8AC1020F02C
:106C9000E0400843C8F80000BAE70BE01EE038689F
:106CA00040F400303860C0E70198012105F0D4FEBF
:106CB0000546BAE7D9F80000E16E20F040500843DD
:106CC000C9F80000B3E7386840F400303860BBE72B
:106CD0000198022105F0C0FE0546B5E70F48001FE8
:106CE0000168A26C21F0030111430160AEE7FFF7D8
:106CF00047FBA0EB0A00642801D9032503E0DBF879
:106D00000000C005F3D58DB12E462078DFF818A01D
:106D1000C043C00763D073E02C440258504402586B
:106D2000584402580048025854440258DFF850B4FE
:106D3000DBF80000B4F8B01000F4407001F44071CA
:106D4000884211D0DBF8000020F44070DBF800101E
:106D500041F48031CBF80010DBF8001021F48031D1
:106D6000CBF80010CBF80000D4F8B000B0F5807F6D
:106D700011D1FFF705FB824609E0FFF701FBA0EB0D
:106D80000A0141F28830814201D9032503E0DBF892
:106D900000008007F1D50DB12E46B6E7D4F8B0005B
:106DA000C0F3012103290FD0F5486038016821F4B0
:106DB0007C510160DBF80000B4F8B010C1F30B01A6
:106DC0000843CBF80000A0E7ED4960390A68ED4BB5
:106DD00022F47C52184042EA10100860EAE7A06FE3
:106DE00018280BD005DC48B1082815D0102804D18C
:106DF00018E0202802D0282800D00125C5B12E4651
:106E00002078C04380072BD4606F062825D2DFE8A6
:106E100000F025181E2525250198012105F01CFEEE
:106E20000546EBE70098012105F0A8FE0546E5E7D9
:106E3000DAF80000A16F20F038000843CAF800001B
:106E4000DEE70198012105F007FE054606E00098FF
:106E5000012105F093FE054600E001256DB12E46A7
:106E60002078C043400720D4D4F89000062819D2D7
:106E7000DFE800F0190C12191919DAF80000616F37
:106E800020F007000843CAF80000E9E70198012153
:106E900005F0E2FD054606E00098012105F06EFED2
:106EA000054600E0012595B12E462078C0438006B6
:106EB00020D4D4F88C00B0F1405F19D011DCB8B107
:106EC000B0F1805F28D0B0F1005F10D12AE0D8F88F
:106ED0000000D4F8901020F007000843C8F8000024
:106EE000E3E7B0F1804F03D0B0F1A04F00D001250F
:106EF000F5B12E462078C04340062CD4D4F8980033
:106F0000B0F5406F25D01DDC18B3B0F5806F34D0DC
:106F1000B0F5006F1CD136E00198002105F09CFD12
:106F20000546E5E70098022105F028FE0546DFE763
:106F3000DAF80000D4F88C1020F0E0400843CAF8DA
:106F40000000D7E7B0F5805F03D0B0F5A05F00D0B8
:106F50000125F5B12E462078C04300062CD4D4F884
:106F60009C00B0F5C04F25D01DDC18B3B0F5005F14
:106F70002CD0B0F5804F1CD12EE00198002105F0F7
:106F80006BFD0546E5E70098022105F0F7FD054693
:106F9000DFE7D8F80000D4F8981020F4E050084358
:106FA000C8F80000D7E7B0F5004F03D0B0F5204F88
:106FB00000D00125B5B12E462078C04300072AD461
:106FC000D4F88000B0F5805F16D01BE00198002156
:106FD00005F042FD0546EDE70098022105F0CEFDE3
:106FE0000546E7E7D8F80000D4F89C1020F460408C
:106FF0000843C8F80000DFE70098022105F0BEFD55
:1070000000B10126DAF80000D4F8801020F44050D6
:107010000843CAF800002078C043C00613D4D4F84F
:107020009400B0F5807F05D10098022105F0A6FDFF
:1070300000B10126D8F80000D4F8941020F4407074
:107040000843C8F800002068C04300030BD4D4F8FC
:10705000A000E8B3B0F5803F7DD0B0F5003F00D090
:107060000125B5B32E462068C04340030DD4D4F8A3
:107070008400B0F5801F70D0B0F5001F6ED0B0F561
:10708000401F00D001252DB32E462068C043C00309
:1070900007D4206DF0B3B0F5803F75D00125D5B38E
:1070A0002E462068C043800005D40098022105F0D8
:1070B00065FD00B101262068C043800311D4E06F54
:1070C00068B1B0F5807F76D0B0F5007F07D002E0E0
:1070D0005BE066E07BE0B0F5407F00D00125DDB3EA
:1070E0002E462068C043C00207D4D9F80000216FA3
:1070F00020F000400843C9F800002068C043800227
:1071000007D4D9F80000A16E20F080700843C9F8B8
:10711000000001E065E06FE02068C04340000AD451
:1071200017486038016821F4004101600168D4F813
:10713000B420114301602068C04307D410482438AC
:107140000168626D21F04051114301602068C04325
:1071500000020DD403E01EE05BE02DE031E0DAF840
:107160000000D4F8881020F440000843CAF800005A
:1071700020790025C04300F00100284352D057E099
:1071800070440258FFFCFF0F30E00198002105F029
:1071900063FC054665E70098022105F0EFFC054613
:1071A0005FE7D8F80000D4F8A01020F4403008437E
:1071B000C8F8000057E727E0386840F4003038602E
:1071C00061E70098012105F0D9FC05465BE7DAF894
:1071D0000000D4F8841020F440100843CAF80000DE
:1071E00053E7386840F40030386058E701980221CE
:1071F00005F032FC054652E72E480168226D21F465
:107200008031114301604CE7386840F40030386049
:1072100065E7DAF80000E16F20F440700843CAF82F
:1072200000005EE70198002105F016FC00B106465B
:107230002079C04300F00200284305D101980121C4
:1072400005F00AFC00B106462079C04300F00400B6
:10725000284305D10198022105F0FEFB00B1064646
:107260002079C04300F00800284305D10098002190
:1072700005F084FC00B106462079C04300F0100000
:10728000284305D10098012105F078FC00B106469D
:107290002079C04300F02000054305D10098022169
:1072A00005F06CFC00B1064616B10120BDE8FC9F5C
:1072B0000020FBE74C4402582DE9F05F04460D46E0
:1072C000002C17D0DFF84C82D8F8000000F00F0037
:1072D000A84211D2D8F8000020F00F002843C8F8C7
:1072E0000000D8F8000000F00F00A84204D00120F0
:1072F000BDE8F09F0120FBE72078874E40070AD5C4
:107300002069316801F07001884204D9316821F0A8
:107310007001014331602078804F00070AD5606911
:10732000396801F07001884204D9396821F0700190
:10733000014339602078C0060AD5A069396801F494
:10734000E061884204D9396821F4E0610143396081
:107350002078DFF8CC9180060DD5E069D9F80010CF
:1073600001F07001884206D9D9F8001021F07001AF
:107370000143C9F80010207880070AD5E068316819
:1073800001F00F01884204D9316821F00F01014357
:1073900031602078C00743D03068A16820F4706065
:1073A000084330605C4960681839022808D0032817
:1073B0000BD001280ED00968490710D4012097E7A7
:1073C000096889030BD4012092E70968890106D472
:1073D00001208DE70968C90501D4012088E7DFF89D
:1073E00038A1AAF1080ADAF8001021F007010143D8
:1073F000CAF80010FEF7C4FF834609E0FEF7C0FF9D
:10740000A0EB0B0141F28830814201D903206FE7E4
:10741000DAF80000616800F03800B0EBC10FEDD180
:10742000207880070AD5E068316801F00F018842B2
:1074300004D2316821F00F0101433160D8F8000017
:1074400000F00F00A8420ED9D8F8000020F00F007D
:107450002843C8F80000D8F8000000F00F00A84248
:1074600001D0012044E7207840070AD5206931681F
:1074700001F07001884204D2316821F070010143AB
:107480003160207800070AD56069396801F0700121
:10749000884204D2396821F07001014339602078B4
:1074A000C0060AD5A069396801F4E061884204D2B7
:1074B000396821F4E06101433960207880060DD5F8
:1074C000E069D9F8001001F07001884206D2D9F8BD
:1074D000001021F070010143C9F8001000F0A0F87D
:1074E0003168C1F303220F498A5C02F01F02D040C9
:1074F000326802F00F02895C0B4A01F01F0120FA8A
:1075000001F111600949086009480068BDE8F05FB1
:10751000FEF772BF00200052184402581C44025863
:1075200020440258E43E01083400002430000024C6
:10753000280000243F220260144A126802F0070269
:107540004260124A0832136803F470638360136860
:1075500003F00F03C360126802F0700202610B4A6D
:107560000C32136803F070034361126802F4E062A6
:107570008261064A1032126802F07002C261044849
:10758000006800F00F0008607047000010440258C7
:107590000020005200B500F043F80B490A68C2F31E
:1075A00003230A4AD35C03F01F03D840096801F0A3
:1075B0000F01515C064A01F01F0120FA01F1116030
:1075C000044A1060084600BD18440258E43E010811
:1075D000340000243000002400B5FFF7DBFF05492C
:1075E0000968054AC1F30211515C01F01F01C8404E
:1075F00000BD00001C440258E43E010800B5FFF73E
:10760000C9FF05490968054AC1F30221515C01F02F
:107610001F01C84000BD00001C440258E43E0108A0
:1076200030B564480068654C10F03801624808D0F5
:10763000021108290DD010290DD018290DD010469F
:1076400030BD21688906FBD52168C1F3C101C8405E
:1076500030BD104630BD5A4830BD564918310A6811
:1076600002F003020968C1F30511524B1C331B6879
:1076700003F001034F4D24352D68C5F3CC0515FBF0
:1076800003F300EE103AB8EE400A002977D0DFEDA0
:107690004D0A484BB7EE001A20333AB39FED4A2A01
:1076A000012A58D0022A6CD001EE901A1868F8EE20
:1076B000611AC2EE212AC0F3080001EE900AF8EE2A
:1076C000611A40EE201A31EE810A22EE800A186813
:1076D000C0F34620401C00EE900AF8EE600A80EEEF
:1076E000201ABCEEC10A10EE100A30BD22689206C4
:1076F0001BD52268C2F3C102D04001EE900A18687F
:10770000F8EE612A01EE901AF8EE611A82EEA12AD3
:10771000C0F3080001EE900AF8EE611A40EE201A5C
:1077200031EE810A22EE000AD1E701EE901ADFED78
:10773000272A1868F8EE611A82EEA12AC0F3080021
:1077400001EE900AF8EE611A40EE201A31EE810A3D
:1077500022EE000ABBE701EE901A1868F8EE611AF3
:10776000C2EE212AC0F3080001EE900AF8EE611A79
:1077700040EE201A31EE810A22EE800AA7E716E0D9
:10778000FFE701EE901ADFED122A1868F8EE611A91
:1077900082EEA12AC0F3080001EE900AF8EE611A09
:1077A00040EE201A31EE810A22EE000A8FE7002017
:1077B00030BD0000104402580090D003004402582D
:1077C00000366E01000000390024744A0024744C15
:1077D000001BB74B2DE9F05F0446002C10D0207839
:1077E000DFF8F883FE4EFF4DC0075DD0D8F80000EB
:1077F00000F03800316810281FD0182803D006E0A8
:107800000120BDE8F09F01F00300022815D0606858
:10781000B0F5803F18D0E0B1B0F5A02F22D0286895
:1078200020F480302860286820F480202860606878
:1078300060B3FEF7A5FD074624E02868800333D532
:10784000606810BB0120DCE7286840F480302860C5
:10785000EDE7286820F480302860286820F4802034
:107860002860E4E7286840F480202860286840F415
:1078700080302860DBE7FEF783FDC01B642801D958
:107880000320BEE728688003F5D50DE0FEF778FDFC
:10789000074606E0FEF774FDC01B642801D90320EB
:1078A000AFE728688003F5D42078800764D5D8F83E
:1078B000000000F038003168DFF8289309F104096E
:1078C00070B1182801D188070AD0E068A0B32968F0
:1078D00021F0190101432960FEF752FD07462CE013
:1078E0002868400701D5E06848B12868E16820F0C1
:1078F000190008432860FEF743FD074608E0012011
:107900007FE7FEF73DFDC01B022801D9032078E781
:1079100028684007F5D5D9F80000217C20F0FE400A
:1079200040EA0160C9F8000026E0FEF729FDC01B0F
:10793000022802D9032064E70CE028684007F4D548
:10794000D9F80000217C20F0FE4040EA0160C9F82F
:10795000000011E0286820F001002860FEF710FD0B
:10796000074606E0FEF70CFDC01B022801D90320E4
:1079700047E728684007F5D42078C00655D5D8F8E1
:10798000000000F038003168DFF850920828A9F1B3
:1079900004090FD0182803D101F00300012809D0F1
:1079A000E06978B3286840F080002860FEF7E8FCC2
:1079B000074619E02868C00504D5E069802801D091
:1079C00001201EE7D9F8000094F8201020F07C5028
:1079D00040EA0160C9F8000027E0FEF7D1FCC01BB7
:1079E000022801D903200CE72868C005F5D5D9F88D
:1079F000000094F8201020F07C5040EA0160C9F8A3
:107A0000000012E0FFE7286820F080002860FEF701
:107A1000B7FC074606E0FEF7B3FCC01B022801D9FD
:107A20000320EEE62868C005F5D42078000730D59D
:107A3000DFF8AC91606909F14C09A8B1D9F80000F0
:107A400040F00100C9F80000FEF79AFC074606E086
:107A5000FEF796FCC01B022801D90320D1E6D9F815
:107A600000008007F4D514E0D9F8000020F00100F0
:107A7000C9F80000FEF784FC074606E0FEF780FC2C
:107A8000C01B022801D90320BBE6D9F800008007FB
:107A9000F4D42078800626D5A06990B1286840F4F7
:107AA00080502860FEF76CFC074606E0FEF768FC95
:107AB000C01B022801D90320A3E628688004F5D55D
:107AC00011E0286820F480502860FEF759FC074632
:107AD00006E0FEF755FCC01B022801D9032090E602
:107AE00028688004F5D4207840075DD53E4F38687B
:107AF00040F480703860FEF743FC814607E0FEF7F3
:107B00003FFCA0EB0900642801D9032079E638681E
:107B1000C005F4D5324FA0684837012812D0B0B163
:107B200005281DD0386820F001003860386820F042
:107B300004003860A06841F2883930B3FEF720FCB9
:107B400082461EE0386840F001003860F2E738688D
:107B500020F001003860386820F004003860E9E760
:107B6000386840F004003860386840F00100386040
:107B7000E0E7FEF705FCA0EB0A00484501D9032029
:107B80003FE638688007F4D50EE0FEF7F9FB824641
:107B900007E0FEF7F5FBA0EB0A00484501D90320FA
:107BA0002FE638688007F4D4616AB1B1D8F80000D4
:107BB0004FF6F87BDFF828A00AF1080AC0F3C200EC
:107BC00003280AF10409AAF104087CD0022911D083
:107BD000286820F08070286008E0E5E01044025832
:107BE000284402580044025800480258FEF7C8FBD7
:107BF000044689E0286820F080702860FEF7C0FB0A
:107C0000074606E0FEF7BCFBC01B022801D9032093
:107C1000F7E528688001F5D4306840F2F3318843F5
:107C2000E16A40EA0110A16A08433060208E4FF6F5
:107C3000FF72616B401E491EC0F3080002EA412139
:107C40000843218F4FF4FE02491E02EA0141084316
:107C500094F83C10491E120202EA01610843CAF876
:107C60000000D8F8000020F00100C8F80000D9F8A2
:107C70000000A16C20EA0B0040EAC100C9F8000036
:107C8000D8F80000216C20F00C000843C8F8000070
:107C9000D8F80000616C20F002000843C8F800002A
:107CA000D8F8000040F48030C8F80000D8F8000090
:107CB00040F40030C8F80000D8F8000040F48020FC
:107CC000C8F8000000E023E0D8F8000040F0010010
:107CD000C8F80000286840F080702860FEF750FB6C
:107CE000044606E0FEF74CFB001B022801D90320E6
:107CF00087E528688001F5D556E0FEF741FB001BBB
:107D0000022801D903207CE528688001F5D44BE0E6
:107D10003268DAF80000012921D0A36A02F00301D9
:107D200099421CD1E16AC2F30512914217D1216B2D
:107D3000C0F30802491E8A4211D1616BC0F346228A
:107D4000491E91420BD1A16BC0F30642491E9142DC
:107D500005D1E16BC0F30660491E814201D00120CC
:107D60004FE5D9F80000C0F3CC00A16C81421BD0D4
:107D7000D8F8000020F00100C8F80000FEF700FB72
:107D80000546FEF7FDFAA842FBD0D9F80000A16C29
:107D900020EA0B0040EAC100C9F80000D8F8000052
:107DA00040F00100C8F8000000202AE570470000FC
:107DB0002DE9F047044626683169726901EA020537
:107DC000D6F80890002094F8817006F1300812056A
:107DD0000AD5090708D5B06940F40060B0612046B3
:107DE00000F04DFABDE8F08705F0400105F02002F3
:107DF000114308D1690706D5616F20468847216F76
:107E000020468847012005F04101012905D1690775
:107E100003D4216F20468847012005F02201022962
:107E200005D1690703D4616F2046884701200028E7
:107E3000D8D128074FF001065DD52068816941F04F
:107E4000080181612068816941F010018161206829
:107E5000816941F4006181612068016921F00801B4
:107E600001612068806810F4404F22D025E0E0686E
:107E70000F2807D92068006B616E0860606E001DD6
:107E8000606611E0072807D9B8F80000616E088025
:107E9000606E801C606607E0206890F83000616EBC
:107EA0000870606E401C6066B4F86A00401EA4F85A
:107EB0006A00B4F86A000028D9D1204604F0F6FE22
:107EC00084F88160D4F8840018B12046FFF76EFF73
:107ED00088E7052F07D0042F09D0032F82D1204631
:107EE00000F0AAFB7EE7204600F0A7FB7AE72046D9
:107EF00000F0C4F976E715F4587FE9D068060AD592
:107F0000D4F8840040F00400C4F88400206881693B
:107F100041F040018161A8050AD5D4F8840040F001
:107F20000100C4F884002068816941F40071816116
:107F3000E8050AD5D4F8840040F00800C4F88400AD
:107F40002068816941F480718161A8060AD5D4F85E
:107F5000840040F08000C4F884002068816941F00A
:107F600020018161D4F884000028B1D02068016824
:107F700021F0010101602068016940F26B329143F8
:107F80000161C9F38130032805D084F8816020465F
:107F9000FFF70CFF26E72068816821F440418160EB
:107FA0000E4DE06F50B10565E06FFCF7FBFA28B1AC
:107FB000D4F8840040F04000C4F88400A06F00288A
:107FC00086D00565A06FFCF7EDFA00288AD054F83A
:107FD000840F40F04000206004E7000067CD0008F7
:107FE0002DE9F0410446002C12D00025A562DFF8EF
:107FF00058812068554E564F40450BD0B04209D0AD
:10800000B84207D0E0680F2804D90120BDE8F0810C
:108010000120FBE7204604F0B2FE014620684045FF
:1080200005D0B04203D0B84201D0082907D8404556
:1080300003D0B04201D0B84203D1102901D90120A8
:10804000E4E794F8810020B984F88050204600F0DD
:1080500081F8022084F881002068016821F0010184
:1080600001602068816801F4F812A169B1F1806FA4
:108070000ED16168B1F5800F01D1A36B23B139B97D
:10808000A16BB1F1805F03D1016841F480510160BF
:10809000606840020AD5E068072807D320680168B5
:1080A000236D21F480711943016004E020680168A8
:1080B00021F480710160A16AE0690843E16B11431A
:1080C0000843E168084321688860616A606BA269BF
:1080D0000843A16B114308432169084361690843C0
:1080E000216A084361680843E16C0843A1680843BA
:1080F000A16C0843A16D08432168C860606868B935
:108100002068816821F4C05141F4006181602068D9
:10811000816821F4C06141F4806181602068016D53
:1081200021F0010101656068400206D52068C16840
:10813000626D21F000411143C160C4F884500120F8
:1081400084F88100002061E70030014000380040E1
:10815000003C0040F0B5B5B00646142130A8F8F751
:10816000A2F9B82102A8F8F79EF93E493068884282
:1081700075D181140020CDE902100024199402A8C1
:10818000FEF7D2FB08B1FBF793FA3748016841F4D8
:1081900080410160006800F4804001903248083856
:1081A000016841F004010160016801F004010191DE
:1081B000016841F002010160006800F002000190D6
:1081C0000620309002273197329433940525349558
:1081D00030A92648FDF7C2FF38033090319732941A
:1081E0003394349530A92248FDF7B8FF224D214839
:1081F000286027206860AC60EC607F022F616C61B2
:10820000AC61EC614FF4403028626C622846FCF7A8
:10821000F7FE08B1FBF74CFAF567AE631548164D4B
:10822000303078352860282068604020A860EC60F5
:108230002F616C61AC61EC61C00228626C622846FF
:10824000FCF7DEFE08B1FBF733FAB567AE63002238
:1082500005212420FEF738F92420FEF727F935B050
:10826000F0BD000000380040E84402580008025801
:108270000004025810000240C010002470477047EC
:108280002DE9FF4F83B0044692461D46109FD4F857
:1082900000B00BF1200002900BF1300BE06B4009B5
:1082A000401C1FFA80F9FEF76BF880462E4694F8C2
:1082B0008100012803D0022007B0BDE8F08F0498A8
:1082C00078B3BAF1000F2DD028002BD094F880009D
:1082D000012829D001202C3484F85400052084F88A
:1082E00055000020A065C4F838A0E587A58704994B
:1082F0002163E586A5866064A06454F82C0CC168EF
:1083000021F4C021C16054F82C0DC849884205D021
:10831000C749884202D0C749884207D14FF0100AA6
:1083200006E0FFE70120C7E70220C5E74FF0080A93
:1083300041686FF30F01294341602068016841F0F3
:10834000010101606068B0F5800F04D12068016808
:1083500041F400710160E0680F2856D94FEA9A0A8B
:1083600041E020684169890710D57EB106EB0A011A
:10837000A9420BD954F85C1F096801622068001DEE
:108380002060E088401EE080E6885C3C206841690F
:10839000FDB14269D2070CD0006B54F8641F08602D
:1083A0002068001D2060E088401EE080E588643C75
:1083B00019E04D450ED209040CD5006B54F8641F2A
:1083C00008602068001D2060E088401EE080E5888D
:1083D000643C08E0FDF7D4FFA0EB0800B84201D3ED
:1083E000781C04D11FB156EA0500BAD1F3E020464B
:1083F00004F05CFC8034606840F4807060600120B0
:10840000607000202070032056E7072871D94FEADA
:108410005A0A5CE020684069800711D586B106EBF6
:108420000A00A8420CD954F85C0F01880298018018
:108430002068801C2060E088401EE080E6885C3C6C
:10844000216848693DB34969C9070DD0BBF80000F0
:1084500054F8641F08802068801C2060E088401E5B
:10846000E080E588643C32E04D4515D2010413D527
:10847000BBF8000054F8641F08802068801C20604E
:10848000BBF8001001802068801C2060E088801EFE
:10849000E080E588643C1AE0012D0FD180040DD501
:1084A000BBF8000054F8641F08802068801C20601E
:1084B000E088401EE080E588643C08E0FDF760FF4E
:1084C000A0EB0800B84201D3781C04D11FB156EAD2
:1084D00005009FD17FE0204604F0E8FB803460680F
:1084E00040F48070606001206070002020700320E4
:1084F000E2E650E020684169890711D586B106EBB4
:108500000A01A9420CD954F85C1F097880F82010A0
:108510002068401C2060E088401EE080E6885C3CCB
:1085200020684169BDB34269D2070DD090F8300090
:1085300054F8641F08702068401C2060E088401ECA
:10854000E080E588643C43E04D4525D20A0423D50C
:1085500090F83000616E0870606E401C60662168A3
:1085600091F830100170606E401C6066216891F8CF
:1085700030100170606E401C6066216891F8301008
:108580000170606E401C6066B4F86A00001FA4F8B9
:108590006A00B4F86A501BE0042D10D211F4C04FE9
:1085A0000DD090F8300054F8641F08702068401C0B
:1085B0002060E088401EE080E588643C08E0FDF72C
:1085C000DFFEA0EB0800B84201D3781C1ED1EFB14A
:1085D00056EA05008ED100223B4608212046CDF800
:1085E000008004F0D6FB28B1D4F8840040F02000CD
:1085F000C4F88400204604F059FB012080346070E8
:1086000000202070606878B1012055E6204604F013
:108610004DFB8034606840F48070606001206070C1
:1086200000202070032047E6002045E6003001408E
:1086300000380040003C004070477047024A136811
:1086400083430B431360704704040058704770471E
:1086500070470000F0B590F83C20012A40D0012678
:1086600080F83C60022280F83D2003685A689C68CC
:108670001C4FDFF874C0BB4201D0634503D122F424
:1086800070054A682A4322F070050A682A435A6036
:108690000268BA4219D0B2F1804F16D0134B9A42F9
:1086A00013D0134B9A4210D0124B9A420DD0624510
:1086B0000BD0114B9A4208D0104B9A4205D0104B68
:1086C0009A4202D00F4B9A4204D124F08003896869
:1086D000194391603C304670002101700020F0BDCC
:1086E0000220F0BD000001400004014000040040F1
:1086F00000080040000C004000180040004001400D
:1087000000E0004000E4004010B50446002C03D017
:1087100094F83D0010B107E0012010BD002084F85E
:108720003C00204600F018F8022084F83D00206844
:10873000211D04F081FD01203D34E0726070A070C5
:10874000E07020716071A071E07120726072A0729F
:108750002070002010BD000008B500680B49884259
:1087600012D10B48016841F010010160006800F06F
:1087700010000090002205213620FDF7A5FEBDE87F
:1087800008403620FDF792BE08BD000000100040F2
:10879000E844025890F83D10012901D001207047AB
:1087A000022180F83D100168CA6842F00102CA60E7
:1087B0000068184988421AD0B0F1804F17D0164986
:1087C000884214D01549884211D0154988420ED0EC
:1087D000144988420BD01449884208D01349884272
:1087E00005D01349884202D0124988420CD18168D1
:1087F000114A114006290BD0B1F5803F08D001681D
:1088000041F00101016003E0016841F001010160F4
:1088100000207047000001400004004000080040B4
:10882000000C0040000401400018004000400140DE
:1088300000E0004000E400400700010090F83C2008
:10884000012A0CD0012200F83C2F0223437050F87B
:108850003C3C5961427000210170002070470220A9
:10886000704770472DE9F04104462068C6680569E5
:108870004FF00007A90714D5B10712D5F91E016101
:108880000120207720688069800703D02046FFF709
:10889000E8FF05E0204600F0CDF8204600F0B0F9F2
:1088A0002777680717D5700715D521686FF0040082
:1088B0000861022020772068806910F4407F03D08F
:1088C0002046FFF7CEFF05E0204600F0B3F8204633
:1088D00000F096F92777280716D5300714D52168B8
:1088E0006FF008000861042020772068C0698007C5
:1088F00003D02046FFF7B5FF05E0204600F09AF8C8
:10890000204600F07DF92777E80617D5F00615D543
:1089100021686FF010000861082020772068C06986
:1089200010F4407F03D02046FFF79BFF05E0204670
:1089300000F080F8204600F063F92777E80708D0B8
:10894000F00706D021686FF001000861204600F0B2
:108950004FFA280601D4A80408D5300606D52168A8
:108960006FF4025008612046FFF771FEE80508D554
:10897000300606D521686FF4807008612046FFF745
:1089800065FE680608D5700606D521686FF04000C0
:108990000861204600F036FAA8060AD5B00608D5C8
:1089A00021686FF0200008612046BDE8F041FFF724
:1089B0004FBEBDE8F081000030B587B004461421F9
:1089C00002A8F7F770FD174D022221680024164B0C
:1089D0001648A94211D1196841F0020119601968BD
:1089E00001F002010191029203920494059406920F
:1089F00002A9FDF7B3FB07B030BD0D4DA942FAD176
:108A0000196841F002011960196801F00201019131
:108A1000E9130291039204940594069202A9FDF7CA
:108A20009DFBE8E700040040E044025800040258BF
:108A300000180040704770B504460D46002694F8B3
:108A40003C0001280BD0012084F83C000C2A4FD0B8
:108A500007DC82B1042A22D0082A06D134E00220A1
:108A600070BD102A59D0142A6BD00126002084F83A
:108A70003C00304670BD2068294604F059FC20684F
:108A8000816941F0080181612068816921F0040158
:108A90008161206881692A6911438161E6E7206864
:108AA000294604F095FC2068816941F400618161E8
:108AB0002068816921F480618161206881692A6967
:108AC00041EA02218161D1E72068294604F0CAFC0D
:108AD0002068C16941F00801C1612068C16921F0C5
:108AE0000401C1612068C1692A691143C161BDE700
:108AF0002068294604F000FD2068C16941F4006146
:108B0000C1612068C16921F48061C1612068C169C7
:108B10002A6941EA0221C161A8E72068294604F0D8
:108B200025FD2068416D41F0080141652068416DD7
:108B300021F0040141652068416D2A6911434165B6
:108B400094E72068294604F049FD2068416D41F40E
:108B5000006141652068416D21F4806141652068B4
:108B6000416D2A6941EA022141657FE710B504465B
:108B7000002C03D094F83D0010B107E0012010BD97
:108B8000002084F83C00204600F018F8022084F809
:108B90003D002068211D04F04FFB01203D34E072B0
:108BA0006070A070E07020716071A071E07120723F
:108BB0006072A0722070002010BD000008B500682F
:108BC0000C4A0D49904208D1086840F00200086044
:108BD000086800F00200009008BD084A9042FBD1EE
:108BE000086840F040000860086800F0400000900D
:108BF00008BD000000040040E8440258001800408E
:108C00007047000030B5044600290DD004290ED06D
:108C100008290FD00C2910D0102911D094F8430046
:108C2000012810D0012030BD94F83E00F8E794F8F8
:108C30003F00F5E794F84000F2E794F84100EFE7D1
:108C400094F84200ECE70220F1B304294DD0082942
:108C50004ED00C294FD0102950D084F84300012267
:108C6000206804F057FB2A4A20682A4B2A49904280
:108C700009D0984207D0884205D0284DA84202D09A
:108C8000274DA84203D1456C45F400454564206852
:108C9000904218D0B0F1804F15D0224A904212D0A5
:108CA000214A90420FD0214A90420CD098420AD0DB
:108CB0001F4A904207D0884205D01E49884202D000
:108CC0001D4988421DD100E00CE081681B4A11401B
:108CD00006291AD0B1F5803F17D0016841F0010193
:108CE000016012E084F83E00B9E784F83F00B6E77F
:108CF00084F84000B3E784F84100B0E784F842000C
:108D0000ADE7016841F001010160002030BD0000C5
:108D100000000140000401400040014000440140C7
:108D2000004801400004004000080040000C0040E2
:108D30000018004000E0004000E40040070001008F
:108D400030B504460D4600222946206804F0E2FAB8
:108D500041F2111221492068931088420BD020491A
:108D6000884208D01F49884205D01F49884202D056
:108D70001E49884209D1016A114206D1016A19428D
:108D800003D1416C21F4004141642068016A114221
:108D900006D1016A194203D1016821F00101016085
:108DA00001205DB1042D0CD0082D0DD00C2D0ED05E
:108DB000102D0FD084F84300002030BD84F83E0011
:108DC000FAE784F83F00F7E784F84000F4E784F816
:108DD0004100F1E784F84200EEE7000000000140A6
:108DE00000040140004001400044014000480140AF
:108DF00000680349884201D1FDF7C8BA70470000F6
:108E000000080040704790F88410012918D0012113
:108E100080F884102421C0F8881001680A680B6863
:108E200023F001030B6022F0005100224266036828
:108E300019602021C0F8881080F884200020704735
:108E40000220704710B50446D4F88C00202801D0C9
:108E5000022010BD51B14AB10120E0660020206718
:108E6000204605F05FFB014611B105E0012010BD71
:108E7000E06E012802D00121084610BD22681020B2
:108E80001062206850E8002F42F0100240E80023F2
:108E9000002BF6D1F0E770B504460025D4F88C001D
:108EA000202801D0022070BD69B162B10120E066C6
:108EB00000202067204605F087FBE06E012804D0E3
:108EC0000125284670BD012070BD21681020086270
:108ED000206850E8001F41F0100140E80012002A0D
:108EE000F6D1EEE710B50068084A90420DD112297C
:108EF0000BD1074912220748FFF7A4FF0449BDE838
:108F00001040A1F118000AF0C5BA10BD0050004091
:108F1000E8560024EC140024704770B5044694F819
:108F2000840001281DD0012084F884002420C4F886
:108F3000880020680568026822F00102026020684B
:108F4000826822F060620A438260204604F018FCC6
:108F5000206805602020C4F88800002084F8840080
:108F600070BD022070BD70B5044694F884000128DD
:108F70001DD0012084F884002420C4F888002068D3
:108F80000568026822F0010202602068826822F00F
:108F900060420A438260204604F0F2FB20680560CC
:108FA0002020C4F88800002084F8840070BD0220CE
:108FB00070BD7047704770B50446D4F88800D4F887
:108FC0008C60216889684FF01005090618D52128A2
:108FD00016D12068083050E8001F21F0800140E8D9
:108FE0000012002AF5D1E06F38B1FBF71DF920B16E
:108FF000E06FFBF72FFC202809D0204604F082FD0B
:109000002068806840061FD5222E04D01CE0C4F8DA
:109010009050032070BD2068083050E8001F21F0F8
:10902000400140E80012002AF5D1D4F8800040B198
:10903000FBF7FAF828B1D4F88000FBF70BFC2028E6
:1090400004D0204604F022FD002070BDC4F89050EA
:10905000032070BD10B50068074988420AD107494E
:1090600012220748FFF7EEFEBDE810400348122128
:10907000F7F719BA10BD000000500040E856002470
:10908000EC1400242DE9F04104462368D8691968DE
:109090009A6840F60F0500EA0507002F0ED18506F5
:1090A0000CD501F0200502F08056354306D0616FE3
:1090B00000297DD02046BDE8F04108470026022562
:1090C000002F76D0D54FDFF858C3174001EA0C0CBB
:1090D00057EA0C0C6DD05FEAC07C0CD05FEAC15C33
:1090E00009D54FF0010CC3F820C0D4F8903043F0FC
:1090F0000103C4F89030830709D5D30707D023684C
:109100001D62D4F8903043F00403C4F89030430754
:109110000AD5D30708D0256804232B62D4F89030F1
:1091200043F00203C4F8903003070CD501F020038C
:109130003B4308D0256808232B62D4F8903043F0D5
:109140000803C4F8903003050BD54B0109D52568F9
:109150004FF400632B62D4F8903043F02003C4F83E
:109160009030D4F89030002B3CD0800609D501F027
:10917000200002F08051084303D0616F09B12046FE
:109180008847D4F8900021688968490602D410F015
:10919000280F2DD0204604F079FC20688068400616
:1091A00022D52068083050E8001F21F0400101E07E
:1091B00018E023E040E80012002AF2D1D4F8800041
:1091C00068B198490165D4F88000FBF7EBF90028F5
:1091D00008D0D4F88000016DBDE8F0410847204672
:1091E000FFF738FFBDE8F0812046FFF733FFF9E7CE
:1091F0002046FFF72FFFC4F89060F3E7E76E012FDA
:109200007ED1C7067CD5CF067AD51020186220689B
:1092100080684FF02003400673D5D4F8802082493F
:10922000106888423AD080491831884236D07E4949
:109230003031884232D07C49483188422ED07A4938
:10924000603188422AD078497831884226D07649E0
:109250009031884222D07449A83188421ED0734987
:1092600088421BD071491831884217D06F4930317C
:10927000884213D06D49483188420FD06B49603124
:1092800088420BD069497831884207D067499031CC
:10929000884203D06549A831884201D1406800E086
:1092A000406880B24FF4807760B3B4F85C108142BC
:1092B00040D9A4F85E00D069B84230D0206850E8A8
:1092C000001F21F4807140E80012002AF6D12068C6
:1092D000083050E8001F21F0010140E80012002A88
:1092E000F5D12068083050E8001F21F0400140E827
:1092F0000012002AF5D1C4F88C30E666206802E03E
:1093000056E023E016E050E8001F21F0100140E88D
:109310000012002AF2D1D4F88000FAF785FF256701
:10932000B4F85C00B4F85E10401A81B22046FFF732
:10933000D9FD57E7B4F85C108142FAD1D069B84240
:10934000F7D125672046FFF7CDFD4BE734F85C0FDA
:109350006188401A81B260885C3C0028E9D000290D
:10936000E7D0206850E8002F22F4907240E80027F0
:10937000002FF6D1294FFF432068083050E8002F16
:109380003A4040E8002CBCF1000FF5D1C4F88C3015
:10939000E6666667206850E8002F22F0100240E879
:1093A0000023002BF6D125672046FFF79BFD19E728
:1093B000C50209D5550207D54FF480101862204622
:1093C000BDE8F041FFF7F6BD03060CD501F08003C0
:1093D00002F40002134306D0A16F0029A9D0204651
:1093E000BDE8F0410847420606D54A0604D52046A6
:1093F000BDE8F04104F074BB020206D54A0004D572
:109400002046BDE8F041FFF7D4BDC00191D5002949
:109410008FDA2046BDE8F041FFF77EBD0100001065
:10942000200100043BD90008100002401004024053
:1094300010B50446002C03D0D4F8880010B107E022
:10944000012010BD002084F88400204600F028F898
:109450002420C4F888002068016821F0010101601F
:10946000A06A10B1204604F0AFF9204604F0C2FD16
:10947000012813D02068416821F4904141602068A0
:10948000816821F02A0181602068016841F00101B2
:1094900001602046BDE8104004F0FAB9012010BD7B
:1094A0002DE9F04FB5B00446142130A8F6F7FBFFC4
:1094B000B82102A8F6F7F7FFD84A0226D84D0020B7
:1094C00021684FF00809DFF85883083D17154FF061
:1094D000040A91426AD102220021CDE90221834689
:1094E0001F9002A8FDF720FA08B1FAF7E1F8D8F8C2
:1094F000000040F48010C8F80000D8F8000000F424
:1095000080100190286840F004002860286800F06E
:1095100004000190286840F008002860286800F0E6
:10952000080001904FF4805030903196CDF8C8B0CB
:10953000CDF8CCB0CDF8D09030A9BA48FCF70EFEEB
:10954000CDF8C0A03196CDF8C8B0CDF8CCB0CDF8EC
:10955000D09030A9B448FCF701FEB54DB34828605F
:1095600041206860C5F808B0C5F80CB02F61C5F897
:1095700014B0C5F818B04FF48070E861C5F820B099
:10958000C5F824B02846FBF73BFD08B1FAF790F880
:10959000C4F88050AC63002205213520FCF794FF0D
:1095A0003520FCF783FF35B0BDE8F08FA14A4FF0BE
:1095B000070B914272D102220021CDE9022181469E
:1095C0001F9002A8FDF7B0F908B1FAF771F8D8F8C2
:1095D000000040F08040C8F80000D8F8000000F01B
:1095E00080400190286840F010002860286800F052
:1095F000100001904FF4C07030903196CDF8C890B3
:10960000CDF8CC90CDF8D0B030A98B48FCF7A6FDB2
:109610008648874D7830783528604F206860C5F8D7
:109620000890C5F80C902F61C5F81490C5F81890F3
:10963000C5F81C90C5F82090C5F824902846FBF783
:10964000DFFC08B1FAF734F8C4F88050AC63784D09
:109650007A48F0352860502068604020A860C5F83E
:109660000C902F61C5F81490C5F81890C5F81C909F
:10967000C5F82090C5F824902846FBF7C1FC08B136
:10968000FAF716F8E567AC63002205215220FCF7D3
:109690001BFF5220FCF70AFF85E7FFE7684ADFF867
:1096A0008081914208F1080852D101210022CDE9C0
:1096B00002128146209002A8FDF736F908B1F9F7A9
:1096C000F7FFD8F8000040F01000C8F80000D8F804
:1096D000000000F010000190286840F001002860B0
:1096E000286800F0010001904FF4C060309031967E
:1096F000CDF8C890CDF8CC90CDF8D0B030A9514875
:10970000FCF72CFD504D4948183828602A20686025
:109710004020A860C5F80C902F61C5F81490C5F8DA
:109720001890C5F81C90C5F82090C5F824902846DC
:10973000FBF766FC08B1F9F7BBFFE567AC630022F5
:1097400005212520FCF7C0FE2520FCF7AFFE2AE707
:109750003E4A9142A0D101210022CDE90212834666
:10976000209002A8FDF7E0F808B1F9F7A1FFD8F8BA
:10977000000040F08000C8F80000D8F8000000F0B9
:1097800080000190286840F010002860286800F0F0
:1097900010000190CDF8C0A03196CDF8C8B0CDF83A
:1097A000CCB0CDF8D0A030A9234D2846FCF7D6FC8C
:1097B000CDF8C0903196CDF8C8B0CDF8CCB00B2024
:1097C000349030A92846FCF7C9FC1C481E4D3030A7
:1097D0007835286076206860C5F808B0C5F80CB008
:1097E0002F61C5F814B0C5F818B0C5F81CB04FF417
:1097F00080302862C5F824B02846FBF701FC08B188
:10980000F9F756FFC4F88050AC63002205219C2074
:10981000FCF75AFE9C20FCF749FEC4E600500040CD
:10982000E844025800080258000C0258280402407C
:109830003C17002400780040001002582800024025
:109840000010014000000258A4180024001C014030
:1098500030B4D0F88C30202B02D0022030BC7047BE
:10986000A9B1A2B10023C3660A4C0368A3420BD07E
:109870005B681B0208D5036853E8004F44F080641E
:1098800043E80045002DF6D130BC04F04BBE01206A
:10989000E4E70000000C00587047704770B50446BC
:1098A000D4F88800202801D0022070BD31B32AB33B
:1098B00044F8501FA280E280002121642120A0638F
:1098C000E06A503CE0B1164BC363E36F154818647F
:1098D000E36F1548D864E06F016513462068E56FB3
:1098E0002830216D02462846FBF782FD40B110204A
:1098F0008834A06020202060012070BD012070BD50
:109900002168402008622068083050E8001F41F0BC
:10991000800140E80012002AF5D1002070BD00004F
:109920003FDA000881DA00084BD9000800680349D3
:10993000884202D10249012008707047001001409E
:10994000200000247047000070B5044600202074F9
:109950003B4DA27B616828884243D4F8F400F6F7B7
:1099600089FDA17B288841436068F6F79CFDA07BB8
:1099700010FB00F128884143D4F81801F6F793FD55
:10998000207BA17B10FB01F128884143D4F80C0116
:10999000F6F789FD002029E0D4F8F41001EB8002ED
:1099A00092ED000AB5EEC00AF1EE10FA1CD0227C4E
:1099B00001EB820181ED000A227C616A8854A16971
:1099C000227B01EB8001237C91ED000A6169095C37
:1099D00012FB0311D4F80C21491E02EB810181ED29
:1099E000000A217C491C2174401CC0B2A17B814229
:1099F000D2D8002010E0636AE26900FB01011B5C21
:109A000002EB830292ED000AD4F8182102EB8101E7
:109A100081ED000A401CC0B2217C8142EBD85C344D
:109A200014F84C0CA08314F8500CE083A084E1845B
:109A3000A186E186A087E18724F8141C70BD000090
:109A4000580A0024FEE7000010B586B00446D4F89A
:109A5000EC0090ED000A8DED050A90ED010A8DED08
:109A6000040A90ED020A8DED030A90ED030A8DEDD4
:109A7000020A9DED050ADDED050A9DED041A20EEB2
:109A8000200ADDED040A00EE810ADDED030A9DEDFA
:109A9000031A00EE810ADDED020A9DED021A00EEC6
:109AA000810A07F093FF8DED010A0020D4F8EC1035
:109AB000DDED010A01EB800191ED000A20EE200AA4
:109AC00081ED000A401CC0B20428EFD34148F834AD
:109AD000DDED040A90ED6F0AA16860EE200AB6EE93
:109AE000000A60EE800AC1ED040AD0ED6F0A9DED18
:109AF000031AA16860EE810A60EE800AC1ED050AD2
:109B0000D0ED6F0A9DED051AA16820EE811AFEEED8
:109B1000000A21EE201A81ED0A1A90ED6F1ADDED90
:109B2000021AA16821EE211A21EE001A81ED0B1A0A
:109B300090ED6F1ADDED021AA16821EE211A21EED7
:109B4000201A81ED101A90ED6F1ADDED051AA1684B
:109B500021EE211A21EE201A81ED111A90ED6F1AD3
:109B6000DDED031AA16821EE211A21EE000A81ED34
:109B7000160A90ED6F0A9DED041AA16820EE010A05
:109B800020EE200A81ED170A2168D0ED740A91EDCC
:109B90001C0A80EE201A81ED1C1A2168D0ED740A8F
:109BA00091ED230A80EE201A81ED231A54F8F8096A
:109BB00009499FED0A0A026F8A4201DD80ED1C0A05
:109BC000D4F8F800D0F88C208A4201DD80ED230A19
:109BD00006B010BD805C002400401C4600401C46BE
:109BE00070B52DED028B01252C4C257084ED6C0A8F
:109BF000C4ED6D0A84ED6E1A9FED290A84ED730A97
:109C0000002084F83801D034002121676167A16702
:109C1000E16784ED3B2AD03C11EE900AB7EE008A52
:109C2000B0F17E5F01DDF0EE481AC4ED741A032333
:109C300000220621201D00F037FE1A4B012211469A
:109C4000A3F1080007F0E0F98834606E80ED008A27
:109C5000606E9FED150A80ED010A606E80ED020ACC
:109C6000606E80ED030A1148A0641148E064114859
:109C700020651148606504F85A5C04F8595C90222C
:109C80000E49E06FF6F7F6FB606F90220C49BDECD1
:109C9000028BBDE87040F6F7EDBB0000805C00244D
:109CA00077CC2B32485E002400000000C59C0008E1
:109CB000499A0008F99C0008C9A100080C51010844
:109CC0005C0A002410B504460948902254F8F81F95
:109CD000F6F7D0FB07484822616AF6F7CBFB054848
:109CE00048226169BDE810404830F6F7C3BB000068
:109CF0005C0A0024605E00241FB50446B0EE000A32
:109D000054F8EC0FD0ED000A60EE800ACDED030AA6
:109D1000D0ED010A60EE800ACDED020AD0ED020A14
:109D200060EE800ACDED010AD0ED030A20EE800A34
:109D30008DED000A14F8DE0C14F8E01C10FB01F1A4
:109D4000234800884143206AF6F7ADFB9DED010AE8
:109D5000206AB1EE400A80ED000A206ADDED000ABB
:109D6000C0ED010ADDED030A206AF1EE600AC0EDE4
:109D7000020A206ADDED020AC0ED030A206ADDED69
:109D8000020AC0ED060A206ADDED030AC0ED070AEB
:109D9000206ADDED000AC0ED080A206ADDED010A47
:109DA000C0ED090A206ADDED030AC0ED0C0ADDED05
:109DB000020A206AF1EE600AC0ED0D0A206A80ED09
:109DC0000E0A206A9DED000A80ED0F0A1FBD0000FB
:109DD000580A002410B52DED048BF0EE619AB0EE18
:109DE000429AF0EE628A84B0ED4CD4ED171A30EE50
:109DF000610A84ED1A0AD4ED181A70EEE10AC4ED76
:109E00001B0AD4ED191A31EE611A84ED1C1AB6EE54
:109E1000008A60EE081A94ED2E0A61EE801ACDEDEC
:109E2000031A60EE880A60EE800ACDED020A61EE48
:109E3000080A20EE800A8DED010ADA499022206896
:109E4000F6F718FB9DED030A2068B1EE400A80ED9D
:109E5000010ADDED020A2068F1EE600AC0ED020A97
:109E60009DED011A2068B1EE411A80ED031A2068B9
:109E7000DDED031AC0ED061A2068DDED011AC0ED14
:109E8000081A2068C0ED090A2068DDED020AC0ED5D
:109E90000C0A206880ED0D1A2068DDED030AC0ED84
:109EA0000F0A2068DDED010AC0ED120A2068DDED21
:109EB000020AC0ED130A206880ED140AD4E91101EA
:109EC000A4F5827450EA01020BD1C4ED5E9A84EDD0
:109ED0005F9AC4ED608A04F5A472401C41F1000150
:109EE00003C294ED5E0A94ED641A94ED6F3A60EE4D
:109EF000011A33EE010AC1EE800A63EE291A81EEDF
:109F0000802A70EE821AC4ED5E1AD4ED5F0A20EE4C
:109F1000812AC2EE000A23EE092AC2EE002A30EEA0
:109F2000A22A84ED5F2AD4ED600A20EE811AC1EEE8
:109F3000000A23EE281AC1EE002A30EEA20A84EDB0
:109F4000600A61EEA10A42EE020A40EE000AB1EE9A
:109F5000E00A84ED660AF7EE000A80EE801A8DEDC5
:109F6000001A9DED000AA06821EE800A80ED000A2B
:109F700094ED5F0ADDED000AA06820EE200A80ED76
:109F8000010A94ED600ADDED000AA06820EE200AC7
:109F900080ED020A94ED5B0A60EE000A94ED5C0A23
:109FA00040EE000A94ED5D0A40EE000AB1EEE00AD0
:109FB00084ED650A10EE100A7B4988420BDA7B4972
:109FC000D4F89801884206DD7949884203DA0120F5
:109FD00084F8390102E0002084F8390104F58C741A
:109FE00094ED260AD4ED290A206820EE200A80ED9F
:109FF000000A94ED260AD4ED290A206820EE200AF2
:10A0000080ED070A94ED260AD4ED290A206820EE97
:10A01000200A80ED0E0A94ED260AD4ED290A206864
:10A0200020EE200A80ED150A94ED270AD4ED290AC6
:10A03000206820EE200A80ED1C0A94ED270AD4ED5A
:10A04000290A206820EE200A80ED230A606894ED3A
:10A05000280A80ED000A606894ED280A80ED040A61
:10A06000606894ED280AA4F58C7480ED080A201D20
:10A0700000F0FCFE6068D0ED001AC4ED541A90EDBB
:10A08000010A84ED550A90ED021A84ED561AD0EDBE
:10A09000030AC4ED570AB0EE482A414800EE402AB0
:10A0A00021EE800A9C3001EE200A01EE412AF0EEFA
:10A0B000420A06F02DFE94ED680ADFED3E8A20EE9E
:10A0C000280A84ED680A94ED550AD4ED570A94EDF8
:10A0D000561A20EE200AD4ED540A00EEC10AF8EE1A
:10A0E000000A20EE200A04F0F9FF20EE280A84ED91
:10A0F000690A94ED560AD4ED551A94ED571A00EEFC
:10A10000408A21EE800AD4ED541A254801EE810AD6
:10A11000F0EE480AA43041EE410A06F0F9FD94ED54
:10A120006A0A20EE280A84ED6A0A6068D0ED040A03
:10A13000C4ED580AD0ED050AC4ED590ADFED1E0A38
:10A14000C4ED5A0AD4ED760A1C4970EE600A10EE8E
:10A15000900A884205DDB4F8D401401EA4F8D40169
:10A1600009E010EE900A1649884204D9B4F8D401E7
:10A17000401CA4F8D401B4F9D401DFED121A00EEAA
:10A18000900AB8EEE01AF0EE400A41EE210AC4ED62
:10A190006B0A84ED760A04B0BDEC048B10BD0000A0
:10A1A000845D00240C5101089A99993ECDCC14414C
:10A1B000CDCC2441E12E6542000000000000344374
:10A1C000000034C30000B4432DE9F04F85B00446CD
:10A1D00004F1780004F180010546049107F0E0F8ED
:10A1E0006C3484F85C00A089A08734F8120CE087F6
:10A1F0006C3C04F1A802284604F1580192468946B5
:10A2000007F064F8823484F84600E08CE08520880A
:10A210002086823C04F1B00204999346504607F030
:10A2200055F8903484F83800208820826088608255
:10A23000903C04F1A002584604F19001154606F046
:10A24000BFFEB03420765946284606F0E1FE20765F
:10A25000E06B90ED000A8DED030A90ED010A8DEDA3
:10A26000020A90ED020A8DED010A90ED030A8DEDD0
:10A27000000A34F8380C2081012565819DED020A21
:10A28000DDED000A9DED011AE06F60EE200A9DED04
:10A29000030A40EE410AB0EE000A60EE800AC0ED0B
:10A2A000000ADDED030A9DED021ADDED001AE06FF4
:10A2B00060EE810A9DED011A41EE210A20EE800A2E
:10A2C00080ED010A9DED030ADDED030A9DED021A02
:10A2D000E06FB03C20EE200ADDED020A00EEC10A7C
:10A2E000DDED010A9DED011A00EEC10ADDED000A67
:10A2F0009DED001A00EE810A80ED020A0027A54EAE
:10A30000D4F82C0100EB870090ED000AB0EEC00AF3
:10A3100006F012FE06EB870080ED610A7F1CFFB29B
:10A32000032FEDD3B4F84800A4F8C000A4F8C2503D
:10A3300004F1C00204F1B801174604F14800884650
:10A3400007F00AF8AA34A077E08A24F8020C2580E6
:10A3500052463946584606F0B9FFA077E581E08AB3
:10A3600020824146384607F01BF8A07751468A4ABA
:10A37000404606F0ABFFA077AA3C96ED730AB6EE16
:10A38000001AD6ED720A20EE011AF4EEC10AF1EEBF
:10A3900010FA01D286F838510020F4EEC00AF1EE2E
:10A3A00010FA3CDD96F83811C1B396F8391149B16D
:10A3B00006F5A07106F5A07306C9491C42F100021A
:10A3C00006C304E00022C6F84021C6F8442106F581
:10A3D000A0724FF0320C00210CCABCEB0202994172
:10A3E00004D286F8380184F82C003AE06B4E227BC8
:10A3F000803430884243D4E91A01F6F73BF814F868
:10A40000740C10FB00F230884243D4E91E01F6F7C9
:10A4100031F804F8545C05B0BDE8F08FFFE79FED1C
:10A42000601A20EE011AF4EEC10AF1EE10FA0DDD09
:10A4300096F8381151B170EE600A9FED5A1A20EE6D
:10A44000010A80EE801A86ED671A03E0B7EE000A73
:10A4500086ED670A0022C6F84021C6F8442184F838
:10A460002C006C3434F8140CA087E08AE087524644
:10A470000499484606F02AFF84F85C006C3C04F11D
:10A48000980259469146504606F020FF84F8C800CD
:10A4900000200DE0D4F81C11D6ED670A01EB800115
:10A4A00091ED000A20EE200A81ED000A401CC0B2A6
:10A4B000B4F89810B4F89A2051438142EADC0421A0
:10A4C0009FED390A00200A1F01EB410C06EB8203C5
:10A4D000D4F81C210CEB000A93ED611A02EB8A02FE
:10A4E000C1EE000A92ED001A60EE810AC2ED000A88
:10A4F000401CC0B20328EBD3491CC9B20629E1D3E2
:10A5000034F8980F2084658442463946484606F060
:10A51000DDFE84F83000983C96F8380150B30420F2
:10A52000DFED220A9FED221AD4F8BC1096ED6F0AD7
:10A5300001EB800120EE200AD1ED001AF4EEC01AE2
:10A54000F1EE10FA01DD81ED000AD4F8BC1096EDB1
:10A550006F0A01EB800120EE010AD1ED001AF4EE42
:10A56000C01AF1EE10FA01D281ED000A401CC0B20F
:10A570000628D9D3D4F8BC009FED0E0A80ED030A5B
:10A5800004F13002414604F1380006F019FD84F868
:10A59000C80040E7805C0024405E0024580A002484
:10A5A000CDCCCC3D6666663FDA0FC93F0AD7233C67
:10A5B0000AD723BC0000000010B50D4C0D48D4EDA7
:10A5C000010A94ED050A02F0EDF80A4890ED090A37
:10A5D000FCEEC00AC4ED040AB5EEC00AF1EE10FAB2
:10A5E00001D200202061044920690968086410BD77
:10A5F0004C0B0024F05E0024B011002410B5DFEDF8
:10A60000130ADFED112AF7EE001AB0EE602A9FED73
:10A61000101AB2EE040AFFF7E3FA104A00211048BC
:10A62000DFED0C0A9FED0C0A02F096F99FED0D0A82
:10A6300001F0D8FD0C480C21FEF7E4FAF6F7D2FB46
:10A640000028FBD110BD0000000000006F12833A0B
:10A650008096184B000048430000FA446C0B00241D
:10A66000F05E002400007A44B01100242DE9F0418E
:10A670002DED028B002780497E4AA1F10C00F6F7F0
:10A68000BDFB7C4E7C4C143E70789FED7C8A78B983
:10A6900001207070F0EE481A94ED021AD4ED010A10
:10A6A00094ED000AF0EE612AB0EE612A01F0B8FBE9
:10A6B000714D30780C3D022802D001287ED0C1E0D7
:10A6C00095ED000AB7EEC00A9FED6D1B30EE410B11
:10A6D000B7EEC00B85ED000AD5ED010AB7EEE01A22
:10A6E0009FED692B31EE421BF7EEC10BC5ED010A60
:10A6F00095ED021AB7EEC11A9FED652B31EE421BA4
:10A70000B7EEC11B85ED021AB0EEC11A11EE100AA8
:10A710006149884201DA85ED028AD4ED022A94ED7E
:10A72000012AD4ED001A95ED021AFFF753FBB0EEA3
:10A73000483AD4ED022A94ED012AD4ED001A95EDA1
:10A74000021AD5ED010A95ED000AB0EE434AF0EE8B
:10A75000433A01F0E5FD01F065FDF9F73DFD9FEDA0
:10A760004F8AC0EE080AC6ED070AF9F73BFDC0EEB6
:10A77000080AC6ED060AF9F73BFDC0EE080AC6ED69
:10A78000020A474896ED060A416881ED000A4168D1
:10A7900096ED070A81ED010A416896ED020A81ED06
:10A7A000020A416895ED000A81ED030A416895EDC2
:10A7B000010A81ED040A95ED020A00E012E0416809
:10A7C00081ED050A416894ED000A81ED060A4168B1
:10A7D00094ED010A81ED070A406894ED020A80EDCC
:10A7E000080A2FE02448D5ED000A183890ED000A39
:10A7F00070EE200AC0ED000A90ED010A95ED011AF5
:10A8000030EE011A80ED011A90ED020AD5ED021A20
:10A8100030EE210A80ED020AF168491CF160B1F5C1
:10A820007A7F0FD3DFED1F1A80EEA12A80ED002A78
:10A83000C1EE210AC0ED010AC0EE210AC0ED020AF4
:10A84000022030700A20B7FBF0F100FB11700028E5
:10A850000BD1FFF7B1FE96ED050AD6ED010A30EEF9
:10A86000600AB0EEC00A10EE100ABDEC028BBDE823
:10A87000F0810000600B0024545F00240000000001
:10A8800012BDBD1FA1FE663F8C95C69F10506DBFC7
:10A89000757FE77FD5CA68BFA69B443BE12E654222
:10A8A0003001002400007A442DE9F04704460D46AB
:10A8B00090461E46F74F0420388008207880257384
:10A8C00084F80D80A6734FF0000984F8109030468C
:10A8D00008F0A4FE60613146F5F7E5FD3888704365
:10A8E00008F09CFEA06139887143F5F7DCFD3888DB
:10A8F000704308F093FEE06139887143F5F7D3FDAA
:10A900003888684308F08AFE206239886943F5F781
:10A91000CAFD304608F082FE60623146F5F7C3FD9D
:10A920003888684308F07AFE206039886943F5F773
:10A93000BAFD3888704308F071FE60603988714351
:10A94000F5F7B1FD388800FB08F008F067FEA0605D
:10A95000398801FB08F1F5F7A6FD3888684308F04F
:10A960005DFEC4F8E80039886943F5F79CFD217B5A
:10A970000122D4F8E83004F1300006F045FB3888B5
:10A98000684308F04BFEC4F8EC0039886943F5F7DA
:10A990008AFD217B0122D4F8EC3004F1380006F066
:10A9A00033FBB8F1000F13D0388800FB08F008F033
:10A9B00035FEC4F8F000398801FB08F1F5F773FDA6
:10A9C000617B0122D4F8F03004F1400006F01CFB5A
:10A9D0003888704308F022FEC4F8F40039887143C7
:10A9E000F5F761FDA17B0122D4F8F43004F14800B1
:10A9F00006F00AFB38886843684308F00FFEC4F885
:10AA0000F800398869436943F5F74DFD217B04F16E
:10AA10005000D4F8F8300A4606F0F6FA3888684351
:10AA2000684308F0FBFDC4F8FC00398869436943BA
:10AA3000F5F739FD217B04F15800D4F8FC300A46C3
:10AA400006F0E2FA38886843684308F0E7FD883486
:10AA5000A06738886843684308F0E0FDE0673988FC
:10AA6000A06F69436943F5F71EFD3988E06F6943BC
:10AA70006943F5F718FD14F87C1CA36F883C04F1BA
:10AA800060000A4606F0C0FA217B04F16800D4F8A1
:10AA900004310A4606F0B8FAB8F1000F15D038882C
:10AAA000684300FB08F008F0B9FDC4F808013988D4
:10AAB000694301FB08F1F5F7F6FC627B04F17000D5
:10AAC000217BD4F8083106F09FFA38887043684338
:10AAD00008F0A4FD9434A06738886843704308F0F8
:10AAE0009DFDE0673988A06F71436943F5F7DBFC92
:10AAF0003988E06F69437143F5F7D5FC14F8882C69
:10AB000014F8861CA36F943C04F1780006F07CFADC
:10AB1000A27B04F18000217BD4F8103106F074FA96
:10AB200038886843684308F079FDC4F8140139880F
:10AB300069436943F5F7B7FC217B04F18800D4F839
:10AB400014310A4606F060FA38887043704308F002
:10AB500065FDC4F81801398871437143F5F7A3FC0A
:10AB6000A17B04F19000D4F818310A4606F04CFAA3
:10AB700038886843704308F051FDC4F81C013988D7
:10AB800069437143F5F78FFCA27B04F19800217BA8
:10AB9000D4F81C3106F038FA207B398810FB00F01D
:10ABA000484308F03BFDC4F82001217B3A8811FBA3
:10ABB00001F15143F5F777FC207B398810FB00F059
:10ABC000484308F02BFDC4F82401217B3A8811FB8F
:10ABD00001F15143F5F767FC207B398810FB00F049
:10ABE000484308F01BFDC4F82801217B3A8811FB7B
:10ABF00001F15143F5F757FC207B3988484308F0B1
:10AC00000DFDC4F82C01217B3A885143F5F74BFC2C
:10AC1000207B3988484308F001FDC4F83001217BCE
:10AC200038884143D4F82C01F5F73DFC217B04F131
:10AC3000A000D4F820310A4606F0E6F9217B04F1A1
:10AC4000A800D4F824310A4606F0DEF9217B04F18D
:10AC5000B000D4F828310A4606F0D6F9217B01224B
:10AC6000D4F82C3104F1B80006F0CEF9217B012292
:10AC7000D4F8303104F1C00006F0C6F984F8289009
:10AC800084F8299084F82A9084F82B9084F82C90EA
:10AC9000BDE8F087580A002470B504460F4DE07BEC
:10ACA000002803D02046FEF74FFE0DE0A27B288847
:10ACB00061684243D4F8F400F5F7DCFBA17B2888F7
:10ACC00041436068F5F7EFFB627B2888A168424347
:10ACD000D4F8F000BDE87040F5F7CCBB580A00246A
:10ACE0002DE9F041044694F82C00002827D1743453
:10ACF000A08CA086E188E186A08734F81A0CE08752
:10AD0000743C04F1A80204F17801154604F198009E
:10AD100006F0DCFA84F8C80004F1B00204F158012E
:10AD200016460F46284606F0D1FA84F8C80004F10A
:10AD300050023146384606F00FFB84F8C800BDE8E3
:10AD4000F0812DE9F041044694F8290000282CD127
:10AD500004F1680104F160000D46074606F020FB8F
:10AD600084F8C80004F1580204F150011646384630
:10AD700006F0ACFA84F8C800B4F85800A4F8A800AB
:10AD8000B4F86A00A4F8AA0004F1A80217462946FC
:10AD9000304606F09BFA84F8C80004F18801324678
:10ADA000384606F00DF984F8C800BDE8F0812DE9B9
:10ADB000F047044694F82A00002855D104F1800198
:10ADC00004F178000D46074606F0EAFA6C3484F880
:10ADD0005C00A089A08734F8120CE0876C3C04F179
:10ADE000A802384604F158011646884606F06EFA65
:10ADF000823484F84600E08CE08520882086823CFE
:10AE000004F1B00229461746304606F05FFA903446
:10AE100084F838002088208260886082903C04F1A9
:10AE2000A002384604F19001914606F0C9F8AA3410
:10AE3000A0773946484606F0EBF8A07734F8520C74
:10AE400024F8020C34F8280C20803246294640466B
:10AE500006F03CFAA077AA3C04F198023946304645
:10AE600006F034FA84F8C800BDE8F08770B50446EF
:10AE70002046FFF711FFD4F8CC1009B120468847CF
:10AE8000204600F067F8D4F8D01009B12046884772
:10AE90002046FFF756FFD4F8D41009B12046884762
:10AEA000207C2B4DC0B9E07BB0B1227B2888424387
:10AEB000D4E93A01F5F7DEFA207B10FB00F228888E
:10AEC0004243D4E93E01F5F7D5FAD4F8E01009B1D0
:10AED00020468847002029E02046FFF768FFD4F885
:10AEE000D81009B120468847204600F06DF8D4F804
:10AEF000DC1009B1204688472046FFF7F1FEE4E761
:10AF000000FB0101D4F8F82002EB8101226A02EB78
:10AF10008002D1ED000A92ED000AF4EEC00AF1EED3
:10AF200010FA01D281ED000A401CC0B2217B81429F
:10AF3000E6D8227B2888D4F8E81042432068F5F749
:10AF400099FAD4F8E41009B120468847206870BD0A
:10AF5000580A00242DE9F041044694F828000028FE
:10AF60002AD1627B04F1300104F1600004F138055C
:10AF700022B3227BA4F8B8200126A4F8BA6004F119
:10AF8000B802174606F0A2F984F8C800207BA4F89E
:10AF9000C000A4F8C26004F1C00204F140011646EA
:10AFA00004F1700006F092F904F8C80F2A46314601
:10AFB000384606F005F82070BDE8F0812A4606F014
:10AFC00085F984F8C800F7E72DE9F041044694F8C4
:10AFD0002B00002836D1B4F87800A4F8B800012579
:10AFE000A4F8BA5004F1B80204F13801164604F18D
:10AFF00078000F4606F06AF9AA34A07734F8620C9C
:10B00000E0822583AA3C04F1C002314604F14800E5
:10B01000904606F0A1F9983484F830002088208406
:10B020006584983C04F198003246414606F04EF99A
:10B0300084F8C80004F130023146384605F0C0FFFC
:10B0400084F8C800BDE8F081F0B58A7D02F0010205
:10B0500002728A7DC2F3400242728A7DC2F380028C
:10B0600082728A7DC2F3C002C2728A7DC2F300126C
:10B0700082758A7DC2F34012C2758B7DC3F3801541
:10B0800005738B7DC3F3C0134373CB8AC3F30023D3
:10B090008373CB8AC3F34023C373CB8AC3F3802368
:10B0A0000374CC8AC4F3C0244474CE8AC6F3003639
:10B0B0008674CE8AC6F34036C674CE8AC6F380360E
:10B0C0000675CE8AF60B4675CF8907800F8A7F42B8
:10B0D00047804F8A87800F7D8771497DC1710576D2
:10B0E000C376047746778277F0BD000010B52DED6A
:10B0F000088BB0EE409ADFED32AA9FED32BA9FED99
:10B1000032AADFED320A9FED321A49EE490A80EE8B
:10B11000810A03F051FFF0EE408AB0EE680A06F0B3
:10B1200061F99FED2C0A30EE680AF0EE409A05F0C6
:10B1300003FFF0EE400A9FED280A9FED281A01EE6A
:10B14000600A04F0FEFDB0EE408AB0EE690ACAEE75
:10B1500008BA06F047F92BEE800A03F0BFFF38EE7D
:10B16000C00AF0EE409A05F0E7FEF0EE400A9FEDCF
:10B170001C0A9FED1C1A08EE080A21EE081A01EEBF
:10B18000600A04F0DEFDB0EE40AAB0EE690A06F0F7
:10B1900029F96BEE080A20EE200A20EE090A20EEBB
:10B1A0002A8AB0EE680A06F01DF9DFED0F0A20EEDC
:10B1B000200A60EE0A0A88EE200ABDEC088B10BD5A
:10B1C0000000C843B81E853D7F6ABC3D1A51DA3D78
:10B1D0003D0AD73DFDB5454022ADB13CBD57AD3C24
:10B1E000DE718A3BB81E053E3D0A573D2DE9F04110
:10B1F0002DED028B9D4F97ED8F0A9FED9D8AB0EE4E
:10B20000481ADFED9C8AF0EE680A06F08FFB87EDA6
:10B210008F0A97ED900AB0EE481AF0EE680A06F031
:10B2200085FB87ED900A387AA7F1600807F58065FD
:10B2300003287BD1002497F92404022805D0032891
:10B240000CD0397A032932D087E09FED8B0AC4EB0A
:10B25000C40007EB800080EDFB0A7EE0BBEE040A31
:10B2600088ED100A07EB8400D0ED8F0AC4EB0410C0
:10B2700007EBC00604EB440000EB041096EDB00AA7
:10B2800007EB800000F2C44001F08CFA88ED110A4F
:10B29000D8ED100AC4EBC40030EE800AD6EDB80A2F
:10B2A00007EB800030EE600A80EDFB0A55E0E0BB62
:10B2B00098ED010A88ED100AC4EB041007EBC006F4
:10B2C000D6F82403B0F5FA6F12D907EB840096ED97
:10B2D000B00AD0ED8F0A04EB440000EB041007EB3A
:10B2E000800000F2C44001F05DFA88ED110A24E00C
:10B2F00007EB840096EDB00AD0ED8F0A04EB440012
:10B3000000EB041007EB800000F2C44001F04AFAA1
:10B31000B0EE408A96EDB10AD8ED0C0A20EE200A74
:10B320009FED561ADFED560A01E016E05FE006F0E9
:10B33000FDFA38EE400A88ED110A98ED100AD8EDB2
:10B34000110AC4EBC40030EE200AD6EDB80A07EBB0
:10B35000800030EE600A80EDFB0A641CE4B2022C2F
:10B36000FFF469AF47483C46D7ED7F0A97EDA60A40
:10B3700001F018FA94F8280330B194F8A00318B13A
:10B380009FED410A85ED270AD4EDFB0A95ED270ACA
:10B3900070EEC00AC4EDFB0AD5ED020A30EE800A59
:10B3A00085ED020A94EDB30AD4EDD10A30EE601AAD
:10B3B00084EDE91A354801F0F5F994EDFC0AD5ED74
:10B3C000F80A30EE600A84EDFC0A3048D4EDB30A86
:10B3D0004C3094EDD10A01F0E5F92C4895ED030AC3
:10B3E0004430D0ED0B0A30EE600A85ED030A387A5E
:10B3F000022823D10024BBEE0E8A07F28C6688ED6A
:10B40000108A07EB8400D0ED8F0AC4EB041007EB21
:10B41000C00090EDB00A304601F0C4F988ED110A81
:10B42000D8ED100AC4EBC40030EE800A07EB8000B0
:10B4300080EDFB0A641CE4B2022CE0D31149D7ED85
:10B44000FC0A843997EDFB0AA1F1E800F6F73AFA15
:10B45000D5ED030A95ED020A0A496839BDEC028B65
:10B46000A1F18C00BDE8F041F6F72CBA30010024C0
:10B47000B4C8B63E713D0A3E000020430000C842F9
:10B480000000C8C2A805002400000000EC08002449
:10B490002DE9F0412DED048B9AB000200690079025
:10B4A00004900590029003900024804D06AE04AFF6
:10B4B0000DF10808C4EB041005EBC00090EDB00AD4
:10B4C00090F828130EA8F8F73DFB04EB440005EBB9
:10B4D000C00090EDEA0AD0ED830A30EE600A8DEDEF
:10B4E000080A90EDEB0AD0ED840A30EE600A8DED8B
:10B4F000090A90EDEC0AD0ED850A30EE600A8DED78
:10B500000A0A90EDED0AD0ED860A30EE600A8DED64
:10B510000B0A90EDEE0AD0ED870A30EE600A8DED51
:10B520000C0A90EDEF0AD0ED880A30EE600A8DED3E
:10B530000D0A08A96A460EA8F6F718F99DED000A4B
:10B5400006EB840080ED000AC4EBC400DDED010AC7
:10B5500005EB8000C0EDFC0ADDED110A9DED0B1A34
:10B5600007EB840060EE810AC0ED000A30EE600A4D
:10B5700008EB840080ED000A641CE4B2022C99D32D
:10B580004B48D5ED950A95EDA90A01F00BF9484C09
:10B590002C3C94ED010AD4ED140A30EE600A84EDDF
:10B5A000010A94ED080A30EE200A84ED080A9FEDA6
:10B5B000418A95EDB00A95EDCE1AB6EE002B30EE2D
:10B5C000010AB7EEC01A21EE021B9FED3B2BB4EE31
:10B5D000C21BF1EE10FA07DDB7EEE00A9FED381B53
:10B5E00020EE010BF7EEC00B304E9DED021A603ECF
:10B5F00096ED0B2A81EE020ADDED031A81EE821A26
:10B60000DDED041A71EEE08ADDED051A31EEA09A47
:10B61000C8EE820AC9EE021AD5ED502A9FED2A3AE9
:10B6200082EE832AD5ED623AC3EE832AB7EE003A62
:10B6300086ED023A287A032803D106F10800F7F7CD
:10B640003FFBDDED020A96ED020A40EE280AC4ED4A
:10B65000010ADDED030A40EE090AC4ED080A0020E4
:10B660001A4AC0EB001105EBC10191F8281359B932
:10B6700000EB400102EBC101097D032904D002293E
:10B6800002D0297A022907D1C0EBC00105EB810164
:10B6900001F5806181ED018A401CC0B20228E0D32F
:10B6A0001AB0BDEC048BBDE8F0810000300100242D
:10B6B0005C0500240000000048E17A14AE47D13F49
:10B6C0009A9999999999D93F5077D63D445B00242E
:10B6D000D0ED000AD0ED011AB7EE002AB0EE401A04
:10B6E00060EEA11A72EE600AB0EE610A00EE810A05
:10B6F00080ED010A7047000080ED000A9FED020A0C
:10B7000080ED010A7047000000000000F0B404461C
:10B71000049E0020012C04D0022C04D0032C04D061
:10B7200004E0154802E0154800E01548002821D043
:10B73000DFED140A20EE200ABDEEC00A10EE105A0A
:10B74000114C44F8100C44F80C1C170A277662764A
:10B750002A0AA276E5761A0A22776377A6770B4A39
:10B7600092F8E823E27704F11802F0BC89B20823CA
:10B7700005F076BFF0BC7047580E0024F80E002488
:10B78000980F002400007A44880B00243001002424
:10B7900008B52548016841F002010160016801F027
:10B7A00002010091016841F001010160006800F0B0
:10B7B00001000090002205210B20FAF785FE0B20E6
:10B7C000FAF774FE002205210C20FAF77DFE0C200A
:10B7D000FAF76CFE002205210D20FAF775FE0D2008
:10B7E000FAF764FE002205210E20FAF76DFE0E2006
:10B7F000FAF75CFE002205213820FAF765FE3820B2
:10B80000FAF754FE002205213920FAF75DFE3920AF
:10B81000FAF74CFE002205214520FAF755FEBDE857
:10B8200008404520FAF742BED844025810B51748E0
:10B830001549016000218160C160012202744174D8
:10B8400081740523436182610E24C46103624362F3
:10B850008262C462036341638263C163042202643F
:10B8600042648164C264016542658165C1650323E8
:10B87000036641668266FAF755FA002803D0BDE8F0
:10B880001040F7F715BF10BD00A00040580E00246F
:10B8900010B518481649016000218160C16001227D
:10B8A0000274417481740523436182610E24C46172
:10B8B000036243628262C462036340F256334363AD
:10B8C0008263C1630164042242648264C2640165CC
:10B8D00042658165C1650323036641668266FAF7A6
:10B8E00021FA002803D0BDE81040F7F7E1BE10BDF3
:10B8F00000A40040F80E002410B518481649016055
:10B9000000218160C160017441748174052242612B
:10B91000012383610E24C461026242628362C462B5
:10B92000026340F2AD6242638363C1630422026436
:10B9300042648164C264016542658165C1650266D5
:10B94000416608218166FAF7EDF9002803D0BDE8C9
:10B950001040F7F7ADBE10BD00D40040980F002492
:10B9600010B5B2B01C2227492BA8F4F783FD0021A3
:10B970002BA807F0C4FA244C20601C2221491C315A
:10B9800024A8F4F777FD002124A807F0B8FA606036
:10B990001C221C4938311DA8F4F76CFD00211DA89C
:10B9A00007F0ADFAA0601C221649543116A8F4F72E
:10B9B00061FD002116A807F0A2FAE0601C221149DF
:10B9C00070310FA8F4F756FD00210FA807F097FA81
:10B9D00020611C220B498C3108A8F4F74BFD002193
:10B9E00008A807F08CFA60611C220649A83101A85A
:10B9F000F4F740FD002101A807F081FAA06132B000
:10BA000010BD0000943D01080000002470B586B010
:10BA1000142101A8F4F747FD3148016841F01001F5
:10BA20000160016801F010010091016841F004011A
:10BA30000160016801F004010091016841F080019A
:10BA40000160016801F080010091016841F002018C
:10BA50000160016801F002010091016841F00801F4
:10BA60000160016801F008010091016841F00101E5
:10BA70000160006800F0010000901A4E4FF400448D
:10BA8000002221463046FAF773FC01223046092194
:10BA9000FAF76EFC019401250295002403940494A6
:10BAA00001A93046FAF75AFB092001900295039448
:10BAB0000320049001A93046FAF750FB4FF4A05040
:10BAC00001904FF488100290039401A90648FAF7F8
:10BAD00045FB0021E806FCF7B1FD06B070BD000093
:10BAE000E0440258000802580010025810B51648E9
:10BAF000144901604FF480014160002181600722F8
:10BB0000C2604FF000720261521042619200826185
:10BB10001201C261016241628162C162426381635A
:10BB2000C163016441648164C164016541658165EB
:10BB3000FCF756FA002803D0BDE81040F7F7B8BD6F
:10BB400010BD0000003800403810002410B58AB045
:10BB500000240794089409941C216846F4F7A3FC78
:10BB60001648154901601C21416084604FF6FF7141
:10BB7000C16004618461FCF7F9FF08B1F7F798FD33
:10BB80000794099407A90D48FCF764FD08B1F7F77D
:10BB90008FFD6020009001940294049404220748D1
:10BBA0006946FCF748FF08B1F7F782FD0348FCF748
:10BBB00003FF0AB010BD0000001800404812002426
:10BBC00010B58AB000240794089409941C21684693
:10BBD000F4F769FC1648154901601721416084603B
:10BBE00042F20F71C160046180218161FCF7BEFFE8
:10BBF00008B1F7F75DFD0794099407A90C48FCF715
:10BC000029FD08B1F7F754FD6020009001940294DB
:10BC100004940C2206486946FCF70DFF08B1F7F7BB
:10BC200047FD0348FCF7C8FE0AB010BD0004004001
:10BC3000B01100243EB500240094019402940D48F4
:10BC40000B4901607721416084607C21C16084617F
:10BC5000FCF75AFD08B1F7F72BFD009402946946F2
:10BC60000448FCF7F7FC002801D0F7F721FD3EBDA2
:10BC700000100040FC11002410B51948174901605C
:10BC8000184941604FF4805181604900C160C9107A
:10BC900001610C21416100218161C1610162416248
:10BCA0008162FDF7C5FB08B1F7F702FD0C480021E2
:10BCB000FDF759F908B1F7F7FBFC09480021FDF73A
:10BCC0002CF908B1F7F7F4FC0548FDF79CF80028BB
:10BCD00003D0BDE81040F7F7EBBC10BD00500040AA
:10BCE000EC140024A086010010B518481649016024
:10BCF0004FF4E131416000218160C16001610C229B
:10BD000042618161C161016241628162FDF790FB24
:10BD100008B1F7F7CDFC0D480021FDF724F908B173
:10BD2000F7F7C6FC09480021FDF7F7F808B1F7F767
:10BD3000BFFC0648FDF767F8002803D0BDE81040B7
:10BD4000F7F7B6BC10BD0000007800408015002455
:10BD500010B51848164901604FF4E13141600021E7
:10BD60008160C16001610C2242618161C161016237
:10BD700041628162FDF75CFB08B1F7F799FC0D4861
:10BD80000021FDF7F0F808B1F7F792FC094800210F
:10BD9000FDF7C3F808B1F7F78BFC0648FDF733F859
:10BDA000002803D0BDE81040F7F782BC10BD0000AA
:10BDB000001C0140A816002410B51848164901605F
:10BDC0004FF4E131416000218160C16001610C22CA
:10BDD00042618161C161016241628162FDF728FBBC
:10BDE00008B1F7F765FC0D480021FDF7BCF808B174
:10BDF000F7F75EFC09480021FDF78FF808B1F7F767
:10BE000057FC0648FCF7FFFF002803D0BDE81040B0
:10BE1000F7F74EBC10BD00000010014014160024BE
:10BE200010B52DED088BF0EE40AAF0EE609AB0EE62
:10BE300041AAB0EE619AB0EE428B2AEEAA0A09EE50
:10BE4000A90A0AEE0A0A05F0D1FD6AEE80AA69EE97
:10BE5000809A2AEE00AAB5EEC09AF1EE10FA17D039
:10BE6000B5EEC08AF1EE10FA12D0F5EEC08AF1EE0E
:10BE700010FA0DD029EE090A08EE080A08EEA80A01
:10BE800005F0B4FD29EE009A28EE008A68EE808A5B
:10BE9000F0EE4A0AB1EE6A0A03F0A2FBB0EE40BA35
:10BEA000F0EE4A0AB0EE690A03F09AFBF0EE40AAFF
:10BEB000B0EE6A0A03F048FEB0EE40AAB0EE6A0A9D
:10BEC00003F042FDF0EE409AB0EE4B0A03F03CFD69
:10BED000F0EE40BAB0EE4B0A03F036FEB5EEC09A73
:10BEE000F1EE10FA1ED0B5EEC08AF1EE10FA19D0BC
:10BEF000F5EEC08AF1EE10FA14D069EE2B0A28EEA6
:10BF0000001A28EE800A41EE0A0A40EE290A28EEBD
:10BF1000290A08EECA0AB1EE400A03F061FBB0EE4E
:10BF2000408A01E09FED388AF6EE009A2AEEA90ACF
:10BF3000F0EE40AA03F008FDF0EE408A2BEE290A4D
:10BF4000B0EE40AA03F000FDB0EE409A28EE290AB8
:10BF5000B0EE40BA03F0F8FCB0EE408AB0EE6A0AE8
:10BF600003F0F2FDF0EE409AB0EE4A0A03F0ECFD69
:10BF7000B0EE40AAB0EE4B0A03F0E6FD68EE891A77
:10BF800069EE8A2A214A21EE882A02EE802A82ED71
:10BF9000022A29EE893A28EE8A1A63EE080A41EE4F
:10BFA000400AC2ED030A21EE081A03EE001A82EDE0
:10BFB000041A61EE801A42EEC81AC2ED051A22EE8A
:10BFC000020A00EEA00A01EE010A01EEA10A00F049
:10BFD00089F9D2ED020A60EE800AC2ED020AD2EDC2
:10BFE000030A60EE800AC2ED030AD2ED040A60EE95
:10BFF000800AC2ED040AD2ED050A20EE800A82ED25
:10C00000050ABDEC088B10BD00000000EC0A0024FE
:10C0100010B52DED088BB0EE408BB0EE419AB0EE2E
:10C0200061BAF0EE429AB0EE62AAB5EEC0BAF6EE90
:10C0300000BAF1EE10FA694C09D1F5EEC09AF1EEB2
:10C0400010FA04D1B5EEC0AAF1EE10FA65D02BEECD
:10C050000B0A09EEA90A0AEE0A0A05F0C7FC6BEE04
:10C06000002A29EE803A2AEE002AD4ED031A94ED34
:10C07000050AD4ED020AD4ED043A21EE801A00EE4E
:10C08000E31A60EEA11A43EE801AF0EE6BAA50EEAE
:10C09000A0AA40EE00AA63EE2A0A42EE610A22EE4E
:10C0A000012A02EEEA2A62EEA11A43EE411A94ED49
:10C0B000010AB5EEC00AF1EE10FA20DD20EE203ABA
:10C0C00094ED091AD4ED062A43EE012AC4ED062A9E
:10C0D00060EE023A94ED073A03EE813A84ED073AB6
:10C0E00060EE213A94ED080A03EE810A84ED080A15
:10C0F00038EE228A78EE838A39EE009A07E09FEDC7
:10C10000380A84ED060A84ED070A84ED080A38EE41
:10C11000208A78EE828A39EE219A94ED090A20EE7F
:10C120002B1A21EE080A61EE280A21EE091AD4ED35
:10C13000021A94ED032AD4ED042AB1EE423A63EEDA
:10C14000003A94ED053A42EEE03A43EE413A73EE9E
:10C15000A14AC4ED024A61EE803A42EE813A43EED2
:10C16000603A73EE823AC4ED033A21EEA04A02EE41
:10C17000414A03EE004A34EE224A84ED044A21EE9D
:10C18000811A02EE201A02EEC01A71EE030AC4ED03
:10C19000050A24EEA40A03EEA30A04EE040A00EE44
:10C1A000A00A05F023FCD4ED020A60EE800AC4ED7B
:10C1B000020AD4ED030A60EE800AC4ED030AD4ED4E
:10C1C000040A60EE800AC4ED040AD4ED050A20EEEC
:10C1D000800A84ED050ABDEC088B10BDEC0A002432
:10C1E000000000000E48DFED0D0AC0ED010AB7EEB9
:10C1F000001A80ED021AC0ED030AC0ED040AC0ED7A
:10C20000050AC0ED060AC0ED070AC0ED080A0021C4
:10C210000170C1EE000AC0ED090A7047000000007D
:10C22000EC0A002410B52DED028BF6EE008A2B4CA3
:10C23000F0EE680A04F1280094ED030AD4ED021A26
:10C2400094ED041A40EE400A21EE800AD4ED051A5E
:10C2500001EE210A41EE410A04F05AFD94ED0A0A6A
:10C260009FED1F8A20EE080A84ED0A0A94ED030A66
:10C27000D4ED050A94ED041A20EE200AD4ED020A4A
:10C2800000EEC10AF8EE000A20EE200A02F026FFB6
:10C2900020EE080A84ED0B0A94ED040AD4ED031A8B
:10C2A00094ED051A40EE408A21EE800AD4ED021A80
:10C2B00004F1300001EE810AF0EE680A41EE410A15
:10C2C00004F026FD94ED0C0A20EE080A84ED0C0A19
:10C2D00001202070BDEC028B10BD0000EC0A002490
:10C2E000E12E6542F6EE000A60EE200A10EE100A1A
:10C2F0000A49A1EB600000EE100AB7EE081A20EE22
:10C30000802AF0EE411A42EE401A21EE800A60EED9
:10C31000800A00EEC01A21EE000A7047DF59375F2D
:10C3200010B52DED108BB0EE408BB0EE419AF0EED3
:10C3300061BAF0EE429AB0EE62AAB0EE43CAB0EE35
:10C3400063BAF0EE44AA84B0B5EEC0CAF1EE10FABA
:10C350001CD1B5EEC0BAF1EE10FA17D1F5EEC0AAB5
:10C36000F1EE10FA12D104B0F0EE4A2AB0EE692ACA
:10C37000F0EE6B1AB0EE491AF0EE680AB0EE480A19
:10C38000BDEC108BBDE81040FFF742BEF5EEC0BA21
:10C39000F6EE00DAF1EE10FAAE4C09D1F5EEC09AE5
:10C3A000F1EE10FA04D1B5EEC0AAF1EE10FA7CD08D
:10C3B0002BEEAB0A09EEA90A0AEE0A0A05F016FBF3
:10C3C0002BEE80DA29EE80EA6AEE00EA2CEE0C0A07
:10C3D0000BEE0B0A0AEEAA0A05F008FB6CEE009AB7
:10C3E0002BEE00AA6AEE80AAD4ED021A21EEA12A51
:10C3F0008DED002A94ED031A21EE81BAD4ED040AE2
:10C4000061EEA0BA94ED050A61EE801A21EE013AC0
:10C4100021EE202A21EE00CA60EEA0FA60EE80CA6A
:10C4200020EE00FA7CEE2B0A3DEEEF0A70EE4F2A6A
:10C43000CDED032A22EEA90A72EE612ACDED022A81
:10C440000AEE220A0AEEA00AF0EE000A60EE200AC6
:10C4500032EE210A7DEEC31A20EE290A31EECF1A00
:10C46000CDED011A0AEE010A3CEECB1A0AEE810A62
:10C47000B0EE001A20EE010A60EEA00A40EE000ABB
:10C48000B0EE600A03F05DFC3CEE6B1A7CEE8B1A9A
:10C4900061EE290A4AEE210ADDED011A71EEEF3A4A
:10C4A000F0EE001A4AEEA30A00E06FE060EEA10A87
:10C4B0007BEE2C1A9DED002A32EE6D2A32EE0F3AF9
:10C4C000DDED032A22EE802A00EE812ADDED022A2C
:10C4D00062EE802A40EEA12A3BEE8C4A24EE000A4E
:10C4E00000EEA30A6EEE030A4EEEE10A6AEE003A8F
:10C4F0004AEEE23A70EEA30A6EEE813A4DEE433A0E
:10C500002AEE823A09EEC03A33EE833A2DEE210A42
:10C510000EEE410A29EEA21A0AEE421A30EE011A74
:10C5200094ED010AB5EEC00AF1EE10FA20DD60EEDE
:10C53000202AD4ED091A94ED062A02EEA12A84EDF0
:10C54000062A60EE033AD4ED072A43EEA12AC4ED91
:10C55000072A60EE013A94ED080A03EEA10A84ED81
:10C56000080A38EE028A78EEA28A39EE009A07E0CD
:10C570009FED390A84ED060A84ED070A84ED080A66
:10C5800038EE208A78EE838A39EE019A94ED090A12
:10C5900020EE2D1A21EE080A61EE280A21EE091A72
:10C5A000D4ED021A94ED032AD4ED042AB1EE423AF6
:10C5B00063EE003A94ED053A42EEE03A43EE413A3A
:10C5C00073EEA14AC4ED024A61EE803A42EE813A2E
:10C5D00043EE603A73EE823AC4ED033A21EEA04A8C
:10C5E00002EE414A03EE004A34EE224A84ED044A48
:10C5F00021EE811A02EE201A02EEC01A71EE030A31
:10C60000C4ED050A24EEA40A03EEA30A04EE040A0C
:10C6100000EEA00A05F0EAF9D4ED020A60EE800A05
:10C62000C4ED020AD4ED030A60EE800AC4ED030AE9
:10C63000D4ED040A60EE800AC4ED040AD4ED050AC4
:10C6400020EE800A84ED050A0020207004B0BDECC5
:10C65000108B10BDEC0A002400000000FEE7000073
:10C660002DE9F0412DED048BB0EE608AF0EE418AA9
:10C67000B0EE619AF0EE429A2B4C44F8100C44F85C
:10C680000C1C10209FED291ADFED290A05F03AF95C
:10C6900005460C209FED271ADFED270AB0EE480A69
:10C6A00005F030F906469FED268A0C209FED231AEF
:10C6B000F0EE480AB0EE680A05F024F907460C20AF
:10C6C000B1EE041AF0EE480AB0EE490A05F01AF984
:10C6D00080460C209FED1B1ADFED1B0AB0EE690AA5
:10C6E00005F010F90146280A207665763009A07613
:10C6F000320142EA1720E07627774FEA1810607778
:10C700004FEA081242EA1120A077E17704F11802FB
:10C7100034F80C0C082381B254F8100CBDEC048BD7
:10C72000BDE8F04104F09CBF880B0024DA0F4941BA
:10C73000DA0F49C100003442000034C20000FA435D
:10C740000000000000005842000058C230B5DDE98A
:10C750000354017082704370057280ED010A4481B8
:10C7600001210173064A054B116843F82100491C59
:10C7700011601E2901D91E20106030BD605F0024A9
:10C78000A80B0024F7EE000A9FED040AF4F71CFC46
:10C79000F4F77AFE012006F0A5FBF9E700A00C46AD
:10C7A000FEE70000002814D0D0ED111AC0ED121AD7
:10C7B00090ED101A80ED111AC0ED070A80ED080AFD
:10C7C00030EEC00A80ED100A017829B101295CD051
:10C7D0009CE09FED500A7047D0ED010A20EE802AC0
:10C7E00080ED0A2AD0ED0B0AD0ED021A41EE800A44
:10C7F000C0ED0B0AD0ED0E1AC0ED0F1AD0ED0D1AD8
:10C80000C0ED0E1AD0ED042A30EE410AB7EE001A40
:10C8100062EEA11A31EE621A41EE001AC0ED0D1A55
:10C8200090ED030A20EE211A80ED0C1A90ED060A15
:10C83000F4EEC00AF1EE10FA02DD80ED0B0A08E01A
:10C84000B1EE400AF4EEC00AF1EE10FA01D280ED2A
:10C850000B0A90ED0B0A32EE000A30EE010A80ED71
:10C86000090AD0ED050AB4EEE00AF1EE10FA02DD95
:10C87000C0ED090A4AE0F1EE600AB4EEE00AF1EE1A
:10C8800010FA43D2C0ED090A40E070EE410A90ED83
:10C89000012A20EE822A80ED0A2AD0ED020A60EEFB
:10C8A000800AC0ED0B0AD0ED0E2AC0ED0F2AD0EDA4
:10C8B0000D2AC0ED0E2AF0EE002A01EE620A30EEDB
:10C8C000210A80ED0D0A90ED031A21EE000A80ED99
:10C8D0000C0A72EE200A30EE800AD0ED090A30EE22
:10C8E000200A80ED090AD0ED050AB4EEE00AF1EE67
:10C8F00010FA02DDC0ED090A08E0F1EE600AB4EEBC
:10C90000E00AF1EE10FA01D2C0ED090A90ED090A31
:10C910007047000000000000002819D09FED0D0AAC
:10C9200080ED120A80ED110A80ED100A80ED0F0AE9
:10C9300080ED0E0A80ED0D0A80ED0C0A80ED0B0AE9
:10C9400080ED0A0A80ED090A80ED070A80ED080AE9
:10C95000704700000000000000282AD0002A28D0DC
:10C96000017092ED001A80ED011A92ED011A80ED2E
:10C97000021A92ED021A80ED031A9FED0E1A80ED55
:10C98000041A80ED050AC0ED060A80ED0F1A80ED4D
:10C990000E1A80ED0D1A80ED091A80ED0C1A80ED4B
:10C9A0000B1A80ED0A1A80ED121A80ED111A80ED33
:10C9B000101A70470000000000B5AFB0B8216846FB
:10C9C000F3F771FD00204FF40041CDE9001018206D
:10C9D0000290C82003900220049005900690002049
:10C9E000079020210891099008061B906846F9F7E6
:10C9F0009BFF002801D0F6F75BFE2FB000BD0000C2
:10CA000020EE201AB0EEC11ADFED0E1A21EE211A27
:10CA1000DFED0D1A60EE211A21EE800ADFED0B1A10
:10CA200060EEA11A01EEA00ADFED090A30EE200A3D
:10CA300031EE000AB5EEC00AF1EE10FA01D29FED18
:10CA4000050A70474F020636FC110434C3031C3438
:10CA5000355E8A3F000000002DE9F0470446884615
:10CA60000027DFF81491D9F80000C043800709D0EF
:10CA7000414D283D286820F080602860F9F780FC4F
:10CA8000064609E00120BDE8F087F9F779FC801B34
:10CA9000022801D90320F6E728680001F5D4D9F867
:10CAA0000000216820F47C3040EA0130C9F8000021
:10CAB000A0884FF6FF72A168401E491EC0F308000F
:10CAC00002EA41210843A1894FF4FE02491E02EA0D
:10CAD00001410843217C1202491E02EA0161084318
:10CAE0002549103108602448001D0168626921F061
:10CAF000C001114301600168A26921F020011143C6
:10CB00000160016821F0100101601B4914310A68BD
:10CB10004FF6F8739A43E36942EAC3020A60016878
:10CB200041F010010160B8F1000F0ED0B8F1010F13
:10CB300010D0016841F400110160286840F0806065
:10CB40002860F9F71DFC044610E0016841F400215B
:10CB50000160F2E7016841F480110160EDE7F9F747
:10CB60000FFC001B022801D903208CE72868000174
:10CB7000F5D5384687E70000284402582DE9F047EC
:10CB8000044688460027DFF81491D9F80000C04316
:10CB9000800709D0414D283D286820F0805028604A
:10CBA000F9F7EEFB064609E00120BDE8F087F9F74A
:10CBB000E7FB801B022801D90320F6E728688000E4
:10CBC000F5D4D9F80000218820F07C7040EA0150AB
:10CBD000C9F80000A0884FF6FF72A168401E491EE8
:10CBE000C0F3080002EA41210843A1894FF4FE0284
:10CBF000491E02EA01410843217C1202491E02EA51
:10CC0000016108432549183108602448001D016866
:10CC1000626921F44061114301600168A26921F455
:10CC2000007111430160016821F4807101601B49AA
:10CC30001C310A684FF6F8739A43E36942EAC3026B
:10CC40000A60016841F480710160B8F1000F0ED0F4
:10CC5000B8F1010F10D0016841F0807101602868BF
:10CC600040F080502860F9F78BFB044610E0016823
:10CC700041F480010160F2E7016841F400010160C4
:10CC8000EDE7F9F77DFB001B022801D903208CE7B3
:10CC900028688000F5D5384687E700002844025808
:10CCA0000148FBF785B800003810002410B5026871
:10CCB0005169936943F0080393610268936943F0F3
:10CCC000100393610268136823F001031360026884
:10CCD000136940F26F34A34313610268936823F42D
:10CCE0004043936090F88120042A0CD08A060AD52C
:10CCF000D0F8842042F08002C0F884200268936952
:10CD000043F02003936190F88120032A0CD04A0657
:10CD10000AD5D0F8842042F00402C0F884200268CA
:10CD2000936943F0400393618A050AD5D0F88420C3
:10CD300042F00102C0F884200268936943F4007352
:10CD40009361C9050AD5D0F8841041F00801C0F8F4
:10CD5000841001688A6942F480728A61002120F897
:10CD6000621F018110BD10B5806B0021623001810E
:10CD700001800121C1776238FBF718F810BDC16B43
:10CD8000012202EB5111C068401CC01DC00848437D
:10CD900070472DE9F04106460D4617461C46DDF862
:10CDA000188008E0F9F7ECFAA0EB0800A04201D3E4
:10CDB000601C0BD154B13068406935EA000007D0DF
:10CDC0000020B842EED00020BDE8F0810320FBE750
:10CDD0000120F6E72DE9F0472DED048B684C204645
:10CDE00000F10C05217A00F1540600F19C0702299C
:10CDF00000F1E40820D003291ED09FED628A0429A7
:10CE00002DD084ED118A84ED238A84ED358A84ED5A
:10CE1000478A2846F6F7F8FB3046F6F7F5FB01207F
:10CE200006F060F83846F6F7EFFBBDEC048B4046A1
:10CE3000BDE8F047F6F7E8BB2846F6F7E5FB3046D5
:10CE4000F6F7E2FB012006F04DF83846F6F7DCFB7A
:10CE5000BDEC048B4046BDE8F047F6F7D5BBDFF8E4
:10CE60002891DFF81CA1F0EE088AB8EE089A99F82C
:10CE70001400AAF1600A032840D199F82C00032875
:10CE80003CD1C4ED128AC4ED248A94EDAD0AD4EDF0
:10CE9000CB0A30EE600AB0EEC00A10EE100A3B4931
:10CEA000884202DA0120CAF83400DAF83400012896
:10CEB0005CD084ED368A84ED488A84ED598A84ED0D
:10CEC0006B8AB1EE040A2846F6F7B8FB012006F09B
:10CED00009F8B1EE040A3046F6F7B0FB012006F07F
:10CEE00001F8B1EE040A3846F6F7A8FB012005F078
:10CEF000F9FFB1EE040A4046F6F7A0FB99F81400DA
:10CF0000022838D199F82C00022834D10020CAF820
:10CF1000340084ED129A84ED249AC4ED368AC4ED6F
:10CF2000488A84ED598A84ED6B8AB7EE080A284650
:10CF3000F6F784FB012005F0D5FFB7EE080A30466E
:10CF4000F6F77CFB012005F0CDFFB7EE080A384666
:10CF5000F6F774FB012005F0C5FFBDEC048B4046DD
:10CF6000B7EE080ABDE8F047F6F768BB84ED369ADD
:10CF700084ED489AA1E7BDEC048BBDE8F087000082
:10CF80003001002400000000445B0024CDCCCC3DE7
:10CF9000F0B52DED028B83B0304C0025304E4FF4B0
:10CFA0000077207A032815D000232E481A463946E8
:10CFB00000950195F4F79CFCB6F85700012200900B
:10CFC0006121B6F84C302748F4F768FA03B0BDEC9D
:10CFD000028BF0BD214894ED591A6038D0ED0B0A50
:10CFE00081EE200A84ED570A94ED6B1AC1EE201AE7
:10CFF000C4ED691A9FED1C8ADFED1C8AB0EE481A59
:10D00000F0EE680A04F092FC84ED570A94ED690A88
:10D01000B0EE481AF0EE680A04F088FC84ED690A64
:10D02000BDEEC00A00953946019510EE100A94ED48
:10D03000570A03B2BDEEC00A10EE100A02B2094848
:10D04000F4F756FCB6F85700012200906121B6F8BB
:10D050004C300448F4F722FAB8E70000300100240D
:10D0600094580024F80E002400008046000080C67A
:10D07000012005F037FFFBE704F082FC04F01CFB05
:10D08000012005F02FFFF9E710B5502080F311883B
:10D09000BFF34F8FBFF36F8F06F0AEFD18B1044999
:10D0A0004FF080500860002080F3118810BD000010
:10D0B00004ED00E010B59CB04C2109A8F3F7F3F99A
:10D0C000202101A8F3F7EFF90220F9F72FFA002445
:10D0D0001C48016821F440410160016801F44041AD
:10D0E000009101688904FCD50121099108040A9086
:10D0F00002201290139014902822159216911790E6
:10D1000018900C2019901A941B9409A8FAF762FB46
:10D1100008B1F6F7CDFA3F20019003200290039466
:10D120000820049040200590069001010791089086
:10D13000032101A8FAF7C0F8002801D0F6F7B8FAE1
:10D140001CB010BD1848025810B52D48016841F4B4
:10D15000700101602B4A106800F00F00072804D20C
:10D16000106820F00F00C01D10602749086840F0CB
:10D1700001000860244B0020103318600B68234C1A
:10D1800023400B60136803F00F03072B04D91368C7
:10D1900023F00F03DB1D13601B4A18321060121DB1
:10D1A0001060121D1060184B194A28331A601B1D9D
:10D1B000184A1A601B1D184A1A601B1D18601B1D97
:10D1C0001A601B1D18601B1D1A601A1D10600A686A
:10D1D00022F480220A600C49603108600A48D43089
:10D1E0000168C9040BD4016841F4805101600B4A05
:10D1F00043F2D2011160016821F48051016010BD39
:10D2000088ED00E000200052004402587FEDF6EA6D
:10D21000000202020000FF018002010100400052F2
:10D220000148FBF71FBB0000941900240148FBF7DD
:10D2300019BB0000FC1100242DE9F04F02684FF0EB
:10D24000804A2A4D2A4E2B4FA842DFF8ACC02B4B08
:10D2500009D0504507D0B04205D0B84203D0604550
:10D2600001D0984203D122F070044A682243DFF8CB
:10D270009080DFF89090A842DFF88CB015D0504530
:10D2800013D0B04211D0B8420FD060450DD09842B3
:10D290000BD0404509D0484507D0584505D01B4C18
:10D2A000A04202D01A4CA04203D122F44074CA68B2
:10D2B00022434C6922F0800222438C68C4620C68CD
:10D2C0008462A84207D0984205D0404503D0484523
:10D2D00001D0584501D109690163016841F0040199
:10D2E0000160012141610260BDE8F08F0000014052
:10D2F0000004004000080040000C00400004014011
:10D3000000400140004401400048014000E000406E
:10D3100000E4004010B5012301F01F018B40046AB6
:10D320009C430462036A8A401343036210BD0000F9
:10D330002DE9F043046A026A22F0010202624268A7
:10D3400083691D4D2B4023F003030D681D4324F01A
:10D3500002048B682343194E194FDFF868C0B042AE
:10D36000DFF86480DFF8649007D0B84205D06045EC
:10D3700003D0404501D0484505D123F00804CB68CF
:10D38000234323F00403B04207D0B84205D06045E0
:10D3900003D0404501D0484507D122F4807222F4E1
:10D3A00000724C6914438A6922434260856149686E
:10D3B00041630362BDE8F0838FFFFEFF0000014080
:10D3C0000004014000400140004401400048014089
:10D3D000F0B5056A026A22F01002026242688369AF
:10D3E0001A4C234023F440730C6843EA042425F0CC
:10D3F00020038D6843EA0513154D164EA84201D04F
:10D40000B04206D123F08003CF6843EA071323F02C
:10D410004003A8420AD0B04208D00F4DA84205D020
:10D420000E4DA84202D00E4DA84209D122F48062CE
:10D4300022F400624D6942EA85028D6942EA850262
:10D4400042608461496881630362F0BDFF8FFFFE23
:10D450000000014000040140004001400044014040
:10D4600000480140F0B5056A026A22F48072026247
:10D470004268C3691A4C234023F003030C681C4321
:10D4800025F400738D6843EA0523164D164EA84215
:10D4900001D0B04206D123F40063CF6843EA0723EA
:10D4A00023F48063A8420AD0B04208D00F4DA842AE
:10D4B00005D00F4DA84202D00E4DA84209D122F44A
:10D4C000805222F400524D6942EA05128D6942EA07
:10D4D00005124260C4614968C1630362F0BD000087
:10D4E0008FFFFEFF000001400004014000400140AA
:10D4F000004401400048014030B5046A026A22F449
:10D50000805202624268C369124D2B4023F440737B
:10D510000D6843EA052324F400548D6844EA053479
:10D520000D4DA8420BD00D4DA84208D00C4DA8427D
:10D5300005D00C4DA84202D00B4DA84204D122F4D4
:10D5400080424D6942EA85124260C36149680164C4
:10D55000046230BDFF8FFFFE000001400004014067
:10D5600000400140004401400048014030B5056AD8
:10D57000026A22F4803202624268436D114C2340F9
:10D580000C681C4325F400330D8943EA05430E4D16
:10D59000A8420BD00D4DA84208D00D4DA84205D091
:10D5A0000C4DA84202D00C4DA84204D122F4803286
:10D5B0004D6942EA0522426044654968816503621B
:10D5C00030BD00008FFFFEFF00000140000401405D
:10D5D00000400140004401400048014030B5056A68
:10D5E000026A22F4801202624268436D114C2340A9
:10D5F0000C6843EA042425F400130D8943EA05531B
:10D600000D4DA8420BD00D4DA84208D00C4DA8429C
:10D6100005D00C4DA84202D00B4DA84204D122F4F3
:10D6200080224D6942EA8522426044654968C165AD
:10D63000036230BDFF8FFFFE000001400004014087
:10D640000040014000440140004801400548006896
:10D65000016841F010010160034980220148FCF794
:10D66000F7B80000A8160024FC5B00241CB5344D5C
:10D670004FF4967A334F40F2555B334E4FF001082A
:10D68000324C4FF00009287A594600902868B7F9C3
:10D690005920C38AD7F8750000EE100A0320FEF760
:10D6A00035F8012005F01EFC2868B0F90410B0F927
:10D6B0000000CDE90001B6F902300320B6F90020E0
:10D6C00040F2565105F022FA012005F00BFC2868C3
:10D6D000B0F90610514502DB84F8008001E084F8BF
:10D6E0000090B0F90400A0F59671514502D884F875
:10D6F000018007E0B0F5257F1BD010F5257F1BD0FA
:10D7000084F8019060782178CDE90010B7F84A00DC
:10D7100040F25751F37900EE100AB2790320F8EE87
:10D72000400A95EDA90A05F027FA012005F0DAFB79
:10D73000A9E702206070E5E703206070E2E70000DF
:10D740003001002494580024FA560024240A0024AE
:10D750000148FBF797BC0000EC14002410B5074803
:10D760000068C169C943C90603D41021016201F0F0
:10D7700083FBBDE810400148FBF784BC8015002402
:10D7800030B5416E002917D002689168C1F342613B
:10D790009268520F0B4B9C5C250103F10804A25CBC
:10D7A000B5FBF2F2A0F86A205A5C615C1201B2FB90
:10D7B000F1F1A0F8681030BD01216830418001808E
:10D7C00030BD0000D43E010890F82810090706D5A6
:10D7D00001684A68836B22F400421A434A6090F859
:10D7E0002810C90706D001684A68C36A22F40032CB
:10D7F0001A434A6090F82810890706D501684A68DC
:10D80000036B22F480321A434A6090F828104907CB
:10D8100006D501684A68436B22F480221A434A60A5
:10D8200090F82810C90606D501688A68C36B22F4EF
:10D8300080521A438A6090F82810890606D501683C
:10D840008A68036C22F400521A438A6090F8281008
:10D85000490611D501684A68436C22F480121A43C4
:10D860004A60416CB1F5801F06D101684A68836C3B
:10D8700022F4C0021A434A6090F82810090606D51F
:10D8800001684A68C06C22F4002202434A60704773
:10D890002DE9F84304460025C4F89050F8F770FDD0
:10D8A0008046206800686FF07E474FF02006000732
:10D8B00016D50022434631042046009700F016FF9B
:10D8C00070B1206850E8001F21F0800140E800128C
:10D8D000002AF6D18434666025700320BDE8F88301
:10D8E00020680068400720D5002243464FF480019D
:10D8F0002046009700F0FAFEB8B1206850E8001FFB
:10D9000021F4907140E80012002AF6D12068083016
:10D9100050E8001F21F0010140E80012002AF5D173
:10D920008434A66025700320D8E76C34E661266253
:10D930002560656025760020D0E710B5806B00215A
:10D94000A0F85E10FBF786FB10BD70B5846BD4F8B1
:10D950008800D4F88C50216889684FF000060906C9
:10D9600006D5212804D1A4F85660204600F0CAF854
:10D9700020688068400606D5222D04D1A4F85E6098
:10D98000204600F083F8D4F8900040F01000C4F86E
:10D9900090002046FBF75EFB70BD014610B5886B1A
:10D9A0000023C969B1F5807F2DD0A0F85E300168F1
:10D9B00051E8002F22F4807241E80024002CF6D1B7
:10D9C0000168083151E8002F22F0010241E80024EB
:10D9D000002CF5D10168083151E8002F22F04002F7
:10D9E00041E80024002CF5D12021C0F88C10C16E34
:10D9F000012908D1016851E8002F22F0100241E806
:10DA00000024002CF6D10367C16E012902D0FBF778
:10DA100043FF10BDB0F85C10FBF764FA10BD10B501
:10DA2000806B01210167C16E012902D0FBF735FF30
:10DA300010BDB0F85C104908FBF754FA10BD014660
:10DA400010B5886BC969B1F5807F16D00021A0F8A8
:10DA500056100168083151E8002F22F0800241E899
:10DA60000023002BF5D1016851E8002F42F040025D
:10DA700041E80023002BF6D110BDFBF757FF10BD86
:10DA800010B5806BFBF75EFF10BD000010B501689C
:10DA900051E8002F22F4907241E80023002BF6D1C8
:10DAA0000E4B0168083151E8002F1A4041E800246C
:10DAB000002CF6D1C16E012908D1016851E8002F70
:10DAC00022F0100241E80023002BF6D12021C0F8FB
:10DAD0008C100021C166416710BD0000FEFFFFEF02
:10DAE00010B5016851E8002F22F0400241E8002300
:10DAF000002BF6D12021C0F8881000218167FBF7A8
:10DB000015FF10BD016851E8002F22F0C00241E866
:10DB10000023002BF6D10168083151E8002F22F4D0
:10DB2000000241E80023002BF5D12021C0F8881025
:10DB30007047000010B5B0F86020D0F88C30016854
:10DB4000222B04D0886940F00800886110BD496A22
:10DB500050F8583F114019800168891C0160C18844
:10DB6000491EC180C18858380029EFD1016851E8A9
:10DB7000002F22F4907241E80023002BF6D10168B7
:10DB8000083151E8002F22F0010241E80023002B68
:10DB9000F5D12021C0F88C10002444670467164A90
:10DBA000016891420BD04968090208D5016851E823
:10DBB000002F22F0806241E80023002BF6D1C16ED5
:10DBC000012902D0FBF768FE10BDC466016851E868
:10DBD000002F22F0100241E80023002BF6D101684B
:10DBE000CA69D243D20601D410220A62B0F85C108E
:10DBF000FBF778F910BD0000000C00582DE9F04744
:10DC00000446B4F860802068C569D0F80090866842
:10DC1000D4F88C10222905D0816941F00801816176
:10DC2000BDE8F087B4F868A0002743E02068406AA8
:10DC3000A16D00EA08000880A06D801CA065B4F802
:10DC40005E00401EA4F85E002068C56969072ED0FA
:10DC5000E9070AD05FEAC95107D501210162D4F86A
:10DC6000900040F00100C4F89000A8070AD5F00722
:10DC700008D0216802200862D4F8900040F0040027
:10DC8000C4F8900068070AD5F00708D0216804207E
:10DC90000862D4F8900040F00200C4F89000D4F874
:10DCA000900020B12046FBF7D5F9C4F89070B4F885
:10DCB0005E0010B3BAF1000F01D0A806B6D4B4F8D4
:10DCC0005E000028ACD0B4F868108142A8D9206862
:10DCD000083050E8001F21F0805140E80012002A6F
:10DCE000F5D129486067206850E8001F41F0200105
:10DCF00040E80012002AF6D192E7206850E8001FA1
:10DD000021F4807140E80012002AF6D11F4A2068F1
:10DD1000083050E8001F114040E80013002BF6D1F6
:10DD20002020C4F88C00676727671949206888425B
:10DD30000BD04068000208D5206850E8001F21F091
:10DD4000806140E80012002AF6D1E06E012803D07D
:10DD50002046FBF7A1FDB2E7E766206850E8001F08
:10DD600021F0100140E80012002AF6D12068C169B4
:10DD7000C943C90601D410210162B4F85C102046E1
:10DD8000FBF7B0F89BE7000035DB0008FEFFFFEF74
:10DD9000000C005810B5B0F86020D0F88C30016845
:10DDA000222B04D0886940F00800886110BD496AC0
:10DDB000114050F8582F11700168491C0160C1884A
:10DDC000491EC180C18858380029EFD1016851E847
:10DDD000002F22F4907241E80023002BF6D1016855
:10DDE000083151E8002F22F0010241E80023002B06
:10DDF000F5D12021C0F88C10002444670467164A2E
:10DE0000016891420BD04968090208D5016851E8C0
:10DE1000002F22F0806241E80023002BF6D1C16E72
:10DE2000012902D0FBF738FD10BDC466016851E836
:10DE3000002F22F0100241E80023002BF6D10168E8
:10DE4000CA69D243D20601D410220A62B0F85C102B
:10DE5000FBF748F810BD0000000C00582DE9F04712
:10DE60000446B4F860802068C569D0F800908668E0
:10DE7000D4F88C10222905D0816941F00801816114
:10DE8000BDE8F087B4F868A0002743E02068406A46
:10DE9000A16D00EA08000870A06D401CA065B4F8F0
:10DEA0005E00401EA4F85E002068C56969072ED098
:10DEB000E9070AD05FEAC95107D501210162D4F808
:10DEC000900040F00100C4F89000A8070AD5F007C0
:10DED00008D0216802200862D4F8900040F00400C5
:10DEE000C4F8900068070AD5F00708D0216804201C
:10DEF0000862D4F8900040F00200C4F89000D4F812
:10DF0000900020B12046FBF7A5F8C4F89070B4F853
:10DF10005E0010B3BAF1000F01D0A806B6D4B4F871
:10DF20005E000028ACD0B4F868108142A8D92068FF
:10DF3000083050E8001F21F0805140E80012002A0C
:10DF4000F5D129486067206850E8001F41F02001A2
:10DF500040E80012002AF6D192E7206850E8001F3E
:10DF600021F4807140E80012002AF6D11F4A20688F
:10DF7000083050E8001F114040E80013002BF6D194
:10DF80002020C4F88C0067672767194920688842F9
:10DF90000BD04068000208D5206850E8001F21F02F
:10DFA000806140E80012002AF6D1E06E012803D01B
:10DFB0002046FBF771FCB2E7E766206850E8001FD7
:10DFC00021F0100140E80012002AF6D12068C16952
:10DFD000C943C90601D410210162B4F85C1020467F
:10DFE000FAF780FF9BE7000095DD0008FEFFFFEFDA
:10DFF000000C00582DE9F04387B004460026DFF8F6
:10E00000FC9320682269A168E369114362691A439D
:10E0100011430268FA4B1A400A43026020684168C3
:10E02000E26821F4405111434160A06921684945EB
:10E0300001D0226A10438A68F24B1A4002438A6078
:10E040002068C16A626A21F00F011143C162EE4A81
:10E050002068EE4990421DD1096801F03801182965
:10E0600012D005DC51B108290AD0102904D109E0E9
:10E0700020290BD028290BD080212DE101212BE173
:10E08000042129E1082127E1102125E1202123E1B4
:10E09000402121E1DE4A904217D1096801F00701D1
:10E0A000062910D2DFE801F0030507090B0D002156
:10E0B00012E1042110E108210EE110210CE12021E0
:10E0C0000AE1402108E1802106E1D24A904217D1BD
:10E0D000096801F00701062910D2DFE801F0030505
:10E0E00007090B0D0021F7E00421F5E00821F3E01A
:10E0F0001021F1E02021EFE04021EDE08021EBE074
:10E10000C54A904217D1096801F00701062910D2CB
:10E11000DFE801F0030507090B0D0021DCE0042115
:10E12000DAE00821D8E01021D6E02021D4E0402117
:10E13000D2E08021D0E0B94A904217D1096801F0BD
:10E140000701062910D2DFE801F0030507090B0DCE
:10E150000021C1E00421BFE00821BDE01021BBE0A7
:10E160002021B9E04021B7E08021B5E0AC4A9042DF
:10E170001DD1096801F03801182912D005DC51B110
:10E1800008290AD0102904D109E020290BD0282918
:10E190000BD08021A0E001219EE004219CE0082119
:10E1A0009AE0102198E0202196E0402194E09D4AD9
:10E1B000904217D1096801F00701062910D2DFE863
:10E1C00001F0030507090B0D002185E0042183E020
:10E1D000082181E010217FE020217DE040217BE0CB
:10E1E000802179E0904A904217D1096801F0070137
:10E1F000062910D2DFE801F0030507090B0D002105
:10E200006AE0042168E0082166E0102164E0202132
:10E2100062E0402160E080215EE0844A90421DD1AE
:10E22000096801F03801182912D005DC51B108291C
:10E230000AD0102904D109E020290BD028290BD0BD
:10E24000802149E0012147E0042145E0082143E025
:10E25000102141E020213FE040213DE0744A9042FE
:10E260001DD1096801F03801182912D005DC51B11F
:10E2700008290AD0102904D109E020290BD0282927
:10E280000BD0802128E0012126E0042124E0082190
:10E2900022E0102120E020211EE040211CE0484522
:10E2A00019D15A49091D096801F00701062910D240
:10E2B000DFE801F0030507090B0D02210CE0042142
:10E2C0000AE0082108E0102106E0202104E04021B6
:10E2D00002E0802100E08021564D4C4A4FF4004C72
:10E2E000554F4FF000082B11543A484556D110298C
:10E2F0002BD006DC02291AD004291CD0082904D10D
:10E300001EE0202929D0402929D000250126EDB37F
:10E31000606A37F81020B5FBF2F0676807EB470139
:10E32000814202D8B0EB073F1BD90126EDE0F8F798
:10E3300029F90546EBE704A8F8F736F9059DE6E765
:10E3400001A8F8F711FA029DE1E710688006DED512
:10E350001068C0F3C100C540D9E71D46D7E7654640
:10E36000D5E7002328461946F2F732F809020202DF
:10E3700041EA1061780810183A46002341EB080181
:10E38000F2F726F82D4AA0F5407100E058E09142DE
:10E3900002D82168C860B8E00126B6E0E0694FF60F
:10E3A000EF7960456DD1082958D005DC29B30129E2
:10E3B0004BD0042906D14CE0102954D020295AD042
:10E3C00040295AD000250126D5B3606A37F81000DD
:10E3D000B5FBF0F04100606801EB5001B1FBF0F0DB
:10E3E000A0F1100149454AD84FF6F0710140C0F341
:10E3F000420001432068C16087E022E0000C005821
:10E40000F369FFCFFFF4FF1100100140544402589C
:10E410000044004000480040004C004000500040D4
:10E420000014014000780040007C004000180140CA
:10E43000001C01400090D003BC3E0108FFFC0F000F
:10E4400061E0F9F7C9F80546BEE7F9F7D7F80546E0
:10E45000BAE704A8F8F7A8F8059DB5E701A8F8F70A
:10E4600083F9029DB0E710688006ADD51068C0F34F
:10E47000C100C540A8E71D46A6E76546A4E70126FA
:10E4800043E008292ED005DCF9B1012921D0042967
:10E4900006D122E010292AD0202930D0402930D0BE
:10E4A000002501267DB3606A37F81000B5FBF0F156
:10E4B000606801EB5001B1FBF0F0A0F1100149459B
:10E4C00022D8216880B2C8601FE0F9F785F80546B8
:10E4D000E8E7F9F793F80546E4E704A8F8F764F8E5
:10E4E000059DDFE701A8F8F73FF9029DDAE710681C
:10E4F0008006D7D51068C0F3C100C540D2E71D46DD
:10E50000D0E76546CEE700E0012601206834608050
:10E510002080C4F80C80C4F8108007B03046BDE8F5
:10E52000F083000070B5044644F8581FA280002113
:10E53000A16322206063A06A583C00281DD01F4BB5
:10E54000C363241D1E48E36F1864E36F1D48D8643D
:10E55000E06F0165134654F8041CE56F606D2431CB
:10E56000241F02462846F6F743FF30B110208C34B2
:10E57000606020202060012070BD206940B12068CB
:10E5800050E8001F41F4807140E80012002AF6D1E3
:10E590002068083050E8001F41F0010140E80012F7
:10E5A000002AF5D12068083050E8001F41F04001F2
:10E5B00040E80012002AF5D1002070BD9BD9000868
:10E5C0001FDA00084BD9000870B58165A0F85C20FF
:10E5D000A0F85E2000234367FF2481684FF4805534
:10E5E000A94209D1016911B1A0F860400BE040F2E5
:10E5F000FF11A0F8601006E07F26C1B1B1F1805F85
:10E600001DD0A0F86030C0F890302221C0F88C10E6
:10E610000168083151E8003F43F0010341E800344C
:10E62000002CF5D1416EB1F1005F11D034E00169E9
:10E6300011B1A0F86060E6E7A0F86040E3E7016987
:10E6400019B13F21A0F86010DDE7A0F86060DAE7BB
:10E65000B0F8681091421FD88168A94201D10169C0
:10E66000B9B11E494167016941B1016851E8002F04
:10E6700042F4807241E80023002BF6D10168083192
:10E6800051E8002F42F0805241E80023002BF5D1E1
:10E6900021E013494167E6E78168A94201D1016998
:10E6A00069B110494167016961B1016851E8002F02
:10E6B00042F4907241E80023002BF6D10BE00A49A6
:10E6C0004167F0E7016851E8002F42F0200241E87D
:10E6D0000023002BF6D1002070BD00005DDE000895
:10E6E000FDDB000895DD000835DB00082DE9F0476B
:10E6F00004460D4617469846089E4FF0000935E03F
:10E70000701C33D0F7F73CFEA0EB0800B04219D8DC
:10E71000C6B120680168490728D5802D26D0402D34
:10E7200024D0C169C94309070ED4206808250562B1
:10E730002046FFF7ABF9C4F8905084F8849001208C
:10E74000BDE8F0870320FBE7C069C04300050DD496
:10E7500021684FF4006008622046FFF797F92020F7
:10E76000C4F8900084F884900320E9E72068C06929
:10E7700035EA000004D00020B842C1D00020DFE715
:10E780000120F9E74FF4FA6004F0ACFB03F048FA1B
:10E790004FF47A75284604F0A5FB074C217D01292A
:10E7A00004D103F03DFA284604F09CFB03F0E8FD99
:10E7B0000A2004F097FBF1E7FA56002410B5074849
:10E7C0000068C169C943C90603D41021016200F081
:10E7D000D7FABDE810400148FAF754BCA816002447
:10E7E0000148FAF74FBC00001416002410B52DEDB7
:10E7F000088B544C606890ED000A84EDA40AD0EDBB
:10E80000030AC4EDA50AD0ED010AC4EDA60AD0EDB5
:10E81000040AC4EDA70AD0ED020AC4EDA80AD0ED9F
:10E82000050AC4EDA90AD0ED06AA90ED07BAD0ED0D
:10E8300008BA01F089F8F0EE408A94EDA40A01F0DC
:10E8400083F9B0EE409A94EDA60A01F07DF8B0EE9F
:10E85000408A94EDA60A01F077F9B0EE40AA94ED53
:10E86000A80A01F071F8F0EE409A94EDA80A01F0C0
:10E870006BF9DFED350A6AEE200AC4ED9F0A9FEDC1
:10E88000332A29EE021A61EE081AC4EDA01A28EE06
:10E89000821A21EE081A84EDA11A7AEEE00AC4ED7C
:10E8A0009C0A7BEE610AC4ED9D0A3BEEC11A84ED21
:10E8B0009E1A68EE293A29EE0A1A61EE292A48EED4
:10E8C000C02A68EE8A1A21EEA93A09EE003A28EE2B
:10E8D000004A21EE001A08EEA91A21EE800A09EE7C
:10E8E000690AF1EE4A1A69EE084A28EE885A63EE80
:10E8F000AA3A42EE8B3A43EE2B3AC4EDAA3A64EEC2
:10E900002A2A41EE0B2A40EE2B2AC4EDAB2A21EE37
:10E91000AA0A04EE8B0A05EE2B0A30EE420A84EDB9
:10E92000AC0A94EDA40AB1EE400A84EDA20A94ED7B
:10E93000A50AB1EE400A84EDA30AC4ED9A0ABDEC23
:10E94000088B10BD30010024CDCC1CC1CDCC1C41A6
:10E95000034890ED000A034880EDF90A7047000073
:10E9600050570024300100242DE9F04F2DED068B87
:10E9700087B000250121984F8C1E204697ED0A0A8A
:10E98000DFED960A04F00EFE87EDBD0A0121204658
:10E9900097ED1C0ADFED920A04F004FE87EDBE0A33
:10E9A000012197ED2E0A0846DFED8E0A04F0FAFDEC
:10E9B00087EDDB0A012197ED400A0846DFED8A0A60
:10E9C00004F0F0FD87EDDC0A97ED080AB1EE400A8D
:10E9D00087EDBF0A97ED1A0AB1EE400A87EDC00A2B
:10E9E00097ED2C0A87EDDD0A97ED3E0A87EDDE0AEA
:10E9F00097ED090AB1EE400A87EDBB0A97ED1B0AB5
:10EA0000B1EE400A87EDBC0A97ED2D0A87EDD90AD1
:10EA100097ED3F0A87EDDA0A97ED500AD7ED4C0AD9
:10EA2000B1EE400A80EE201A87EDC21A97ED620A15
:10EA3000D7ED5E0A80EE201A87EDE01ADFED6B9AC3
:10EA400007F6740B9FED6A9ADFF8A8A1A7F1600999
:10EA50004FF00008C5EB051007EBC00494EDB1AA18
:10EA600094EDAE8AD4EDB48AD4EDBE0A94EDBD0A1D
:10EA700005A8F5F79DFA9DED050A84EDB00A9DED18
:10EA8000060A84EDAD0A39EEC00AD7EDA20A30EECF
:10EA9000600A84EDB30A04F54376D4EDBE0A94ED22
:10EAA000BD0A3046F2F72EFDD4EDC00A94EDBF0A40
:10EAB00003A93046F5F7A2FB94EDB00AFCF716FB6C
:10EAC00084EDB80A9DED030A84EDB10A9DED040AB8
:10EAD00084EDAE0AD7EDA30AB1EE400A30EE600A2B
:10EAE00084EDB40A5846FCF7F3FD84EDB40AD4ED86
:10EAF000B10AD7F8800830EECA1A00EE900AF8EE94
:10EB0000600A60EE891AC1EE210AC4EDB20AD4EDA2
:10EB1000AE0AD7F8800830EEC81A00EE900AF8EE78
:10EB2000600A60EE891AC1EE210AC4EDAF0AD7F877
:10EB3000800870EE680A00EE100AB8EE400A20EE77
:10EB4000091A80EE810A84EDB50AD4EDBC0A94ED71
:10EB5000BB0A01A93046F5F7CDFA9DED018A84ED97
:10EB6000B68ADDED028AC4EDB78A99ED030A00F09A
:10EB7000EBFF20EE280AD4EDB00AC0EE208A99ED12
:10EB8000030A00F0E1FE48EE008A94EDB80A38EE80
:10EB9000800A84EDC70A10EE100A504509DAC4F85D
:10EBA0002483D4F82003D7F880180844C4F820033D
:10EBB00008E0D4F82403D7F880180844C4F82403E4
:10EBC000C4F820836D1CEDB2022DFFF443AF07B0F3
:10EBD000BDEC068BBDE8F08F30010024DB6D4340B7
:10EBE00000FA783DA28AFCC0C01702C1DB0FC93F02
:10EBF0006F12833A0000F04170B500240C4D04EB15
:10EC0000C40005EBC0000C30F5F79AFA641CE4B2BE
:10EC1000042CF4D3002404EBC40005EBC00000F581
:10EC20009670F5F78DFA641CE4B2022CF3D370BD34
:10EC3000300100242DE9F041484D287A03281AD1EB
:10EC400095EDEA0AD5EDF00A30EE200AF6EE000A5C
:10EC500020EE200A95EDEB1AD5EDF11A31EE211ACE
:10EC600061EE200AA5F160060024307828B1C5F8CD
:10EC7000284485F82444BDE8F08110EE100A384994
:10EC80004FF00108374F884219DD10EE900A3649DF
:10EC9000884214DD2868B0F9040064280DDAF87A97
:10ECA00001280AD095EDB00AD5EDCE0A30EE200A43
:10ECB00010EE100A2D49884201DD86F80080F7F732
:10ECC0005FFB797D01290AD1B16B411AB1F5FA6F69
:10ECD00005D9C5F8284485F82484B063CBE795F9B5
:10ECE0002404234901280FD002281CD0032829D04E
:10ECF0000028C0D0D5F82804B0F57A7FBBD9C5F874
:10ED0000284485F82444B6E71A4AD5F8C03293421D
:10ED1000B1DAD5F838339342ADDAC5F82844085C47
:10ED200085F82404A7E7144AD5F8C0329342A2DD3F
:10ED3000D5F8383393429EDDC5F82844085C85F841
:10ED4000240498E7D5F82824B2F5967F93D9C5F81E
:10ED50002844085C85F824048DE700003001002475
:10ED6000AE47613EFA5600248FC2F53D3333333F40
:10ED70002C57002452B81E3E8B6CA73EFEE70000C5
:10ED800010B53748FAF717F936483749006888420E
:10ED90003AD035491831884236D03349303188422B
:10EDA00032D03149483188422ED02F4960318842D3
:10EDB0002AD02D497831884226D02B49903188427B
:10EDC00022D02949A83188421ED0284988421BD028
:10EDD00026491831884217D024493031884213D04F
:10EDE0002249483188420FD02049603188420BD0F7
:10EDF0001E497831884207D01C499031884203D09F
:10EE00001A49A831884201D1406800E04068184999
:10EE1000C0F18000087017480178592914D1417851
:10EE2000592911D1C278817801EB022100EE101A24
:10EE3000A0F18801B8EE400A81ED200A02794079FC
:10EE400002EB0020A1F884000A488021F1F72BFB97
:10EE5000BDE81040074980220148FAF7F9BC0000DC
:10EE6000A81600241C1900241000024010040240BF
:10EE7000E8090024FC5B002410B50948FAF79BF868
:10EE8000084802F0C3FD4FF4C87406482146F1F764
:10EE90000AFB22460349BDE810400148FAF7D8BCF6
:10EEA00080150024B259002430B505460C46002DCB
:10EEB00001D0022C01D8002030BD0A48A11E0288D2
:10EEC0002846F5F763F92919C2B211F8023C9A42B3
:10EED00006D111F8011CB1EB102F01D1012030BD7A
:10EEE000002030BDFC0B002430B505460C46002D3B
:10EEF00001D0022C01D8002030BDFF222846611E1F
:10EF0000F5F75CF9291911F8011C814201D10120A2
:10EF100030BD002030BD00000FB4084B10B504A96F
:10EF200002AA039801F068FB044602A9002001F040
:10EF3000E6FE204610BC5DF814FB0000FF0C010843
:10EF400003B401984100009850EAC12018BF042082
:10EF50004A0D18BF40F0010040F2FF72B2EB515F62
:10EF600008BF40F00200012808BF052002B070472A
:10EF70004100080218BF04200A0E18BF40F001002B
:10EF80004FF07F4232EA010108BF40F00200012841
:10EF900008BF052070470907090E002804DB00F1AF
:10EFA000E02080F80014704700F00F0000F1E0202E
:10EFB00080F8141D7047000010B510EE104A4FF095
:10EFC0001A402DED028B00EB4400B0F1C85F4AD827
:10EFD0004FF0FC40B0EB440F22D2B0EEC00ADFEDA0
:10EFE000310A30EEC00ADFED300A20EE208A18EE3A
:10EFF000100A04F0B7FA00EE100A14F0004F1DBF1B
:10F000009FED2A1ADFED2A0AB1EE400A9FED291A78
:10F0100008BFF0EE410ADFED281A20EE210A05E0D4
:10F0200020EE008A9FED251ADFED250ADFED251A77
:10F030009FED252A70EEC00A20EE080A08EE212A6C
:10F04000DFED221A48EE021A9FED212A08EE212A4E
:10F05000DFED201A48EE021ABDEC028B40EE610A89
:10F0600030EE810A10BD4FF0CC40B0EB440F82BFB0
:10F070009FED190ABDEC028B10BD4FF07F40B0EB45
:10F08000440F05D2BDEC028BBDE8104001F01CB965
:10F09000012001F0E9F9BDEC028BBDE8104001F060
:10F0A00019B900000000803F0000003F0000494007
:10F0B00022AA7D3A00000000000000C00000C93F05
:10F0C00022AAFD3924FE1C3DC78AD83C1E67383D64
:10F0D0001B93993DAFAA2A3EDB0FC93F10B54FF0F5
:10F0E0000E402DED028BB0EE408A18EE104A00EB78
:10F0F0004400B0F1506F4AD84FF0FC40B0EB440FE1
:10F1000022D2B0EEC80ADFED360A30EEC00ADFEDDB
:10F11000350A60EE208A18EE900A04F023FA01EE18
:10F12000100A14F0004F1DBFDFED2F0A9FED2F0ACC
:10F13000B1EE411ADFED2E0A08BF9FED2E0ADFED7A
:10F140002E1A21EE218A05E0DFED2C0A68EE088AEE
:10F15000B0EE600A9FED2A1ADFED2A1A30EE080A97
:10F1600048EE811A9FED281A08EEA11ADFED271A42
:10F1700048EE811A9FED261A08EEA11A68EE281AA9
:10F18000BDEC028B01EE810A30EE200A10BD4FF07B
:10F19000E440B0EB440F0CD918EE100AFFF7E8FE7C
:10F1A000042808BF01F09EF8B0EE480ABDEC028BBF
:10F1B00010BD4FF07F40B0EB440F07D2B0EE480ACD
:10F1C000BDEC028BBDE8104001F07EB8012001F0DB
:10F1D0004BF9BDEC028BBDE8104001F07BB800009C
:10F1E0000000803F0000003F0000C9BF22AAFDB917
:10F1F0000000C93F22AAFD39000000C00000000045
:10F2000024FE1C3DC78AD83C1E67383D1B93993DA0
:10F21000AFAA2A3E0000000070B565482DED020B34
:10F220002DED048B059D25F00044A04218DC6148BB
:10F23000844202DC0AD1049840B19DED040BBDEC80
:10F24000048B02B0BDE8704001F01EB8002DCCBFA9
:10F250009FED590B9FED5A0BBDEC048B02B070BDB6
:10F260005948A04215DD5948A042D8BF4FF0FF349D
:10F2700055DD9DED040B51EC100BFFF761FE0428EA
:10F2800008BF01F015F89DED040BBDEC048B02B036
:10F2900070BD9DED040B51EC100B02F091FACDE91D
:10F2A00004014B489FED4C0BA0421CDD4C48A04292
:10F2B0000BDD9DED042B00249FED4B1B12EE010B8B
:10F2C00032EE011B80EE012B27E09DED041B9DED2E
:10F2D000042B012431EE401B32EE000B81EE002B9B
:10F2E0008DED042B1BE04248A0420FDD9DED042B69
:10F2F00002249FED411B9DED043B32EE412B03EEBA
:10F30000010B82EE001B8DED041B08E09DED040B4C
:10F310009FED3B1B032481EE002B8DED042B9DED17
:10F32000040B3948062120EE009B29EE098BB0EE34
:10F33000480B784400F01CFF20EE099B3348B0EEE8
:10F34000480B0521784400F013FF20EE080B002C39
:10F350000BDA9DED042B39EE001B9DED040BBDEC8B
:10F36000048B02B002EE410B70BD2948784439EE9F
:10F37000000B00EBC4009DED042B90ED001B254815
:10F3800012EE001B9DED040B31EE400B784400EBB8
:10F39000C400002D90ED001B31EE400BB8BFB1EE64
:10F3A000400BBDEC048B02B070BD000000000000FB
:10F3B000000010440000F07F182D4454FB21F93F59
:10F3C000182D4454FB21F9BF0000DC3F0000203E13
:10F3D0000000F33F00000000000000000000F03FCC
:10F3E0000000E63F000000000000000000000040B8
:10F3F0000080034000000000000000000000F83F13
:10F40000000000000000F0BFD26A0000986A00000F
:10F41000506A0000106A000070B5614E2DED040BBB
:10F420002DED048B82B0DDF824C0DDE907235C42BA
:10F430002CF000411C4341EAD474069D22F00040A8
:10F44000B44205D86C422C4340EAD474B4420BD980
:10F450009DED081B9DED060B02B0BDEC048B04B0C6
:10F46000BDE8704000F013BFACF14054A4F17F64DC
:10F470001C430BD0022404EAAC7444EAD274054362
:10F480009FED498B9FED4A2B0DD016E09DED060BAD
:10F4900051EC100B01F0E8FF41EC100B02B0BDEC99
:10F4A000048B04B070BD002C14BF012C9DED060B25
:10F4B000F4D0022C2ED0032C2FD00B439FED3E1BFB
:10F4C0009FED3F0B0AD0B1421DD1B04209D121F0CE
:10F4D000804120F080400991079014E0002ADDDA95
:10F4E00015E0394B7B44002C08BF93ED000BD5D0C1
:10F4F000012C04BF93ED000BB1EE400BCED0022CDB
:10F5000008D0032C09D0B0420AD1002AC6DAB0EEE6
:10F51000410BC3E7B0EE480BC0E7B0EE420BBDE7CE
:10F52000401A00159FED2A9B3C28C8BF8DED000BAB
:10F5300015DCBCF1000FBCBF10F13C0F8DED009B42
:10F540000DDB9DED061B9DED082B81EE020B51ECB2
:10F55000100B02F035F901F087FFCDE9000194B1FD
:10F56000012C0CD09DED001B9FED1B0B022C31EEEE
:10F57000400B0CBF38EE400B30EE480B8EE7019885
:10F5800080F0004001909DED000BB4EE490BF1EED0
:10F5900010FA04BF022000F067FF9DED000B7DE72D
:10F5A0000000F07F00000000182D4454FB210940AA
:10F5B000182D4454FB2109C0182D4454FB21F9BFD8
:10F5C000182D4454FB21F93F806900000000000021
:10F5D0000000000000000000075C143326A6A13CD8
:10F5E00070B54FF068422DED048BF0EE408A18EEB6
:10F5F000900AB0EE608A18EE101A02EB4003B3F1E5
:10F60000654F3CBF02EB4102B2F1654F7DD200BFB6
:10F61000C0F3C753C1F3C7529A1A1B2A09DD10F071
:10F62000004F14BF9FED830A9FED830ABDEC048B4E
:10F6300070BD12F11A0F36DA11F0004F09D010F038
:10F64000004F0CBF9FED7D0A9FED7D0ABDEC048B42
:10F6500070BD88EE889A19EE100AFFF789FC04281D
:10F6600008BF00F03FFE18EE900AFFF781FC054648
:10F6700018EE100AFFF77CFC044619EE100AFFF79B
:10F6800077FC042D18BF052D08D1042C18BF052CBC
:10F6900004D1002804BF022000F0E6FEB0EE490AC3
:10F6A000BDEC048B70BD4200B2EB410F3AD910F0B3
:10F6B000004F19BFDFED630A9FED630ADFED630AB8
:10F6C0009FED630AB0EE481A0A46B1EE688A80F0F0
:10F6D0000041F0EE418A10460A1A5200B2F1807FD2
:10F6E00034D2484010F0004FDFED5A1A9FED5A2AED
:10F6F0001DBF9FED5A1A70EEE10A30EE420A9FEDEF
:10F70000581A08BF70EEA10A00E040E008BF30EED2
:10F71000020AB0EE682A01EE482A08EE818AC2EE9B
:10F72000081A15E011F0004F04BF9FED4E0AF0EEED
:10F73000400AD1D010F0004F19BFDFED4B0A9FED0A
:10F740004B0ADFED4B0A9FED4B0AC5E7C8EE881A5E
:10F7500021EEA11A9FED482ADFED482A41EE022A48
:10F760009FED472A01EE222ADFED462A41EE022ACA
:10F770009FED452ABDEC048B01EE222A21EE811A71
:10F7800001EE020A30EE210A30EE200A70BD4FF081
:10F790007F42B2EB400F28BFB2EB410F09D2F0EE2F
:10F7A000480AB0EE680ABDEC048BBDE8704000F07A
:10F7B0008EBD40EA01035B0008BF41F0FF410BD062
:10F7C000B2EB400F08BFB2EB410F08D120F08040F0
:10F7D00008EE900A21F0804108EE101A18E7B2EB0B
:10F7E000400F12BF5FEA410340F0FF4001F00041CB
:10F7F0003FF40EAFB2EB410F12BF5FEA400200F0E0
:10F80000004041F0FF413FF403AF4A0092EA400359
:10F810003FF5FEAE002AACBF9FED1C0A9FED1C0A0F
:10F8200068EE808A28EE008A18EE900A18EE101A08
:10F83000EEE60000DB0FC9BFDB0FC93FDB0F49401D
:10F84000DB0F49C00000C9BF22AAFDB90000C93FB3
:10F8500022AAFD390060ED3EC30ACE37000000BF8A
:10F860000000003F00000000000049C022AA7DBA4D
:10F870000000494022AA7D3A2DAD65BD8FB8D53D27
:10F880000FB511BE61C84C3EA8AAAABE0000804FA9
:10F890000000802F0000000010B529499FED261BB5
:10F8A0002DED020B84B0059820F000408842D8BFAF
:10F8B0009DED040B2DDD2349884209D1049840B900
:10F8C0004FF0010000F0D0FD00F0E6FC06B010BDE6
:10F8D00005DB9DED040B30EE000B06B010BD684655
:10F8E0009DED040B00F04CFA10F0030004BF9DEDF9
:10F8F000021B9DED000B0CD001280ED09DED021BCC
:10F900009DED000B022810D0012000F069FC06B02C
:10F9100010BD00F0BDFB06B010BD9DED021B9DEDBE
:10F92000000B012000F05CFC01E000F0B1FB06B030
:10F93000B1EE400B10BD0000000000000000000010
:10F94000FB21E93F0000F07F10EE101A08B5434A92
:10F950006846B2EB410F26D94FF0E640B0EB410FBD
:10F9600094BF00204FF0FF3000900098DFED3C0A7C
:10F97000002860DB10F0010F46D060EE000ADFEDDA
:10F98000391A9FED391A10F0020F00EEE11ADFED7F
:10F99000371A40EE811A21EEA01AF0EE400A40EE2E
:10F9A000010A2ED041E0324B21F0004293423FD970
:10F9B00011F0004FDFED2F0A20EE201ADFED2E0AA6
:10F9C00019BF31EE601A71EE200A31EE201A71EE85
:10F9D000600ABDEEE01A11EE100A9FED281A00F041
:10F9E000030000EEC10A9FED261A009000EEC10A46
:10F9F0009FED241A00EEC10A9FED231A00EEC10A02
:10FA0000B3E7F1EE600A10E020EE000A9FED1F1A46
:10FA1000DFED1F1A10F0020F40EE011A9FED1D1AC4
:10FA200000EE211A40EE010AEBD1B0EE600A08BDEB
:10FA300000F060FC99E710EE100A4000B0F17F4F33
:10FA4000F3D307D14FF0010000F00EFDBDE80840F0
:10FA500000F040BCBDE8084000F036BCB61F927E06
:10FA60000000803F336D4C39DA82083CA0AA2ABEE0
:10FA7000490E494683F9223F0000004B0000C93F70
:10FA800000A0FD390020A2331A61342CB93AB2BA71
:10FA9000CA9F2A3DDDFFFFBE10B529499FED261BF9
:10FAA0002DED020B84B0059820F000408842DCBFA9
:10FAB00000209DED040B2EDD2249884209D10498D7
:10FAC00040B94FF0010000F0CFFC00F0E5FB06B0BC
:10FAD00010BD05DB9DED040B30EE000B06B010BD34
:10FAE00068469DED040B00F04BF910F003000DD0BB
:10FAF000012814D09DED021B9DED000B022816D0AD
:10FB000000F0C6FA06B0B1EE400B10BD9DED021B31
:10FB10009DED000B012000F063FB06B010BD9DEDD4
:10FB2000021B9DED000B00F0B3FA06B010BD0120E2
:10FB300000F056FBE6E700000000000000000000B7
:10FB4000FB21E93F0000F07F00B510EE101A2DED0B
:10FB5000028B81B0524A6846B2EB410F2ED94FF06A
:10FB6000E640B0EB410F94BF00204FF0FF30009013
:10FB70000098B0EE408A00286ADB10F0010F4BD0ED
:10FB800068EE080A9FED471A9FED470A00EE810ACA
:10FB90009FED461A00EE801A9FED450A10F0020F05
:10FBA00000EE810A02BF01B0BDEC028B00BD00BFB8
:10FBB00001B0B1EE400ABDEC028B00BD3D4B21F01F
:10FBC0000042934241D911F0004FDFED3B0A20EE95
:10FBD000201ADFED3A0A19BF31EE601A71EE200AE1
:10FBE00031EE201A71EE600ABDEEE01A11EE100A35
:10FBF0009FED331A00F0030000EEC10A9FED311AA9
:10FC0000009000EEC10A9FED301A00EEC10A9FED90
:10FC10002F1A00EEC10AABE728EE080A9FED2C1A56
:10FC2000DFED2C0A10F0020F40EE410A9FED2A1A78
:10FC300000EE201A61EE000AB0EE480A08EE200A33
:10FC4000B6D101B0BDEC028B00BD00F053FB8FE7D5
:10FC500018EE100A4000B0F17F4F0DD218EE100AD6
:10FC6000FFF786F9042808BF00F03CFBB0EE480A15
:10FC700001B0BDEC028B00BD09D1012000F0F4FB06
:10FC800001B0BDEC028B5DF804EB00F023BB01B0CA
:10FC9000B0EE480ABDEC028B5DF804EB00F014BB3B
:10FCA000B61F927EB93AB2BACA9F2A3DDDFFFFBEA7
:10FCB0000000803F490E494683F9223F0000004B77
:10FCC0000000C93F00A0FD390020A2331A61342C86
:10FCD000336D4C39DA82083CA0AA2ABE00B52DED5E
:10FCE000028BB1EEC08B83B018EE100A18EE901A9A
:10FCF0008DED008B002818BF0120084320F0004044
:10FD0000C0F17F6000F1E040C00F14D010EE101A77
:10FD100010EE900A8DED000B002918BF0121084359
:10FD200020F00040C0F17F6000F1E040C00F04BF50
:10FD3000012000F099FBB0EE480B03B0BDEC028B44
:10FD400000BD10B52DED028BB1EEC08A18EE100A81
:10FD500020F00040C0F1FF40C00F0AD010EE100AA2
:10FD600020F00040C0F1FF40C00F04BF012000F0B0
:10FD70007BFBB0EE480ABDEC028B10BD000000001A
:10FD80002DE9F14F04462DED020B2DED048B94B0BF
:10FD90009FED9D0B80ED020B199E9D4826F00045BE
:10FDA00085420ADC9DED180B002084ED000B14B099
:10FDB000BDEC048B03B0BDE8F08F96489FED969B99
:10FDC0009FED978BA84225DD97489FED991B9FEDEE
:10FDD0009A2B9DED180B002E0DDD30EE490B854260
:10FDE00012BF30EE480B30EE410B30EE420B84ED8B
:10FDF000000B0120DBE730EE090B854212BF30EE2D
:10FE0000080B30EE010B30EE020B84ED000B4FF0CF
:10FE1000FF30CCE78A48A84253DB9DED180B51EC2C
:10FE2000100B01F0CDFC41EC100BB0EE401B9FED30
:10FE3000862B9FED870B290DDFF81CC201EE020B0C
:10FE40000120FDEEC00B10EE903A00EE903AB8EEB5
:10FE5000E02BB0EE410B02EE490B22EE081BFC44F6
:10FE6000032830EE411B84ED001B1DD011EE902ABB
:10FE700000EB4015113DC2F30A528A1A954213DA7B
:10FE80000CEB0012B0EE403B92ED000B401C20EE5C
:10FE9000021B33EE410B33EE403B33EE411B92ED40
:10FEA000023B12EE031BDBE7002EA8BF1846BFF68D
:10FEB0007EAF94ED000B5842B1EE400B84ED000B89
:10FEC00075E7C6F3130040F4801EC6F30A50A0F293
:10FED000F530471100F01F05C5F12000DDF860B0D6
:10FEE000139000200890099005200DF1080C5B4943
:10FEF000002D07EB0002794408BF51F8221009D009
:10FF000051F8223001EB8201AB404A68139922FA82
:10FF100001F11943A1FB0E26A1FB0B131A449A42CF
:10FF200034BF0123002303EB06080CEB8003D3E965
:10FF300001A60E448E4234BF0121002192448A441E
:10FF400011B1924502D903E0924501D2012100E0AE
:10FF50000021C3E901A641444CF82010011EA0F184
:10FF60000100C4DC04989DED050A00F10050810FEA
:10FF700004989FED3B4B800001EE100ADDED060A70
:10FF80009DED072AB8EEC13BB8EE401BB8EE600B02
:10FF9000B8EE422B002021EE041B9FED334B20EEE8
:10FFA000040B9FED334B22EE042B30EE024B34EE6C
:10FFB000014B34EE034B8DED004B00909DED004B5B
:10FFC000199834EE433B10F0004F33EE411B31EEF5
:10FFD000400B32EE401B9DED000B9FED272B20EEDA
:10FFE000020B9FED272B01EE020B9DED001B9FEDF9
:10FFF000262B01EE020B1CBF4942B1EE400B84EDF3
:020000040801F1
:10000000000B0846D3E600000000000000000000DE
:10001000FB21E93F7CD9024000004054FB21F93F1D
:100020003163621A61B4D03DFB21F93F000000004A
:100030000000601A61B4D03D7370032E8A19A33B8F
:10004000FB2139410000000083C8C96D305FE43FE7
:10005000000000000000E03F0E600000A65F00000E
:10006000000000000000103E000000000000103CF6
:10007000000000000000103A3326A611460B113C88
:10008000182D4454FB21F93D00000054FB21F93D9B
:1000900010B52DED040B2DED068B82B0B0EE41AB0B
:1000A00009989FED299B20F00044B4F1795F0FDAA5
:1000B0009DED080BBDEEC00B10EE100A002801BF2D
:1000C000B0EE490B02B0BDEC068B04B008BF10BD0A
:1000D0009DED080B1E48062120EE008BB0EE480B6C
:1000E000784400F045F820EE080B9DED081B1C48F5
:1000F000844228EE000B01EE4A0B9FED171B28EE01
:10010000011BBCBF31EE400B39EE400B16DB15482E
:10011000A042BCBF9FED142B8DED002B06DBA4F598
:1001200000100190002000909DED002B31EE421B4D
:1001300039EE422B31EE400B32EE400B02B0BDECFB
:10014000068B04B010BD0000000000000000F03F6E
:10015000545D000000000000000000000000E03FCF
:100160003333D33F0000E93F000000000000D23FDE
:10017000491E00EBC102B0EE401B92ED000B31F0C6
:1001800006020DD0491E00EBC102B0EE403B92EDDD
:10019000002B31F00602B0EE420B03EE010BF1D161
:1001A000022914D004290AD0062918BF704790EDFF
:1001B0000A2B00EE012B90ED080B02EE010B90EDE7
:1001C000062B00EE012B90ED040B02EE010B90EDDF
:1001D000022B00EE012B90ED000B02EE010B70479D
:1001E00031B504462DED040B2DED068BB0EE419B91
:1001F00007989DED060B20F00040B0F1795F0DDA15
:1002000051EC100BFEF79CFE042808BF00F050F8DC
:100210009DED060BBDEC068B05B030BD20EE008BCE
:100220001348052128EE00ABB0EE480B7844FFF7E9
:100230009FFF9FED111B8CB19FED112B29EE022B1F
:100240000AEE402B9DED060B18EE029B0AEE419B39
:1002500030EE490BBDEC068B05B030BD08EE001B3F
:100260009DED060B0AEE010BBDEC068B05B030BD13
:10027000285D000000000000495555555555C5BF83
:10028000000000000000E03F30EE000B704730EE51
:10029000010B7047000000009FED031B81EE010B76
:1002A0007047000000000000000000000000000097
:1002B0009FED030B20EE000B7047000000000000D4
:1002C000000000000000001030EE000A704730EE21
:1002D000200A7047DFED020A80EEA00A7047000096
:1002E000000000009FED020A20EE000A70470000A7
:1002F000000000102DE9F0014FF07F42B2EB410FFA
:100300009FBF4FF0FF310160BDE8F00170474FF033
:10031000004242EA0123C1F3C752783A551112F064
:100320001F0C434CCCF120067C44C1F3C752A2F110
:1003300078024FEA621204EB820254F8254008BFAB
:10034000D2E9015612D0556804FA0CF425FA06F7E2
:100350003C43976805FA0CF527FA06F8D26807FAC5
:100360000CFCF24045EA08054CEA0206A4FB034CEB
:10037000A5FB0352A6FB03631D449D4234BF012627
:1003800000261319334416B1934202D903E0934275
:1003900001D2012200E00022624402F1200C920608
:1003A000DC0C42EA443200EE102A5B03DFED210A46
:1003B000F8EEC01A00EE103A4FEA9C1C11F0004F04
:1003C000B8EE400AC0F800C020EE201A00EE105A25
:1003D000DFED190AB8EE400A20EE200A71EE810A1C
:1003E00070EE800A10EE902A02F500626FF30B02A5
:1003F00000EE902A70EEE11A31EEC11ADFED101A0C
:1004000030EE411A9FED0D0A20EE800A01EE210A1E
:100410009FED0C1A00EE810A04BFBDE8F0017047A1
:10042000CCF180510160BDE8F001B1EE400A7047A7
:100430000C5C0000000000360000802C22AAFD2980
:10044000DB0FC92F0000C92F02E008C8121F08C126
:10045000002AFAD170477047002001E001C1121F45
:10046000002AFBD170470000014908607047000076
:10047000000C00242DE9FF5F82B00021DDE904308B
:10048000020DDDF840B0034318D044F61050A2F23C
:10049000FF3242431514119801281FD0A5EB0B0021
:1004A000401C5FEA000A4FF000064E4FDFF838911B
:1004B000B046504615D5CAF1000413E01198012446
:1004C0004AA3012801D16FEA0B010298119AC0E9F1
:1004D0000031C0E9024206B0BDE8F09FCBF1000058
:1004E000DFE704460021404A491842EB0450CDE9B9
:1004F000001012E0E00707D032463B46404649462E
:10050000F0F7B0F88046894632463B461046194619
:10051000F0F7A8F806460F466410002CEAD1DDE992
:100520000401DDE90023BAF1000F06DAF0F79AF8CA
:1005300042464B46F0F796F805E0F0F705F94246DB
:100540004B46F0F701F904460E460022284BF0F71F
:1005500083F903D84FF0FF30014607E00022254B16
:1005600020463146EFF7D7FFF0F75DF9102409E098
:10057000002C0ADB0A220023EFF72AFF039B30320C
:100580001A55641E50EA0102F2D1641C039AC4F1A8
:1005900011031444119A012A03D0012208430DD1FA
:1005A0000AE0084304D000204FF0110B119072E7CD
:1005B000A3EB0B056D1E0DE05B4504DD4FF0000263
:1005C00005F1010504E003DA4FF00002A5F1010591
:1005D000002AECD002981199C0E90231C0E9004527
:1005E00079E70000000014400000F03F30000000F8
:1005F0000000F0430000E03F2DE9FF4F95B09A4620
:10060000884606460025EEE1252877D100242746B6
:10061000F94A0121039400E0044316F8013F203B0E
:1006200001FA03F01042F7D130782A2811D06FF088
:100630002F033078A0F13002092A16D8039A44F02B
:10064000020402EB820203EB42021044761C039088
:10065000EFE758F8042B0392002A03DA504244F4DF
:100660000054039044F00204761C30782E2816D1F2
:1006700016F8010F44F004042A280DD06FF02F0261
:100680003078A0F13003092B09D807EB870302EB80
:100690004303C718761CF3E758F8047B761C3078C0
:1006A0006C280FD006DC4C2817D068280DD06A289B
:1006B00014D104E0742810D07A280FD10DE044F44E
:1006C00000140AE044F4801401E044F44014727809
:1006D000824202D104F58014761C761C307866289C
:1006E0000BD013DC582877D009DC002875D04528BA
:1006F000F6D04628F4D047281AD193E118E06328B1
:1007000035D0642879D0652812D18BE1702873D058
:1007100008DC6728F1D069286FD06E280DD06F28CB
:1007200006D1ACE073282CD0752874D0782853D02B
:100730005246179990476D1C54E1C4F302500228A9
:1007400009D003280DD0D8F8001004280DD00D6072
:1007500008F1040846E1D8F80010EA17C1E9005290
:10076000F6E7D8F800100D80F2E70D70F0E718F802
:10077000041B8DF8001000208DF80100EB460120CD
:1007800003E058F804BB4FF0FF3061074FF0000161
:1007900002D40DE009F101018946B9420FDA814521
:1007A000F8DB1BF809100029F4D108E009F1010178
:1007B00089468142FADB1BF809100029F6D103981B
:1007C0005346A0EB090721463846179A00F080FAF5
:1007D000284400EB090507E044E008E10DE01BF8C0
:1007E000010B524617999047B9F10109F7D25346C8
:1007F00021463846179AF2E039E00A21C4F3025242
:100800004FF0000B0091022A06D058F8040BC117D4
:10081000032A09D00AE023E008F1070020F00702CC
:10082000F2E80201904605E000B2C117042A01D1A6
:1008300040B2C117002906DA0A460021404261EBA6
:1008400002012D2202E0220504D52B228DF804207E
:10085000012203E0E20701D02022F7E7914657E0AA
:100860000A2100E010214FF0000B00910BE0102155
:100870004FF0000B44F004040827009103E0082027
:100880004FF0000B0090C4F30252022A05D058F832
:10089000040B0021032A08D008E008F1070020F02B
:1008A0000702F2E80201904603E080B2042A00D178
:1008B000C0B24FF0000922072AD53278702A07D03B
:1008C000DDF800C08CF0100C5CEA0B0C05D00EE0DB
:1008D00040228DF80420012208E050EA010306D0EE
:1008E00030238DF804308DF8052002229146009BBC
:1008F00083F0080353EA0B030AD150EA010201D145
:10090000620705D530228DF804204FF001097F1EC3
:100910003278582A04D039A20C920CAA02920BE029
:100920003BA2F9E75B46009AEFF752FD0C9B9B5CFC
:10093000029A521E0292137050EA0102F2D10298FA
:1009400004A9081A00F1200B600702D524F48034B2
:1009500000E001275F4502DDA7EB0B0000E000206F
:1009600000EB0B01009003984944401A0390E00308
:1009700006D453462146179A039800F0A9F9054476
:10098000002706E001A85246C05D179990476D1CEC
:100990007F1C4F45F6DBE0030CD553462146179AE2
:1009A000039800F095F9054404E030205246179969
:1009B00090476D1C0099481E00900029F5DC08E066
:1009C0000298029952460078491C02911799904763
:1009D0006D1CBBF10001ABF1010BF1DC5BE100F040
:1009E00065F90544761C307800287FF40DAE19B007
:1009F0002846BDE8F08F000009280100303132336D
:100A0000343536373839616263646566000000004A
:100A10003031323334353637383941424344454634
:100A200000000000600700D4062708F1070020F04E
:100A30000700F0E80223804603F0004C5FEA0C0058
:100A400001D097A009E0200501D596A005E0E007B8
:100A500001D095A001E0AFF24C001390307823F064
:100A6000004365280CD006DC452809D046281DD057
:100A700047287FD13BE0662818D067287AD136E036
:100A80000021112F01DB112000E0781CCDE90001CD
:100A900004A90CA8FFF7EEFCDDE90D010C9A4FF05C
:100AA000000B07F10109109200914EE04FF0004059
:100AB0000097CDE9011004A90CA8FFF7DBFCDDE9E4
:100AC0000D020C9B0F994FF0000B91461093009272
:100AD00011B9791C00EB0109B7EB090003D4C0F18F
:100AE000FF3B07F10109A9EB0700019042E0012F4C
:100AF00000DA01270021112F01DD112000E0384626
:100B0000CDE9000104A90CA8FFF7B4FCDDE90D0153
:100B10000C9A00914FF0000BB946109221070FD4A8
:100B2000009A4A4503DA914601E0A9F10109B9F1B9
:100B3000010F05DD109AA9F10101515C3029F4D0B3
:100B4000B84202DA10F1040F03DA0121CDE90110F5
:100B500010E0002803DC8344A9EB000102E0411C03
:100B6000494500DD8946A0EB0B00401C01904FF089
:100B700000400290200705D40198484502DB4FF061
:100B8000FF30019000208DF84B0002980DF14B07CB
:100B9000B0F1004F25D002200C902B200D90029830
:100BA00000280CDA404202902D200D9007E00A2127
:100BB0000298EFF78AFC3031029007F8011D0C997A
:100BC000481E0C900029F2DC02980028EFD1791E13
:100BD0000D980870307800F0200040F0450007F8CC
:100BE000020D11A8C01BC01D02901398007800B11F
:100BF000012000EB0901019801EBE071029801442A
:100C00000398401A401E0390E00306D45346214641
:100C1000179A039800F05CF805441398007818B10F
:100C20005246179990476D1CE00323D55346214641
:100C3000179A039800F04CF805441BE0BBF1000F35
:100C400007DB0098584504DD1098179910F80B0041
:100C500001E0179930205246904701980BF1010BA3
:100C6000401E05F10105019004D12E20524617992E
:100C700090476D1CB9F10001A9F10109DEDC05E026
:100C800017F8010B5246179990476D1C0299481EA0
:100C900002900029F4DC53462146179A03989EE6F9
:100CA0002D0000002B000000200000002DE9F04185
:100CB000044600251E461746880404D405E039463C
:100CC0002020B0476D1C641EF9D52846BDE8F08190
:100CD0002DE9F041044600251E469046C80301D583
:100CE000302700E02027880404D505E04146384637
:100CF000B0476D1C641EF9D52846BDE8F0810A682E
:100D0000531C0B601070704730EE600A02F0D0B8D0
:100D100010B59FED823AF7EE003A4FF07E51DFEDCD
:100D2000801ADFED802AF5EEC00A7F4AF1EE10FA54
:100D30003CDD80EE201A0023B5EEC01AF1EE10FA69
:100D400002D20123B1EE411A11EE104A8C4214DD99
:100D500083EE810A0121C1F10904F0EE610A02EB80
:100D6000840494ED001AF0EE411A40EE201A491C5A
:100D70000A29F0DB32EEE10A11E00121C1F1090498
:100D8000F0EE610A02EB840494ED000AF0EE401AE2
:100D900041EE201A491C0A29F0DB31EE830A0BB11F
:100DA000B1EE400A80ED000A002010BDF5EEC00A49
:100DB000F1EE10FA7ED29FED5D2AB5EEC00AF1EE9B
:100DC00010FA3DDD80EE201A0023B5EEC01AF1EED8
:100DD00010FA02D20123B1EE411A11EE104A8C42F0
:100DE00014DD83EE810A0121C1F10904F0EE610AEC
:100DF00002EB840494ED001AF0EE411A40EE201A42
:100E0000491C0A29F0DB32EEE10A11E00121C1F1AF
:100E10000904F0EE610A02EB840494ED000AF0EE9E
:100E2000401A41EE201A491C0A29F0DB31EE830AF0
:100E30000BB1B1EE400A30EE020A80ED000A4FE03D
:100E4000B5EEC00AF1EE10FA3FD280EE201A002370
:100E5000B5EEC01AF1EE10FA02D20123B1EE411A3A
:100E600011EE104A8C4214DD83EE810A0121C1F19A
:100E70000904F0EE610A02EB840494ED001AF0EE2E
:100E8000411A40EE201A491C0A29F0DB32EEE10A31
:100E900013E00121C1F10904F0EE610A02EB8404C0
:100EA00094ED000AF0EE401A41EE201A491C0A297E
:100EB000F0DB00E016E031EE830A0BB1B1EE400A40
:100EC00030EE420A80ED000A0AE010EE101AC90F57
:100ED00021B19FED170A80ED000A01E080ED002AA4
:100EE000002010BDF5EEC00AF1EE10FA13D1B5EEF8
:100EF000C00AF1EE10FA03DDC0ED002A002010BD9B
:100F0000B5EEC00AF1EE10FA05D29FED0A0A80EDA7
:100F1000000A002010BD6FF0030010BD00000000AB
:100F2000A59204BDDB0FC93F305D0108DB0F4940CE
:100F3000DB0F49C0DB0FC9BF9FED1E1AF5EE000A9B
:100F400040EE010ABDEEE00A10EE100AF5EEC00A0E
:100F5000F1EE10FA00D2401E00EE100AB8EEC00A00
:100F600030EEC00ADFED140A20EE200ABCEEC01AF3
:100F700011EE100A80B2B0F5007F02D3002030EEEF
:100F8000600A00EE900AF8EE600A70EE600A0B4903
:100F900001EB800292ED000A401C01EB800090ED15
:100FA000001AF7EE001A71EEE01A21EE800A00EE48
:100FB000810A704783F9223E000000442C55010845
:100FC000F0B546684C68556803880F88BB4209D164
:100FD00040884988884205D111888B4202D15188C6
:100FE000884202D06FF00200F0BD434308E0B6EC47
:100FF000010AF4EC010A30EE200AA5EC010A5B1E9E
:10100000002BF4D10020F0BD018042804360704786
:101010002DE9F04F4A680588B0F80290DFEDAA0A82
:10102000B0EE600A4FF0000C4D4505D10B884C889E
:10103000A34201D19D4202D06FF0020142E12B4652
:10104000F7EE001A10E0EC1A02E0E2EC010A641E6E
:10105000002CFAD1E2EC011A5C1E02E0E2EC010A7B
:10106000641E002CFAD15B1E002BECD198466FF069
:10107000040A07E14788466807FB088306EB8303F9
:10108000D3ED000A44464246531C12E007FB038B93
:1010900006EB8B0B9BED000AB0EEC01AB0EEE02A17
:1010A000B4EEC21AF1EE10FA02DD1C46F0EE400A70
:1010B0005B1CAB42EAD3F5EEC00AF1EE10FA30D079
:1010C00044452ED0A7EB080C02FB078306EB8303F5
:1010D00004FB078706EB8706002708E093ED000A6C
:1010E00096ED001AA3EC011AA6EC010A7F1C6745D5
:1010F000F4DB4E684F8802FB07F306EB83037C4367
:1011000006EB8404002608E093ED000A94ED001A33
:10111000A3EC011AA4EC010A761CBE42F4DB4FF0EA
:10112000010CBCF1010F07D0F5EEC00AF1EE10FA88
:1011300002D15046BDE8F08F81EEA00A4468438892
:10114000A3EB080602FB038304EB8303002406E001
:10115000D3ED000A60EE800AE3EC010A641CB4429D
:10116000F6DB4B684E8802FB06F403EB8403002495
:1011700006E0D3ED000A60EE800AE3EC010A641C8D
:10118000B442F6DB00233AE04688476806FB038456
:1011900007EB840494ED000AA6EB080B03FB06F4AE
:1011A00007EB840404EB8804564307EB860606EB42
:1011B0008807002608E0B7EC011AD4ED000A40EEDB
:1011C000410AE4EC010A761C5E45F4DB4E68B1F896
:1011D00002B003FB0BF406EB840402FB0BF706EBF7
:1011E0008707002608E0B7EC011AD4ED000A40EEAC
:1011F000410AE4EC010A761C5E45F4DB5B1C934279
:10120000C2D3531C3AE04688476806FB038407EBC9
:10121000840494ED000AA6EB080B03FB06F407EB2D
:10122000840404EB8804564307EB860606EB880724
:10123000002608E0B7EC011AD4ED000A40EE410A9E
:10124000E4EC010A761C5E45F4DB4E68B1F802B0AE
:1012500003FB0BF406EB840402FB0BF706EB87079A
:10126000002608E0B7EC011AD4ED000A40EE410A6E
:10127000E4EC010A761C5E45F4DB5B1CAB42C2D396
:1012800008F10108C845FFF4F5AE0021BCF1010FDB
:1012900018D0B5EEC00AF1EE10FA13D14268002062
:1012A00005FB09F509E002EB800393ED000AB5EEBA
:1012B000C00AF1EE10FA02D1401C8542F3D88542F3
:1012C00000D15146084635E7000000002DE9F04FF7
:1012D0004768D1F80490D2F804A0B0F800C04E8856
:1012E000B0F802B04FF000080888834505D1138894
:1012F0009C4502D15288964203D06FF00200BDE8AF
:10130000F08FDFED141A0AEB880235464868B0EE1C
:10131000610A3B465C4608E0F3EC010A90ED001AD6
:1013200000EE810A00EB8600641E002CF4D1A2ECD2
:10133000010A6D1E701B09EB8000002DE7D1B0443F
:1013400007EB8B07ACF1010CBCF1000FDBD10020E7
:10135000D5E7000000000000F0B546684C6855680D
:1013600003880F88BB4209D140884988884205D14B
:1013700011888B4202D15188884202D06FF002005E
:10138000F0BD434308E0B6EC010AF4EC010A30EE8C
:10139000600AA5EC010A5B1E002BF4D10020F0BD11
:1013A000F0B542684E68058847882B460024488877
:1013B000854202D109888F4202D06FF00200F0BD51
:1013C00006EB8401384606E0B2EC010A81ED000A22
:1013D00001EB8501401E0028F6D1641C5B1E002B2A
:1013E000EED1F0BDDFED1D0A20EE200AFDEEC00AB1
:1013F00010EE900AB5EEC00AF1EE10FA00D2401ECF
:1014000000EE900AF8EEE00A30EE600ADFED140A12
:1014100020EE200ABCEEC01A11EE100A80B2B0F520
:10142000007F02D3002030EE600A00EE900AF8EE52
:10143000600A70EE600A0B4901EB800292ED000A2F
:10144000401C01EB800090ED001AF7EE001A71EEDF
:10145000E01A21EE800A00EE810A704783F9223EED
:10146000000000442C55010810B541EC100BFDF7AD
:10147000D3FE51EC100B10BD2DE9F0410024EFF725
:1014800071FC8020EFF786FD5520EFF783FD552096
:10149000EFF780FDEFF75EFC9620EFF78AFCEFF7A1
:1014A00061FC8020EFF776FD5520EFF773FD5520A6
:1014B000EFF770FDEFF74EFC9620EFF77AFCEFF7B1
:1014C00051FCB6217E20EFF775FDEFF743FC50206D
:1014D000EFF763FCEFF746FC8020EFF75BFD55204C
:1014E000EFF758FD5520EFF755FDEFF733FC962049
:1014F000EFF75FFCEFF736FC8020EFF74BFD552050
:10150000EFF748FD5520EFF745FD0546EFF722FCC4
:101510009620EFF74EFC1E2D02D0FF20BDE8F08193
:10152000174FEFF71FFC04EB4405EE19785D717857
:10153000EFF740FDEFF70EFC9620EFF73AFCEFF7E0
:1015400011FC785D40F08000EFF724FD5520EFF7A7
:1015500021FD5520EFF71EFD0546EFF7FBFB96201A
:10156000EFF727FC7078A84204D004EB440038441D
:101570008078D3E7641CE4B2062CD2D30020CDE7F8
:10158000280B0024F8B5002400200090EFF7FCFBA6
:1015900000206946EFF7F2FCEFF7EEFB9620EFF73D
:1015A00008FCEFF7F1FB00206946EFF7E7FCEFF7E7
:1015B000E3FB9620EFF7FDFBEFF7E6FBB6211420E7
:1015C000EFF7F8FCEFF7D8FB5020EFF7E6FBEFF76B
:1015D000DBFB00206946EFF7D1FCEFF7CDFB96204F
:1015E000EFF7E7FBEFF7D0FB00206946EFF7C6FC0B
:1015F000EFF7C2FB9620EFF7DCFB9DF800000F2809
:1016000001D0FF20F8BD154FEFF7BEFB04EB4405FA
:10161000EE19785D7178EFF7CDFCEFF7ADFB962012
:10162000EFF7C7FBEFF7B0FB785D6946EFF7A6FC75
:10163000EFF7A2FB9620EFF7BCFB70789DF8001047
:10164000884204D004EB440038448078F8BD641C20
:10165000E4B2062CD8D30020F8BD00003A0B0024D9
:1016600000B589B00091002101910291039304918A
:1016700005910691079108916946F4F771F810B148
:10168000012009B000BD0020FBE74FF4967002F086
:1016900091F8F0F7CFF9F0F75BFBF0F75BF9F1F7B2
:1016A000A7FAF0F777FBF0F741F9F1F799FA012083
:1016B00001F018FCEFE70000F0B500213D4E3E4C74
:1016C0000325002301EB410006EBC00094EDA20AC4
:1016D000B7EEC00AB0EEC00BB7EEC00BC1EB011203
:1016E00004EBC202D2EDB30AB7EEE01AB0EEC11BB2
:1016F000F7EEC10B027D42B1022A2AD0032A4BD059
:101700000375491C0229DDDBF0BDD0ED021AB0EEF5
:10171000401AF4EEC11AF1EE10FA01D20575F0E7A5
:1017200090ED001AB4EEC01AF1EE10FA06D390ED67
:10173000010AB4EEE00AF1EE10FA08D2C268521CB7
:10174000C2600769BA42DCD302220275D9E7C360DE
:10175000D7E7D0ED001AB0EE401AF4EEC11AF1EE60
:1017600010FA0DDB90ED011AB4EEE01AF1EE10FA6A
:1017700006DBC268521EC260002AC2D10375C0E7F0
:10178000D0ED020AF4EEC00AF1EE10FA01D20575AE
:10179000B7E70269C260B4E7D0ED020A9FED071A0D
:1017A00060EE810AF4EEC00AF1EE10FAA9DB0375CF
:1017B000C360A6E7445B002430010024CDCC4C3F3D
:1017C00082B0CDE9000121F0004001909DED000BB9
:1017D00002B051EC100B704710B58AB01A4B1B4881
:1017E00040216A46F4F752F800282BD1164C009895
:1017F000A41F80B220800399082923D8A0F5807106
:10180000013903D11248A11DF1F7A6FE2088B0F5D9
:10181000817F04D10E480C493C30F1F79DFE2088B1
:10182000A0F58071033904D1094807497830F1F7F0
:1018300093FE2088B0F5827F04D105480249B43078
:10184000F1F78AFE0AB010BDA6000024580E00244D
:10185000D85F002410B58AB0154B164841216A465E
:10186000F4F714F8002820D1114C00980E3C80B2F7
:1018700060800399082918D8A0F50071023903D1B6
:101880000B490D48F1F741FE6088A0F50071013960
:1018900004D1094806491030F1F737FE6088512815
:1018A00003D10349054800F051F80AB010BD00000B
:1018B000AE000024F80E0024C86000242057002445
:1018C00000B58BB00C4B0D48402101AAF3F7DEFFA9
:1018D00000280FD108490198163980B288800499F0
:1018E000082907D8A0F5C061663903D10249044828
:1018F000EFF7F0FD0BB000BDB6000024980F0024F8
:101900005057002431EE601A012170EE600A8140C8
:10191000491E00EE101AB8EEC00A20EE800AC0EE92
:10192000010ABDEEE00A10EE100A7047B4EEE00ABC
:10193000F1EE10FA02D2B0EE600A7047B4EEC10ABE
:10194000F1EE10FAF9DDB0EE410A70470A78027044
:10195000D1F8012042608B79CA7942EA03220281E0
:10196000C97981727047000000487047D056002442
:10197000F8F744FEF8F77AFE012001F0B3FAF9E730
:101980000F489FED0E1A80ED001A9FED0E0A80EDB4
:10199000010ADFED0D0AC0ED020A4FF41672026172
:1019A0000021C160017580ED061A80ED070AC0EDC7
:1019B000080A8262416280F82C1070479A99193F98
:1019C000445B00246666663F9A99993F08B5F7EE36
:1019D000000ACDED000AB1EEC01ADDED000A80EE7E
:1019E000810A8DED000A9DED000A08BD08B5F7EEED
:1019F000000ACDED000AB1EEC01ADDED000A80EE5E
:101A0000810A8DED000A9DED000A08BD2DE9F04127
:101A10000446804D804E0027F0E00521FDF764FA72
:101A200001286ED1B6F80110288809312044FDF74D
:101A30003BFA0128F5D128882118B1F80520F28059
:101A4000225C521C2254B6F80120093010446880F0
:101A5000F38840F2062C6345A3F2062079D025DCFA
:101A6000B3F5827F54D00EDC032B3ED004DC012B77
:101A70002FD0022B32D132E0A3F58073013B3AD054
:101A8000012B2BD13EE040F2022C6345A3F2022051
:101A900050D006DCA3F58073053B3FD0FC2B1DD155
:101AA00042E001284BD0022818D153E006287FD00D
:101AB00006DC062812D2DFE800F097595F656C72E9
:101AC00007287BD008287FD0FB2870D0FE2805D1BE
:101AD00085E05148C91D0830EEF7CCFC84E04E4843
:101AE000C91D1330EEF7C6FC7EE04B48C91D14300B
:101AF000EEF7C0FC78E04848C91D3430EEF7BAFC78
:101B000072E079E04448C91D3830EEF7B3FC6BE071
:101B10004148C91D3C30EEF7ADFC65E03E48C91DAB
:101B20003F30EEF7A7FC5FE03B48C91D4230EEF7BF
:101B3000A1FC59E03848C91D4F30EEF79BFC2888BE
:101B4000B6F8012021183448C91D5F30EEF792FC29
:101B50004AE005E03048C91D6B30EEF78BFC43E0EE
:101B60002D48C91D7130EEF785FC3DE02A48C91D9E
:101B70007230EEF77FFC37E02748C91D7930EEF769
:101B800079FC31E02448C91D7F30EEF773FC2BE06F
:101B90000EE02148C91D8330EEF76CFC24E01E489E
:101BA000C91D8930EEF766FC1EE007E00CE011E08D
:101BB0001948C91DB130EEF75DFC15E01648C91D86
:101BC000B730EEF757FC0FE01348C91DBB30EEF7F6
:101BD00051FC09E01148C91DEEF74CFC04E00F4828
:101BE000C91D4638EEF746FC68882880B0F5C87FE6
:101BF00004D92F80BDE8F0812F80FBE7288820449E
:101C000001683160017931713178A5293FF405AF60
:101C1000F2E70000E40900249458002496590024B7
:101C20002DE9F04F8BB0FE4890F8424004F58075E6
:101C3000FC48FF2101704170817042F20F71C18038
:101C400001814FF0030B80F803B080F804B080F8F6
:101C500005B06F21F448EEF726FC00274FF001088D
:101C60001E204FF0020905220A97CDE908074FF41C
:101C7000B4710791CDE90282CDE900894FF4F57086
:101C8000E84ACDE9050740F2B631E748042304915C
:101C90000A32494601F01CF8E34E4FF4827030805E
:101CA0007480B5806F23A520324640F2013101F0E7
:101CB000ABFB0A2001F07EFD6F213046EEF7F3FB0F
:101CC0004FF4827030807480B5806F23A520324637
:101CD00040F2013101F098FB0A2001F06BFD6F2109
:101CE0003046EEF7E0FB96F8450020F0070086F856
:101CF000450096F8540020F0070086F8540096F846
:101D0000630020F0070086F863004FF48270308093
:101D10007480B5806F23A520324640F2013101F076
:101D200073FB0A2001F046FD40F2523040F286611A
:101D3000CDE906890822CDE90410CDE9002740F25B
:101D400096511346B74ACDE902100D3230460021B4
:101D500001F00CF840F2EE2040F20E6A0621B14A82
:101D6000CDE90689CDE904A08DE8820440F2523025
:101D70000B46103203900121304600F0F7FF4FF47C
:101D80001670A84A0421CDE90689CDE904A08DE8A2
:101D9000820440F2EE2003900623304613320221E3
:101DA00000F0E4FF40F2EE209E4A0621CDE90689CC
:101DB000CDE904A08DE8820440F252300390012363
:101DC00030461632032100F0D1FF4FF41670954AC9
:101DD0000421CDE90689CDE904A08DE8820440F212
:101DE000EE20039001233046193200F0BFFF4FF47C
:101DF000077A8C4ACDE905A84FF45C70CDF81C90A9
:101E000004904FF43E70CDE9020A022330461C32A2
:101E10000521CDE900B700F0A9FFCDE905A84FF4F1
:101E20009160804ACDF81C90022304904FF48260A8
:101E3000CDE9020A1F3230460621CDE900B700F095
:101E400095FF4FF4827030807480B5806F23A52099
:101E5000324640F2013101F0D7FA0A2001F0AAFC23
:101E60006F213046EEF71FFBC8204FF00F0B052205
:101E70004FF47071CDE907B0099000230A9040F249
:101E800059100392CDE9041A664A194606900420B7
:101E9000CDE9010922323046CDF8008000F018FF6C
:101EA000307E20F00700307696F8270020F00700FB
:101EB00086F8270096F8360020F0070086F83600EE
:101EC00096F8450020F0070086F8450096F8540083
:101ED00020F0070086F8540096F8630020F0070011
:101EE00086F863004FF4827030807480B5806F2371
:101EF000A520324640F2013101F086FA0A2001F0B5
:101F000059FC6F213046EEF7CEFA40F24330454A95
:101F10006421CDE90689CDE904104FF44D70082302
:101F20002532CDE9021000213046CDE900B700F09E
:101F30001DFF40F2FD203B4A6421CDE90689CDE931
:101F4000041040F2EE2008232832CDE902100121CE
:101F50003046CDE900B700F009FF022040F2B72279
:101F600064230121CDE90432CDE90610002219468F
:101F70000F234FF42A70CDE900322A4A0823CDE915
:101F800002102B323046022100F0F0FE022040F217
:101F9000BA2201214FF4DC63CDE90610CDE9043209
:101FA00000224FF4977124208DE80D001D4A022372
:101FB000304603912E32042100F0D8FE31464FF412
:101FC000827008800846448085806F23024640F274
:101FD0000131A52001F018FA0A2001F0EBFB3321B2
:101FE00006F16F00EEF75FFA02204FF003090121BE
:101FF0004FF08C0A07274FF0180BCDE906100BA203
:1020000008494FF44D70CDE9042708230022CDE99B
:1020100002A03131CDE900B906F16F000CE00000FB
:1020200094580024AC0B0024186100244D443A203D
:10203000574149540000000000F0DEFE6F364FF4B7
:102040008878A6F800807480B5803323A5203246B6
:1020500040F2013101F0D8F9502001F0ABFB3321FF
:102060003046EEF720FA02200121B1A2CDE9061098
:1020700040F2EE20B149CDE904270823CDE902A0C2
:1020800000223046CDE900B900F0B6FEA6F8008087
:102090007480B5803323A520324640F2013101F02F
:1020A000B3F9502001F086FB33213046EEF7FBF9FF
:1020B00002200121A2A2CDE906104FF42A709F4907
:1020C000CDE904270823CDE902A000223046C91C2F
:1020D000CDE900B900F090FEA6F800807480B580CC
:1020E0003323A520324640F2013101F08DF9502012
:1020F00001F060FB33213046EEF7D5F9012040F2C4
:10210000A23192A20E23CDE9057007904FF486709C
:1021100004920222CDE9021088493046CDE900320E
:1021200009311346002200F067FEA6F80080748093
:10213000B5803323A520324640F2013101F064F925
:10214000502001F037FB33213046EEF7ACF981A186
:102150000120CDE904170421CDE906091C234FF421
:102160002F72CDE9003175494FF44D70CDE902026F
:10217000032330460022891D00F03EFEA6F80080B1
:102180007480B5803323A520324640F2013101F03E
:102190003BF9502001F00EFB33213046EEF783F976
:1021A00001204FF0140A02214FF40C7BCDE9057099
:1021B000CDE900A161496AA2079040F24A60CDE9E9
:1021C000020B082330460C310492002200F014FE6A
:1021D000A6F800807480B5803323A520324640F2F3
:1021E000013101F011F9502001F0E4FA33213046B9
:1021F000EEF759F9012040F24A615BA20823CDE9CC
:10220000057007904FF4027004920222CDE902108B
:102210004A493046CDE900A200220F3100F0ECFD22
:10222000A6F800807480B5803323A520324640F2A2
:10223000013101F0E9F8502001F0BCFA33213046B9
:10224000EEF731F901204FF4E163CDE906090420EE
:1022500046A1CDE904174FF4F0722421CDE9001016
:1022600036493046CDE9023202230022123100F015
:10227000C3FDA6F800807480B5803323A5203246C4
:1022800040F2013101F0C0F8502001F093FA3321FF
:102290003046EEF708F9022040F27449012134A2D9
:1022A0000B46CDE906102549CDE900A0CDE904276C
:1022B000002230461531CDE9029B00F09DFDA6F8C5
:1022C00000807480B5803323A520324640F201316E
:1022D00001F09AF8502001F06DFA33213046EEF704
:1022E000E2F80220012124A2CDE906100221CDE965
:1022F00004274FF40270CDE900A110490123CDE974
:10230000029000223046183100F076FDA6F80080D9
:102310007480B5803323A520324640F2013101F0AC
:1023200073F80BB05020BDE8F04F01F043BA000045
:1023300041494D3A2057414954000000E00B002428
:10234000465249433A2057414954000047494D5F9E
:10235000465744002020202020202020202020003C
:1023600053555045520000004341500025000000E5
:102370005941573A203000005049543A203000006B
:102380002DE9F04F2DED0A8B8FB0FE4890F84240BA
:1023900004F58075DFF8F0A3DFF8F0B34FF005091E
:1023A0009AF80D009BF80110884203D08BF80100C9
:1023B0008BF8049002279BF80400E0B39BF801001F
:1023C000002802D04FF0020601E04FF0040602D0D0
:1023D0000FF2BC3801E00FF2C438F3484FF033017C
:1023E000EEF761F807203346CDE9050740F2EE200D
:1023F0000797CDE903088C210291E4491822CDE921
:102400000027E9480022343100F0F6FCE6484FF49A
:1024100088710180448085803323024640F2013177
:10242000A52000F0F1FF052001F0C4F99BF804009D
:10243000401E8BF80400DC486F216F38EEF733F84C
:10244000D148807B022869D0012867D004234FF04F
:1024500000081E2040F2B6324FF4B471CDF8288047
:10246000CDE9080807914FF4F5710520CDE905186D
:10247000CDE9030201200097C44A0021CDE9017093
:10248000C9480A326F3800F023FCC74E4FF48279F6
:102490006F3EA6F800907480B5806F23A520324669
:1024A00040F2013100F0B0FF052001F083F96F2107
:1024B0003046EDF7F8FFA6F800907480B580DFF89D
:1024C000EC9299EDA6AA99EDA48AB0EE4A0AFDF71E
:1024D0003BFADFEDB78AB0EE4A0AFDF735FBB0EE06
:1024E000480AFDF731FA20EE280ABDEEC00A10EEC8
:1024F000100A06B2B0EE480AFDF726FB20EE280AC5
:10250000BDEEC00A10EE100A00B2B0EEC80A10EE1E
:10251000102AA8498A4203DD032302E0022396E73A
:102520000823B0EECA0A10EE102A8A4201DD032108
:1025300000E008210E9100F2523106F20E6289B2DB
:10254000CDE90517A0F252300797404280B2A6F2BB
:102550000E6692B20492714289B20822CDE9002837
:10256000CDE90210894A00218F480D326F3800F002
:10257000FDFB00269FED90BADFED90AADFED90BA4B
:102580009FED90CADFED909A8848C6EB061100EBEC
:10259000C10B9BEDB00A06EB460100EBC100D0ED8C
:1025A000EA8A20EE0B8AB0EE6A0A08EE080A28EEE4
:1025B0000C1A70EE6B0A80EE810A10EE100AB0F170
:1025C0007E5F01DDB7EE000A10EE100A10F1814FB8
:1025D00001D9BFEE000AFCF7EFFC38EE809AB0EEAE
:1025E000490AFDF7B1FA20EE290A40F20E6ABDEE63
:1025F000C00A10EE100A0AFA80F00FFA80F8B0EE66
:10260000490AFDF7A1F920EE290ADFF8C091BDEED5
:10261000C00A10EE100A09FA80F0404207B2B0EE8C
:10262000680AFDF791FA20EE080ABDEEC00A10EE26
:10263000100A0AFA80F000B20A90B0EE680AFDF7BC
:1026400083F920EE080ABDEEC00A10EE100A09FA5E
:1026500080F040420FFA80FA002E7DD04FF0010941
:102660009BF8280308B14FF004094FF0020BBFB2EA
:1026700040F252301FFA88F840F20E61CDE9057B36
:102680000022CDF81CB00623CDE90308002E0291EC
:10269000CDE9003274D03D4A16324B46012000EBA2
:1026A0004600C1B240486F3800F060FB0A991FFA3B
:1026B0008AF0CDE9050B89B204910020CDF81CB059
:1026C0000421002ECDE90287CDE9001059D02F4A10
:1026D00019324B460BEB4600C1B233486F3800F05D
:1026E00045FB761C022EFFF64FAFB0EE4A0AFDF70F
:1026F0002BF9B0EE408AB0EE4A0AFDF725FADFED7D
:10270000340A4FF4077004AF60EE200A0226334605
:10271000FDEEE08ADFED2E0A18EE901A68EE200A30
:1027200000FA81F18AB2BDEEE09ADFED2A0A19EED5
:10273000101A20EE200A09B2C1F5707189B2FDEEBF
:10274000C09A4EC719EE901A28EE200A00FA81F0BE
:1027500081B2BDEEC08A00E08EE018EE100A0B4A8E
:102760004FF000084FF0030900B2C0F5707080B25E
:102770001C32CDE902010C480521CDE900982BE07F
:102780007DE07FE09458002450570024AC0B0024D7
:1027900041494D3A204F4E200000000041494D3A3A
:1027A000204F4646000000008761002430010024CD
:1027B0000000F0429A99193E0000484400B2D44605
:1027C00000401C470000A54300002543AEFCFFFF6E
:1027D0000000A042000048430E9B6F3800F0C6FA8C
:1027E00019EE900A4FF4707A04AB00B2C0F507708E
:1027F00081B218EE100A02220AFA80F080B207C3F2
:1028000018EE900A0792AF4A00B20E9BC0F507700F
:1028100081B219EE100ACDE900980AFA80F080B270
:10282000CDE90201A848062100F0A0FAA64A6F23CC
:10283000A52040F2013100F0E7FD0A2000F0BAFFC8
:10284000A1486F21EDF72FFE9F4F4FF4827BA7F831
:1028500000B07C80BD809D4890ED000AB7EEC01AA4
:102860009FED9B2B9FED9C0B11EE020BB7EEC00B67
:102870009FED9B1A9B490AE04FF00609F0E6914A4A
:102880000F3A0AE78F4A0C3A23E730EE410A10EE7E
:10289000100A8842F9DC944901E030EE010A10EE9A
:1028A000100A8842F9D8F0EEC00A10EE900A8F495B
:1028B000884201DD032300E00623B5EEC00AF1EEF5
:1028C00010FA01D230EE010AF3EE0E1A70EE610A30
:1028D00030EE210AF5EEC00AF1EE10FA01D270EEE8
:1028E000810A10EE100A8249884201DD30EE410A69
:1028F000C820744A4FF40771D21CBCEEC00A8DED9B
:10290000070A09900A90BCEEE00A08900520CDE97C
:1029100004A103904FF0040A8DED060A6A480021D5
:10292000CDE9006A029600F0D3F917F8180F20F0ED
:1029300007003870F87B20F00700F873B87F20F0AC
:102940000700B87797F82D0020F0070087F82D00D2
:1029500097F83C0020F0070087F83C0097F84B0000
:1029600020F0070087F84B00574A6F23A52040F25C
:10297000013100F049FD0A2000F01CFF52486F2190
:10298000EDF791FD27F818BC27F8164C27F8145CD2
:102990005848007A03282CD0082340F2433104AA77
:1029A000642043C20F2207964FF44D71CDE90028F1
:1029B000444ACDE902014448921D002100F0D6F9B5
:1029C000DFF834B19BF80A0000EE100AF8EE400A76
:1029D0009FED4A8A80EE880ADFED490A20EE200A40
:1029E000BDEEC00A10EE101A09B2962803D90127CD
:1029F00006E00223D1E7322801D9012700E00327AE
:102A000004AA3B4601F5977189B24FF4DC6043C2DA
:102A10004FF49772414607964FF02408CDE9020221
:102A2000284ACDE9008128480F32042100F09EF9A0
:102A3000254A6F23A52040F2013100F0E5FC9BF808
:102A40000A0000EE100AB8EE400AC0EE080A9FED38
:102A50002D0A20EE800ABCEEC00A10EE100AC2B2A7
:102A600029A10BA8FCF758FA174833216F30EDF76E
:102A70001AFD07203B460BA9CDE90669CDE90410F4
:102A80004FF4F0704FF4E1610022CDE9008ACDE906
:102A900002100C490C4827316F3000F0ADF90A489C
:102AA0004FF488716F300180448085803323024663
:102AB00040F20131A52000F0A7FC0FB0BDEC0A8B5D
:102AC000BDE8F08FCB0B0024186100245057002480
:102AD0006666666666A64C40489C85A520156340E0
:102AE0000000B44300003443000034C300007042CF
:102AF0000000B443300100242057002400007F432D
:102B00000000C6430000C84225640000F0B404463B
:102B1000DDE904560020012C04D0022C04D0032C43
:102B200004D004E0104802E0104800E010480028FB
:102B300017D0104C44F8100C44F80C1C170A2776D8
:102B400062761A0AA276E3762A0A22776577320A33
:102B5000A277E67704F11802F0BC89B20823FEF7E9
:102B60007FBDF0BC70470000580E0024F80E002412
:102B7000980F0024380A0024F0B40446DDE9047CF0
:102B80000020012C04D0022C04D0032C04D004E03B
:102B9000154802E0154800E01548002822D09FEDB6
:102BA000151A20EE010ABDEEC00A10EE105ABDEE55
:102BB000E00A10EE106A104C44F8100C44F80C1C9B
:102BC000227663762A0AA276E576277784F81DC0F6
:102BD000320AA277E67704F11802F0BC89B2082322
:102BE000FEF73EBDF0BC7047580E0024F80E0024DE
:102BF000980F002400007A44380A0024B4EEE01A4A
:102C0000F1EE10FA0ED371EE601AB4EEC10AF1EED5
:102C100010FA02DC07E030EE610AB4EEC10AF1EE10
:102C200010FAF8DC7047B4EEE00AF1EE10FA02D3C5
:102C3000704730EE210AB4EEE00AF1EE10FAF8D354
:102C400070470000F3F7AAFBFAF734FAF9F7B4FE7D
:102C5000F8F7DCFEF8F79CFDF8F7E8FDF8F718FE4A
:102C6000F8F74AFEF8F742FFF8F7AAFFF9F704F879
:102C7000F9F7A2F8F9F738F8F9F76AF8F8F7DAFF90
:102C8000F8F764FFF0F724FDF0F758FDF0F78AFD40
:102C9000094912220948F6F7FEF8F0F737F9FAF772
:102CA000D5FC01220648D103F3F762FBF8F758FE82
:102CB00000F020F9FEE70000E8560024EC140024A0
:102CC0000008025801460020842900D0C81C704723
:102CD0002DE9F04F0FADDDE90BBE95E8E010DDE921
:102CE000099ADDF84C80C1EB011108441478C01D2D
:102CF00000F8014C5178017091784170817869F346
:102D000002016AF3C501817041886BF3891141802A
:102D1000C17863F38501C170C1886EF30901C18078
:102D2000B0F8031065F38E11A0F80310818866F3E4
:102D3000CF118180B0F807200D9961F38C02A0F8C3
:102D4000072002890E9961F34F120281418967F3CE
:102D500009014181B0F80B106CF38C01A0F80B1045
:102D6000818968F34F118181BDE8F08F2DE9F04F23
:102D700009AD95E8E010DDE90FABDDE90D89C1EBA8
:102D8000011114780144C91D01F8014C54780C70EC
:102D900092784A708A786AF3020266F3C5028A70F2
:102DA0004A886BF389124A80CA7863F38502CA7035
:102DB000CA8865F30902CA80428948F23F031A4073
:102DC0004281C27A02F07F02A0F80B20B1F807001E
:102DD00067F38C00A1F8070008896CF34F10088195
:102DE000B1F80B0068F38C00A1F80B00888969F337
:102DF0004F108881BDE8F08F2DE9F05F0EAE0446DC
:102E0000DDE90BC896E8404CDDF834900A9FC2EB30
:102E1000021020440D78C01D00F8015C4A78027051
:102E20008978417081786BF302016AF3C501817082
:102E300041886EF389114180C17863F38501C170C7
:102E4000B0F8031067F38E11A0F8031081880422F4
:102E500062F3CF118180C1886CF30901C180B0F8A1
:102E6000071068F38C01A0F80710018969F34F116E
:102E7000018141896FF309014181B0F80B104EF2D5
:102E800003021140A0F80B10017B01F01F018181AA
:102E900004F115001E210446EDF705FB3046EDF761
:102EA0000DFB024631462046BDE8F05FEDF7E2BA81
:102EB0000A48DFED090A01E030EE600A10EE101A50
:102EC0008142F9DC064901E030EE200A10EE100ADA
:102ED0008842F9D870470000DB0FC940DB0F49403A
:102EE000DB0F49C010B5002800D1012000F062FCC2
:102EF000002010BD10B500F0C5FC002010BD7FB54E
:102F000004460D466169B4F90800002910D0A16992
:102F100071B1FFF7D7FED4E905212B46CDE9012198
:102F200000902269D4E9001000F032FE039010E016
:102F3000FFF7C8FE03A92B46CDE90001208A82B223
:102F4000D4E9001000F0F2FD012802D0002004B006
:102F500070BD0398FBE700002DE9F04104460F46E1
:102F6000174EF5683068001D00F05AFB38B930681C
:102F700090F82C1001208840316981433161601C38
:102F800007D137B13168BDE8F0410E48091D00F0A6
:102F90008BBB2C4430684460AC4206D23168B06BC5
:102FA000091DBDE8F04100F067BB3168706B091D79
:102FB00000F062FBB06A844200D2B462BDE8F081E6
:102FC00038000024BC1A002470B5044600F078FBD9
:102FD0001C4DA868401CA860286810B1686938B109
:102FE0000CE02C60A868012808D100F0F3F805E097
:102FF0002868E16AC06A884200D82C60686A401C70
:103000006862E06A01212A698140114329610E4901
:1030100000EB800001EB8000211D00F045FB00F07B
:103020006FFB686900280CD02868E16AC06A884292
:1030300007D206494FF080500860BFF34F8FBFF3AF
:103040006F8F70BD38000024E019002404ED00E00B
:1030500070B50C4D0C4E11E000F032FBF068C46806
:10306000201D00F0DDFAA868401EA8606868401EB8
:10307000686000F045FB204600F008F8686800280A
:10308000EAD170BD38000024A81A002410B5044607
:1030900094F8510000280BD0012811D0022814D038
:1030A000502080F31188BFF34F8FBFF36F8FFEE77F
:1030B000206B00F03BFB2046BDE8104000F036BB23
:1030C0002046BDE8104000F031BB10BD4FF47051F8
:1030D0000F48420706D0C01D20F007000C49411AD6
:1030E000C1F570510B4A1060002353600144083948
:1030F00021F00701183A11604B600B600B1A436016
:1031000001604068906050604FF00040506170472F
:10311000D01A00248C000024074E4FF08054074D35
:10312000FFF796FF30680128FAD92C60BFF34F8F64
:10313000BFF36F8FF4E70000E019002404ED00E016
:103140002DE9F04782469946DDE908580A9C521E4F
:10315000206B00EB820020F00706700707D050209C
:1031600080F31188BFF34F8FBFF36F8FFEE7002707
:1031700061B1002023180A5C83F834200A5C12B184
:10318000401C1028F6D384F8437001E084F83470B2
:10319000072D00D30625E5626564A764201D00F0B5
:1031A00068FA04F1180000F064FA2461C5F1070020
:1031B000A0616462E76484F850704A465146304624
:1031C00000F010F92060B8F1000F01D0C8F80040FD
:1031D000BDE8F08770B50024124D04EB840005EBC8
:1031E000800000F03BFA641C072CF6D30D488C30AD
:1031F00000F034FA0B48A03000F030FA0948B4303F
:1032000000F02CFA0748C83000F028FA0548DC30F6
:1032100000F024FA044803498C314163143181637E
:1032200070BD0000E01900243800002430B51349B7
:1032300000E011460A688242FBD34B685C18844266
:1032400003D140681844486008460D684468231854
:10325000AB420DD1094B183B1B689A4206D052680D
:10326000224442600A681268026002E0036000E0E3
:103270000260814200D0086030BD00008C00002454
:103280000748416B0968002905D0416BC968C968C6
:103290004968816270474FF0FF31816270470000DA
:1032A0003800002409484068401C07D0502080F3B3
:1032B0001188BFF34F8FBFF36F8FFEE7502080F36D
:1032C0001188BFF34F8FBFF36F8FFEE79400002488
:1032D000002100280AD00B4B42699A420FD1806A24
:1032E000A3F1280290420AD040B108E0502080F3B8
:1032F0001188BFF34F8FBFF36F8FFEE701210846A0
:1033000070470000BC1A00242DE9F0410546002654
:1033100000F05AFB324F386808B9FFF7D7FE7869DA
:1033200005424DD18DB1083568070ED005F0070074
:10333000C0F108000544680707D0502080F31188C9
:10334000BFF34F8FBFF36F8FFEE7CDB37868854231
:1033500036D8234918310846046801E0214604465E
:103360006068A84202D220680028F7D138688442F9
:1033700026D00E680836206808606068411B102956
:103380000ED96019420707D0502080F31188BFF38F
:103390004F8FBFF36F8FFEE741606560FFF746FF19
:1033A00061687868401A7860BA68904200D2B86064
:1033B00078690143616000202060F868401CF86073
:1033C00000F082FC700707D0502080F31188BFF313
:1033D0004F8FBFF36F8FFEE73046BDE8F0810000EE
:1033E0007400002424384FF08073036221F001013F
:1033F000C1610449816142606FF0020140F8201907
:1034000070470000A5320108FFB5B9B00546174660
:10341000BDF8F04004F109018EB268463146EDF77F
:1034200042F88DF80050BDF8F000ADF80100174DDE
:1034300028788DF8030005216846EDF7D5FABDF828
:10344000E800ADF805000DF1070022463946EDF71A
:1034500011F831466846EDF7B1FA2878FF2811D007
:10346000401C28700A4C4020216808623246694698
:103470002046F6F713FA2068C169C9434906FBD410
:103480003DB0F0BD00202870ECE70000FB0B0024ED
:103490008015002410B5044600295FD0002C5DD0B3
:1034A0004A78087840EA0220C0F30A002080487871
:1034B0008A78C00840EA4210C0F30A006080887829
:1034C000CA78800940EA82000A7940EA8220C0F383
:1034D0000A00A08008794A79400840EAC210C0F387
:1034E0000A00E0804879C0F30110608148798009C2
:1034F000A081CA79887940EA0220E0814A7A087A74
:1035000040EA02202082CA7A887A40EA0220608259
:10351000087B2075487B6075CA7B887B40EA022067
:10352000E082087C497C40EA012020810C48214649
:10353000F7F78AFD2088A0F5806020806088A0F5DC
:1035400080606080A088A0F58060A080E088A0F501
:103550008060E0802089A0F58060208110BD00009F
:10356000FA56002410B500EE100A2DED028BB1EED4
:10357000C08A18EE100A20F00040C0F1FF40C00FD2
:103580000AD010EE100A20F00040C0F1FF40C00F3A
:1035900004BF0120FCF768FF18EE100ABDEC028B97
:1035A00010BD0000B0EE604A00EE901A9FED0D2BAA
:1035B0009FED0E3BB8EE601B00EE901A21EE021B51
:1035C000B8EE602B22EE032BB7EEC11B70EE041A8F
:1035D00000EE100AF7EEC20BB8EEC00A21EE800A28
:1035E000FFF70CBBFCDEA63FFB210940FCDEA63F3B
:1035F000FB2109C070EEC00A01EE100A0120B8EEEE
:10360000C11A8840401E21EE201A00EE900AF8EE02
:10361000E01AC1EE210A30EE800A7047FFF774BE4F
:103620000169D0E901329A60D0E901235A604A6801
:10363000824201D182684A60002202610868401E0D
:103640000860086870470000034B036003F15400F2
:103650000860802010607047040C002400F108010D
:1036600041604FF0FF328260C16001610021016062
:10367000704700210161704730B50C68621C02D0B0
:1036800000F1080202E0026904E01A4653681D686E
:10369000A542FAD953684B6099608A60516008610D
:1036A0000168491C016030BD42684A6093688B60C4
:1036B00093685960916008610168491C0160704716
:1036C000502080F31188BFF34F8FBFF36F8F0A49EB
:1036D0004868401C486001280CD10848006810F078
:1036E000FF0F07D0502080F31188BFF34F8FBFF337
:1036F0006F8FFEE7704700009400002404ED00E0A7
:1037000009494868002806D0401E4860002801D1B9
:1037100080F311887047502080F31188BFF34F8FDA
:10372000BFF36F8FFEE700009400002470B50028FF
:103730002AD008380446154D60686969084207D1E7
:10374000502080F31188BFF34F8FBFF36F8FFEE7D8
:1037500022683AB1502080F31188BFF34F8FBFF336
:103760006F8FFEE78843606000F02EF9606869683B
:10377000084468602046FFF759FD2869401C28610D
:10378000BDE8704000F0A0BA70BD000074000024D5
:103790004FF0E0200021016181614FF47A72044909
:1037A0000968B1FBF2F1491E4161072101617047CF
:1037B00030000024024610B50020002A12D00F4825
:1037C000006B38B1502080F31188BFF34F8FBFF3E7
:1037D0006F8FFEE700F0F8F800211046FFF7BCFB02
:1037E00000F072FA002807D105494FF080500860B8
:1037F000BFF34F8FBFF36F8F10BD00003800002460
:1038000004ED00E070B5044600282BD01A4D28685E
:1038100084422FD0FFF754FF2046FFF759FDE8B14F
:10382000201DFFF7FDFEE06A01212A698140114356
:103830002961124900EB800001EB8000211DFFF798
:1038400033FFE06A2968C96A884207D30C494FF000
:1038500080500860BFF34F8FBFF36F8FBDE870409B
:10386000FFF74EBF502080F31188BFF34F8FBFF397
:103870006F8FFEE770BD000038000024E0190024BF
:1038800004ED00E010B586B000240594049403AA6A
:1038900004A905A8FFF7D8FEDDE90410039A002368
:1038A00002901848CDE9004114A100F071F91649C1
:1038B000C86208B1012000E00020012809D0401CA6
:1038C00019D1502080F31188BFF34F8FBFF36F8F52
:1038D000FEE7502080F31188BFF34F8FBFF36F8F47
:1038E0004FF0FF30886201204861CC6006B0BDE82F
:1038F000104000F0A1B806B010BD000049444C458E
:1039000000000000193101083800002470B5044699
:10391000FFF7D6FE294D04B92C68201DFFF780FE65
:1039200058B9E06A264A00EB800152F8211021B90B
:1039300001218140286988432861A06A18B104F1F7
:103940001800FFF76DFE1E48211DDC30FFF7ACFEAE
:1039500094F850000026012801D184F85060FFF748
:10396000CFFE686928B1FFF7ABFEFFF789FCFFF7D0
:10397000C7FE2868844213D1686990B1286B38B1BA
:10398000502080F31188BFF34F8FBFF36F8FFEE796
:103990000C494FF080500860BFF34F8FBFF36F8F1B
:1039A00070BD0748DC300068A968884201D12E60EC
:1039B00070BDBDE8704000F00FB800003800002472
:1039C000E019002404ED00E00248016B491C01638A
:1039D0007047000038000024154A106B002802D000
:1039E0000120D06170470020D0611069B0FA80F0EA
:1039F000C0F11F000F4900EB800051F8203073B177
:103A000001EB800041684968416000F10803994278
:103A100001D1496841604068C0681060704750201B
:103A200080F31188BFF34F8FBFF36F8FFEE7000065
:103A300038000024E01900241CB537480168374AD3
:103A4000914207D1502080F31188BFF34F8FBFF30D
:103A50006F8FFEE700683149491E884207D1502028
:103A600080F31188BFF34F8FBFF36F8FFEE72C49B0
:103A700008780190FF200870087800909DF80000F9
:103A80009DF8002000F0F000904207D0502080F315
:103A90001188BFF34F8FBFF36F8FFEE79DF80000D3
:103AA000204C00F0500020700720A06006E0A068C5
:103AB000401EA0609DF80000400000909DF80000AE
:103AC0000006F4D4A068032807D0502080F31188A2
:103AD000BFF34F8FBFF36F8FFEE74FF44070A060CE
:103AE000019808700C482030016841F470010160B1
:103AF000016841F070410160FFF74AFE00206060FC
:103B0000ECF714FC0848016841F040410160ECF713
:103B1000F9FB00201CBD000000ED00E071C20F4168
:103B200000E400E09400002434EF00E02DE9FF5FA2
:103B300081468A4616469B46DDE90E78B000FFF7BF
:103B4000E3FB054628000AD05420FFF7DDFB0446BE
:103B50000CB1256304E02846FFF7E8FD00E00024EF
:103B60009CB1002084F85100CDE900785B463246D4
:103B7000CDE9024051464846FFF7E2FA2046FFF7FA
:103B800023FA012004B0BDE8F09F4FF0FF30F9E7C1
:103B9000F0B585B00746DDE90A600C9C002815D019
:103BA000E4B1542503952063022084F851000020DD
:103BB00004ADCDE90240CDE900653846FFF7C0FA13
:103BC0002046FFF701FA049805B0F0BD502080F3BD
:103BD0001188BFF34F8FBFF36F8FFEE7502080F344
:103BE0001188BFF34F8FBFF36F8FFEE70148C068A6
:103BF00070470000380000242DE9F0410026304FC6
:103C0000386B002805D0B869401CB8613046BDE863
:103C1000F081FD686D1CFD609DB9786B006838B15E
:103C2000502080F31188BFF34F8FBFF36F8FFEE7F3
:103C3000786BB96B7963B863386A401C3862FFF7F8
:103C40001FFBB86ADFF87C8085420DD3786B006873
:103C500038B1786BC068C4686068854212D2B862B7
:103C600002E04FF0FF30B8623868C06A00EB8000B5
:103C700058F82000012800D90126F8690028C5D08D
:103C80000126C3E7201DFFF7CBFCA06A18B104F1A1
:103C90001800FFF7C5FCE06A01213A698140114331
:103CA000396100EB8000211D08EB8000FFF7FCFC70
:103CB000E06A3968C96A8842C8D30126C6E70000AD
:103CC00038000024E01900242DE9F04100240027E9
:103CD0002D4D286B002807D0FFF7F2FC286B401E03
:103CE0002863286B40B14AE0502080F31188BFF36D
:103CF0004F8FBFF36F8FFEE7A868E8B3DFF88C80C3
:103D000001261EE0D8F80C00C46804F11800FFF783
:103D100087FC201DFFF784FCE06A2A6906FA00F19F
:103D200011432961194900EB8000B43901EB80008F
:103D3000211DFFF7B9FCE06A2968C96A884200D3EF
:103D4000EE61D8F800000028DCD10CB1FFF798FA3A
:103D5000AC6944B1FFF750FF00B1EE61641E002C66
:103D6000F8D10020A861E86930B101270849380777
:103D70000860BFF34F8F00E001E0BFF36F8FFFF7E4
:103D8000BFFC3846BDE8F08138000024941A0024B6
:103D900004ED00E0B45F010871D00008FEFF0000F0
:103DA0000000000080000000000000000000000093
:103DB000A45F01088B16010801000000000000004C
:103DC000000200000000000000000000C05F0108C9
:103DD0007119010803000000000000000004000049
:103DE0000000000000000000805F010879D000089A
:103DF0000000000000000000800000000000000043
:103E0000000000008C5F010885E70008000000004A
:103E100000000000000200000000000000000000A0
:103E2000985F01086DD60008000000000000000047
:103E3000800000000000000000000000CC5F0108CE
:103E400085C700080000000000000000800000009E
:103E5000000000000000000000061016000610160A
:103E60000001020304050607080C10141820304056
:103E70000000000000000000000000000000000042
:103E8000000000000100000002000000030000002C
:103E90000400000000000000050000000000000019
:103EA000000000000000000006000000000000000C
:103EB00000000000000000000700000001000200F8
:103EC0000400060008000A000C001000200040005A
:103ED0008000000101010103070100000804020441
:103EE00008010101000000000102030401020304B3
:103EF0000607080906F1F6430000803F0000C443AE
:103F00000000803F06F1F643000000400000C4437B
:103F10000000803F06F1F643000000400000C4436B
:103F20000000803F1FD51244000000400000C44341
:103F30000000803F10D002440000803F10D00244B7
:103F40000000803F0000C4430000803F06F1F643BC
:103F50000000803F10D002440000803F06F1F6438D
:103F60000000803F0000C4430000803F06F1F6439C
:103F7000000000400000C4430000803F06F1F6430B
:103F8000000000400000C4430000803F1FD51244E1
:103F9000000000400000C4430000803F10D00244F5
:103FA0000000803F10D002440000803F0000C44366
:103FB0000000803F06F1F6430000803F10D002442D
:103FC0000000803F06F1F6430000803F0000C4433C
:103FD0000000803F06F1F643000000400000C443AB
:103FE0000000803F06F1F643000000400000C4439B
:103FF0000000803F1FD51244000000400000C44371
:104000000000803F10D002440000803F10D00244E6
:104010000000803F0000C4430000803F06F1F643EB
:104020000000803F10D002440000803F06F1F643BC
:104030000000803F0000C4430000803F06F1F643CB
:10404000000000400000C4430000803F06F1F6433A
:10405000000000400000C4430000803F1FD5124410
:10406000000000400000C4430000803F10D0024424
:104070000000803F10D002440000803F0000C44395
:104080000000803F1FD592430000004062D0A4434F
:104090000000C0401FD592430000004062D0A443FE
:1040A000000000401FD592430000004062D0A443AE
:1040B000000000400000C4430000804010D00244D3
:1040C0000000804006F1F6430000804062D0A44327
:1040D000000080401FD592430000004062D0A443FE
:1040E0000000C0401FD592430000004062D0A443AE
:1040F000000000401FD592430000004062D0A4435E
:104100000000004010D002440000004106F1F643D8
:10411000000000401FD512440000804062D0A4433C
:10412000000020411FD592430000004062D0A4430C
:10413000000000401FD592430000004062D0A4431D
:104140000000004006F1F6430000804010D0024419
:104150000000804006F1F6430000804062D0A44396
:10416000000080401FD592430000004062D0A4436D
:104170000000C0401FD592430000004062D0A4431D
:10418000000000401FD592430000004062D0A443CD
:104190000000004006F1F6430000804010D00244C9
:1041A000000080401FD512440000204100000000A4
:1041B0000000804062D0A4430000004000000000E6
:1041C000CDCC4C3E62D0A443000000401FD59243AA
:1041D0000000803F62D0A443000040401FD59243BE
:1041E0000000004062D0A443000000400000C4432F
:1041F00000000040000000000000004062D0A44326
:104200000000004000000000CDCC4C3E62D0A44332
:10421000000000401FD592430000803F62D0A443BD
:10422000000040401FD592430000004062D0A443EC
:10423000000000400000C4430000804021D08243C1
:104240000000C040000000000000004062D0A44315
:104250000000004000000000CDCC4C3E62D0A443E2
:10426000000000401FD592430000803F62D0A4436D
:10427000000040401FD592430000004021D08243FF
:10428000000000401FD592430000004000000000E5
:104290000000004062D0A443000000400000000085
:1042A000CDCC4C3E62D0A443000000401FD59243C9
:1042B0000000803F62D0A443000040401FD59243DD
:1042C0000000004062D0A443000000400000C4434E
:1042D00000000040000000000000004062D0A44345
:1042E0000000004000000000CDCC4C3E62D0A44352
:1042F000000000401FD592430000803F62D0A443DD
:10430000000040401FD592430000004062D0A4430B
:104310000000004010D002440000804021D08243C1
:104320000000C040000000000000004062D0A44334
:104330000000004000000000CDCC4C3E62D0A44301
:10434000000000401FD592430000803F62D0A4438C
:10435000000040401FD592430000004027F1764303
:104360000000004000005C430000803F0000444328
:104370000000A040000000000000803F0000444317
:104380000000803F00000000CDCC4C3E00004443C4
:104390000000803F00000000CDCC4C3E00004443B4
:1043A0000000803F0000C4430000804062D0A4436E
:1043B000000040401FD592430000803F21D082433F
:1043C0000000004000000000CDCC4C3E21D08243D4
:1043D00000008040000000000000803F21D08243A8
:1043E0000000004000000000CDCC4C3D21D08243B5
:1043F000000000401FD592430000004062D0A4435B
:104400000000004000005C430000C04000000000CD
:104410000000004000005C430000004062D0A44364
:10442000000000401FD592430000004021D082438D
:10443000000000401FD592430000C0400000000073
:104440000000004062D0A443000080402F9DAE4396
:10445000000080400000C4430000C04062D0A4437C
:10446000000000400000C4430000004062D0A443AC
:104470000000803F0000C4430000404006F1F643C6
:104480000000804010D002440000C04021D0824390
:10449000000000401FD592430000004062D0A443BA
:1044A000000000400000C443000080400000DC43E6
:1044B000000080400000C4430000803F0000DC4357
:1044C000000040400000C4430000803F00000000A6
:1044D000CDCCCC3D0000C4430000404000000000B3
:1044E000CDCCCC3D0000C443000080401FD592439A
:1044F0000000004162D0A443000080402F9DAE43E5
:10450000000080400000C4430000C04062D0A443CB
:10451000000000400000C4430000004062D0A443FB
:104520000000803F0000C4430000404006F1F64315
:104530000000804010D002440000C04021D08243DF
:10454000000000401FD592430000004062D0A44309
:104550000000004006F1F643000080400000DC430C
:104560000000C04000000000CDCC4C3E0000DC4309
:10457000000000400000C4430000803F0000DC4316
:104580000000404010D00244000080401FD512447B
:104590000000C04000000000000000400000C443D4
:1045A0000000004010D002440000004006F1F64335
:1045B0000000803F10D00244000040410000000095
:1045C00000008040000000000000004062D0A443D2
:1045D0000000004000000000CDCC4C3E62D0A4435F
:1045E000000000401FD592430000803F62D0A443EA
:1045F000000040401FD592430000004062D0A44319
:10460000000000400000C443000000400000000023
:104610000000004062D0A443000000400000000001
:10462000CDCC4C3E62D0A443000000401FD5924345
:104630000000803F62D0A443000040401FD5924359
:104640000000004062D0A443000000400000C443CA
:104650000000804021D082430000C04000000000E4
:104660000000004062D0A4430000004000000000B1
:10467000CDCC4C3E62D0A443000000401FD59243F5
:104680000000803F62D0A443000040401FD5924309
:104690000000004021D08243000000401FD592431B
:1046A00000000040000000000000004062D0A44371
:1046B0000000004062D0A443000000401FD5924398
:1046C0000000803F62D0A443000040401FD59243C9
:1046D0000000004062D0A443000000400000C4433A
:1046E00000000040000000000000004062D0A44331
:1046F0000000004000000000CDCC4C3E62D0A4433E
:10470000000000401FD592430000803F62D0A443C8
:10471000000040401FD592430000004062D0A443F7
:104720000000004010D002440000804021D08243AD
:104730000000C040000000000000004062D0A44320
:104740000000004062D0A443000000401FD5924307
:104750000000803F62D0A443000040401FD5924338
:104760000000004027F176430000004000005C4359
:104770000000803F000044430000A0400000000013
:104780000000803F000044430000803F0000000024
:10479000CDCC4C3E000044430000803F00000000B0
:1047A000CDCC4C3E000044430000803F0000C44399
:1047B0000000804062D0A443000040401FD59243D7
:1047C0000000803F21D08243000000400000000034
:1047D000CDCC4C3E21D08243000080400000000040
:1047E0000000803F21D08243000000400000000014
:1047F000CDCC4C3E21D08243000000401FD59243D7
:104800000000004062D0A4430000004000005C4370
:104810000000C040000000000000004000005C43B9
:104820000000004062D0A443000000401FD5924326
:104830000000004021D08243000000401FD5924379
:1048400000002041000000000000804062D0A4432E
:10485000000080402F9DAE43000080400000C44314
:104860000000C04062D0A443000000400000C443E8
:104870000000004062D0A4430000803F0000C44319
:104880000000404006F1F6430000804010D0024492
:104890000000C04021D08243000000401FD5924359
:1048A0000000004062D0A443000000400000C44368
:1048B000000080400000DC430000A0400000C44332
:1048C0000000803F0000DC43000000400000C443C3
:1048D0000000803F00000000CDCC4C3E0000C443EF
:1048E0000000404000000000CDCCCC3D1FD59243DD
:1048F0000000004000000000CDCCCC3D1FD592430D
:104900000000004162D0A443000080402F9DAE43D0
:10491000000080400000C443000080400000000010
:104920000000803F0000C4430000004062D0A44368
:104930000000803F0000C443000040401FD51244E7
:104940000000804010D002440000C04021D08243CB
:10495000000000401FD592430000004062D0A443F5
:104960000000004010D00244000080400000DC4302
:104970000000A0400000C4430000803F0000DC4372
:10498000000000400000C4430000803F0000DC4302
:104990000000404010D00244000080401FD5124467
:1049A0000000C04000000000000000401FD59243FE
:1049B0000000004062D0A443000000401FD5924395
:1049C0000000803F21D082430000404100000000F1
:1049D0000000804062D0A443000080401FD5924375
:1049E0000000804021D08243000080400000C4438A
:1049F0000000804021D08243000080401FD59243B8
:104A00000000804062D0A443000080402F9DAE4350
:104A1000000080400000C443000080402F9DAE4352
:104A20000000804062D0A443000080401FD5924324
:104A30000000804021D08243000080401FD5924377
:104A40000000804062D0A443000080402F9DAE4310
:104A50000000804062D0A443000080401FD59243F4
:104A60000000804021D08243000080400000C44309
:104A70000000804062D0A443000080401FD59243D4
:104A80000000804062D0A443000080402F9DAE43D0
:104A9000000080400000C443000080402F9DAE43D2
:104AA0000000804062D0A443000080401FD59243A4
:104AB0000000804062D0A443000080401FD5924394
:104AC0000000804062D0A443000080402F9DAE4390
:104AD0000000804062D0A443000080401FD5924374
:104AE0000000804021D08243000080400000C44389
:104AF0000000804021D08243000080401FD59243B7
:104B00000000804062D0A443000080402F9DAE434F
:104B1000000080400000C443000080402F9DAE4351
:104B20000000804062D0A443000080401FD5924323
:104B300000008040000044430000803F21D08243B9
:104B40000000803F42909B430000803F1FD592436E
:104B50000000803F21D082430000803F42909B4371
:104B60000000803F21D082430000803F1FD5924348
:104B70000000803F21D082430000803FE9A64F43E0
:104B80000000803FFE1469430000803F0000444362
:104B90000000A040000044430000803F21D0824339
:104BA0000000803F42909B430000803F1FD592430E
:104BB0000000803F21D082430000803F42909B4311
:104BC0000000803F21D082430000803F1FD59243E8
:104BD0000000803F21D082430000803F000044431A
:104BE0000000803F3BFF38430000803F2F9D2E4355
:104BF0000000A0402F9D2E430000803FE9A64F43B8
:104C00000000803F27F176430000803F1FD592438C
:104C10000000A0402F9D2E430000803FE9A64F4397
:104C20000000803F27F176430000803F21D082437F
:104C30000000804021D082430000803F42909B438F
:104C40000000803FFE14E9430000803F0AA7CF43E5
:104C50000000803F0000C4430000803FFE14E94391
:104C60000000803F0AA7CF430000803F0AA7CF4340
:104C70000000803F0000C4430000803F0000C443A8
:104C80000000803F27F176430000803F21D082431F
:104C90000000A04010D002440000803F10D0024429
:104CA0000000803F06F1F6430000803FFE14E94318
:104CB00000004040FE14E9430000803F1FD512442D
:104CC0000000004010D002440000803F0AA7CF43FC
:104CD0000000803F0000C443000080400000C44347
:104CE0000000803FFE14E9430000803F0000C44301
:104CF0000000803F2F9DAE43000040402F9DAE43FB
:104D00000000803F0AA7CF43000000400000C443DA
:104D10000000803F2F9DAE430000803F0000C44351
:104D2000000080400000C443000000401FD5124432
:104D30000000004010D002440000004062D0A443B4
:104D400000000040000000000000004010D00244BD
:104D50000000803F1FD512440000803F52D0244401
:104D60000000803F1FD512440000803F10D0024455
:104D70000000803F1FD512440000803F0000C44364
:104D8000000000401FD512440000004010D0024433
:104D90000000004062D0A44300000040000000007A
:104DA0000000004010D002440000803F1FD5124494
:104DB0000000803F52D024440000803F1FD51244A1
:104DC0000000803F10D002440000803F1FD51244F5
:104DD0000000803F0000C443000000401FD5124483
:104DE0000000004010D002440000004062D0A44304
:104DF00000000040000000000000004010D002440D
:104E00000000803F1FD512440000803F52D0244450
:104E10000000803F1FD512440000803F10D00244A4
:104E20000000803F1FD512440000803F0000C443B3
:104E3000000000401FD512440000004010D0024482
:104E40000000004062D0A4430000004000000000C9
:104E50000000004010D002440000004052D0244422
:104E6000000000406DFF43440000004000005C442F
:104E70000000C0406DFF43440000C040000000003F
:104E80000000404010D002440000803F1FD5124473
:104E9000000000401FD512440000004010D0024422
:104EA000000000401FD512440000004052D02444AE
:104EB00000008040000000000000004052D0244468
:104EC0000000803F6DFF43440000803F00005C44D1
:104ED0000000004017F176440000004000005C44F0
:104EE000000000406DFF43440000004052D02444C5
:104EF000000000401FD51244000000401FD512449E
:104F00000000004010D00244000000401FD51244B1
:104F1000000000401FD51244000000401FD512447D
:104F20000000004010D002440000004000000000DB
:104F30000000A04010D002440000803F52D0244422
:104F40000000803F6DFF43440000803F00005C4450
:104F50000000C0406DFF43440000C040000000005E
:104F60000000404010D002440000803F1FD5124492
:104F7000000000401FD512440000004010D0024441
:104F80000000004052D02444000000400000000017
:104F9000000080401FD512440000803F52D02444BE
:104FA0000000803F6DFF43440000004000005C446F
:104FB0000000004010D082440000004017D5924409
:104FC0000000004052D0A4440000004017D5924495
:104FD0000000004010D08244000000406DFF4344B8
:104FE0000000803F00005C440000803F10D08244FD
:104FF0000000004052D0A4440000004052D0A4441D
:105000000000004052D0A4440000004017D5924454
:105010000000004000000000000080406DFF43449D
:105020000000803F00005C440000803F10D08244BC
:105030000000004052D0A4440000004052D0A444DC
:105040000000004052D0A4440000004017D5924414
:105050000000004000000000000000410000C03FD0
:10506000000000000000204100004041000000005E
:105070000000484300009643000000000000FA438F
:1050800000009643000000000000FA4300C00F45F6
:10509000000000000060EA460080A244000000001A
:1050A0000000C84200C00F45000000000060EA4652
:1050B00000001041000000000000F0410000803FAF
:1050C0000AD7A33B000000000000803F0AD7233C22
:1050D00000000000000000000AD7A33B00000041D0
:1050E0000000000000000000000040400000803F81
:1050F000000000000000000000000000000020414F
:105100000000000000000000000020410000803F7F
:10511000000000000000000000000000000000008F
:1051200000000000000000000000803F00000000C0
:10513000000000000000000000000000000000006F
:10514000000000000000803F0000000000000000A0
:10515000000000000000000000000000000000004F
:105160000000803F00000000000000000000000080
:105170000000000000000000000000000000803F70
:10518000000000000000000000000000000000001F
:1051900000000000000000000000803F0050C347F6
:1051A000CDCCCC3DCDCCCC3DCDCCCC3DCDCCCC3D77
:1051B000CDCCCC3DCDCCCC3D0050C347CDCCCC3DAF
:1051C000CDCCCC3DCDCCCC3DCDCCCC3DCDCCCC3D57
:1051D000CDCCCC3D0050C347CDCCCC3DCDCCCC3D8F
:1051E000CDCCCC3DCDCCCC3DCDCCCC3DCDCCCC3D37
:1051F0000050C347CDCCCC3DCDCCCC3DCDCCCC3D6F
:10520000CDCCCC3DCDCCCC3DCDCCCC3D0000C842AE
:10521000CDCCCC3DCDCCCC3DCDCCCC3DCDCCCC3D06
:10522000CDCCCC3DCDCCCC3D0000C842005EBCE234
:10523000613FDD83C29C7E20A3FD1F419DC3217F72
:10524000FCA2401E5F01E3BD3E6082DC237D9FC166
:10525000421CFEA0E1BF5D0380DE3C62BEE0025C5A
:10526000DF81633D7C22C09E1D43A1FF4618FAA446
:1052700027799BC584DA3866E5BB5907DB85673932
:10528000BAE406581947A5FB7826C49A653BD98726
:10529000045AB8E6A7F91B45C6987A24F8A6441A1A
:1052A00099C7257B3A6486D85B05E7B98CD2306E06
:1052B000EDB3510F4E10F2AC2F7193CD114FADF3F2
:1052C000702ECC92D38D6F31B2EC0E50AFF1134DE6
:1052D000CE90722C6D33D18F0C52B0EE326C8ED0DA
:1052E000530DEFB1F0AE4C1291CF2D73CA947628C6
:1052F000ABF517490856B4EA6937D58B5709EBB5B2
:1053000036688AD495CB2977F4AA4816E9B7550BA5
:1053100088D6346A2B7597C94A14F6A8742AC89699
:10532000154BA9F7B6E80A54D7896B3500008911E7
:1053300012239B322446AD573665BF74488CC19DFD
:105340005AAFD3BE6CCAE5DB7EE9F7F881100801DD
:1053500093331A22A5562C47B7753E64C99C408DDD
:10536000DBBF52AEEDDA64CBFFF976E802218B3079
:10537000100299132667AF763444BD554AADC3BCBD
:10538000588ED19F6EEBE7FA7CC8F5D983310A209D
:1053900091121803A7772E66B5543C45CBBD42AC9D
:1053A000D99E508FEFFB66EAFDD874C904428D5335
:1053B00016619F702004A9153227BB364CCEC5DF7D
:1053C0005EEDD7FC6888E1997AABF3BA85520C435D
:1053D00097711E60A1142805B3373A26CDDE44CF5D
:1053E000DFFD56ECE9986089FBBB72AA06638F72F9
:1053F00014409D512225AB343006B9174EEFC7FE3D
:105400005CCCD5DD6AA9E3B8788AF19B87730E621C
:1054100095501C41A3352A24B1163807CFFF46EE1C
:10542000DDDC54CDEBB962A8F99A708B08848195C4
:105430001AA793B62CC2A5D33EE1B7F04008C9190C
:10544000522BDB3A644EED5F766DFF7C89940085CC
:105450009BB712A6ADD224C3BFF136E0C1184809EC
:10546000D33B5A2AE55E6C4FF77D7E6C0AA583B468
:10547000188691972EE3A7F23CC0B5D14229CB38CC
:10548000500AD91B666FEF7E744CFD5D8BB502A48C
:1054900099961087AFF326E2BDD034C1C3394A28AC
:1054A000D11A580BE77F6E6EF55C7C4D0CC685D724
:1054B0001EE597F42880A1913AA3B3B2444ACD5B8C
:1054C0005669DF78600CE91D722FFB3E8DD604C74C
:1054D0009FF516E4A9902081BBB332A2C55A4C4B6C
:1054E000D7795E68E11C680DF33F7A2E0EE787F6E8
:1054F0001CC495D52AA1A3B03882B193466BCF7A4C
:105500005448DD59622DEB3C700EF91F8FF706E60B
:105510009DD414C5ABB122A0B9923083C77B4E6A2B
:10552000D5585C49E33D6A2CF11E780F000000005D
:10553000920E493CB10AC93C2BC3163D2EFB483D97
:10554000752B7B3D04A9963D80B6AF3D36BDC83D69
:105550002FBCE13D73B2FA3D87CF093E8340163E32
:10556000B5AB223EA2102F3ECF6E3B3EC2C5473E9A
:105570000115543E135C603E7F9A6C3ECCCF783E62
:10558000C07D823E938E883E229A8E3E32A0943E0B
:1055900086A09A3EE59AA03E128FA63ED47CAC3EF1
:1055A000EF63B23E2A44B83E491DBE3E15EFC33EEE
:1055B00053B9C93ECA7BCF3E4136D53E80E8DA3E7C
:1055C0004F92E03E7533E63EBBCBEB3EEA5AF13EEE
:1055D000CBE0F63E275DFC3EE4E7003F3D9C033F09
:1055E000824B063F9BF5083F6B9A0B3FDA390E3F23
:1055F000CDD3103F2A68133FD9F6153FC07F183F1F
:10560000C6021B3FD17F1D3FCBF61F3F9967223F4C
:1056100025D2243F5636273F1594293F4AEB2B3F8E
:10562000DE3B2E3FBB85303FC9C8323FF304353FD8
:10563000233A373F4268393F3B8F3B3FF9AE3D3F0E
:1056400067C73F3F70D8413F01E2433F03E4453F16
:1056500065DE473F12D1493FF8BB4B3F029F4D3FAC
:10566000207A4F3F3D4D513F4918533F31DB543F66
:10567000E595563F5348583F6AF2593F1A945B3FAD
:10568000532D5D3F05BE5E3F2146603F97C5613F9C
:105690005A3C633F59AA643F880F663FD86B673F07
:1056A0003CBF683FA7096A3F0C4B6B3F5E836C3F72
:1056B00093B26D3F9ED86E3F73F56F3F0809713FFF
:1056C0005213723F4714733FDD0B743F0BFA743F64
:1056D000C6DE753F07BA763FC58B773FF853783FF4
:1056E0009812793F9DC7793F02737A3FBE147B3F82
:1056F000CDAC7B3F283B7C3FC9BF7C3FAC3A7D3F74
:10570000CCAB7D3F23137E3FB0707E3F6DC47E3FA8
:10571000580E7F3F6D4E7F3FAB847F3F0FB17F3F81
:1057200097D37F3F43EC7F3F11FB7F3F0000803FDB
:1057300011FB7F3F43EC7F3F97D37F3F0FB17F3F0C
:10574000AB847F3F6D4E7F3F580E7F3F6DC47E3FE1
:10575000B0707E3F23137E3FCCAB7D3FAC3A7D3FA4
:10576000C9BF7C3F283B7C3FCDAC7B3FBE147B3F19
:1057700002737A3F9DC7793F9812793FF853783F7B
:10578000C58B773F07BA763FC6DE753F0BFA743F8D
:10579000DD0B743F4714733F5213723F0809713F8A
:1057A00073F56F3F9ED86E3F93B26D3F5E836C3F43
:1057B0000C4B6B3FA7096A3F3CBF683FD86B673F04
:1057C000880F663F59AA643F5A3C633F97C5613FC3
:1057D0002146603F05BE5E3F532D5D3F1A945B3FFF
:1057E0006AF2593F5348583FE595563F31DB543FE5
:1057F0004918533F3D4D513F207A4F3F029F4D3F47
:10580000F8BB4B3F12D1493F65DE473F03E4453FBC
:1058100001E2433F70D8413F67C73F3FF9AE3D3F8C
:105820003B8F3B3F4268393F233A373FF304353FD4
:10583000C9C8323FBB85303FDE3B2E3F4AEB2B3F92
:105840001594293F5636273F25D2243F9967223F9A
:10585000CBF61F3FD17F1D3FC6021B3FC07F183FC5
:10586000D9F6153F2A68133FCDD3103FDA390E3FE2
:105870006B9A0B3F9BF5083F824B063F3D9C033FD5
:10588000E4E7003F275DFC3ECBE0F63EEA5AF13EFE
:10589000BBCBEB3E7533E63E4F92E03E80E8DA3E0E
:1058A0004136D53ECA7BCF3E53B9C93E15EFC33E04
:1058B000491DBE3E2A44B83EEF63B23ED47CAC3EA6
:1058C000128FA63EE59AA03E86A09A3E32A0943E54
:1058D000229A8E3E938E883EC07D823ECCCF783E0B
:1058E0007F9A6C3E135C603E0115543EC2C5473E34
:1058F000CF6E3B3EA2102F3EB5AB223E8340163EFC
:1059000087CF093E73B2FA3D2FBCE13D36BDC83D9D
:1059100080B6AF3D04A9963D752B7B3D2EFB483DDF
:105920002BC3163DB10AC93C920E493C0000000051
:10593000920E49BCB10AC9BC2BC316BD2EFB48BD93
:10594000752B7BBD04A996BD80B6AFBD36BDC8BD65
:105950002FBCE1BD73B2FABD87CF09BE834016BE2E
:10596000B5AB22BEA2102FBECF6E3BBEC2C547BE96
:10597000011554BE135C60BE7F9A6CBECCCF78BE5E
:10598000C07D82BE938E88BE229A8EBE32A094BE07
:1059900086A09ABEE59AA0BE128FA6BED47CACBEED
:1059A000EF63B2BE2A44B8BE491DBEBE15EFC3BEEA
:1059B00053B9C9BECA7BCFBE4136D5BE80E8DABE78
:1059C0004F92E0BE7533E6BEBBCBEBBEEA5AF1BEEA
:1059D000CBE0F6BE275DFCBEE4E700BF3D9C03BF05
:1059E000824B06BF9BF508BF6B9A0BBFDA390EBF1F
:1059F000CDD310BF2A6813BFD9F615BFC07F18BF1B
:105A0000C6021BBFD17F1DBFCBF61FBF996722BF48
:105A100025D224BF563627BF159429BF4AEB2BBF8A
:105A2000DE3B2EBFBB8530BFC9C832BFF30435BFD4
:105A3000233A37BF426839BF3B8F3BBFF9AE3DBF0A
:105A400067C73FBF70D841BF01E243BF03E445BF12
:105A500065DE47BF12D149BFF8BB4BBF029F4DBFA8
:105A6000207A4FBF3D4D51BF491853BF31DB54BF62
:105A7000E59556BF534858BF6AF259BF1A945BBFA9
:105A8000532D5DBF05BE5EBF214660BF97C561BF98
:105A90005A3C63BF59AA64BF880F66BFD86B67BF03
:105AA0003CBF68BFA7096ABF0C4B6BBF5E836CBF6E
:105AB00093B26DBF9ED86EBF73F56FBF080971BFFB
:105AC000521372BF471473BFDD0B74BF0BFA74BF60
:105AD000C6DE75BF07BA76BFC58B77BFF85378BFF0
:105AE000981279BF9DC779BF02737ABFBE147BBF7E
:105AF000CDAC7BBF283B7CBFC9BF7CBFAC3A7DBF70
:105B0000CCAB7DBF23137EBFB0707EBF6DC47EBFA4
:105B1000580E7FBF6D4E7FBFAB847FBF0FB17FBF7D
:105B200097D37FBF43EC7FBF11FB7FBF000080BFD7
:105B300011FB7FBF43EC7FBF97D37FBF0FB17FBF08
:105B4000AB847FBF6D4E7FBF580E7FBF6DC47EBFDD
:105B5000B0707EBF23137EBFCCAB7DBFAC3A7DBFA0
:105B6000C9BF7CBF283B7CBFCDAC7BBFBE147BBF15
:105B700002737ABF9DC779BF981279BFF85378BF77
:105B8000C58B77BF07BA76BFC6DE75BF0BFA74BF89
:105B9000DD0B74BF471473BF521372BF080971BF86
:105BA00073F56FBF9ED86EBF93B26DBF5E836CBF3F
:105BB0000C4B6BBFA7096ABF3CBF68BFD86B67BF00
:105BC000880F66BF59AA64BF5A3C63BF97C561BFBF
:105BD000214660BF05BE5EBF532D5DBF1A945BBFFB
:105BE0006AF259BF534858BFE59556BF31DB54BFE1
:105BF000491853BF3D4D51BF207A4FBF029F4DBF43
:105C0000F8BB4BBF12D149BF65DE47BF03E445BFB8
:105C100001E243BF70D841BF67C73FBFF9AE3DBF88
:105C20003B8F3BBF426839BF233A37BFF30435BFD0
:105C3000C9C832BFBB8530BFDE3B2EBF4AEB2BBF8E
:105C4000159429BF563627BF25D224BF996722BF96
:105C5000CBF61FBFD17F1DBFC6021BBFC07F18BFC1
:105C6000D9F615BF2A6813BFCDD310BFDA390EBFDE
:105C70006B9A0BBF9BF508BF824B06BF3D9C03BFD1
:105C8000E4E700BF275DFCBECBE0F6BEEA5AF1BEFA
:105C9000BBCBEBBE7533E6BE4F92E0BE80E8DABE0A
:105CA0004136D5BECA7BCFBE53B9C9BE15EFC3BE00
:105CB000491DBEBE2A44B8BEEF63B2BED47CACBEA2
:105CC000128FA6BEE59AA0BE86A09ABE32A094BE50
:105CD000229A8EBE938E88BEC07D82BECCCF78BE07
:105CE0007F9A6CBE135C60BE011554BEC2C547BE30
:105CF000CF6E3BBEA2102FBEB5AB22BE834016BEF8
:105D000087CF09BE73B2FABD2FBCE1BD36BDC8BD99
:105D100080B6AFBD04A996BD752B7BBD2EFB48BDDB
:105D20002BC316BDB10AC9BC920E49BC000000804D
:105D3000000000000100803FC90CC0B7E565AABEA5
:105D4000435690BB3C695D3EEBFCA9BC08B732BE34
:105D5000E745093EA59204BD00000000FEFFFF7F5D
:105D6000B60100008E1555D56364030017F685193A
:105D7000AE9219007F3AD5EE4552F1F8A4A3152250
:105D800004B0FAE02548DD0C54C0DBFD0000FF7FC5
:105D9000FFFF67D570FFAD1B58FDA9E92911DBFB9B
:105DA0004FBB610567ACDD3F182D4454FB21E93F33
:105DB0009BF681D20B73EF3F182D4454FB21F93F22
:105DC000E2652F227F2B7A3C075C143326A6813CA8
:105DD000BDCBF07A8807703C075C143326A6913C53
:105DE000C4EB98999999C9BF711623FEC671BCBFBF
:105DF0006D9A74AFF2B0B3BF9AFDDE522DDEADBF27
:105E00002F6C6A2C44B4A2BF0D5555555555D53F3E
:105E1000FF8300922449C23F6E204CC5CD45B73F59
:105E2000513DD0A0660DB13FEB0D76244B7BA93FD1
:105E300011DA22E33AAD903F4C5555555555A53FE3
:105E40007751C1166CC156BF9015CB19A001FA3E0F
:105E5000AD529C804F7E92BEC4B1B4BD9EEE213E39
:105E6000D43888BEE9FAA8BD000000000000000098
:105E700000004054FB21F93F3163621A61B4D03D08
:105E80000000601A61B4D03D7370032E8A19A33BE1
:105E90000000002E8A19A33BC14920259A837B3933
:105EA00000000000000000006E83F9A22915444E96
:105EB000D15727FCC0DD34F5999562DB4190433C16
:105EC000AB6351FE61C5BBDE3A6E24B7E0D24D42F2
:105ED000EA2E49061C92D1091CEB1DFE3EA729B1F2
:105EE000F53582E88444BB2E26709CE9417E5FB480
:105EF00039D69139F43953838B5F849C3B28F9BDA3
:105F0000FF97F81F0F9805DE8B112FEF1F6D0A5AB0
:105F1000CF7E366DB709CB27663F464F2DEA5F9E91
:105F2000C7BA27757BF1E5EBF739073DEA92528A4C
:105F3000B15FFB6B085D8D1F000000006E83F9A24E
:105F40002915444ED15727FCC0DD34F5999562DB05
:105F50004190433CAB6351FEA6F810111111813FF3
:105F6000D561C119A0012ABF7DFEB157E31DC73E0F
:105F7000EB9C2B8AE6E55ABE7CD5CF5A3AD9E53D53
:105F800053746174655F636865636B004D595F5559
:105F9000495F5461736B000054616C6B5F546173B3
:105FA0006B000000436861737369735F5461736BC6
:105FB0000000000064656661756C745461736B0069
:105FC000494D555F7461736B000000004D75736936
:105FD000635F7461736B0000F85F010800000024C8
:105FE000040C000066090008F8600108040C002495
:105FF000BC5D00005804010801205A010482103CD5
:1060000090D00304015F1AAA01012EA37A4583C828
:1060100042E009713D0A3ECDCC4C3D437841251606
:10602000FEFB397A202C01142DE17A143E042D66F2
:1060300066663F048102FF0101FF01FF01FF01FFCE
:1060400001FF01FF01FF01BB520123803F034034E8
:106050004202240808081250C347CDCCCC3D0409A5
:10606000531C110B1AC8421C0134100DE7416B3A46
:1060700058A08B3A7D04017C160240AB0341100905
:10608000055308065804070F160810820911160A4E
:1060900015800B16560C18010D020A19206823C82A
:1060A000441A482009102402230834FFFFFF250F5B
:1060B000270F2712031303011303021A0309120403
:1060C0001303051303061303071304011A05031230
:1060D0000213050313050513060113060213060335
:1060E000130604130605130701130702130703130E
:0860F00008081B0809506100BB
:04000005080002CD20
:00000001FF
