:020000040800F2
:10000000E0D9002061020008F5ED000871710008D8
:10001000119D000809170008652C01080000000068
:10002000000000000000000000000000A101000826
:100030001B23000800000000FD010008491F010803
:100040007B0200087B0200087B0200087B0200089C
:100050007B0200087B0200086D2500087B02000877
:100060007B02000877250008812500087B02000834
:100070007B0200087B0200087B0200087B0200086C
:100080007B0200087B0200087B0200087B0200085C
:100090007B0200080D1700087B0200088B25000872
:1000A0007B0200087B0200087B0200087B0200083C
:1000B000452001087B0200087B0200087B02000843
:1000C0007B0200087B0200087B0200087B0200081C
:1000D0007B0200087B0200087B0200084D2A010811
:1000E0007B0200087B0200087B0200085520010803
:1000F0007B0200087B0200087B020008BD18000894
:100100007B0200087B0200087B0200087B020008DB
:100110007B0200087B0200087B0200087B020008CB
:100120007B02000839190008491900087B02000801
:100130007B0200087B0200087B0200087B020008AB
:100140001D1700087B0200087B0200087B020008E4
:10015000E1210008F121000801220008AD2B01086F
:100160007B0200087B0200087B0200087B0200087B
:100170007B0200087B0200087B02000800000000F0
:100180007B0200087B020008DFF810D000F0C0FFFF
:100190000048004799400108AFF30080E0D90020F3
:1001A0002C4B19680868B0E8F04F80F30988BFF35A
:1001B0006F8F4FF0000080F311887047000000003F
:1001C00008480068006880F308884FF0000080F35A
:1001D000148862B661B6BFF34F8FBFF36F8F00DF35
:1001E00000BF00BF08ED00E0DFF80C00016841F43B
:1001F00070010160704700BF88ED00E0EFF30980F7
:10020000BFF36F8F134B1A681EF0100F08BF20ED5D
:10021000108A20E9F04F106009B44FF0500080F3CD
:100220001188BFF34F8FBFF36F8F15F0F9FA4FF0BE
:10023000000080F3118809BC19680868B0E8F04F25
:100240001EF0100F08BFB0EC108A80F30988BFF3CE
:100250006F8F704730000020EFF30580704700007B
:100260000648804706480047FEE7FEE7FEE7FEE750
:10027000FEE7FEE7FEE7FEE7FEE7FEE731200108C6
:100280008901000870B405880E884468D1F804C05C
:100290005368B54208D140884988884201BF118817
:1002A0008D425188884203D070BC6FF002007047C5
:1002B00005FB00F1880827D094ED001ADCED000A58
:1002C00094ED010ADCED011A31EE201AD4ED020A98
:1002D00070EE211A9CED020A83ED001AC3ED011A9B
:1002E00094ED031ADCED031A30EE800A401E71EE25
:1002F000210A83ED020A04F11004C3ED030A03F19D
:1003000010030CF1100CD7D111F0030030D0B0F174
:10031000004F30D200282BDD211F1B1FACF104023F
:1003200010F0010F0AD091ED010AD2ED010A091D6A
:10033000121D30EE200A83ED010A1B1D400817D064
:1003400091ED010AD2ED010A401E30EE200A83ED44
:10035000010A91ED020AD2ED020A01F1080102F14F
:10036000080230EE200A83ED020A03F10803E7D108
:1003700070BC00207047B4EC010A401EFCEC010A7E
:1003800030EE200AA3EC010AF5D1F1E701804280AA
:10039000436070472DE9F34F84B0049840680090A3
:1003A000486801900498B0F800E04588DFEDFE0A47
:1003B00000200290B0EE600AAE4506D10888498858
:1003C000884204BF7146864504D06FF0020006B033
:1003D000BDE8F08F01985FEA010C18BFB7EE001A74
:1003E0003DD000BFBEEB0C0117D0B1F1004F80F043
:1003F0001F82002911DD021F11F0010F1CBFC2ED89
:10040000010A121D4B1006D0C2ED010AC2ED020A0C
:1004100008325B1EF8D100EB8100BCF10102A0ECB8
:10042000011A19D0B2F1004F80F00882002A13DDC2
:10043000031F12F0010F1CBFC3ED010A1B1D511059
:1004400008D000BFC3ED010AC3ED020A491E03F143
:100450000803F7D100EB8200BCF1010CC2D14FF0D0
:1004600000080395002D14BFB0EE602A002000F0B4
:10047000BF8100BF009908FB05F001EB800B0199DB
:10048000DBED002A01EB80000346F0EE421AC64580
:1004900052D9AEEB0802ABEB850112F0010F17D079
:1004A00001EB850191ED000AB5EEC00AF1EE10FAFC
:1004B00007DDB4EEE10AF1EE10FA09DDF0EE401AC4
:1004C00006E0B1EE400AF4EEC01AF1EE10FAF5D3F0
:1004D000521031D001EB850C9CED000AB5EEC00A3C
:1004E000F1EE10FA05DDB4EEE10AF1EE10FA09DDE5
:1004F00006E0B1EE400AF4EEC01AF1EE10FA01D2B5
:10050000F0EE401A01EBC50191ED000AB5EEC00A0C
:10051000F1EE10FA05DDB4EEE10AF1EE10FA09DDB4
:1005200006E0B1EE400AF4EEC01AF1EE10FA01D284
:10053000F0EE401A521ECDD1F5EEC01AF1EE10FACF
:1005400000F07381F5EEC02A0126F1EE10FA009951
:10055000D4BFB1EE620AB0EE620AB4EE610AF1EE07
:1005600010FA1CBFAEEB0802B2F1010C47D005FB3C
:1005700008F201EB820292ED001A00BFB0EE410AD0
:1005800005FB06F4B5EEC00A00EB8404F1EE10FAA8
:10059000CCBFF0EE400AF1EE400AF4EE610AF1EE53
:1005A00010FA28D1B5EB080C11D0BCF1004F7DD268
:1005B000BCF1000F0BDD00BF92ED000AD1ED000A87
:1005C000BCF1010CE2EC010AA1EC010AF4D1290012
:1005D0000ED0B1F1004F6AD2002909DD94ED000A76
:1005E000D0ED000A491EE4EC010AA0EC010AF5D1A5
:1005F000012002900BE0761CBCF1010CBED10298E8
:10060000012804D0F5EEC02AF1EE10FA7ED09BED61
:10061000000AB5EB08009A465946064622D0B0F1CA
:10062000004F74D200281DDD091F10F0010F06D005
:10063000F0EE400A80EEA01A81ED011A091D40106B
:1006400010D000BFD1ED010A401E80EE801A81ED6E
:10065000011A91ED021AC1EE000AC1ED020A01F180
:100660000801EFD1280026D0B0F1004F7ED200283B
:1006700021DDAAF1040110F0010F06D0D1ED010A2D
:1006800080EE801A81ED011A091D401013D000BFC1
:10069000D1ED010A401E80EE801A81ED011AD1EDE4
:1006A000020A80EE801A81ED021A01E0CBE0D6E06A
:1006B00001F10801ECD1DDE900124FF000095FEA19
:1006C0000E0773D0C14504BF01EB860102EB850222
:1006D00074D091ED000ADC465046330035D01C46FC
:1006E000B6F1004F7ED2002C2FDD0B1FABF1040CB6
:1006F00016F0010F0FD0F0EE400ADCED011AB0EE5B
:10070000601A00EEE11A83ED011A01E08DE0B1E01C
:100710001B1D0CF1040C741015D000BFD3ED010AA1
:100720009CED011A40EE410AC3ED010AD3ED020A25
:100730009CED021A0CF1080C40EE410AC3ED020ACE
:100740000833641EEAD101EB86012B0036D0B3F1E9
:10075000004F72D2002B31DDA2F1040CAAF104008B
:1007600013F0010F0CD0DCED010A00E08BE090EDFE
:10077000011A001D40EE410ACCED010A0CF1040CF7
:100780005C1019D0DCED010A90ED011A40EE410A2F
:10079000CCED010ADCED020A90ED021A083040EEC1
:1007A000410ACCED020A03E0000000000DE005E084
:1007B000641E0CF1080CE5D102EB830201EB880109
:1007C0007F1E09F101097FF47DAF009808F101084F
:1007D000001D00900398401E03907FF44BAE0299D9
:1007E000012900E058E004BF06B0BDE8F08F00BF6B
:1007F000B5EEC00AF1EE10FA7FF4E9AD04990EFBF4
:1008000005F3002B4A684FF000010BD902EB810C75
:100810009CED000AB5EEC00AF1EE10FA02D1491CB7
:100820008B42F3D88B427FF4D2AD6FF00400CEE55B
:10083000E0EC010A491EFBD1EFE538E0E0EC010AEB
:10084000521EFBD108E692ED000AD1ED000ABCF180
:10085000010CE2EC010AA1EC010AF4D1B7E694ED37
:10086000000AD0ED000A491EE4EC010AA0EC010ADE
:10087000F5D1BDE6D1ED000A401E80EE801AA1EC54
:10088000011AF7D1EEE6D3ED000A401E80EE801A81
:10089000A3EC011AF7D10EE7BCEC011AD1ED000A66
:1008A0005B1E40EE410AE1EC010AF5D14DE7B0ECE8
:1008B000011AD2ED000A5B1E40EE410AE2EC010A89
:1008C000F5D17BE72DE9F04F82B04668536801937C
:1008D000058847884B88002000900888874201BF20
:1008E000B2F800C06545528893421EBF6FF0020007
:1008F00002B0BDE8F08F9FED412A4FEA970EC7F393
:10090000400B00BFDDE9000202EB800A4A6898460E
:100910004FF00009B0EE420AB4465FEA0E0025D05F
:1009200092ED001ADCED001A02EB8302DCED010A05
:1009300001EE810A92ED001A02EB8302401ED2ED15
:10094000001A02EB830200EE810A9CED021ADCED34
:10095000030A00040CF1100C000C01EE210A92EDC8
:10096000001A02EB830200EE810AD9D117F00300CE
:1009700026D0ACF10404A2EB830210F0010F08D0E2
:1009800002EB8302D4ED010A92ED001A241D00EE61
:10099000810A5FEA0B0013D002EB830CD4ED010A4D
:1009A0009CED001A02EBC302401E00EE810AD4ED5A
:1009B000020A92ED001A04F1080400EE810AEBD15C
:1009C00009F10100AAEC010A1FFA80F9486800EB5E
:1009D0008902A8F101001FFA80F8B8F1000F99D13F
:1009E000009806EB8706184480B20090681E050444
:1009F0002D0C87D102B00020BDE8F08F0000000070
:100A000070B405880E884468D1F804C05368B542B4
:100A100008D140884988884201BF11888D42518899
:100A2000884203D070BC6FF00200704705FB00F1F4
:100A3000880827D094ED001ADCED000A94ED010A35
:100A4000DCED011A31EE601AD4ED020A70EE611A83
:100A50009CED020A83ED001AC3ED011A94ED031A0E
:100A6000DCED031A30EEC00A401E71EE610A83ED20
:100A7000020A04F11004C3ED030A03F110030CF1A0
:100A8000100CD7D111F0030030D0B0F1004F30D2AC
:100A900000282BDD211F1B1FACF1040210F0010FF9
:100AA0000AD091ED010AD2ED010A091D121D30EEA6
:100AB000600A83ED010A1B1D400817D091ED010A61
:100AC000D2ED010A401E30EE600A83ED010A91ED7D
:100AD000020AD2ED020A01F1080102F1080230EE29
:100AE000600A83ED020A03F10803E7D170BC00201D
:100AF0007047B4EC010A401EFCEC010A30EE600ABB
:100B0000A3EC010AF5D1F1E72DE9F04F028847681F
:100B1000B0F802804888D1F8049082B04FF0000A03
:100B20001646824207BF098888456FF0020002B06E
:100B300018BFBDE8F08F4FEA980B02EB420001901E
:100B4000C8F34000CDF8000009EB8A01BBF1000FAB
:100B500033D0019801EB820C01EB80043B46E64662
:100B600001EBC2054FEA0B0093ED000A401E81ED38
:100B7000000A93ED010A01EB02118CED000A93EDDE
:100B8000020A0CEB021C85ED000A93ED030A05EB4B
:100B9000021584ED000A04EB021403F11003E3D103
:100BA0000EEB820000EB820000EB8201ABF1010052
:100BB000504307EB0B1701EB001118F0030C21D089
:100BC0003B1FA1EB82011CF0010F06D093ED010A3F
:100BD00001EB82011B1D81ED000A009880B100BF6E
:100BE00093ED010A01EB820401EBC20184ED000ADE
:100BF00093ED020A401E81ED000A03F10803EFD1D4
:100C000007EB8C070AF101001FFA80FA701E060438
:100C1000360C99D102B00020BDE8F08F2DE9F05FCD
:100C20000546002092469B4688460646814640245B
:100C30001BE0284641464746224600F0B3F953469A
:100C40005A46C01A914110D311461846224600F068
:100C50009AF92D1A67EB01084F4622460120002120
:100C600000F091F917EB00094E41201EA4F1010498
:100C7000DFDC484631462A464346BDE8F09F40EA5D
:100C800001039B0703D009E008C9121F08C0042A0A
:100C9000FAD203E011F8013B00F8013B521EF9D2F1
:100CA0007047D2B201E000F8012B491EFBD2704719
:100CB0000022F6E710B513460A4604461946FFF728
:100CC000F0FF204610BD421C10F8011B0029FBD18B
:100CD000801A70472DE9FE4F804681EA0300C00F5D
:100CE0000C46009021F0004123F00045B8EB0200D3
:100CF000A94105D24046214690461C460B46024675
:100D000023F00040104347D0270DC7F30A00C3F378
:100D10000A510290401A019040286BDAC3F3130085
:100D200040F4801B0098924620B10023D2EB030AC6
:100D300063EB0B0B01985946C0F14002504600F09E
:100D400022F906460D4650465946019A00F03AF9F6
:100D500010EB08006141002487EA115284EAE7732E
:100D60001A4340D0009A62B3019A012A4FEA07520F
:100D700015DC001B61EB02014FF0004202EA075252
:100D8000CDE90042001C41F5801132462B4600F0AF
:100D900071F903B0BDE8F08F40462146F9E7001B2A
:100DA00061EB0201001C41F5801300185B41201823
:100DB000A2F5001747EB030140EAD570B6196D4163
:100DC00011E06D084FEA360645EAC0754FEA075252
:100DD000001B61EB0201001C41F5801149084FEA3C
:100DE00030000019514132462B4603B0BDE8F04FA8
:100DF00000F031B90098012240000023D0EB02023C
:100E000063EBE073009821464FEAE074B8EB000012
:100E100061EB0401E9E783F000435BE781F0004107
:100E200058E72DE9FE4F81EA030404F0004421F065
:100E3000004100944FF0000B23F0004350EA0104FE
:100E40005ED052EA03045BD0C3F30A54C1F30A55DF
:100E50002C44A4F2F3340194A0FB0254C1F3130117
:100E600041F48011C3F3130343F4801301FB0244E4
:100E700000FB034E840A970A44EA815447EA8357E9
:100E8000A4FB076802958D0A05FB07854FEA932CA2
:100E900004FB0C542705029D4FEA065847EA163713
:100EA000B5EB08056EEB070C870E920E47EA81172B
:100EB00042EA8312A7FB0201B6EB0B0164EB0004CC
:100EC0002B0D43EA0C335E1844EB1C50DA465146B6
:100ED000E7FB0201C5F313044FEA0B3343EA145353
:100EE0004FEA0432019C43EA0603A4F10C04029485
:100EF000009CCDE900B400F0BDF803B0BDE8F08F70
:100F000000200146F9E70EB5C10F80EAE070084401
:100F1000CA07002140F233438DE80E000A460B4613
:100F200000F0A8F803B000BD00F0004230F000402F
:100F30000AD0C10D01F56071C0F3160042EA0151FB
:100F4000C20840071143704700200146704701F076
:100F5000004330B421F0004150EA010206D00A0DEE
:100F6000A2F56072C1F31301002A02DC30BC00203C
:100F70007047440F44EAC104C100E01830BC00EBE4
:100F8000C25000F031B8202A04DB203A00FA02F106
:100F9000002070479140C2F1200320FA03F3194367
:100FA00090407047202A04DB203A21FA02F0002109
:100FB000704721FA02F3D040C2F120029140084369
:100FC00019467047202A06DBCB17203A41FA02F077
:100FD00043EAE07306E041FA02F3D040C2F1200296
:100FE00091400843194670470029A8BF7047401C2C
:100FF000490008BF20F00100704710B4B0FA80FC2F
:1010000000FA0CF050EA010404BF10BC704749B16B
:10101000CCF1200421FA04F411FA0CF118BF0121DB
:1010200021430843A3EB0C01CB1D4FEA00614FEABB
:10103000102042BF002010BC704700EBC35010448A
:101040000029A4BF10BC7047401C490008BF20F015
:10105000010010BC704710B5141E73F1000408DACB
:10106000401C41F1000192185B411A4301D120F06C
:10107000010010BD2DE9F04D92469B4611B1B1FA29
:1010800081F202E0B0FA80F220329046FFF77BFF57
:1010900004460F4640EA0A0041EA0B0153465A460D
:1010A000084313D0114653EA010019D0C8F1400299
:1010B0005046FFF777FF05460E46504659464246D2
:1010C000FFF761FF084305D0012004E020463946C0
:1010D000BDE8F08D0020054346EAE0762C43374317
:1010E0000A986305E40AA0EB08000022FD0A44EA1E
:1010F00047540A3002D500200146E9E701051019DE
:101100006941DDE9084500196941BDE8F04DA2E7F4
:10111000064C074D06E0E06840F0010394E8070044
:1011200098471034AC42F6D3FFF732F8A4680108B0
:10113000C468010870B58C1810F8015B15F007033E
:1011400001D110F8013B2A1106D110F8012B03E060
:1011500010F8016B01F8016B5B1EF9D12B0705D468
:101160000023521E0DD401F8013BFAE710F8013BB1
:10117000CB1A921C03E013F8015B01F8015B521ECD
:10118000F9D5A142D8D3002070BD000055494A6866
:1011900022F440324A604A6843681A434A6002684F
:1011A000526822F4807203685A60026853680269C8
:1011B00043EA022203685A600268526822F04072D1
:1011C00003685A600268526883681A4303685A6069
:1011D0000268926822F4006203689A60026892686A
:1011E000C3681A4303689A603F4B826A9A4218D0D8
:1011F0000268926822F0706203689A6002689268DE
:10120000836A1A4303689A600268926822F0405227
:1012100003689A6002689268C36A1A4303689A6016
:101220000BE00268926822F0706203689A600268BC
:10123000926822F0405203689A600268926822F035
:10124000020203689A6002689368027E43EA4202DF
:1012500003689A602022125CA2B10268526842F4CC
:10126000006203685A600268526822F460420368B0
:101270005A6002685368426A521E43EA4232036867
:101280005A6005E00268526822F4006203685A60FE
:101290000268D26A22F470020368DA620268D36AD2
:1012A000828B521E43EA02520368DA620268926835
:1012B00022F4007203689A600268936890F8302004
:1012C00043EA422203689A600268926822F48062CC
:1012D00003689A6002689368426943EA822203685D
:1012E0009A607047002301400100000F10B50B48C1
:1012F0000068C06840F0100008490968C860802292
:101300000749064805F02EFE03F046F90549C1F8E5
:101310009800002081F8A00010BD0000E814002013
:1013200060870020BC86002010B503F035F9054920
:10133000D1F89810401A642803D90020014981F897
:10134000A00010BDBC86002010B50122102102486B
:1013500003F01CF910BD00000000024010B500228F
:101360001021024803F012F910BD000000000240F5
:101370007047000010B501221146024803F006F93B
:1013800010BD00000004024010B5002201210248F7
:1013900003F0FCF810BD00000004024010B54378D3
:1013A0001B021BB20478234300EE103AB8EEC01AB9
:1013B0001C4BD3ED001A21EE211A81ED001AC378DF
:1013C0001B021BB28478234300EE103AB8EEC01A19
:1013D000144BD3ED001A21EE211A81ED011A437945
:1013E0001B021BB20479234300EE103AB8EEC01A78
:1013F0000C4BD3ED001A21EE211A81ED021A037A6B
:101400001B04C47943EA04238479234300EE903A11
:10141000B8EE601ADFED041A21EE211A82ED001AEF
:1014200010BD0000B800002000401C42704710B5FD
:101430000446204612F0DAFE10BD10B504462046E0
:1014400012F070FA10BD00004278120212B2037856
:101450001A4300EE102AF8EEC00A144A92ED001A60
:1014600060EE810AC1ED000AC278120212B28378DE
:101470001A4300EE102AF8EEC00A0C4A92ED001A48
:1014800060EE810AC1ED010A4279120212B20379BB
:101490001A4300EE102AF8EEC00A044A92ED001A30
:1014A00060EE810AC1ED020A70470000BC00002016
:1014B00010B50024FFF75CFFFFF7B8FF11F01CFF29
:1014C00010B144F0800402E011F07CFE044312F0FD
:1014D0000BF910B144F0400402E012F08BF8044321
:1014E000204610BD2DE9FC4105460E46174600205A
:1014F00000900190FFF732FF922000F0D1F8062211
:101500006946122000F0ACF8FFF71EFF9DF80100BD
:10151000000200B29DF8001040EA010400EE104AFB
:10152000B8EEC00A4C48D0ED000A20EE200A86ED45
:10153000000A9DF80300000200B29DF8021040EA84
:10154000010400EE104AB8EEC00A4348D0ED000A8C
:1015500020EE200A86ED010A9DF80500000200B287
:101560009DF8041040EA010400EE104AB8EEC00AEB
:101570003948D0ED000A20EE200A86ED020AFFF776
:1015800003FF08226946002000F06AF8FFF7F2FE28
:101590009DF800000F2838D19DF80300000200B22A
:1015A0009DF8021040EA010400EE104AB8EEC00AAD
:1015B0002A48D0ED000A20EE200A85ED000A9DF8A9
:1015C0000500000200B29DF8041040EA010400EE9C
:1015D000104AB8EEC00A2148D0ED000A20EE200AD9
:1015E00085ED010A9DF80700000200B29DF8061083
:1015F00040EA010400EE104AB8EEC00A1748D0EDE8
:10160000000A20EE200A85ED020AFFF7A7FEA220BD
:1016100000F046F802226946222000F021F8FFF788
:1016200093FE9DF80000C0009DF8011040EA61148F
:10163000B4F5806F02DBA4F5006004B200EE104A3E
:10164000F8EEC00AB4EE001AB3EE070A00EE810A03
:1016500087ED000ABDE8FC81B8000020BC00002036
:1016600070B506460C46154646F0800000F018F8A6
:1016700006E0552000F014F82070641C681EC5B206
:10168000002DF6D170BD70B504460D4644F08000C3
:1016900000F006F8552000F003F8287070BD000037
:1016A00001B582B04FF47A70012301AA02A900901B
:1016B000024804F0C9FA9DF804000EBD9011002004
:1016C00010B502461378DB00547843EA6410B0F595
:1016D000806F02DBA0F5006318B200EE100AF8EE8E
:1016E000C00AB4EE001AB3EE070A00EE810A81EDDB
:1016F000000A10BD70B505460C462846FFF7D0FF1E
:101700002046FFF7CDFF70BD00BFFEE710B50248D1
:1017100002F074F810BD0000C40F002010B502489C
:1017200002F06CF810BD0000EC0F0020F8B5044684
:101730001425206802F047F8064603E0206802F00E
:1017400042F80646032E04D2281EA5F10101CDB2AF
:10175000F4D16B4604F11C02211D206801F033FE18
:10176000F8BD00002DE9F04704460E4615469846A0
:10177000DDF820900027012C01D1144F02E0022C4B
:1017800000D1134F0FB9BDE8F087124807604660DB
:10179000280A104908770846457780F81E800E48C9
:1017A00090F8A0100B48C1770B4890F880100948BA
:1017B00080F82010002180F8211080F8221080F895
:1017C0002310FFF7B3FF00BFDDE70000C40F0020C8
:1017D000EC0F00200C010020BC86002038B5164814
:1017E00090ED090ADFED150A20EE200ABDEEC00AD1
:1017F00010EE100A04B21048007D012804D00E48F3
:1018000090F85C00012803D101200D49087002E026
:1018100000200B4908700B4890F8A00008B1012087
:1018200000E00020009006480378224640F26661FE
:101830000120FFF797FF38BD107A002000007A449E
:1018400009010020BC8600202DE9F04704460F4620
:1018500015461E46DDE908894FF0000A012C02D129
:10186000DFF84CA003E0022C01D1DFF848A0BAF168
:10187000000F01D1BDE8F0870F48C0F800A0476015
:10188000280A0D49087708464577310A8177C677D7
:101890004FEA182180F8201080F821804FEA1921A2
:1018A00080F8221080F82390FFF740FF00BFE1E7A7
:1018B000C40F0020EC0F00200C0100201B484068E2
:1018C00000F0006080B31A48406B006819498842F4
:1018D00005D94FF0006017494C3908601CE01448E6
:1018E000406B00681149B831884205D94FF000605B
:1018F0001049503908600FE00D48406B00680B49F3
:101900005831884204D94FF000600849C86003E0AC
:101910004FF000600549886005480068006840F4A1
:1019200000700349096808607047000000600240C9
:10193000681000205864024010B5024802F0EAFA2C
:1019400010BD00005016002010B5FE48C06C0068A5
:10195000FD49884276D9FC4854380068F949C96C79
:101960000968FA4A914201D1202169E0F549C96C20
:101970000968F54A483A914201D1202160E0F149D5
:10198000C96C0968F14A6032914201D1202157E0C7
:10199000EC49C96C0968EC4A1832914201D1202106
:1019A0004EE0E849C96C0968E84A1832914201D111
:1019B000C91445E0E349C96C0968E34A303A9142E9
:1019C00001D1C9143CE0DF49C96C0968DF4A7832AB
:1019D000914201D1C91433E0DA49C96C0968DA4A85
:1019E0003032914201D1C9142AE0D649C96C096844
:1019F000D64A3032914202D14FF4001120E0D14951
:101A0000C96C0968D04A183A914202D14FF40011CA
:101A100016E0CC49C96C0968CC4A9032914202D197
:101A20004FF400110CE0C749C96C0968C64A483236
:101A3000914203D14FF4001102E003E04FF0006146
:101A4000084070E1BF48C06C0068C049A8318842B6
:101A500076D9BD4858380068BA49C96C0968BB4A8C
:101A6000914201D1202169E0B649C96C0968B64AA2
:101A7000483A914201D1202160E0B249C96C09681D
:101A8000B24A6032914201D1202157E0AD49C96C80
:101A90000968AD4A1832914201D120214EE0A9498E
:101AA000C96C0968A94A1832914201D1C91445E0AC
:101AB000A449C96C0968A44A303A914201D1C914B9
:101AC0003CE0A049C96C0968A04A7832914201D132
:101AD000C91433E09B49C96C09689B4A3032914272
:101AE00001D1C9142AE09749C96C0968974A303274
:101AF000914202D14FF4001120E09249C96C09686B
:101B0000914A183A914202D14FF4001116E08D49E2
:101B1000C96C09688D4A9032914202D14FF400118C
:101B20000CE08849C96C0968874A4832914203D160
:101B30004FF4001102E003E04FF000610840F2E0D2
:101B40008048C06C006881494831884276D97F4816
:101B5000103840687B49C96C09687C4A914201D1C0
:101B6000202169E07749C96C0968774A483A91426F
:101B700001D1202160E07349C96C0968734A603261
:101B8000914201D1202157E06E49C96C09686E4A23
:101B90001832914201D120214EE06A49C96C09688E
:101BA0006A4A1832914201D1C91445E06549C96CAD
:101BB0000968654A303A914201D1C9143CE0614953
:101BC000C96C0968614A7832914201D1C91433E085
:101BD0005C49C96C09685C4A3032914201D1C91430
:101BE0002AE05849C96C0968584A3032914202D1FA
:101BF0004FF4001120E05349C96C0968524A183A61
:101C0000914202D14FF4001116E04E49C96C0968A7
:101C10004E4A9032914202D14FF400110CE04949F2
:101C2000C96C0968484A4832914203D14FF4001107
:101C300002E003E04FF00061084074E043481038D0
:101C400000684049C96C0968404A914201D120218D
:101C500068E03C49C96C09683B4A483A914201D165
:101C600020215FE03749C96C0968384A60329142E7
:101C700001D1202156E03349C96C0968324A183233
:101C8000914201D120214DE02E49C96C09682F4AAB
:101C90001832914201D1C91444E02A49C96C09683B
:101CA000294A303A914201D1C9143BE02549C96C17
:101CB0000968264A7832914201D1C91432E021499B
:101CC000C96C0968204A3032914201D1C91429E017
:101CD0001C49C96C09681D4A3032914202D14FF447
:101CE00000111FE01749C96C0968174A183A914258
:101CF00002D14FF4001115E01249C96C0968134A6A
:101D00009032914202D14FF400110BE00D49C96CA1
:101D100009680D4A4832914202D14FF4001101E0A6
:101D20004FF00061084000286FD00648C06C006882
:101D3000054988427BD90348C06C00680349884242
:101D400008D105E090110020586402401060024064
:101D5000202068E0FE48C06C0068FE49884201D13E
:101D6000202060E0FA48C06C0068FB49884201D13D
:101D7000202058E0F648C06C0068F649603188427F
:101D800001D120204FE0F248C06C0068F249483988
:101D9000884201D1C01446E0ED48C06C0068ED49AE
:101DA0001831884201D1C0143DE0E948C06C006898
:101DB000E9491831884201D1C01434E0E448C06CCC
:101DC0000068E4497831884201D1C0142BE0E04832
:101DD000C06C0068E0493039884202D14FF40010ED
:101DE00021E0DB48C06C0068DA493031884202D11A
:101DF0004FF4001017E0D648C06C0068D649303167
:101E0000884204D14FF400100DE0DFE10FE0D0482C
:101E1000C06C0068CF499031884202D14FF4001065
:101E200001E04FF00060CB49091F08606AE1C84833
:101E3000C06C0068C8494831884274D9C448C06C35
:101E40000068C5496039884201D1202066E0C04859
:101E5000C06C0068BF49884201D120205EE0BC48C8
:101E6000C06C0068BC49884201D1202056E0B848C7
:101E7000C06C0068B7496031884201D120204DE034
:101E8000B348C06C0068B4494839884201D1C014D5
:101E900044E0AF48C06C0068AE491831884201D1B7
:101EA000C0143BE0AA48C06C0068AB4918318842B6
:101EB00001D1C01432E0A648C06C0068A549783151
:101EC000884201D1C01429E0A148C06C0068A24931
:101ED0003039884202D14FF400101FE09C48C06C9A
:101EE00000689C493031884202D14FF4001015E05F
:101EF0009748C06C006898493031884202D14FF44D
:101F000000100BE09248C06C006892499031884202
:101F100002D14FF4001001E04FF000608D49083904
:101F20000860EFE0FFE78A48C06C00688A4918390A
:101F3000884274D98648C06C0068874960398842F5
:101F400001D1202066E08248C06C00688149884247
:101F500001D120205EE07E48C06C00687E49884246
:101F600001D1202056E07A48C06C00687949603180
:101F7000884201D120204DE07548C06C0068764948
:101F80004839884201D1C01444E07148C06C0068EF
:101F900070491831884201D1C0143BE06C48C06CD4
:101FA00000686D491831884201D1C01432E0684898
:101FB000C06C006867497831884201D1C01429E0BB
:101FC0006348C06C006864493039884202D14FF4DC
:101FD00000101FE05E48C06C00685E4930318842E6
:101FE00002D14FF4001015E05948C06C00685A49FE
:101FF0003031884202D14FF400100BE05448C06CDD
:10200000006854499031884202D14FF4001001E039
:102010004FF0006050497039C86073E0FFE74C48EA
:10202000C06C00684C496039884201D1202066E0CC
:102030004748C06C00684749884201D120205EE0D3
:102040004348C06C00684449884201D1202056E0D2
:102050003F48C06C00683F496031884201D1202070
:102060004DE03B48C06C00683B494839884201D18B
:10207000C01444E03648C06C0068364918318842C4
:1020800001D1C0143BE03248C06C006832491831BD
:10209000884201D1C01432E02D48C06C00682D493F
:1020A0007831884201D1C01429E02948C06C006809
:1020B00029493039884202D14FF400101FE02448EA
:1020C000C06C006823493031884202D14FF40010BF
:1020D00015E01F48C06C00681F493031884202D1AA
:1020E0004FF400100BE01A48C06C00681949903199
:1020F000884202D14FF4001001E04FF00060164911
:10210000703988601548007800F0020078B11348F3
:10211000007820F00200114908700846007840F06D
:1021200004000870012211460D4802F02FFA0D48F4
:10213000007800F00200E0B10A48007820F00200C8
:10214000084908700846007840F0040008700BE069
:102150009011002010640240706002403905002098
:10216000000402403A05002001221021184802F024
:102170000DFA1848007800F0020078B11548007890
:1021800020F00200134908700846007840F004006F
:102190000870012210210E4802F0F8F911F028FD14
:1021A0000D48007800F0040080B10B48007820F062
:1021B0000400094908700846007840F008000870DB
:1021C0000648006840F001000449086010BD0000A6
:1021D000000002403B05002039050020103C014072
:1021E00010B5024801F096FE10BD000090150020C9
:1021F00010B5024801F08EFE10BD0000B0160020A0
:1022000010B5024801F086FE10BD00003015002018
:102210000146087810381823B0FBF3F20848805CB8
:10222000C865032A05D908686FF30900001D886591
:1022300003E008686FF309008865886D7047000047
:1022400084670108014600208A6A8B69CBB932B1E4
:10225000012A0DD0022A03D0032A10D10EE000BFBC
:10226000CB6A03F08073B3F1807F00D1012007E0D7
:10227000CB6AB3F1C07F00D1012001E000E000BFD4
:1022800034E08B69B3F5005F1AD132B1012A07D06F
:10229000022A03D0032A11D10AE000BF01200EE078
:1022A000CB6A03F08073B3F1807F00D1012006E098
:1022B000CB6AB3F1C07F00D1012000E000BF15E080
:1022C00032B1012A05D0022A04D0032A0CD103E03E
:1022D00000BF00BF012008E0CB6A03F08073B3F1B8
:1022E000807F00D1012000E000BF00BF704730B503
:1022F0000468246824F4802405682C600468636002
:102300008468402C04D10468A2600468E16003E0A2
:102310000468A1600468E26030BD704770B504468F
:102320000D46164640F203222868811A90421FD0BB
:1023300013DC552844D008DC51283DD052283CD02D
:1023400053283BD054285BD139E0562839D0A0F22D
:10235000012058B1012853D109E0092950D2DFE802
:1023600001F04F08090A0B0C0D0E0F0000BF00BF53
:1023700000BF00BF00BF00BF00BF00BF00BF00BF65
:102380002878401E204908702048844208D12049FE
:102390001D4A127801EB0210314600F045F80AE0C0
:1023A0001C48844207D11C49174A127801EB0210DD
:1023B000314600F039F870BD00BF00BF00BF00BF5C
:1023C00000BF28785138154908701048844209D157
:1023D0000978C1EB0111124A02EB8100314600F08D
:1023E0004FF80CE00B48844209D10C490978C1EB45
:1023F00001110C4A02EB8100314600F041F8DAE7A6
:1024000000BF00BF00BFD6E730010020C40F00208E
:10241000B47E0020EC0F0020647F002031010020FA
:10242000148000200481002070B504460D462088E9
:1024300000B220816878297840EA01202080E8787D
:10244000A97840EA012000B260806879297940EAE1
:10245000012000B2A080A879A07102F09DF8E06090
:1024600070BD70B50446204600F038F9054605B940
:1024700070BD62892178284600F08CF800BFF7E72C
:1024800070B504460D46287800F00F0020602878CB
:1024900000116060A878697840EA0120A060E878BF
:1024A0000001297940EA2110E0606879297901F07A
:1024B0000F0140EA012020611021DFED170A9FED96
:1024C000170AA06812F064FE84ED070A0C21F3EEEF
:1024D0000E0ABBEE0E0AE06812F05AFE84ED080AFE
:1024E0000C21F2EE040ABAEE040A206912F050FE42
:1024F00084ED090AA87900EE100AB8EE400A84EDCE
:102500000C0AE87900EE100AB8EE400A84ED0D0AD4
:1025100002F042F8A06370BDD00F4940D00F49C00F
:1025200070B52DED028B0446B0EE408AF0EE608A65
:10253000204600F0D3F8054615B9BDEC028B70BDFE
:1025400094ED0E1AB0EE412A94ED0F1AF0EE410A06
:1025500094ED101AB0EE410A2178F0EE681AB0EE50
:10256000481A284607F0D6FB00BFE6E710B5012061
:1025700001F004FF10BD10B5082001F0FFFE10BDF2
:1025800010B5102001F0FAFE10BD10B5202001F0AA
:10259000F5FE10BD70B504460E4615460B480460A6
:1025A00070190A494860FF200877FF2107484177E2
:1025B0008177C17780F8201080F8211080F82210F0
:1025C000FC2180F82310FFF7B1F870BD0C0100204A
:1025D00072B600BFFEE7000070B504460D46B5F9BF
:1025E000020000EE100AB8EEC00ADFED1C0A20EE71
:1025F000200A84ED050A2888400000EE100AB8EE93
:10260000C00ADFED170A20EE200A9FED161AC0EE71
:10261000010A9FED130A30EEC00A84ED070AA8797B
:1026200000EE100AB8EE400A84ED080AB5F904007D
:1026300000EE100AB8EEC00A84ED090A2988618507
:1026400001F0AAFF0646E868301A0A2802D90120DC
:10265000207301E00020207370BD00005077D63D4C
:10266000DB0F49400000004602460C290BDA012A24
:1026700003D1064800EB01107047022A03D1044839
:1026800000EB0110F8E701481030F5E7B47E0020B8
:10269000647F002070B504460D4695ED070A84ED71
:1026A000070A95ED080A84ED050A95ED090A84EDFF
:1026B000060A95ED0C0A84ED080A29792C200155AB
:1026C00001F06AFF0646A86B301A0A2802D90120D9
:1026D000207301E00020207370BD0000014648789F
:1026E000032801D0002070478878012801D10448D0
:1026F000F9E78878022801D10248F4E70020F2E7E0
:10270000C40F0020EC0F0020024901EB800191ED85
:10271000000A704798860020024901EB800191ED84
:10272000000A7047A486002070B50446607830B176
:10273000012805D002280FD0032832D118E000BFAD
:102740002278521ED1B2A078FFF78EFF05462946A7
:102750002046FFF741FF25E02278D21CD1B2A078B5
:10276000FFF782FF054629462046FFF735FF19E0AF
:10277000A07801280AD12078401EC0EB00100A4A38
:1027800002EB80012046FFF785FF09E02078401E1C
:10279000C0EB0010054A02EB80012046FFF77AFFEC
:1027A00000E000BF00BF70BD148000200481002045
:1027B00010B52DED0E8BFE480079012808D19FED54
:1027C000FD0AFB4880ED220A9FEDFA0A80ED100A0F
:1027D000F748007902286ED19FEDF60AF44880EDA3
:1027E000260AD0ED321AB0EE611AD0ED361AF0EEAC
:1027F000610AD0ED261AB0EE610A11F0F4F8EC4847
:1028000080ED260A90F9580001EE100AB8EEC11AC0
:10281000E748D0ED2A1A21EE211AB0EE410A90EDD8
:10282000261AF0EE410AE4480CF0E6FAE04880EDA2
:10283000230A90F9580001EE100AB8EEC11ADC48DC
:10284000D0ED2E1A21EE211AB0EE410A90ED231A96
:10285000F0EE410AD84848300CF0CEFAD44880ED6A
:10286000220A9FEDD60A80ED270A90ED271AF0EE96
:10287000410A90ED091AB0EE410AD1480CF0BCFAB9
:10288000CB4880ED110A90ED111AF0EE410A90ED5F
:102890002F1AB0EE410ACA4848300CF0ADFAC448CD
:1028A00090F9100000EE900AF8EEE00A20EE200AFF
:1028B000BF4880ED100ABE48007903287ED1C14888
:1028C000007D01287AD0BF48007F012877D1BE481B
:1028D000007838B9B64890ED2B0A80ED270A012020
:1028E000B9490870B749B1F90C00FEF70CFB41EC8F
:1028F0001C0B9FEDB60B53EC102BFEF792FA41EC3C
:102900001A0BAB4890ED270A10EE101A0846FEF796
:102910000BFB41EC1B0B53EC1A2BFEF77CFA41EC42
:10292000190BFEF714FBA249C1F89C00A548B0F9A9
:10293000080000EE900AF8EEE00AB0EE600AA54842
:1029400006F09FFBA34890ED010A10EE101A08460E
:10295000FEF7EAFA41EC1C0B9FED9F0B53EC102B9A
:10296000FEF75FFA41EC1A0B914890ED270A10EE42
:10297000101A0846FEF7D8FA41EC1B0B53EC1A2B41
:10298000FEF749FA41EC190BFEF7E1FA8849C1F864
:102990009C00084690ED2B1AF0EE410A90ED271AA4
:1029A000B0EE410A10F000FCB0EE408A804890ED95
:1029B0002B0A70EE088AD0ED2B0A01E04BE123E0F0
:1029C000B0EE600AF0EE680A7B4890380CF014FA1A
:1029D000774880ED110A90ED111AF0EE410A90ED62
:1029E0002F1AB0EE410A744848380CF005FA7048C6
:1029F00090F9100000EE900AF8EEE00A20EE200AAE
:102A00006B4880ED100A97E000206F4908706D4810
:102A1000B0F9080000EE900AF8EEE00AB0EE600AA5
:102A20006C4806F02EFB6B4890ED010A10EE101A70
:102A30000846FEF779FA41EC1B0B9FED690B53EC4E
:102A4000102BFEF7EEF941EC1A0BFEF780FA09EEB7
:102A5000100A9FED651ADFED650AB0EE490A10F025
:102A600094FF10EE104A2046FEF75EFA41EC1C0B74
:102A70005449B1F90C00FEF746FA41EC1E0B9FEDEC
:102A80005C0B53EC102BFEF7CCF941EC1D0B53EC17
:102A90001C2BFEF71FF941EC1A0B454890ED270A55
:102AA00010EE101A0846FEF73FFA41EC1B0B53ECF0
:102AB0001A2BFEF7B0F941EC190BFEF748FA3C4926
:102AC000C1F89C00084690ED2B1AF0EE410A90EDFB
:102AD000271AB0EE410A10F067FBB0EE408A344886
:102AE00090ED2B0A30EE080AF0EE408AD0ED2B0A6A
:102AF000B0EE600AF0EE680A2F4890380CF07CF9CE
:102B00002B4880ED110A90ED111AF0EE410A90ED7C
:102B10002F1AB0EE410A284848380CF06DF92448C5
:102B200090F9100000EE900AF8EEE00A20EE200A7C
:102B30001F4880ED100A00BF2249B1F90A00FEF7D4
:102B4000E2F941EC1B0B9FED2C0B53EC102BFEF725
:102B500068F941EC190B164890ED260A10EE101A90
:102B60000846FEF7E1F941EC1A0B53EC192BFEF77E
:102B7000B1F841EC180BFEF7EAF90D49C1F89800DD
:102B80000846D0ED321AB0EE611AD0ED361AF0EEEA
:102B9000610AD0ED261AB0EE610A10F024FF044855
:102BA00080ED260A90F9580001EE100A28E0000096
:102BB000107A002000000000C47C0020CC772C405C
:102BC000547D0020F48100200801002005A2276523
:102BD0005243EB3EE80000202D431CEBE2360A3F57
:102BE000D2FBC6D79E59123F295C8F3D295C8FBD11
:102BF000F168E388B5F8F43E691D554D1075FF3E48
:102C0000B8EEC11A7448D0ED2A1A21EE211AB0EE9E
:102C1000410A90ED261AF0EE410A70480CF0ECF8EB
:102C20006D4880ED230A90F9580001EE100AB8EEC5
:102C3000C11A6948D0ED2E1A21EE211AB0EE410AD0
:102C400090ED231AF0EE410A644848300CF0D4F8B5
:102C5000614880ED220A6048007903287DD16048F0
:102C6000007D0128FAD15F4890F8800001280BDB35
:102C70005C4890ED240A584880ED260A594890EDAA
:102C8000210A554880ED270A5348D0ED321AB0EE9C
:102C9000611AD0ED361AF0EE610AD0ED261AB0EEC8
:102CA000610A10F0A0FE4C4880ED260A4D4890EDD8
:102CB000250A10EE101A0846FEF736F941EC1C0BF7
:102CC0009FED490B53EC102BFEF7ABF841EC1A0BC0
:102CD000414890F9580001EE100AB8EEC11A3E487A
:102CE000D0ED2A1A21EE211AB0EE410A90ED261AF3
:102CF000F0EE410A39480CF07FF810EE104A2046F9
:102D0000FEF712F941EC1B0B53EC1A2BFDF7E2FF17
:102D100041EC190BFEF71BF901462F48C0F88C1047
:102D200090F9580001EE100AB8EEC11A2A48D0ED09
:102D30002E1A21EE211AB0EE410A90ED231AF0EE80
:102D4000410A264848300CF057F8234880ED220A03
:102D500090ED2B1AF0EE410A00E039E090ED271AD1
:102D6000B0EE410A10F020FAB0EE408A1A4890ED19
:102D70002B0A70EE088AD0ED2B0AB0EE600AF0EE56
:102D8000680A164890380CF037F81648D0ED220A39
:102D9000B7EE001A01EE200A0F4880ED110A90EDFF
:102DA000111AF0EE410A90ED2F1AB0EE410A0B48CD
:102DB00048380CF021F8084890F9100000EE900A0D
:102DC000F8EEE00A20EE200A034880ED100A00BF6A
:102DD000BDEC0E8B10BD0000107A0020C47C0020DA
:102DE000F4810020BC860020000000000000F83FB5
:102DF0001CB510F0DFFE534908609FED530A0846EA
:102E000080ED260A9FED500A80ED270A9FED4E0ABD
:102E100080ED2A0A9FED4C0A80ED2B0A9FED4A0AAD
:102E200080ED2E0A9FED480A80ED2F0A9FED470A9C
:102E300080ED320A9FED460A80ED360ADFED420A48
:102E4000B2EE000A434A002143480CF0CDF8DFED12
:102E50003E0AB1EE0C0A414A00213F4848300CF0CE
:102E6000C3F8DFED390AB0EE080A3D4A00213D48BB
:102E70000CF0BAF8DFED340AB0EE000A3A4A00214D
:102E8000384848300CF0B0F8F0EE000AB2EE000A14
:102E9000364A0021304890300CF0A6F8DFED2A0ABF
:102EA000B1EE0C0A324A00212B48D8300CF09CF8C5
:102EB0009FED300A304806F0F9F89FED2E0A2F48B2
:102EC00006F0F4F89FED2B0A2D4806F0EFF89FED81
:102ED000290A2C4806F0EAF8F2EE042A9FED2A2A85
:102EE000F2EE041A9FED291AF6EE000AB1EE040A7A
:102EF00027480CF033F900200121B7EE000A032324
:102F00000A46CDE900100F48083006F079FF00208E
:102F1000411EB7EE000A03230222CDE90010194634
:102F20000848503006F06CFF06480830FFF799FA61
:102F300004485030FFF795FA0120024908714871A2
:102F40001CBD0000107A0020000000009A99993EF4
:102F5000CDCCCCBEC4670108347C0020D06701080A
:102F6000DC670108547D0020E8670108F467010868
:102F7000006801086666663FE8000020F000002057
:102F8000F800002000010020CDCC4C3F0AD7A33B25
:102F9000747E002010B53248FFF7C6FB3048483039
:102FA000FFF7C2FB0020FFF7AFFB2D48083880ED8C
:102FB0002A0A0220FFF7A8FB2948083880ED2B0ACF
:102FC0000120FFF7A1FB2648083880ED2D0A0020DC
:102FD000FFF7A2FB2248083880ED2E0A0220FFF7F7
:102FE0009BFB1F48083880ED2F0A13F01DF91C4980
:102FF0000839D1F81C12401A19490839C1F82002C1
:1030000013F012F916490839C1F81C02084690F865
:10301000340048B1084690F87C0028B11148008A75
:103020000121B1EBA03F19D10D48FFF71AFA012099
:1030300011F0DCF80A484830FFF713FA012011F0CC
:10304000D5F80748FFF70DFA012011F0CFF8044832
:103050004830FFF706FA012011F0C8F810BD000053
:10306000187A0020F4810020134908791349897CDB
:10307000114A1171114648710979527991421AD059
:103080000D490979032909D10B4991ED2A0A81EDEE
:10309000260A91ED2B0A81ED270A0CE006490979F1
:1030A000022908D19FED060A034981ED260A91ED18
:1030B0002B0A81ED270A7047107A0020F481002046
:1030C0000000000010B5DFED0A0A9FED090A09486B
:1030D000FFF726FADFED060A9FED050A054848309E
:1030E000FFF71EFAFEF720F9FEF778FB10BD00008F
:1030F00000000000187A00207047000038B5024632
:103100000020009000BF92F83C00012801D102206D
:1031100038BD012082F83C0000BF0868092816D994
:103120001068C0680C780A3C04EB44050724AC40E6
:10313000A0431468E0600C780A3C04EB44048868FF
:10314000A0401468E46820431468E06013E010684D
:1031500000690C7804EB44050724AC40A0431468D4
:1031600020610C7804EB44048868A040146824694A
:103170002043146820614868072817D21068406B04
:103180000C79641E04EB84051F24AC40A043146832
:103190006063088880B20C79641E04EB8404A0404C
:1031A0001468646B20431468606331E048680D283C
:1031B00017D21068006B0C79E41F04EB84051F2400
:1031C000AC40A04314682063088880B20C79E41FE7
:1031D00004EB8404A0401468246B2043146820632B
:1031E00016E01068C06A0C790D3C04EB84051F24BE
:1031F000AC40A0431468E062088880B20C790D3CB2
:1032000004EB8404A0401468E46A20431468E0627C
:10321000194B1A4C1068A04206D10868122803D135
:10322000586840F480005860144C1068A0421CD1CB
:103230000868102802D00868112816D1586840F490
:1032400000005860086810280FD10D4800680D4C28
:10325000B0FBF4F000EB80004000009002E000982A
:10326000401E009000980028F9D100BF002082F88D
:103270003C0000BF00BF4BE700230140002001409D
:103280002C00002040420F0070B5044600250CB908
:10329000012070BD1549A06A884200D000BF206C93
:1032A00030B9204600F024F80020606484F83C0027
:1032B000206C00F0100088B9206C20F4885040F099
:1032C000020020642046FDF761FF00206064206C4E
:1032D00020F0020040F00100206400E0012500BF62
:1032E000002084F83C0000BF2846D2E70100000F10
:1032F00010B586B00446142101A8FDF7D9FC234976
:10330000206888420FD100BF00200090204800684C
:1033100040F480701E4908600846006800F4807020
:10332000009000BF2FE01B49206888422BD100BFCE
:10333000002000901648006840F48060144908603E
:103340000846006800F48060009000BF00BF00BF26
:10335000002000900E481438006840F020000C490E
:10336000143908600846006800F02000009000BF93
:1033700000BF08150190032002900020039001A9CE
:10338000054801F009F806B010BD0000002001401A
:1033900044380240002201400014024010B50246A9
:1033A00092F82030012B01D0022B06D11068406921
:1033B000084314686061002010BD506A40F480200A
:1033C00050620120F8E7F0B504460D461E4694F819
:1033D000207020688368A86800B900E000BF012F52
:1033E00001D0022F7DD103F0806030B903F000607E
:1033F00018B903F0805000287ED0C3F3016101208A
:1034000088403060A86860B9B5F800C0E86840EA54
:103410004C5C206800F5C07000EB0110C0F800C0E3
:103420000FE0D5E901C040EACC00D5F80CC040EA75
:103430000C00D4F800C00CF5C07C0CEB011CCCF8DF
:103440000000D5F810C0206800F5C07000EB011036
:10345000C0F804C0287D01280ED1206800F5C07096
:1034600000EB0110406840F4807C206800F5C070DB
:1034700000EB0110C0F804C0D079000692F806C035
:1034800040EA0C4092F805C040EA0C2092F804C0D3
:1034900040EA0C00D4F800C00CF5C07C0CEB011C19
:1034A000CCF80C00D078000692F802C040EA0C403C
:1034B00092F801C040EA0C2092F800C040EA0C00EB
:1034C000D4F800C00CF5C07C0CEB011CCCF8080053
:1034D000206800F5C07000EB0110006840F0010C9E
:1034E00001E00FE008E0206800F5C07000EB01107B
:1034F000C0F800C00020F0BD606A40F400106062B7
:103500000120F8E7606A40F4802060620120F2E761
:10351000F0B504460A4694F82050012D01D0022D42
:103520007ED1424901F50071086840F00100086051
:10353000086820F47C5008600868566A40EA062053
:103540000860107D00F01F06012000FA06F3C8692C
:103550009843C861A1F50071D069C8B9D1F80C02CF
:103560009843C1F80C02908880B2968940EA0646DA
:1035700001F51070576940F83760108880B21689DD
:1035800040EA064601F51070576900EBC700466037
:10359000D069012819D1D1F80C021843C1F80C02E6
:1035A000908880B2168840EA064601F51070576987
:1035B00040F83760908980B2168940EA064601F5E6
:1035C0001070576900EBC7004660906928B9D1F8C0
:1035D00004029843C1F8040204E0D1F8040218433D
:1035E000C1F80402106928B9D1F814029843C1F84F
:1035F000140204E0D1F814021843C1F81402106A4E
:10360000012804D1D1F81C021843C1F81C02D1F8DA
:10361000000220F00100C1F800020020F0BDFFE729
:10362000606A40F4802060620120F7E70064004097
:10363000704770B5044694F82050012D01D0022D3A
:103640007DD151B92068C06800F0030080B9606A7C
:1036500040F400106062012070BD2068006900F035
:10366000030028B9606A40F4001060620120F3E7AB
:10367000206800F5D87000EB0110006800F004002D
:103680009060906840B9206800F5D87000EB011098
:103690000068400D106007E0206800F5D87000EB6E
:1036A00001100068C0085060206800F5D87000EB79
:1036B0000110006800F00200D060206800F5D870AA
:1036C00000EB0110406800F00F00082802D308202A
:1036D000106108E0206800F5D87000EB0110406828
:1036E00000F00F001061206800F5D87000EB0110A9
:1036F000406800F47F40000A9061206800F5D870AF
:1037000000EB01104068000C5061206800F5D87093
:1037100000EB011080681870206800F5D87000EB8D
:103720000110806800F47F40000A5870206800F59E
:10373000D87000EB0110806800F47F0000E03CE0EE
:10374000000C9870206800F5D87000EB01108068BC
:10375000000ED870206800F5D87000EB0110C0682A
:103760001871206800F5D87000EB0110C06800F4F3
:103770007F40000A5871206800F5D87000EB0110F6
:10378000C06800F47F00000C9871206800F5D870C4
:1037900000EB0110C068000ED87131B92068C06814
:1037A00040F020002668F06005E02068006940F0E5
:1037B00020002668306100204EE7606A40F48020D7
:1037C0006062012048E70146002091F82020012A8C
:1037D00001D0022A11D10B689B6803F0806303B10A
:1037E000401C0B689B6803F0006303B1401C0B682E
:1037F0009B6803F0805303B1401C70472DE9F05FD4
:1038000004460025206846692068D0F804902068A6
:1038100087682068D0F80CA02068D0F810B0206825
:10382000D0F8188006F00100002855D007F00100FC
:10383000C0B101202168886007F0020018B120465D
:1038400000F0F7FA0EE007F0040010B145F400654F
:1038500008E007F0080010B145F4805502E020466A
:1038600000F0E6FA07F48070C8B14FF48070216868
:10387000886007F4007018B1204600F0DCFA0EE012
:1038800007F4806010B145F4005508E007F40060CB
:1038900010B145F4804502E0204600F0CBFA07F471
:1038A0008030C8B14FF480302168886007F4003060
:1038B00018B1204600F0C1FA0EE007F4802010B1E4
:1038C00045F4004508E007F4002010B145F48035C8
:1038D00002E0204600F0B0FA06F0080038B10AF025
:1038E000100020B145F4007510202168C86006F072
:1038F000040040B10AF0080028B108202168C8601F
:10390000204600F00DFA06F0020038B12068C068C9
:1039100000F0030010B1204600F004FA06F0400069
:1039200038B10BF0100020B145F4806510202168FB
:10393000086106F0200040B10BF0080028B1082013
:1039400021680861204600F009FA06F0100038B13D
:103950002068006900F0030010B1204600F000FA72
:1039600006F4003040B109F0100028B110202168A1
:103970004860204600F02CFA06F4803040B109F08F
:10398000080028B1082021684860204600F056FA57
:1039900006F4004088B309F0040078B306F48070A0
:1039A00020B108F0010008B145F0010506F40070EF
:1039B00020B108F0020008B145F0020506F480606D
:1039C00020B108F0040008B145F0040506F40060D9
:1039D000A0B108F0700088B108F07000402817D03E
:1039E00006DC10280BD020280CD0302819D10CE090
:1039F000502810D0602814D110E01DE019E045F0E7
:103A000008050FE045F010050CE045F0200509E041
:103A100045F0400506E045F0800503E045F480757B
:103A200000E000BF00BF2068806920F070002168BE
:103A300088610420216848602DB1606A2843606273
:103A40002046FFF7F5FDBDE8F09F70B504460CB9C0
:103A5000012070BD94F8200010B9204600F0B0F8A5
:103A60002068006840F001002168086000F094FDC3
:103A700005460DE000F090FD401B0A2808D9606A59
:103A800040F400306062052084F820000120E0E767
:103A90002068406800F001000028EBD02068006832
:103AA00020F002002168086000F076FD05460DE078
:103AB00000F072FD401B0A2808D9606A40F400300B
:103AC0006062052084F820000120C2E72068406879
:103AD00000F002000028EBD1207E012806D12068EA
:103AE000006840F080002168086005E020680068F8
:103AF00020F0800021680860607E012806D12068DF
:103B0000006840F040002168086005E02068006817
:103B100020F0400021680860A07E012806D12068BE
:103B2000006840F020002168086005E02068006817
:103B300020F0200021680860E07E012806D120687E
:103B4000006820F010002168086005E02068006827
:103B500040F0100021680860207F012806D120680D
:103B6000006840F008002168086005E020680068EF
:103B700020F0080021680860607F012806D12068D5
:103B8000006840F004002168086005E020680068D3
:103B900020F0040021680860D4E90201084321698B
:103BA0000843616908436168491E08432168C86188
:103BB00000206062012084F82000002049E7000016
:103BC00010B586B00446142101A8FDF771F84E49DE
:103BD0002068884241D14D480068401C4B4908602C
:103BE0000846006801280FD100BF00200090484817
:103BF000006840F00070464908600846006800F020
:103C00000070009000BF00BF00BF0020009040483F
:103C10001038006840F008003D4910390860084637
:103C2000006800F00800009000BF00BF0320019072
:103C300002200290002003900320049009200590A8
:103C400001A9344800F0A8FB00220521152001F04D
:103C500083F9152001F06CF954E02F49206888425F
:103C600050D100BF002000902948006840F08060DB
:103C7000274908600846006800F08060009000BF97
:103C800000BF22480068401C2049086008460068C0
:103C900001280FD100BF002000901D48006840F0AF
:103CA00000701B4908600846006800F00070009032
:103CB00000BF00BF00BF002000901548103800680A
:103CC00040F002001249103908600846006800F010
:103CD0000200009000BF00BF60200190022002900F
:103CE00000200390032004900920059001A90B48AF
:103CF00000F052FB00220621402001F02DF9402067
:103D000001F016F906B010BD006400401C00002050
:103D100040380240000C02400068004000040240AD
:103D20007047000010B58AB0044601AB03AA002119
:103D30002046FFF77EFC059820B901AA03A920467A
:103D4000FEF7ECFA0398042803D101A90248FEF714
:103D500097FB0AB010BD00007C8100207047000076
:103D600010B58AB0044601AB03AA01212046FFF733
:103D700060FC059820B901AA03A92046FEF7CEFAF7
:103D800040F255510398884203D101A90E4805F02D
:103D900043FF40F256510398884203D101A90A48D3
:103DA00005F072FF40F257510398884203D101A9F0
:103DB000054805F083FF0398022803D101A90348B1
:103DC000FEF75EFB0AB010BDF481002014800020D5
:103DD000704770B5044694F82000012822D10220D3
:103DE00084F820002068006820F001002168086045
:103DF00000F0D2FB05460DE000F0CEFB401B0A2888
:103E000008D9606A40F400306062052084F8200020
:103E1000012070BD2068406800F001000028EBD14F
:103E20006062F6E7606A40F4002060620120F0E71B
:103E3000704770477047704770477047704770B55C
:103E40000446A56D00F0A8FB064694F8350002284C
:103E500008D08020606500BF002084F8340000BFD7
:103E6000012070BD2068006820F0160021680860FD
:103E70002068406920F0800021684861206C08B902
:103E8000A06C28B12068006820F008002168086054
:103E90002068006820F001002168086010E000F050
:103EA0007BFB801B05280BD920206065032084F84C
:103EB000350000BF002084F8340000BF0320D0E7A5
:103EC0002068006800F001000028E8D194F85C1038
:103ED0003F208840A860012084F8350000BF002002
:103EE00084F8340000BF00BFBBE7014691F83500FD
:103EF000022803D08020486501207047052081F802
:103F000035000868006820F001000A681060002091
:103F1000F3E70000F8B50446002000908C480068E4
:103F20004FF41651B0FBF1F7A56D2E6894F85C10B4
:103F300008208840304098B12068006800F00400F4
:103F400070B12068006820F004002168086094F8CF
:103F50005C1008208840A860606D40F0010060653A
:103F600094F85C1001208840304068B120684069B6
:103F700000F0800040B194F85C1001208840A860F7
:103F8000606D40F00200606594F85C100420884089
:103F9000304068B12068006800F0020040B194F839
:103FA0005C1004208840A860606D40F004006065EB
:103FB00094F85C1010208840304078B32068006886
:103FC00000F0080050B394F85C1010208840A860FE
:103FD0002068006800F4802080B12068006800F448
:103FE000002028B9206CC8B12046216C884715E014
:103FF000A06C98B12046A16C88470FE0206800684B
:1040000000F4807028B92068006820F0080021685A
:104010000860206C10B12046216C884794F85C1031
:10402000202088403040002865D02068006800F0DB
:10403000100000285FD094F85C1020208840A86011
:1040400094F83500052828D12068006820F0160073
:10405000216808602068406920F08000216848617C
:10406000206C08B9A06C28B12068006820F0080016
:104070002168086094F85C103F208840A860012007
:1040800084F8350000BF002084F8340000BF206DA4
:1040900010B12046216D8847F8BD2068006800F403
:1040A000802080B12068006800F4002028B9606C8E
:1040B00010B12046616C88471DE0E06BD8B1204606
:1040C000E16B884717E02068006800F4807068B9E9
:1040D0002068006820F0100021680860012084F842
:1040E000350000BF002084F8340000BFE06B10B141
:1040F0002046E16B8847606D38B3606D00F00100C9
:10410000F0B1052084F835002068006820F0010037
:104110002168086000BF0098401C0090B84200D998
:1041200005E02068006800F001000028F3D100BF1E
:10413000012084F8350000BF002084F8340000BF5F
:10414000E06C10B12046E16C884700BFA4E7000096
:104150002C0000202DE9F0410446002500F01CFA57
:10416000074614B90120BDE8F081606A00B100BFC4
:10417000022084F8350000BF002084F8340000BF1E
:104180002068006820F00100216808600AE000F063
:1041900003FAC01B052805D920206065032084F898
:1041A0003500E0E72068006800F001000028EED14B
:1041B0002068056821480540D4E901010843E16809
:1041C00008432169084361690843A1690843E1691B
:1041D0000843216A08430543606A042803D1D4E9EF
:1041E0000B0108430543206805602068456925F0F8
:1041F0000705606A0543606A04280DD1A06A05437B
:10420000E06A48B12046FEF71DF828B140206065FD
:10421000012084F83500A6E7206845612046FDF7B7
:10422000F7FF064694F85C103F208840B0600020FD
:104230006065012084F83500002094E73F8010F08D
:104240002DE9F04704460D4616461F464FF000087C
:10425000D4F8589000BF94F83400012802D102200D
:10426000BDE8F087012084F8340000BF94F83500E1
:10427000012825D1022084F83500002060653B46E6
:10428000324629462046FEF732F894F85C103F206B
:104290008840C9F808002068006840F016002168CE
:1042A0000860206C28B12068006840F00800216890
:1042B00008602068006840F001002168086006E09E
:1042C00000BF002084F8340000BF4FF002084046D1
:1042D000C6E7000010B50446102C11D11F48007825
:1042E00040F001001D4908701D48007840F00100B1
:1042F0001B4908701B48007870B30FF079FC2BE065
:10430000202C0BD11848007840F0010016490870A5
:104310001448007800B30FF06BFC1DE0082C06D1A8
:104320001248007840F001001049087014E0012C98
:1043300012D111F069FF01280ED00D490D48006817
:1043400011F056F90A48006830B120070A490860A0
:10435000BFF34F8FBFF36F8F10BD00003A050020F1
:104360003B0500203D050020390500203C050020CC
:10437000D80500201405002004ED00E010B5044627
:1043800004480068204020B1024804602046FFF73E
:10439000A1FF10BD143C0140F8B502460B460025B4
:1043A000002400200021D6E0012606FA01F51E684F
:1043B00006EA0504AC4274D11E7906F00306012E0C
:1043C00004D01E7906F00306022E13D190684F0028
:1043D0000326BE40B0434F00DE68BE4030439060CD
:1043E000506801268E40B0431E79C6F300168E40F9
:1043F000304350601E7906F00306032E09D0D068C2
:104400004F000326BE40B0434F009E68BE4030437D
:10441000D0601E7906F00306022E13D1CF0802F1F8
:10442000200656F827004E07F70E0F26BE40B04371
:104430004F07FF0E1E69BE403043CF0802F1200631
:1044400046F8270010684F000326BE40B0431E798F
:1044500006F003064F00BE40304310605E6806F46D
:104460004036002E76D000BF002600963C4E3668BF
:1044700046F480463A4F3E603E46366806F4804633
:10448000009600BF00BF374E8F0856F827008E07F2
:10449000370F0F26BE40B043334EB24202D1002642
:1044A00024E057E0314EB24201D101261EE0304EE9
:1044B000B24201D1022619E02E4EB24201D10326AA
:1044C00014E02D4EB24201D104260FE02B4EB24231
:1044D00001D105260AE02A4EB24201D1062605E0A6
:1044E000284EB24201D1072600E008268F073F0F71
:1044F000BE4030431B4E8F0846F82700224E3068DE
:10450000A0435E6806F4801606B120431E4E30605C
:10451000361D3068A0435E6806F4001606B12043DD
:10452000194E361D3060184E361F3068A0435E6845
:1045300006F4003606B12043134E361F3060361F96
:104540003068A0435E6806F4803606B120430E4E04
:10455000083E3060491C1029FFF426AFF8BD00006A
:104560004438024008380140000002400004024084
:1045700000080240000C02400010024000140240FB
:1045800000180240001C0240083C01400AB1816151
:1045900001E00B0483617047014800687047000028
:1045A0002000002070B504460CB9012070BD94F8BD
:1045B0003D0028B9002084F83C00204600F010FBA4
:1045C000242084F83D002068006820F00100216864
:1045D00008602068006840F4004021680860206896
:1045E000006820F400402168086000F0C1FE054624
:1045F0005C496068884206D85B48854201D2012048
:1046000007E0002005E05948854201D2012000E082
:104610000020012800D1C9E75548B5FBF0F6206815
:10462000406820F03F003043216848604D49606891
:10463000884201D8701C07E04FF4967070434FF425
:104640007A71B0FBF1F0401C2168096A21F03F014A
:1046500008432168086243496068884214D8681E8C
:1046600061684900B0FBF1F0401CC0F30B00042866
:1046700001D204203DE0681E61684900B0FBF1F002
:10468000401CC0F30B0034E0A06838B9681E6168B4
:1046900001EB4101B0FBF1F0401C0AE0681E6168CB
:1046A00001EBC10202EB0111B0FBF1F0401C40F440
:1046B0008040C0F30B0008B901201AE0A06848B997
:1046C000681E616801EB4101B0FBF1F0401CC0F3D2
:1046D0000B000CE0681E616801EBC10202EB0111E6
:1046E000B0FBF1F0401CC0F30B0040F4804040F4FC
:1046F00000402168C9694CF6FF7291430843216864
:10470000C861D4E9070108432168096821F0C001A4
:10471000084321680860D4E90310084321688968C8
:1047200048F2FF329143084321688860D4E90501CB
:1047300008432168C96821F0FF0108432168C86067
:104740002068006840F001002168086000202064B3
:10475000202084F83D000020206384F83E0000BF44
:1047600024E70000A086010080841E0000093D00AF
:1047700040420F002DE9FC5F04460F4690469946E3
:10478000DDE90CAB0E9EFFF707FF054694F83D00F0
:10479000202870D119230122B5492046009502F046
:1047A0005CFE10B10220BDE8FC9F00BF94F83C0005
:1047B000012801D10220F6E7012084F83C0000BF67
:1047C0002068006800F0010028B92068006840F007
:1047D0000100216808602068006820F400602168FA
:1047E0000860222084F83D00402084F83E0000202C
:1047F0002064C4F824A0A4F82AB0608D20859D48C8
:10480000E0624B46424639462046CDE9006502F05B
:10481000D1FC08B10120C6E7208D88B900BF002077
:10482000019020684069019020688069019000BF74
:1048300000BF2068006840F400702168086040E014
:10484000208D012818D12068006820F4806021683C
:10485000086000BF00200190206840690190206836
:104860008069019000BF00BF2068006840F40070BC
:104870002168086025E0F8E0208D022816D1206824
:10488000006820F48060216808602068006840F4B7
:1048900000602168086000BF002001902068406926
:1048A000019020688069019000BF0AE000BF0020ED
:1048B000019020684069019020688069019000BFE4
:1048C00000BFC3E0208D03287ED8208D012815D19C
:1048D0002A463146204602F09CFE08B1012062E7DC
:1048E00020680069616A0870606A401C6062208DFF
:1048F000401E2085608D401E6085A7E0208D022827
:104900002AD1334600225C492046009502F0A5FDDD
:1049100008B1012047E72068006840F40070216872
:10492000086020680069616A0870606A401C606203
:10493000208D401E2085608D401E608520680069A6
:10494000616A0870606A401C6062208D401E20858C
:10495000608D401E608579E033460022464920463E
:10496000009502F07AFD08B101201CE7206800687C
:1049700020F480602168086020680069616A08701E
:10498000606A401C6062208D401E2085608D401E44
:1049900060853346002238492046009502F05DFDCF
:1049A00008B10120FFE62068006840F4007021682B
:1049B000086020680069616A0870606A401C606273
:1049C000208D401E208500E010E0608D401E608537
:1049D00020680069616A0870606A401C6062208D0E
:1049E000401E2085608D401E60852FE02A4631469E
:1049F000204602F00EFE08B10120D4E620680069CE
:104A0000616A0870606A401C6062208D401E2085CB
:104A1000608D401E608520684069C0F38000A8B1A9
:104A2000208D032805D12068006820F4806021686B
:104A3000086020680069616A0870606A401C6062F2
:104A4000208D401E2085608D401E6085208D0028B1
:104A50007FF438AF202084F83D00002084F83E0029
:104A600000BF84F83C0000BF9DE602209BE60000EA
:104A7000020010000000FFFF040001002DE9FC5FB0
:104A800004460F4690469946DDE90CAB0E9EFFF7B3
:104A900083FD054694F83D0020287DD1192301228D
:104AA0004D492046009502F0D8FC10B10220BDE827
:104AB000FC9F00BF94F83C00012801D10220F6E7DA
:104AC000012084F83C0000BF2068006800F001006D
:104AD00028B92068006840F001002168086020685B
:104AE000006820F4006021680860212084F83D00FF
:104AF000402084F83E0000202064C4F824A0A4F8DC
:104B00002AB0608D20853548E0624B4642463946E2
:104B10002046CDE9006502F0FDFB08B10120C6E7A3
:104B200031E02A463146204602F0B8FD50B1206CF3
:104B3000042805D12068006840F4007021680860EE
:104B40000120B4E7606A007821680861606A401C4F
:104B50006062208D401E2085608D401E608520682B
:104B60004069C0F3800070B1208D60B1606A007848
:104B700021680861606A401C6062208D401E2085AB
:104B8000608D401E6085208D0028CAD12A4631469E
:104B9000204602F02FFC00E01CE050B1206C0428FD
:104BA00005D12068006840F4007021680860012089
:104BB0007DE72068006840F40070216808602020CC
:104BC00084F83D00002084F83E0000BF84F83C00DB
:104BD00000BF6CE702206AE7020010000000FFFF40
:104BE00010B586B00446142101A8FCF761F86F499E
:104BF0002068884230D100BF002000906C480068D7
:104C000040F002006A4908600846006800F00200AF
:104C1000009000BF00BF4FF440700190122002903E
:104C200000200390032004900420059001A961480E
:104C3000FFF7B2FB00BF002000905D481030006815
:104C400040F400105A49103108600846006800F42A
:104C50000010009000BFA6E057492068884250D15C
:104C600000BF002000905248006840F020005049EA
:104C700008600846006800F02000009000BF00BFF8
:104C80000320019012200290002003900320049042
:104C90000420059001A94948FFF77EFB00BF0020D2
:104CA000009043481030006840F4800040491031C3
:104CB00008600846006800F48000009000BF00BF54
:104CC0003F48404908604FF06060486040213D48DF
:104CD00081600021C1604FF4806101610021416168
:104CE0008161C1614FF40031016200214162FFF72F
:104CF00031FA08B1FDF76CFC00BF32486063846391
:104D000051E03149206888424DD100BF0020009019
:104D10002748006840F004002549086008460068FC
:104D200000F00400009000BF00BF00BF0020009012
:104D30000846006840F0010008600846006800F07E
:104D40000100009000BF00BF4815019012200290A2
:104D500001200390032004900420059001A91B4822
:104D6000FFF71AFB4FF4807001901220029001208F
:104D70000390032004900420059001A91448FFF734
:104D80000BFB00BF0020009009481030006840F481
:104D900000000749103108600846006800F4000070
:104DA000009000BF00BF06B010BD000000540040DE
:104DB0003038024000040240005800400014024015
:104DC000B860024010110020005C00400008024062
:104DD000000002400348006803490978084401497B
:104DE00008607047200000202800002010B50D4802
:104DF000006840F400700B4908600846006840F401
:104E0000806008600846006840F4807008600320F5
:104E100000F0E0F80F2000F007F800F05FF8002045
:104E200010BD0000003C02402DE9F04188B004466E
:104E30000027B84600BF002001902448006840F0D9
:104E40000100224908600846006800F00100019056
:104E500000BF00BF02A903A800F062FA069F1FB9B5
:104E600000F086FA054602E000F082FA4500184894
:104E7000B5FBF0F0A0F101084FF080401549086043
:104E800040F2E7311348C160C0F80480002101619D
:104E90008160816101F092F8064696B90D4801F0F3
:104EA00059F906466EB91C2000F042F8102C07D2C2
:104EB000002221461C2000F04FF80748046000E063
:104EC0000126304608B0BDE8F081000040380240BD
:104ED00040420F00101700202400002008B500BF3A
:104EE000002000901148006840F480400F4908609D
:104EF0000846006800F48040009000BF00BF00BF7B
:104F000000200090081F006840F08050091F0860D2
:104F10000846006800F08050009000BF00BF0022EB
:104F20000F21901E00F018F808BD00004438024020
:104F30000146084600280DDB00BF00BF00F01F033C
:104F400001229A4043099B0003F1E023C3F80021AA
:104F500000BF00BF00BF70472DE9F05F80460D46DF
:104F6000164600270DF0ECFE074639462A46334622
:104F700001F00700C0F1070ABAF1040F02D94FF09F
:104F8000040A01E0C0F1070AD14600F1040ABAF1AF
:104F9000070F02D24FF0000A01E0A0F1030AD44645
:104FA0004FF0010A0AFA09FAAAF1010A0AEA020A0A
:104FB0000AFA0CFA4FF0010B0BFA0CFBABF1010BE8
:104FC0000BEA030B4AEA0B04214640460DF0C0FEF3
:104FD000BDE8F09F00BF00F00702064B19684FF6CE
:104FE000FF031940044B0B4343EA0221014B1960B4
:104FF00000BF70470CED00E00000FA05F8B504466C
:1050000000250026207800F0010020B9207800F06B
:10501000040004282FD100205B498866FFF7BCFA02
:10502000054606E0FFF7B8FA401B022801D9032025
:10503000F8BD56480068C0F3C0600028F2D160682F
:105040008101207A41EA00705049843108600120D2
:105050004D498866FFF7A0FA054606E0FFF79CFA7F
:10506000401B022801D90320E2E748480068C0F34A
:10507000C0600028F2D0207800F0020002287DD124
:1050800000BF0020009041484030006840F0805050
:105090003E49403108600846006800F080500090AA
:1050A00000BF00BF3A48006840F48070384908608B
:1050B000FFF772FA054606E0FFF76EFA401B02287A
:1050C00001D90320B4E73248006800F4807000285A
:1050D000F2D02E487030006800F440764EB3A089BC
:1050E00000F44070B04224D028487030006820F4AA
:1050F000407601202749086000200860234870306E
:105100000660006800F0010098B1FFF745FA054617
:1051100008E0FFF741FA401B41F28831884201D98B
:10512000032085E7194870300068C0F3400000286C
:10513000EFD000BFA08900F44070B0F5407F0CD1E3
:1051400012480830006820F4F810134AE168114052
:1051500008430E490831086007E00C480830006831
:1051600020F4F810094908310860084870300068D8
:10517000A189C1F30B010843044900E002E070314A
:10518000086000BF002053E700004742003802409B
:1051900000700040400E4742FFFCFF0F70B5044610
:1051A0000D460CB9012070BD5848006800F007009A
:1051B000A84209D255490D700846006800F0070062
:1051C000A84201D00120EEE7207800F0020002287A
:1051D0001DD1207800F00400042805D14C48006857
:1051E00040F4E0504A490860207800F008000828A0
:1051F00005D14748006840F460404549086044488C
:10520000006820F0F000A168084341490860207858
:1052100000F00100A8B36068012807D13C480838B5
:105220000068C0F34040B8B90120BCE760680228BC
:1052300002D06068032807D1354808380068C0F3F9
:10524000406048B90120AEE7314808380068C0F333
:10525000400008B90120A6E72D48006820F00300AF
:10526000616808432A490860FFF796F9064609E095
:10527000FFF792F9801B41F28831884202D903205E
:1052800091E707E02248006800F00C006168B0EB8D
:10529000810FEDD11D48006800F00700A84209D930
:1052A0001A490D700846006800F00700A84201D0B6
:1052B000012078E7207800F00400042807D1144882
:1052C000006820F4E050E168084311490860207844
:1052D00000F00800082808D10D48006820F460405C
:1052E000216940EAC1000A49086000F061F80849F4
:1052F0000968C1F30311074A515CC84006490860B8
:1053000006480068FFF790FD00204CE7003C024093
:10531000083802408C6701082C000020240000207F
:105320000F2202600D4A126802F0030242600B4A2B
:10533000126802F0F0028260084A126802F4E05239
:10534000C260064A126802F46042D2080261044A4E
:10535000126802F007020A60704700000838024035
:10536000003C024001480068704700002C0000200B
:1053700000B5FFF7F7FF04490968C1F38221034A2A
:10538000515CC84000BD0000083802409C6701081D
:1053900000B5FFF7E7FF04490968C1F34231034A4A
:1053A000515CC84000BD0000083802409C670108FD
:1053B0002DE9F047002400250026A1462548006875
:1053C00000F00C0020B1042805D008283AD105E0EF
:1053D000DFF8849039E0DFF8849036E01D48001F44
:1053E000006800F03F041B48001F006800F48000C4
:1053F00078B11A481749091F0968C1F38811A0FB41
:1054000001700146224600233846FBF707FC05469B
:105410000EE011480F49091F0968C1F38811A0FB6C
:1054200001700146224600233846FBF7F7FB05468C
:105430000848001F0068C0F30140401C4600B5FB4F
:10544000F6F902E0DFF8109000BF00BF4846BDE863
:10545000F0870000083802400024F400001BB70069
:10546000F8B504460CB90120F8BD207800F0010021
:10547000002874D0F948006800F00C0004280DD012
:10548000F648006800F00C00082813D1F348001F0C
:10549000006800F48000B0F5800F0BD1EF480838A9
:1054A0000068C0F34040002859D06068002856D1F9
:1054B0000120D9E700BF6068B0F5803F08D1E74818
:1054C0000838006840F48030E449083908601EE07C
:1054D0006068B0F5A02F0DD1E0480838006840F4AE
:1054E0008020DE49083908600846006840F48030B2
:1054F00008600CE0D9480838006820F48030D749AB
:10550000083908600846006820F48020086000BF61
:10551000606890B1FFF740F8054606E0FFF73CF8F9
:10552000401B642801D903209EE7CC480838006856
:10553000C0F340400028F1D011E0FFF72DF80546F8
:1055400006E0FFF729F8401B642801D903208BE708
:10555000C24808380068C0F340400028F1D12078E4
:1055600000F0020002285FD1BC48006800F00C0087
:1055700058B1BA48006800F00C0008281CD1B748A0
:10558000001F006800F48000B0B9B4480838006813
:10559000C0F3400020B1E068012801D0012063E79A
:1055A000AE480838006820F0F800216940EAC100E0
:1055B000AA490839086037E0E06800B30120A8492B
:1055C0000860FEF7E9FF054606E0FEF7E5FF401B31
:1055D000022801D9032047E7A04808380068C0F333
:1055E00040000028F1D09D480838006820F0F800FD
:1055F000216940EAC10099490839086014E0002097
:1056000097490860FEF7C8FF054606E0FEF7C4FFAD
:10561000401B022801D9032026E79048083800687B
:10562000C0F340000028F1D1207800F008000828DD
:105630002CD16069A8B101208A490860FEF7ACFF4F
:10564000054606E0FEF7A8FF401B022801D903200B
:105650000AE782486C300068C0F340000028F1D0AF
:1056600014E000207F490860FEF796FF054606E03B
:10567000FEF792FF401B022801D90320F4E6774889
:105680006C300068C0F340000028F1D1207800F0B1
:105690000400042870D1002770483830006800F0FA
:1056A000805090B900BF002000906C4838300068EE
:1056B00040F080506949383108600846006800F0C1
:1056C0008050009000BF00BF01276748006800F4C9
:1056D0008070B0B96448006840F480706249086026
:1056E000FEF75AFF054606E0FEF756FF401B02286C
:1056F00001D90320B8E65C48006800F480700028F7
:10570000F2D000BFA068012808D154486830006872
:1057100040F001005149683108601DE0A06805288B
:105720000DD14E486830006840F004004B496831A4
:1057300008600846006840F0010008600CE0474837
:105740006830006820F0010044496831086008466C
:10575000006820F00400086000BFA068A8B1FEF750
:105760001BFF054609E0FEF717FF401B41F2883199
:10577000884202D9032077E626E03848683000687E
:10578000C0F340000028EED013E0FEF705FF054609
:1057900008E0FEF701FF401B41F28831884201D941
:1057A000032061E62D4868300068C0F340000028FF
:1057B000EFD1012F07D129483830006820F0805000
:1057C00026493831086000BFA069002845D0234829
:1057D000006800F00C0008285DD0A069022845D1BF
:1057E00000201F490866FEF7D7FE054606E0FEF7D3
:1057F000D3FE401B022801D9032035E6174808389C
:105800000068C0F340600028F1D1D4E907010843E3
:10581000616A40EA81110122A06AC2EB500041EAAC
:1058200000412C20005D41EA00600C49091F08601E
:1058300001200B490866FEF7AFFE054606E0FEF7BD
:10584000ABFE401B022801D903200DE603480838AF
:105850000068C0F340600028F1D049E008380240F9
:1058600000004742800E474200700040002021495E
:105870000866FEF791FE054606E0FEF78DFE401B2A
:10588000022801D90320EFE51B480068C0F34060FF
:105890000028F2D12CE0A069012800D1E4E51648E7
:1058A000001D0668A069012820D006F48001E06987
:1058B00081421BD106F03F01206A814216D147F692
:1058C000C0703040616AB0EB811F0FD106F44031E7
:1058D0000122A06AC2EB5000B1EB004F06D106F0E6
:1058E00070612C20005DB1EB006F01D00120BBE5A1
:1058F0000020B9E5000047420038024070B5044678
:105900000CB9012070BD607F20B9002020772046AF
:1059100000F04EF8022060772068C068C0F30010E5
:1059200000283CD100BFCA2021684862532021686A
:10593000486200BF204609F0D5FB0546EDB9206856
:1059400080681A49084021688860216960680843B6
:105950006169084321688968084321688860216873
:10596000E068086120680169208941EA00402168F7
:105970000861204609F0DBFB05465DB92068006C34
:1059800020F48020216808642068006CA169084325
:105990002168086400BFFF202168486200E00025FC
:1059A0000DB9012060772846ACE70000BFFF8FFFEC
:1059B0001FB5044600200090019002900390094911
:1059C000206888420CD10220009007480390684666
:1059D000FFF714FB08B1FCF7FBFD01200349086049
:1059E0001FBD00000028004000031E003C0E47427F
:1059F00070B5044600250B482168C860FEF7CCFD51
:105A0000054607E0FEF7C8FD401BB0F57A7F01D9D7
:105A1000032070BD2068C06800F020000028F1D08D
:105A20000020F6E75F7F010010B504460CB90120A5
:105A300010BD606A38B96068B0F5827F00D105E0BA
:105A40000021E16102E00021216161610021A16288
:105A500094F8510028B9002084F85000204600F046
:105A600047F8022084F851002068006820F04000C8
:105A700021680860A08800F48270218901F4044143
:105A80000843A18901F400610843217C01F002016F
:105A90000843217D01F001010843218B01F40071CD
:105AA0000843217F01F0380108432021095D01F0FE
:105AB00080010843218D01F40051084321680860EA
:105AC0000421A06901EA104094F8241001F01001AB
:105AD0000843216848602068C06920F4006021689C
:105AE000C86100206065012084F8510000209FE714
:105AF00010B586B00446142101A8FBF7D9F84B492C
:105B0000206888427ED100BF00200090484800688D
:105B100040F48050464908600846006800F4805010
:105B2000009000BF00BF00BF002000904048143824
:105B3000006840F002003E491439086008460068D9
:105B400000F00200009000BF00BF00BF00200090E6
:105B50000846006840F0010008600846006800F050
:105B60000100009000BF00BF1820019002200290A9
:105B700001200390032004900520059001A92D48E1
:105B8000FEF70AFC80200190022002900120039081
:105B9000032004900520059001A92748FEF7FCFB8F
:105BA0002648274908604FF0C0604860002124481B
:105BB0008160C1604FF480610161002141618161B8
:105BC000C1614FF44031016200214162FEF7C2FA27
:105BD00008B1FCF7FDFC00BF1948E064846300BF16
:105BE00016481830174908604FF0C06048604021DF
:105BF000144881600021C1604FF48061016100217F
:105C0000416100E010E08161C1614FF40031016247
:105C100000214162FEF79EFA08B1FCF7D9FC00BFF3
:105C20000848A064846300BF06B010BD0030014086
:105C30004438024000040240000002404064024038
:105C4000E8110020481200202DE9FE4F04460F46BF
:105C500090461D460C9E01200190FEF79DFC81465A
:105C600094F851B060680290AA46BBF1010F0BD0C6
:105C70000298B0F5827F04D1A06810B9BBF1040F7F
:105C800002D00220BDE8FE8F1FB1B8F1000F00D096
:105C90000DB90120F6E700BF94F85000012801D1AA
:105CA0000220EFE7012084F8500000BF94F8510073
:105CB000042802D0052084F8510000206065C4F853
:105CC0003880E587A5872763E586A586206460641C
:105CD0002068006800F04000402805D02068006877
:105CE00040F0400021680860E068B0F5006F52D1D4
:105CF000606810B1BAF1010F09D1206B00882168EA
:105D0000C860206B801C2063E08E401EE0863BE074
:105D10002068806800F00200022810D1E08E70B187
:105D2000019801280BD1206B00882168C860206B86
:105D3000801C2063E08E401EE086002001902068D9
:105D4000806800F0010068B1E08F58B12068C06839
:105D5000A16B0880A06B801CA063E08F401EE087D1
:105D600001200190FEF718FCA0EB0900B0420BD314
:105D7000701C48B1012084F8510000BF002084F855
:105D8000500000BF03207DE7E08E0028C0D1E08FE7
:105D90000028BDD152E0606810B1BAF1010F09D1FD
:105DA000206B007821680873206B401C2063E08E14
:105DB000401EE0863CE02068806800F00200022877
:105DC00010D1E08E70B1019801280BD1206B0078C2
:105DD00021680873206B401C2063E08E401EE08623
:105DE000002001902068806800F0010068B1E08F19
:105DF00058B12068C068A16B0870A06B401CA063FC
:105E0000E08F401EE08701200190FEF7C5FBA0EB6C
:105E10000900B04201D3701C00B94EB9012084F8CA
:105E2000510000BF002084F8500000BF032029E784
:105E3000E08E0028BFD1E08F0028BCD14A46314611
:105E400020460BF021FE40B12020606500BF0020FD
:105E500084F8500000BF012014E7A06850B900BFCB
:105E6000002000902068C068009020688068009042
:105E700000BF00BF012084F8510000BF002084F85B
:105E8000500000BF606D08B10120FBE60020F9E67C
:105E90007047704710B50346002200BF93F83C00DE
:105EA000012801D1022010BD012083F83C0000BF71
:105EB00022F0FF00CC6840EA040222F440708C68B3
:105EC00040EA040222F480604C6840EA040222F4B2
:105ED00000600C6840EA040222F480500C6940EA39
:105EE000040222F400504C6940EA040222F480408B
:105EF000CC6940EA04021868426400BF002083F8BD
:105F00003C0000BF00BFCEE730B502460B4600BFE5
:105F100092F83C00012801D1022030BD012082F816
:105F20003C0000BF022082F83D0010684468106801
:105F3000816824F070041868044310684460184DA8
:105F40001068A8421BD01068B0F1804F17D0154DD3
:105F50001068A84213D0144D1068A8420FD0134DFA
:105F60001068A8420BD0124D1068A84207D0114DFE
:105F70001068A84203D0104D1068A84205D121F046
:105F800080015868014310688160012082F83D005B
:105F900000BF002082F83C0000BF00BFBDE700004A
:105FA000000001400004004000080040000C0040D8
:105FB00000040140004001400018004010B50446B4
:105FC0000CB9012010BD94F83D0028B9002084F8D8
:105FD0003C00204600F026F8022084F83D00211DF8
:105FE00020680CF03FF8012084F8460000BF84F8D8
:105FF0003E0001213F20015540200155412001551F
:1060000000BF00BF012084F8420043200155442016
:1060100001554520015500BF012084F83D000020B6
:10602000D0E7000038B504464349206888420FD1C4
:1060300000BF002000904148006840F001003F4947
:1060400008600846006800F00100009000BF72E0A0
:106050003B492068884211D100BF0020009037489A
:10606000001F006840F002003449091F086008461C
:10607000006800F00200009000BF5CE03149206839
:10608000884211D100BF002000902C48001F0068FA
:1060900040F004002949091F08600846006800F024
:1060A0000400009000BF46E027492068884211D1D3
:1060B00000BF002000902148001F006840F0080049
:1060C0001E49091F08600846006800F0080000909B
:1060D00000BF30E01D492068884218D100BF002071
:1060E00000901648006840F0020014490860084615
:1060F000006800F00200009000BF00BF00220521F0
:106100002B20FEF729FF2B20FEF712FF13E010498A
:10611000206888420FD100BF002000900748006827
:1061200040F40030054908600846006800F400307B
:10613000009000BF00BF38BD00000140443802405D
:106140000004004000080040000C00400004014032
:1061500000440140014691F83D00012801D0012092
:106160007047022081F83D000868C06840F00100D7
:106170000B68D8601A4B086898421BD00868B0F1C9
:10618000804F17D0174B0868984213D0164B0868F9
:1061900098420FD0154B086898420BD0144B0868F2
:1061A000984207D0134B0868984203D0124B0868F6
:1061B00098420CD10868806800F00702062A0CD0CB
:1061C0000868006840F001000B68186005E0086886
:1061D000006840F001000B6818600020C0E7000074
:1061E000000001400004004000080040000C004096
:1061F0000004014000400140001800402DE9F0413A
:1062000004460D46002700BF94F83C00012802D147
:106210000220BDE8F081012084F83C0000BF02208C
:1062200084F83D002068866826F0770626F47F46CD
:10623000206886602868502833D00CDC202850D095
:1062400004DC00284BD0102851D149E0302849D037
:1062500040284CD139E060282DD0702807D0B0F507
:10626000805F03D0B0F5005F41D10DE041E0D5E99A
:1062700002136A6820680BF065FF2068866846F0A4
:1062800077062068866034E0D5E902136A682068E2
:106290000BF058FF2068806840F4804021688860D7
:1062A00027E0EA68696820680CF03CF85021206813
:1062B0000BF053FF1DE0EA68696820680CF045F8B0
:1062C000602120680BF049FF13E0EA6869682068E4
:1062D0000CF028F8402120680BF03FFF09E000BFD8
:1062E00000BF00BF296820680BF037FF01E00127DD
:1062F00000BF00BF012084F83D0000BF002084F8EB
:106300003C0000BF384684E7704770B504462068FB
:10631000C5682068066906F00200022819D105F058
:106320000200022815D1401F216808610120207752
:106330002068806900F0030018B12046FFF7E4FFF1
:1063400005E0204600F0AAF9204600F05EFA0020A1
:10635000207706F00400042819D105F00400042871
:1063600015D1C04321680861022020772068806928
:1063700000F4407018B12046FFF7C6FF05E0204644
:1063800000F08CF9204600F040FA0020207706F05B
:106390000800082819D105F00800082815D1C043C5
:1063A00021680861042020772068C06900F003009C
:1063B00018B12046FFF7A8FF05E0204600F06EF96F
:1063C000204600F022FA0020207706F01000102866
:1063D00019D105F01000102815D1C04321680861BB
:1063E000082020772068C06900F4407018B120466A
:1063F000FFF78AFF05E0204600F050F9204600F044
:1064000004FA0020207706F0010048B105F00100F1
:1064100030B16FF0010021680861204600F0F6F904
:1064200006F08000802809D105F08000802805D181
:10643000C043216808612046FFF72AFD06F04000AE
:10644000402809D105F04000402805D1C04321680B
:106450000861204600F0E3F906F02000202809D169
:1064600005F02000202805D1C0432168086120469E
:10647000FFF70FFD70BD000010B586B00446142173
:1064800001A8FAF715FC7849206888421FD100BF9F
:10649000002000907548006840F0100073490860C3
:1064A0000846006800F01000009000BF00BF4FF4E5
:1064B000D440019002200290012003900220049019
:1064C0000120059001A96A48FDF766FFCAE0694905
:1064D000206888421DD100BF0020009063480068FA
:1064E00040F00400614908600846006800F00400BC
:1064F000009000BF00BF881501900220029001208B
:10650000039002200490059001A95B48FDF744FF29
:10651000A8E05A49206888421FD100BF002000909F
:106520005248006840F0080050490860084600687A
:1065300000F00800009000BF00BF4FF480400190C1
:106540000220029001200390032004900220059075
:1065500001A94B48FDF720FF84E04A4920688842A2
:106560001ED100BF002000904048006840F080002D
:106570003E4908600846006800F08000009000BFB7
:1065800000BF4FF4E05001900220029001200390E0
:1065900002200490059001A93B48FDF7FDFE61E053
:1065A0003A49206888423BD100BF002000902F4824
:1065B000006840F480702D4908600846006800F4C7
:1065C0008070009000BF00BF00BF00200090084610
:1065D000006840F0040008600846006800F004000D
:1065E000009000BF00BF40200190022002900120D7
:1065F0000390022004900320059001A92448FDF790
:10660000CBFE402001900220029001200390022046
:1066100004900320059001A91748FDF7BDFE21E075
:106620001C49206888421DD100BF002000900F48FF
:10663000006840F020000D4908600846006800F03E
:106640002000009000BF00BF402001900220029077
:1066500001200390022004900320059001A90E4818
:10666000FDF79AFE06B010BD000001403038024030
:1066700000100240000400400008024000080040F2
:10668000000C0240000C0040001C024000040140CD
:1066900000200240004401400014024070472DE9F0
:1066A000F04104460D461646002700BF94F83C0012
:1066B000012802D10220BDE8F081012084F83C00CD
:1066C00000BF36B1042E1BD0082E31D00C2E5ED167
:1066D00045E0294620680BF049FD2068806940F0BC
:1066E0000800216888612068806920F00400216822
:1066F000886120688069296908432168886148E0C9
:10670000294620680BF06AFD2068806940F400602B
:10671000216888612068806920F480602168886130
:1067200020688069296940EA01202168886130E099
:10673000294620680BF090FD2068C06940F00800F1
:106740002168C8612068C06920F004002168C86120
:106750002068C069296908432168C86119E0294691
:1067600020680BF0B5FD2068C06940F40060216826
:10677000C8612068C06920F480602168C861206811
:10678000C069296940EA01202168C86101E0012748
:1067900000BF00BF00BF002084F83C0000BF3846A7
:1067A00089E710B504460CB9012010BD94F83D00EE
:1067B00028B9002084F83C00204600F025F802208B
:1067C00084F83D00211D20680BF04CFC012084F86A
:1067D000460000BF84F83E0001213F2001554020C3
:1067E00001554120015500BF00BF012084F842003F
:1067F00043200155442001554520015500BF01208B
:1068000084F83D000020D0E77047704710B504467B
:106810002068B0F1804F01D1FEF7DCFA10BD70475F
:10682000704770B50446002520684069C0F3C01564
:1068300094F84100212817D1B5B100BF00BF2168ED
:10684000143151E8001F21F080002168143141E823
:106850000002002AF3D100BFA06B10B1A06BFDF7BE
:10686000EEFA20460BF068FE20684069C0F3801500
:1068700094F84200222817D1B5B100BF00BF2168AB
:10688000143151E8001F21F040002168143141E823
:106890000002002AF3D100BFE06B10B1E06BFDF7FE
:1068A000CEFA20460BF002FE002070BD70470000BB
:1068B0002DE9F84F0446206805682068C6682068FE
:1068C00047694FF00009CA4605F00F09B9F1000FFA
:1068D0000AD105F0200038B106F0200020B1204692
:1068E0000BF03DFEBDE8F88FB9F1000F7CD007F04A
:1068F000010018B906F49070002875D005F0010069
:1069000030B106F4807018B1606C40F00100606432
:1069100005F0040030B107F0010018B1606C40F0E0
:106920000200606405F0020030B107F0010018B108
:10693000606C40F00400606405F0080048B106F0A7
:10694000200010B907F0010018B1606C40F0080099
:106950006064606C002846D005F0200028B106F085
:10696000200010B120460BF0FAFD20684069C0F30A
:10697000801A606C00F0080010B9BAF1000F2DD039
:1069800020460BF093FD2068406900F0400040284D
:1069900020D100BF00BF2168143151E8001F21F051
:1069A00040002168143141E80002002AF3D100BF01
:1069B000E06B50B17F48E16B0865E06BFDF795FA3D
:1069C00088B1E06B016D88470DE02046FFF76EFF50
:1069D00009E009E02046FFF769FF04E02046FFF7E1
:1069E00065FF002060647DE7206B012878D105F009
:1069F0001000002874D006F010000028FAD000BF64
:106A00000020009020680068009020684068009096
:106A100000BF00BF2068406900F04000402870D1EE
:106A2000E06B006840681FFA80F8B8F1000F58D09A
:106A3000A08D404555DDA4F82E80E06BC069B0F50F
:106A4000807F43D000BF00BF21680C3151E8001F98
:106A500021F4807021680C3141E80002002AF3D152
:106A600000BF00BF00BF2168143151E8001F21F0B2
:106A700001002168143141E80002002AF3D100BF6F
:106A800000BF00BF2168143151E8001F21F0400011
:106A90002168143141E80002002AF3D100BF202010
:106AA00084F842000020206300BF00BF21680C3141
:106AB00051E8001F21F0100021680C3141E800026C
:106AC000002AF3D100BFE06BFDF7B9F90220606343
:106AD000A08DE28D801A81B22046FFF7A1FE0EE064
:106AE00052E0A08D40450AD1E06BC069B0F5807FCF
:106AF00005D102206063A18D2046FFF791FEF1E6EB
:106B0000FFE7A08DE18D401A1FFA80F8E08DD0B329
:106B1000B8F1000F37D000BF00BF21680C3151E839
:106B2000001F21F4907021680C3141E80002002A16
:106B3000F3D100BF00BF00BF2168143151E8001F2E
:106B400021F001002168143141E80002002AF3D14C
:106B500000BF202084F842000020206300BF00BF57
:106B600021680C3151E8001F21F0100021680C3120
:106B700041E80002002AF3D100BF022060634146D1
:106B80002046FFF74DFEADE605F0800030B106F07F
:106B9000800018B120460BF0E3FEA3E605F04000AC
:106BA00030B106F0400018B120460BF0B5FC99E674
:106BB00000BF97E67323010810B504460CB9012005
:106BC00010BDA06900B100E000BF94F8410028B9F1
:106BD000002084F84000204600F02AF8242084F8A1
:106BE00041002068C06820F400502168C860204639
:106BF0000BF034FD2068006920F4904021680861A2
:106C00002068406920F02A00216848612068C06837
:106C100040F400502168C86000206064202084F89F
:106C2000410084F842000020606300BFC8E7000014
:106C300010B586B00446142101A8FAF739F8BA490C
:106C4000206888427ED100BF00200090B7480068CD
:106C500040F01000B54908600846006800F01000D8
:106C6000009000BF00BF00BF00200090AF48143864
:106C7000006840F00200AD49143908600846006819
:106C800000F00200009000BF00BF00BF0020009095
:106C90000846006840F0010008600846006800F0FF
:106CA0000100009000BF00BF8020019002200290F0
:106CB00000200390032004900720059001A99C4820
:106CC000FDF76AFB4FF40070019002200290002053
:106CD0000390032004900720059001A99548FDF733
:106CE0005BFB9548954908604FF000604860402183
:106CF000924881600021C1604FF4806101610021F0
:106D000041618161C16101624162FDF723FA08B10D
:106D1000FBF75EFC00BF8948A063846300BF864820
:106D20003038874908604FF000604860002184488F
:106D30008160C1604FF48061016100214161816126
:106D4000C16100E014E001624162FDF703FA08B19D
:106D5000FBF73EFC00BF7A48E063846300BF00227B
:106D600005212520FEF7F8F82520FEF7E1F8D8E008
:106D70007449206888425BD100BF002000906B48B6
:106D8000001F006840F480206849091F0860084619
:106D9000006800F48020009000BF00BF00BF00200A
:106DA000009062481438006840F004005F491439CC
:106DB00008600846006800F00400009000BF00BFB3
:106DC0004FF44060019002200290002003900320C5
:106DD00004900720059001A95B48FDF7DDFA5B48A8
:106DE0005B4908604FF000604860002158488160AE
:106DF000C1604FF480610161002141618161C16125
:106E00004FF40031016200214162FDF7A3F908B19E
:106E1000FBF7DEFB00BF4E48E063846300BF002247
:106E200004212720FEF798F82720FEF781F878E064
:106E300048492068884274D100BF002000903B4838
:106E4000006840F02000394908600846006800F0FA
:106E50002000009000BF00BF00BF0020009033481A
:106E60001438006840F04000304914390860084682
:106E7000006800F04000009000BF00BF4FF4844065
:106E8000019002200290002003900320049008202B
:106E9000059001A93048FDF77FFA274890382F491F
:106EA00008608005486000212C488160C1604FF473
:106EB00080610161002141618161C16101624162C2
:106EC000FDF748F908B1FBF783FB00BF2348E063F7
:106ED000846300BF18481838214908604FF02060CB
:106EE000486040211E4881600021C1604FF48061EC
:106EF0000161002141618161C16101624162FDF76F
:106F000029F908B1FBF764FB00BF1548A06384634F
:106F100000BF002205214720FEF71EF84720FEF79C
:106F200007F806B010BD00000010014044380240D0
:106F30000004024000000240B86402403015002006
:106F400090150020004800400008024028600240E0
:106F5000F0150020001401400018024050160020D7
:106F6000B016002070B504460D46164694F842004F
:106F700020280BD105B10EB9012070BD002020637F
:106F80003246294620460BF07FFCF6E70220F4E764
:106F9000704770472DE9F84F04460E46174699464C
:106FA0004FF0000A94F84100202850D106B117B9DB
:106FB0000120BDE8F88F00206064212084F84100A2
:106FC000FDF7EAFA8246A784E784A068B0F5805FFF
:106FD00004D1206910B90025B04602E035464FF0D3
:106FE00000081EE05346002280212046CDF8009084
:106FF0000BF0E6FC20B1202084F841000320D8E704
:1070000045B9B8F80000C0F308002168486008F1ED
:10701000020803E02878216848606D1CE08C401E5F
:10702000E084E08C0028DDD1534600224021204638
:10703000CDF800900BF0C4FC20B1202084F8410072
:107040000320B6E7202084F841000020B1E70220A9
:10705000AFE70000034A0168914202D10121024AD0
:1070600011707047001001400000002070B5044608
:1070700000202074A37B3D4D2D8803FB05F2616841
:10708000D4F8F400F9F7FBFDA27B384B1B8802FB18
:1070900003F16068F9F70CFE002031E0D4F8F41039
:1070A00001EB800191ED000AB5EEC00AF1EE10FA95
:1070B00024D0D4F8F41001EB800191ED000A227C79
:1070C000D4F8F41001EB820181ED000A227C616AA0
:1070D0008854A16901EB800191ED000A6169095CA6
:1070E000227B237C12FB0311491ED4F80C2102EBF6
:1070F000810181ED000A217C491C2174411CC8B228
:10710000A17B8142CADC002011E0626A125CE16965
:1071100001EB820191ED000A227C00FB0202D4F80F
:10712000181101EB820181ED000A411CC8B2217CDB
:107130008142EADC207CA4F87800217B7A2001538C
:10714000207BA4F88000217C82200153207CA4F8BD
:107150009000217C92200153207BA4F89800217C90
:107160009A200153207CA4F8480070BDB400002090
:1071700000BFFEE7014608684069C0F38020B0B157
:107180006FF480600A68506100200863202081F855
:107190003D00002081F83E00086C40F004000864C7
:1071A00000BF002081F83C0000BF01207047002094
:1071B000FCE700002DE9F84304460F4615469946C2
:1071C000DDE908862068006840F480602168086076
:1071D0002068006840F480702168086043460022FF
:1071E0004FF001112046009600F037F960B1206899
:1071F000006800F48070B0F5807F02D14FF4007019
:1072000020640320BDE8F88307F0FE0021680861D0
:10721000334642463E49204600F07EF908B101203F
:10722000F0E700BF002000902068406900902068CF
:107230008069009000BF00BF32464146204600F002
:107240002DFA50B1206C042805D12068006840F464
:107250000070216808600120D4E7B9F1010F03D163
:10726000E8B22168086117E0C5F3072021680861CA
:1072700032464146204600F011FA50B1206C0428F5
:1072800005D12068006840F4007021680860012082
:10729000B8E7E8B22168086132464146204600F06E
:1072A000FDF950B1206C042805D12068006840F435
:1072B0000070216808600120A4E72068006840F49D
:1072C000807021680860434600224FF0011120467B
:1072D000009600F0C2F858B12068006800F4807091
:1072E000B0F5807F02D14FF400702064032089E75D
:1072F000F8B240F001002168086133464246044973
:10730000204600F009F908B101207BE7002079E769
:10731000020001002DE9F8430446884615469946C7
:10732000DDE908672068006840F480702168086023
:10733000334600224FF001112046009700F08DF8EF
:1073400060B12068006800F48070B0F5807F02D1E1
:107350004FF4007020640320BDE8F88308F0FE00BD
:10736000216808613B4632462149204600F0D4F8A6
:1073700008B10120F0E700BF0020009020684069BC
:10738000009020688069009000BF00BF3A463146F7
:10739000204600F083F950B1206C042805D1206804
:1073A000006840F40070216808600120D4E7B9F15A
:1073B000010F03D1E8B22168086117E0C5F3072087
:1073C000216808613A463146204600F067F950B11D
:1073D000206C042805D12068006840F40070216802
:1073E00008600120B8E7E8B2216808610020B3E72F
:1073F0000200010070B504460D46164625E0204601
:10740000FFF7B8FE08B1012070BD681CE8B1FDF7B8
:10741000C3F8801BA84200D8BDB920684069C0F3FA
:10742000800090B900202063202084F83D000020D7
:1074300084F83E00206C40F02000206400BF002053
:1074400084F83C0000BF0120DEE720684069C0F3FB
:1074500080000028D3D00020D6E72DE9F041044673
:107460000D4617461E46DDF8188038E0701CA8B39C
:10747000FDF792F8A0EB0800B04200D876BBC5F348
:10748000074001280AD120684069A9B20840A9B282
:10749000884201D101200BE0002009E020688069CA
:1074A000A9B20840A9B2884201D1012000E0002021
:1074B000B84214D100202063202084F83D00002031
:1074C00084F83E00206C40F02000206400BF0020C3
:1074D00084F83C0000BF0120BDE8F081FFE7C5F360
:1074E000074001280AD120684069A9B20840A9B222
:1074F000884201D101200BE0002009E0206880696A
:10750000A9B20840A9B2884201D1012000E00020C0
:10751000B842ABD00020DFE72DE9F04104460D462C
:1075200016461F4658E020684069C0F38020E8B145
:107530002068006840F40070216808606FF4806083
:107540002168486100202063202084F83D0000204D
:1075500084F83E00206C40F00400206400BF00204E
:1075600084F83C0000BF0120BDE8F081701C90B39E
:10757000FDF712F8C01BB04200D866BBC5F3074048
:1075800001280AD120684069A9B20840A9B28842FE
:1075900001D101200BE0002009E020688069A9B238
:1075A0000840A9B2884201D1012000E0002090B932
:1075B00000202063202084F83D00002084F83E0055
:1075C000206C40F02000206400BF002084F83C00C4
:1075D00000BF0120C8E7FFE7C5F3074001280AD133
:1075E00020684069A9B20840A9B2884201D10120AF
:1075F0000BE0002009E020688069A9B20840A9B228
:10760000884201D1012000E0002000288BD000201A
:10761000AAE770B504460D46164637E02068406973
:10762000C0F30010A0B16FF0100021684861002085
:107630002063202084F83D00002084F83E00206C68
:10764000206400BF002084F83C0000BF012070BD12
:10765000FCF7A2FF801BA84200D8BDB92068406992
:10766000C0F3801090B900202063202084F83D00F2
:10767000002084F83E00206C40F02000206400BF11
:10768000002084F83C0000BF0120E0E7206840694A
:10769000C0F380100028C1D00020D8E770B50446A0
:1076A0000D46164625E02046FFF764FD08B101208F
:1076B00070BD681CE8B1FCF76FFF801BA84200D8C2
:1076C000BDB920684069C0F3C01090B900202063A4
:1076D000202084F83D00002084F83E00206C40F01B
:1076E0002000206400BF002084F83C0000BF01207F
:1076F000DEE720684069C0F3C0100028D3D0002026
:10770000D6E7000010B52DED048BF0EE408AB0EE08
:10771000609AF0EE419AB0EE618A3748C0ED588A1F
:1077200080ED599AC0ED5A9A9FED340A80ED5D0ABA
:107730000020314981F83401B7EE000AB4EEC08A66
:10774000F1EE10FA03DDB7EE000AB0EE408A2A48E7
:1077500080ED5E8A03230022062100F07DFEB7EE55
:10776000000A2548D0F8E80080ED000A9FED240AC1
:107770002148D0F8E80080ED010A9FED210A1E485B
:10778000D0F8E80080ED020A9FED1D0A1A48D0F8F3
:10779000E80080ED030A1B481749C1F8CC001A48DD
:1077A000C1F8D0001948C1F8D4001948C1F8D80070
:1077B000012081F82A0081F82B009022D1F80001E5
:1077C0001449F9F75CFA0C499022D1F8F8001249F3
:1077D000F9F755FA08499022D1F814010F49F9F741
:1077E0004EFA05492422D1F818010D49F9F747FA54
:1077F000BDEC048B10BD00009C8200200AD7233C06
:107800000000000025780008297D0008597800084C
:10781000F57E000840010020D00100206002002019
:10782000F002002010B5044654F8F81F90220748D3
:10783000F9F725FA90220648616AF9F720FA61699A
:10784000F83C90220348F9F71AFA10BDD001002045
:1078500014030020A403002010B5044654F8EC0FD4
:1078600090ED000AF0EE000A20EE200A3F4880ED7D
:10787000000A206890ED010AF0EE000A20EE200ACE
:107880003B4880ED000A206890ED020AF0EE000A05
:1078900020EE200A374880ED000A206890ED030AA8
:1078A000F0EE000A20EE200A334880ED000A14F8BA
:1078B000DE2C324B1B885A4314F8E03C02FB03F1E8
:1078C000206AF9F7F5F92B4890ED000AB1EE400A6D
:1078D000206A80ED000A284890ED000A206A80EDB9
:1078E000010A224890ED000AB1EE400A206A80EDBC
:1078F000020A1F4890ED000A206A80ED030A1C4826
:1079000090ED000A206A80ED060A184890ED000A02
:10791000206A80ED070A184890ED000A206A80ED81
:10792000080A144890ED000A206A80ED090A0F4801
:1079300090ED000A206A80ED0C0A0D4890ED000AD7
:10794000B1EE400A206A80ED0D0A0A4890ED000A67
:10795000B1EE400A206A80ED0E0A074890ED000A59
:10796000206AEC3C80ED0F0A10BD0000D804002016
:10797000DC040020E0040020E4040020B400002027
:1079800010B52DED088BB0EE40AAF0EE60AAB0EE77
:1079900041BAF0EE619AF0EE428AB0EE629AB0EE31
:1079A000438ADA4880ED5B8A90ED520A3AEE400A4B
:1079B000F6EE000A20EE200A20EE080AD44880EDF8
:1079C000000AD24890ED530A3AEEC00AF6EE000AD9
:1079D00020EE200A20EE080ACE4880ED000ACB48AF
:1079E00090ED540A3BEE400AF6EE000A20EE200A23
:1079F00020EE080AC84880ED000AC4499022D1F858
:107A00000001C649F9F73BF9C14890ED000AB1EE13
:107A1000400ABE48D0F8000180ED010ABD4890ED53
:107A2000000AB1EE400AB948D0F8000180ED020A20
:107A3000B94890ED000AB1EE400AB448D0F8000110
:107A400080ED030AB24890ED000AB048D0F800017A
:107A500080ED060AB04890ED000AAC48D0F800016D
:107A600080ED080AAB4890ED000AB1EE400AA74845
:107A7000D0F8000180ED090AA64890ED000AA3485D
:107A8000D0F8000180ED0C0AA34890ED000AB1EE99
:107A9000400A9E48D0F8000180ED0D0A9C4890ED08
:107AA000000A9A48D0F8000180ED0F0A9A4890ED3C
:107AB000000A9648D0F8000180ED120A954890ED32
:107AC000000A9248D0F8000180ED130A904890ED2A
:107AD000000AB1EE400A8D48D0F8000180ED140A8A
:107AE00069EEA90A48EEA80A49EE090AB0EE600A52
:107AF0000CF024FA8A4880ED000A90ED000A29EE85
:107B0000800A8248406880ED000A854890ED000AAE
:107B100028EE800A7D48406880ED010A804890ED9B
:107B2000000A29EE000A7948406880ED020A774889
:107B300090ED580AD0ED5B0A20EE200AD0F814012F
:107B400080ED000A714890ED580AD0ED5B0A20EEF6
:107B5000200AD0F8140180ED070A6C4890ED580A0D
:107B6000D0ED5B0A20EE200AD0F8140180ED0E0A59
:107B7000664890ED580AD0ED5B0A20EE200AD0F856
:107B8000140180ED150A614890ED590AD0ED5B0AA9
:107B900020EE200AD0F8140180ED1C0A5B4890ED1D
:107BA000590AD0ED5B0A20EE200AD0F8140180EDCE
:107BB000230A564890ED5A0AD0F8180180ED000AC1
:107BC000524890ED5A0AD0F8180180ED040A4F4847
:107BD00090ED5A0AD0F8180180ED080A4B4800F0E1
:107BE000C1FF4A48006890ED000A484880ED4E0AFF
:107BF000006890ED010A454880ED4F0A006890ED5D
:107C0000020A424880ED500A006890ED030A3F489E
:107C100080ED510A006890ED040A3C4880ED520A5C
:107C2000006890ED050A394880ED530A9FED3D0A42
:107C300080ED540A90ED4E1A21EE011AD0ED511A42
:107C400090ED512A01EE821AF7EE001AB0EE002AEA
:107C500052EE011AF0EE610A90ED4E1AD0ED4F1A75
:107C600021EE211AD0ED501A90ED512A01EE821A20
:107C7000F0EE001A21EE211AB0EE410A0BF012F9D3
:107C8000224880ED550AD0ED4F0A90ED511A60EE72
:107C9000810A90ED4E1AD0ED501A41EE610AB8EE0D
:107CA000001A60EE810AB0EE600A0BF065F8174822
:107CB00080ED560A90ED4E1A21EE011AD0ED4F1AC2
:107CC00090ED4F2A01EE821AF7EE001AB0EE002A6C
:107CD00052EE011AF0EE610A90ED4E1AD0ED511AF3
:107CE00021EE211AD0ED4F1A90ED502A01EE821AA2
:107CF000F0EE001A21EE211AB0EE410A0BF0D2F894
:107D0000024880ED570ABDEC088B10BD9C82002014
:107D100004050020080500200C050020400100207B
:107D2000100500209BF44A3B10B5044654F8EC0FB4
:107D300090ED000A694880ED000A206890ED010A84
:107D4000674880ED000A206890ED020A654880EDE2
:107D5000000A54F8EC0990ED030A634880ED000A2C
:107D60005E48D0ED000A60EEA00A5D4890ED001A72
:107D7000D0ED001A41EE210A5A4890ED001AD0EDDC
:107D8000001A41EE210A584890ED001AD0ED001A71
:107D900041EE210AB0EE600A0CF0D0F8534880EDB5
:107DA000000A002012E0D4F8EC1001EB800191ED04
:107DB000000A4E49D1ED000A20EE200AD4F8EC105A
:107DC00001EB800181ED000A411CC8B20428EADB06
:107DD000474890ED5B0A4248D0ED000A20EE200AA9
:107DE000F0EE000A80EE201A04F58074206880ED21
:107DF000041A3F4890ED5B0A3A48D0ED000A20EEA5
:107E0000200AF0EE000A80EE201A206880ED051AA4
:107E1000374890ED5B0A3148D0ED000AF1EE600A78
:107E200020EE200AF0EE000A80EE201A206880ED95
:107E30000A1A2F4890ED5B0A2B48D0ED000A20EE7D
:107E4000200AF0EE000A80EE201A206880ED0B1A5E
:107E5000274890ED5B0A2448D0ED000AF1EE600A55
:107E600020EE200AF0EE000A80EE201A206880ED55
:107E7000101A1F4890ED5B0A1848D0ED000AF1EE89
:107E8000600A20EE200AF0EE000A80EE201A206838
:107E900080ED111A164890ED5B0A1248D0ED000AE9
:107EA00020EE200AF0EE000A80EE201A206880ED15
:107EB000161A0F4890ED5B0A0948D0ED000AF1EE62
:107EC000600A20EE200AF0EE000A80EE201A2068F8
:107ED000A4F5807480ED171A10BD0000C4040020C2
:107EE000C8040020CC040020D0040020D4040020CA
:107EF0009C82002070B5044604F1800104F17800F2
:107F0000F8F702FE84F8C800B4F87800A4F8A800D6
:107F10005A20015BAA20015304F1A80204F1580180
:107F200004F17800F8F7CEFC84F8C800B4F8A80093
:107F3000A4F8B0008220015BB220015304F1B0022A
:107F400004F1800104F1A800F8F7BCFC84F8C80033
:107F5000B4F89000A4F8A0009220015BA220015385
:107F600004F1A00204F1900104F1B000F8F78AF9DD
:107F700084F8C80004F1B00104F1A000F8F70AFA8F
:107F8000AC342077206C90ED000A9F4880ED000A09
:107F9000206C90ED010A9D4880ED000A206C90ED68
:107FA000020A9B4880ED000A206C90ED030A994874
:107FB00080ED000A34F8340CA081AC3C0121BA20D9
:107FC0000153924890ED000A9248D0ED000A20EE4D
:107FD000200A8D48D0ED000A8D4890ED001A00EE81
:107FE000C10AF0EE000A20EE200AB034E06F80ED06
:107FF000000A854890ED000A8448D0ED000A20EE82
:10800000200A8348D0ED000A824890ED001A00EE65
:10801000810AF0EE000A20EE200AE06F80ED010AEE
:10802000794890ED000A20EE000A7848D0ED000A69
:1080300090ED001A00EEC10A7548D0ED000A90EDEF
:10804000001A00EEC10A7348D0ED000A90ED001A44
:1080500000EE810AE06F80ED020A34F8680C20829D
:10806000B03CC220015304F1C00204F1B80104F194
:108070004800F8F7C5FC84F8C800B4F8C000A4F8BC
:10808000A8000121AA20015304F1A80204F1C001B3
:1080900004F1B000F8F716FCB834207401202080F9
:1080A0002189B83CBA20015304F1B80104F1C000A1
:1080B000F8F72AFD84F8C8000120A4F8A8000121DF
:1080C000AA20015304F1A80204F1C00104F1B80090
:1080D000F8F7F8FB84F8C800AC20005990ED000ACE
:1080E0004D4880ED5C0A90ED5C0AD0ED5D0A9FED95
:1080F0004B1A60EE810AB4EEE00AF1EE10FA03D2F8
:108100000120454981F83401434890ED5C0AD0EDE7
:108110005D0AB4EEE00AF1EE10FA1ADD90F83401CF
:10812000B8B1237B3E4D2D8803FB05F2D4E93A011B
:10813000F8F7A5FD237B3A4D2D886B43257B03FB88
:1081400005F2D4E93E01F8F79AFD012084F82C00ED
:1081500070BD54F8F80F90ED1C0A2F48D0ED5E0A60
:1081600080EE201A206880ED1C1A206890ED230A0A
:108170002948D0ED5E0A80EE201A206880ED231A8F
:10818000002004F8CC0CF83CB4F85800A4F8A8007F
:108190008220015BAA20015304F1A80204F18001AE
:1081A00004F15800F8F78EFB84F8C80004F1980237
:1081B00004F1B00104F1A800F8F784FB84F8C800CA
:1081C000B4F89800A4F8B8000121BA20015304F1D2
:1081D000B80204F1C00104F19800F8F773FB84F8C9
:1081E000C8009FED100ABC20005980ED030A04F17D
:1081F000300204F1B80104F13800F8F743F884F8CC
:10820000C80000BFA4E70000E8040020EC04002040
:10821000F0040020F40400209C820020CDCCCC3D52
:10822000B40000200000000008B507200BF0DEFFBE
:1082300002E064200BF0DAFFF9F73AF90028F8D1F0
:1082400002E064200BF0D2FF0BF0DCFE0028F8D136
:10825000694AA2F10C01101DF9F744F96748664B11
:10826000103B674A6749009067480BF09BFD6549E2
:1082700065480BF0A1FADFED650A9FED650A654AD6
:108280000021654806F0B0FE00200BF0EFFF044629
:108290000DF068FF6149086010216148C161FDF778
:1082A000C3FB08B1FAF794F908225E495E4809F069
:1082B0002BFB01205D490870DFED5D0AB7EE000A77
:1082C0000BF0A6FBDFED5B1A9FED5B1ADFED5B0A9F
:1082D000B2EE040AFFF716FA8CE000BF4FF0FF3150
:1082E00001200CF06FFF0128F8D15548007800F00C
:1082F000080058B15248007820F008005049087032
:108300003D49091D4748401CF9F79EF84D48007843
:1083100000F0040060B14B48007820F004004949A7
:108320000870354A1032A2F11C014748F9F736F8B7
:108330004648007800F0040088B14448007820F0F6
:108340000400424908702C494148F9F7B9F92A4814
:108350001038D0ED040AB0EE600A0BF09DFD2748FE
:10836000254B103B264A2749009027480BF01AFD61
:10837000244925480BF020FA224890ED023AF0EE0D
:10838000432A90ED013AB0EE432A90ED003AF0EE28
:10839000431A1D4890ED023AB0EE431A90ED013AAF
:1083A000F0EE430A90ED003AB0EE430A9FED233A17
:1083B0000BF07EFB274890ED023AF0EE432A90ED59
:1083C000013AB0EE432A90ED003AF0EE431A0E481F
:1083D00090ED023AB0EE431A90ED013AF0EE430A06
:1083E00090ED003AB0EE430A9FED143AFFF7C8FA59
:1083F0000AF0F8FB71E7000098850020DC8500207A
:1084000064860020588600204C8600200080894524
:1084100000A08C4530680108048600201405002067
:108420009011002018050020200500203D050020A7
:108430000000FA44C9E57F3F002474496F12833A73
:10844000390500203A0500207E8500203B050020EC
:10845000330500204C8500200FB583B00420FE4971
:1084600008800820FD490880DDE90310087303999E
:10847000059848730399069888730021039801743E
:10848000069802900BF04AFE039948610698029004
:108490000398406901900299F8F70AFCEE480088B9
:1084A0000699484302900BF039FE03998861EA4827
:1084B00000880699484302900398806901900299C8
:1084C000F8F7F6FBE44800880699484302900BF061
:1084D00025FE0399C861E048008806994843029048
:1084E0000398C06901900299F8F7E2FBDA48008826
:1084F0000499484302900BF011FE03990862D64894
:1085000000880499484302900398006A01900299F8
:10851000F8F7CEFB069802900BF000FE0399486234
:10852000069802900398406A01900299F8F7C0FB00
:10853000C94800880499484302900BF0EFFD039965
:108540000860C54800880499484302900398006871
:1085500001900299F8F7ACFBBF48008806994843A0
:1085600002900BF0DBFD03994860BB480088069938
:10857000484302900398406801900299F8F798FBED
:10858000B54800880599484302900BF0C7FD039950
:108590008860B14800880599484302900398806834
:1085A00001900299F8F784FBAB480088049948438E
:1085B00002900BF0B3FD0399C1F8E800A6480088CB
:1085C0000499484302900398D0F8E800019002997A
:1085D000F8F76EFB0398D0F8E80002900398007B50
:1085E000019001220146DDE902303030F7F7CEFE7E
:1085F000994800880499484302900BF08FFD039935
:10860000C1F8EC009448008804994843029003980C
:10861000D0F8EC0001900299F8F74AFB0398D0F8E3
:10862000EC0002900398007B019001220146DDE9F5
:1086300002303830F7F7AAFE059818B3864800884C
:108640000599484302900BF069FD0399C1F8F000C9
:10865000814800880599484302900398D0F8F000BB
:1086600001900299F8F724FB0398D0F8F0000290EB
:108670000398407B019001220146DDE90230403041
:10868000F7F784FE744800880699484302900BF07F
:1086900045FD0399C1F8F4006F48008806994843E6
:1086A00002900398D0F8F40001900299F8F700FBCB
:1086B0000398D0F8F40002900398807B0190012287
:1086C0000146DDE902304830F7F760FE6248008875
:1086D00004994843484302900BF020FD0399C1F8E8
:1086E000F8005D4800880499484348430290039885
:1086F000D0F8F80001900299F8F7DAFA0398D0F868
:10870000F80002900398007B01900398007B009092
:108710000146DDE902305030019AF7F737FE4E4846
:10872000008804994843484302900BF0F7FC0399F2
:10873000C1F8FC0048480088049948434843029027
:108740000398D0F8FC0001900299F8F7B1FA039869
:10875000D0F8FC0002900398007B01900398007B06
:1087600000900146DDE902305830019AF7F70EFE1D
:108770003948008804994843484302900BF0CEFCE6
:108780000399C1F8000134480088049948434843DC
:1087900002900BF0C3FC0399C1F804012E48008835
:1087A00004994843484302900398D0F8000101908F
:1087B0000299F8F77DFA284800880499484348430D
:1087C00002900398D0F8040101900299F8F770FA2A
:1087D0000398D0F8000102900398007B0190039861
:1087E000007B00900146DDE902306030019AF7F726
:1087F000CDFD0398D0F8040102900398007B01900E
:108800000398007B00900146DDE902306830019A50
:10881000F7F7BCFD059878B30F48008804994843E2
:108820000599484302900BF079FC0399C1F80801BF
:1088300009480088049948430599484302900398E1
:10884000D0F8080101900299F8F732FA0398D0F8AD
:1088500008010290039803E0B4000020B600002055
:10886000407B01900398007B00900146DDE90230D7
:108870007030019AF7F78AFDB94800880699484395
:108880000499484302900BF049FC0399C1F80C018C
:10889000B3480088049948430699484302900BF076
:1088A0003DFC0399C1F81001AD4800880699484382
:1088B0000499484302900398D0F80C010190029962
:1088C000F8F7F6F9A6480088049948430699484302
:1088D00002900398D0F8100101900299F8F7E8F996
:1088E0000398D0F80C0102900398007B0190039844
:1088F000807B00900146DDE902307830019AF7F77D
:1089000045FD0398D0F8100102900398807B0190F8
:108910000398007B00900146DDE902308030019A27
:10892000F7F734FD8E480088049948434843029085
:108930000BF0F4FB0399C1F81401894800880499ED
:108940004843484302900398D0F8140101900299DB
:10895000F8F7AEF90398D0F8140102900398007B61
:1089600001900398007B00900146DDE902308830D9
:10897000019AF7F70BFD7A48008806994843484367
:1089800002900BF0CBFB0399C1F8180174480088E2
:1089900006994843484302900398D0F81801019083
:1089A0000299F8F785F90398D0F818010290039816
:1089B000807B01900398807B00900146DDE90230C6
:1089C0009030019AF7F7E2FC654800880499484323
:1089D0000699484302900BF0A1FB0399C1F81C01D2
:1089E0005F480088049948430699484302900398D9
:1089F000D0F81C0101900299F8F75AF90398D0F8C1
:108A00001C0102900398807B01900398007B0090EA
:108A10000146DDE902309830019AF7F7B7FC039878
:108A2000007B4F49098848430399097B48430290DA
:108A30000BF074FB0399C1F820010398007B4849AF
:108A4000098848430399097B484302900BF066FB71
:108A50000399C1F824010398007B414909884843E0
:108A60000399097B484302900BF058FB0399C1F826
:108A700028010398007B3A490988484302900BF08B
:108A80004DFB0399C1F82C010398007B34490988F8
:108A9000484302900BF042FB0399C1F83001039860
:108AA000D0F8200102900398007B01900398007B8E
:108AB00000900146DDE90230A030019AF7F766FC2C
:108AC0000398D0F8240102900398007B019003984A
:108AD000007B00900146DDE90230A830019AF7F7EB
:108AE00055FC0398D0F8280102900398007B019070
:108AF0000398007B00900146DDE90230B030019A16
:108B0000F7F744FC0398D0F82C0102900398007BFF
:108B1000019001220146DDE90230B830F7F736FC5A
:108B20000398D0F8300102900398007B0190012255
:108B30000146DDE90230C030F7F728FC0021039838
:108B400080F82810039880F82910039880F82A10DC
:108B5000039880F82B10039880F82C1007B000BD04
:108B6000B400002070B50446E07B18B12046FEF743
:108B70007DFA11E0A37BF94D2D8803FB05F26168B6
:108B8000D4F8F400F8F77BF8A27BF44B1B8802FBC7
:108B900003F16068F8F78CF8637BF04D2D8803FBD8
:108BA00005F2A168D4F8F000F8F769F8D4F8CC0021
:108BB00018B12046D4F8CC10884794F8280030BB70
:108BC000607B002824DD04F1B80204F1300104F1D7
:108BD0006000F7F777FE84F8C800207BA4F8C00097
:108BE0000121C220015304F1C00204F1400104F14B
:108BF0007000F7F767FE84F8C80004F1380204F14A
:108C0000C00104F1B800F7F73DFB84F8C80009E0A3
:108C100004F1380204F1300104F16000F7F752FE6C
:108C200084F8C800D4F8D00018B12046D4F8D01089
:108C3000884794F8290068BB04F1680104F16000DA
:108C4000F7F762FF84F8C80004F1580204F15001FC
:108C500004F16000F7F736FE84F8C800B4F8580055
:108C6000A4F8A8006A20015BAA20015304F1A8021D
:108C700004F1680104F15800F7F724FE84F8C800F5
:108C800004F1580204F1880104F1A800F7F7FAFA98
:108C900084F8C800D4F8D40018B12046D4F8D41011
:108CA0008847207C10B9E07B00287DD194F82A0009
:108CB000002861D104F1800104F17800F7F724FF66
:108CC00084F8C800B4F87800A4F8A8005A20015B22
:108CD000AA20015304F1A80204F1580104F178001C
:108CE000F7F7F0FD84F8C800B4F8A800A4F8B000C5
:108CF0008220015BB220015304F1B00204F1800133
:108D000004F1A800F7F7DEFD84F8C800B4F890007D
:108D1000A4F8A0009220015BA220015304F1A0025C
:108D200004F1900104F1B000F7F7ACFA84F8C80040
:108D300004F1B00104F1A000F7F72CFB84F8C8009F
:108D4000B4F85800A4F8A8008220015BAA200153BF
:108D500004F1A80204F1800104F15800F7F7B2FD14
:108D600084F8C80004F1980204F1B00104F1A800ED
:108D7000F7F7A8FD84F8C800D4F8D80018B1204649
:108D8000D4F8D810884794F82B00E8BBB4F87800E2
:108D9000A4F8B8000121BA20015304F1B80204F18B
:108DA000380104F1780000E06AE0F7F78BFD84F801
:108DB000C800B4F84800A4F8C0000121C220015343
:108DC00004F1C00204F1B80104F14800F7F718FEFD
:108DD00084F8C800B4F89800A4F8B8000121BA20BB
:108DE000015304F1B80204F1C00104F19800F7F74F
:108DF00069FD84F8C80004F1300204F1B80104F1FF
:108E00003800F7F73FFA00E001E084F8C800D4F832
:108E1000DC0018B12046D4F8DC10884794F82C0008
:108E200068BBB4F89800A4F8A8007A20015BAA20D7
:108E30000153B4F8A800A4F8B0005A20015BB22096
:108E4000015304F1A80204F1780104F19800F7F746
:108E500039FD84F8C80004F1B00204F1580104F1AE
:108E6000A800F7F72FFD84F8C80004F1500204F1C0
:108E7000B00104F15800F7F7C3FD84F8C80013E00F
:108E8000237B364D2D8803FB05F2D4E93A01F7F731
:108E9000F6FE237B314D2D886B43257B03FB05F2CA
:108EA000D4E93E01F7F7EBFED4F8E00018B1204614
:108EB000D4F8E0108847002022E0227B00FB020269
:108EC000D4F8F81001EB820191ED000A216A01EB60
:108ED0008001D1ED000AB4EEE00AF1EE10FA0DD2F5
:108EE000216A01EB800191ED000A227B00FB020266
:108EF000D4F8F81001EB820181ED000A411CC8B2E0
:108F0000217B8142D9DCE07BA8B1A27B134B1B887B
:108F10005A43A37B02FB03F1D4F81801F7F7C8FE0C
:108F2000227B0E4B1B885A43A37B02FB03F1D4F830
:108F30000C01F7F7BDFE237B084D2D8803FB05F2DE
:108F4000D4F8E8102068F7F79AFED4F8E40018B1D6
:108F50002046D4F8E4108847206870BDB400002093
:108F60000A7D02F0010202720A7DC2F340024272DF
:108F70000A7DC2F3800282720A7DC2F3C002C2720D
:108F80000A7DC2F3001282750A7DC2F34012C275D7
:108F90000A7DC2F3801202730A7DC2F3C0124273CB
:108FA0008A8AC2F3002282738A8AC2F34022C27381
:108FB0008A8AC2F3802202748A8AC2F3C02242746F
:108FC0008A8AC2F3003282748A8AC2F34032C2743F
:108FD0008A8AC2F3803202758A8AD20B42758A89E4
:108FE0000280CA89524212B242800A8A82808A7CF6
:108FF0008271CA7CC271027B0276027C4276427C1C
:109000008276427DC276C27D0277027E42B9027BC1
:10901000012A05D1427F0AB9012200E000224277ED
:10902000427E42B9027C012A05D1827F0AB901221F
:1090300000E000228277827E42B9427C012A05D17B
:10904000C27F0AB9012200E00022C277C27E52B973
:10905000427D012A07D190F820200AB9012200E0C0
:10906000002280F82020027F52B9C27D012A07D158
:1090700090F821200AB9012200E0002280F8212086
:109080007047F0EE400A90ED001AD0ED011A21EE83
:10909000211AD0ED001AB7EE002A72EE611A01EE25
:1090A000A01AB0EE410A80ED010A704780ED000A77
:1090B000DFED020AC0ED010A704700000000000069
:1090C0001FB50020009001900290039015481649AA
:1090D00008604FF40030486000211348816001614E
:1090E000017680F82010C162104981620021C160C0
:1090F0000121C161002180F8301001214161FAF79E
:10910000C3F808B1F9F764FA10200090012001902B
:109110000020029069460448F9F7F0FF08B1F9F71A
:1091200057FA1FBD00200140340F00200100000F3E
:109130001FB5002000900190029003901548164939
:1091400008604FF4003048600021134881600161DD
:10915000017680F82010C162104981620021C1604F
:109160000121C161002180F8301001214161FAF72D
:109170008BF808B1F9F72CFA082000900120019033
:109180000020029069460448F9F7B8FF08B1F9F7E2
:109190001FFA1FBD002201407C0F00200100000FBC
:1091A00010B50E480E4908600320486000210C48A5
:1091B0008160C1604FF4102101614FF400114161E1
:1091C0000021017641768176C17601774177FAF701
:1091D0003CFC08B1F9F7FCF910BD00000064004048
:1091E000C40F002010B50E480E49086003204860E7
:1091F00000210C488160C1604FF4102101614FF4DF
:10920000001141610021017641768176C1760177B6
:109210004177FAF71AFC08B1F9F7DAF910BD000046
:1092200000680040EC0F002008B500BF002000904F
:109230002E48006840F480002C4908600846006809
:1092400000F48000009000BF00BF00BF002000902D
:109250000846006840F4001008600846006800F402
:109260000010009000BF00BF002205210C20FBF77A
:1092700073FE0C20FBF75CFE002205212F20FBF77C
:109280006BFE2F20FBF754FE002205213920FBF74F
:1092900063FE3920FBF74CFE002205213A20FBF744
:1092A0005BFE3A20FBF744FE002205213B20FBF742
:1092B00053FE3B20FBF73CFE002205214420FBF738
:1092C0004BFE4420FBF734FE002205214520FBF72E
:1092D00043FE4520FBF72CFE002205214620FBF72C
:1092E0003BFE4620FBF724FE08BD0000303802405C
:1092F00000B5ABB01C22244924A8F7F7C0FC00211C
:1093000024A80AF084FF214908601C221E491C3150
:109310001DA8F7F7B4FC00211DA80AF078FF1C492E
:1093200008601C221849383116A8F7F7A8FC00215C
:1093300016A80AF06CFF174908601C221249543124
:109340000FA8F7F79CFC00210FA80AF060FF124954
:1093500008601C220C49703108A8F7F790FC002126
:1093600008A80AF054FF0D4908601C2206498C31F8
:1093700001A8F7F784FC002101A80AF048FF08497A
:1093800008602BB000BD0000DC660108040000206E
:10939000080000200C000020100000201400002015
:1093A0001800002000B587B0142102A8F7F780FC50
:1093B00000BF002001907F48006840F002007D4916
:1093C00008600846006800F00200019000BF00BF7E
:1093D00000BF002001900846006840F0400008608F
:1093E0000846006800F04000019000BF00BF00BFC9
:1093F000002001900846006840F00100086008461F
:10940000006800F00100019000BF00BF00BF002015
:1094100001900846006840F00800086008460068AF
:1094200000F00800019000BF00BF00BF00200190C5
:109430000846006840F0040008600846006800F034
:109440000400019000BF00BF00BF0020019008464B
:10945000006840F4807008600846006800F480707E
:10946000019000BF00BF00BF0020019008460068C7
:1094700040F0200008600846006800F020000190DD
:1094800000BF00BF00BF002001900846006840F008
:10949000800008600846006800F08000019000BF6E
:1094A00000BF00BF002001900846006840F0100097
:1094B00008600846006800F01000019000BF00BF7F
:1094C000012240213C48FBF761F8012210213B4872
:1094D000FBF75CF8012211463948FBF757F880206A
:1094E0000290002003900120049002A93548FAF769
:1094F00053FF40200290012003900490059002A9A0
:109500002D48FAF749FF092002904FF40410039008
:109510000120049002A92848FAF73EFF0720029094
:1095200000200390049002A92748FAF735FF102085
:1095300002900120039004900220059002A91F4888
:10954000FAF72AFF302002904FF404100390012014
:10955000049002A91C48FAF71FFF01200290039013
:1095600004900220059002A91548FAF715FF002281
:1095700006210846FBF7F0FC0620FBF7D9FC002289
:1095800005210920FBF7E8FC0920FBF7D1FC0022AC
:1095900005210A20FBF7E0FC0A20FBF7C9FC0022AA
:1095A00005211720FBF7D8FC1720FBF7C1FC07B0FB
:1095B00000BD0000303802400018024000000240A8
:1095C00000040240002002400008024010B50B4891
:1095D0000B4908600B484860002109488160C16060
:1095E0004FF480410161002141618161C1610162EB
:1095F000FAF7D8FF08B1F8F7EBFF10BD00540040B0
:1096000014100020801A060010B50B480B490860A2
:109610000B484860002109488160C1604FF48041D7
:109620000161002141618161C1610162FAF7BAFF04
:1096300008B1F8F7CDFF10BD0058004068100020B9
:10964000801A060010B50B480B4908600B484860AB
:10965000002109488160C1604FF48041016100210F
:1096600041618161C1610162FAF79CFF08B1F8F7BD
:10967000AFFF10BD005C0040BC100020801A060047
:1096800010B50A480A490860002048607C21084853
:10969000816040F67F41C1600021016141618161CB
:1096A000FCF72CF908B1F8F793FF10BD0028004033
:1096B0007011002010B50F480F4908604FF48270F8
:1096C000486000210C488160C160022101610121D4
:1096D0004161490281611021C16100210162416241
:1096E00081620A21C162FCF79FF908B1F8F770FFA7
:1096F00010BD0000003001409011002000B587B07F
:109700001C216846F7F7D4FA15481649086000206E
:10971000486000211348816041F28731C160002117
:1097200001618161FCF74AFC08B1F8F751FF0D486F
:10973000FDF737F808B1F8F74BFF602000900020E4
:10974000019002900490002269460648FCF7A7FFAA
:1097500008B1F8F73DFF0348FCF78EFE07B000BDE7
:10976000004401401014002000B595B00020119075
:109770001290139014900F9010901C2108A8F7F7E6
:1097800097FA20216846F7F793FA38483849086075
:10979000A720486000213648816044F61F61C160FF
:1097A0000021016141618161FCF708FC08B1F8F713
:1097B0000FFF4FF48050119011A92D48FCF71EFDAA
:1097C00008B1F8F705FF2A48FCF7EBFF08B1F8F7F6
:1097D000FFFE00200F9010900FA92548FCF794FB86
:1097E00008B1F8F7F5FE602008904FF47A70099000
:1097F00000200A900B900C900D900E90002208A96A
:109800001B48FCF74CFF08B1F8F7E2FE042208A958
:109810001748FCF744FF08B1F8F7DAFE082208A958
:109820001348FCF73CFF08B1F8F7D2FE0C2208A958
:109830000F48FCF734FF08B1F8F7CAFE002000908B
:1098400001900290039004904FF400500590002086
:10985000079069460648FCF71DFB08B1F8F7B8FE0B
:109860000348FCF709FE15B000BD000000000140F0
:10987000A812002000B58DB0002009900A900B902E
:109880000C90079008901C216846F7F711FA2048C1
:10989000204908600020486000211E48816042F293
:1098A000CF01C160002101618161FCF787FB08B134
:1098B000F8F78EFE4FF48050099009A91548FCF77F
:1098C0009DFC08B1F8F784FE1248FCF76AFF08B166
:1098D000F8F77EFE00200790089007A90D48FCF7D6
:1098E00013FB08B1F8F774FE60200090002001908F
:1098F00002900490082269460648FCF7D0FE08B1A1
:10990000F8F766FE0348FCF7B7FD0DB000BD000098
:1099100000040040F012002000B58DB00020099036
:109920000A900B900C90079008901C216846F7F75E
:10993000BFF9204820490860A720486000211E4840
:1099400081604FF6FF71C160002101618161FCF708
:1099500035FB08B1F8F73CFE4FF48050099009A997
:109960001548FCF74BFC08B1F8F732FE1248FCF73B
:1099700018FF08B1F8F72CFE00200790089007A9FF
:109980000D48FCF7C1FA08B1F8F722FE60200090FC
:109990000020019002900490082269460648FCF7D6
:1099A0007EFE08B1F8F714FE0348FCF765FD0DB024
:1099B00000BD0000000800403813002000B58DB045
:1099C000002009900A900B900C90079008901C21A1
:1099D0006846F7F76DF92848284908600020486074
:1099E0000021264881604FF6FF71C16000210161AE
:1099F0008161FCF7E3FA08B1F8F7EAFD4FF4805013
:109A0000099009A91D48FCF7F9FB08B1F8F7E0FD3A
:109A10001A48FCF7C6FE08B1F8F7DAFD00200790F7
:109A2000089007A91548FCF76FFA08B1F8F7D0FDC0
:109A3000602000900020019002900490002269466E
:109A40000E48FCF72CFE08B1F8F7C2FD0422694667
:109A50000A48FCF724FE08B1F8F7BAFD0822694667
:109A60000648FCF71CFE08B1F8F7B2FD0348FCF706
:109A700003FD0DB000BD0000000C0040801300206D
:109A800000B595B0002011901290139014900F9093
:109A900010901C2108A8F7F70BF920216846F7F76A
:109AA00007F9304830490860A720486000212E4857
:109AB000816044F61F61C1600021016141618161E3
:109AC000FCF77CFA08B1F8F783FD4FF48050119051
:109AD00011A92548FCF792FB08B1F8F779FD224857
:109AE000FCF75FFE08B1F8F773FD00200F901090AF
:109AF0000FA91D48FCF708FA08B1F8F769FD6020C6
:109B000008904FF47A70099000200A900B900C9006
:109B10000D900E90002208A91348FCF7C0FD08B173
:109B2000F8F756FD042208A90F48FCF7B8FD08B164
:109B3000F8F74EFD002000900190029003900490F1
:109B40004FF4005005900020079069460648FCF746
:109B5000A1F908B1F8F73CFD0348FCF78DFC15B0FE
:109B600000BD000000040140C813002010B50B48E0
:109B70000B4908604FF4E1304860002108488160DB
:109B8000C16001610C21416100218161C161FDF76A
:109B900013F808B1F8F71CFD10BD000000100140DB
:109BA0005814002010B50B480B4908600B4848605A
:109BB000002109488160C1604FF4806101610C217E
:109BC000416100218161C161FCF7F6FF08B1F8F73E
:109BD000FFFC10BD00480040A0140020A08601003A
:109BE00010B50B480B4908604FF461204860002114
:109BF00008488160C16001610C21416100218161DF
:109C0000C161FCF7D9FF08B1F8F7E2FC10BD000014
:109C100000140140E814002010B54B780C7843EA9A
:109C20000422174B1B7823B102800023144C2370AD
:109C300010BD0388934208DA0388D31A5B1D0A24F7
:109C400093FBF4F34488234443800280CB788C78E0
:109C500043EA04231BB200EE103AB8EEC00ADFED6F
:109C6000090A80EE201A80ED011A4B790C7943EA3B
:109C7000042303828B798374CB79037700BFD7E702
:109C80003201002000007A444A780B7842EA03222D
:109C900012B20281CA788B7842EA032212B2428160
:109CA0004A790B7942EA032212B28281CA798B790E
:109CB00042EA032212B2C281704700000A78C274DD
:109CC0004A780275CA788B7842EA032212B200EE13
:109CD000102AB8EEC00ADFED0D0A80EE201A80EDE2
:109CE000061A0A7942774A798277CA798B7942EAE9
:109CF000032212B200EE102AB8EEC00ADFED030A0A
:109D000080EE201A80ED081A7047000000007A44A7
:109D100000BFFEE72DE9F0472DED068B05460C460A
:109D2000B0EE40AAB0EE608AF0EE418AB0EE619AE1
:109D3000F0EE429A2D480560446010209FED2C1AE9
:109D4000DFED2C0AB0EE4A0A09F034FE86B20C2090
:109D5000B3EE0E1AFBEE0E0AB0EE480A09F02AFE28
:109D600087B20C209FED241ADFED240AB0EE680ABA
:109D700009F020FE1FFA80F80C20B1EE041ADFED86
:109D80001F0AB0EE490A09F015FE1FFA80F90C20EF
:109D9000B2EE041AFAEE040AB0EE690A09F00AFEFD
:109DA0001FFA80FA30121149087708464677C7F340
:109DB000071181773807000E40EA28210B48C17748
:109DC00080F82080C9F3071180F821104FEA09704C
:109DD000000E40EA2A21054880F8221080F823A0CE
:109DE000F7F7A4FCBDEC068BBDE8F0870C01002062
:109DF000D00F4940D00F49C00000FA4300000000D6
:109E0000F0B5DDE90545017082704370047280EDA4
:109E1000010A458101260673084E094F3F6846F83E
:109E20002700074E3668761C054F3E603E46366872
:109E30001E2E01D91E263E60F0BD0000987900203C
:109E4000E40000201CB50A220F49104809F092FDD9
:109E500001200F490870684604F050FE0D48DDE906
:109E6000001206C0684600F017F80A48DDE9001243
:109E7000C0E90412684600F0D7F80648DDE9001290
:109E8000C0E916121CBD0000F8870020E087002002
:109E9000E4050020048800205F49604A11604FF407
:109EA00096625E490B684968491C01EB410143F821
:109EB00021209FED5B0A59490A684968491C01EB5A
:109EC000410102EB810181ED010A54490968534ABD
:109ED000526802EB420201EB8201896864314F4A09
:109EE00013685268521C02EB420203EB820291603B
:109EF0004A494968491C494A51604FF4C872474968
:109F00000B684968491C01EB410143F821209FED92
:109F1000450A42490A684968491C01EB410102EBC4
:109F2000810181ED010A3D4909683C4A526802EB12
:109F3000420201EB8201896801F5C871374A136852
:109F40005268521C02EB420203EB820291603349D9
:109F50004968491C314A51604FF496622F490B6899
:109F60004968491C01EB410143F821209FED2C0A6F
:109F70002A490A684968491C01EB410102EB810149
:109F800081ED010A25490968244A526802EB420220
:109F900001EB820189686431204A13685268521CBF
:109FA00002EB420203EB820291601C494968491CA2
:109FB0001A4A5160002219490B684968491C01EB93
:109FC000410143F821209FED160A14490A684968A7
:109FD000491C01EB410102EB810181ED010A0F49AE
:109FE00009680E4A526802EB420201EB820189685D
:109FF00064310A4A13685268521C02EB420203EBB6
:10A000008202916005494968491C044A516006CAA8
:10A01000C0E90012704700001C89002004060020DF
:10A020000000C8420000C843FD49FE4A11600022FA
:10A03000FC490B684968491C01EB410143F82120A8
:10A040009FEDF90AF7490A684968491C01EB41018B
:10A0500002EB810181ED010AF2490968F14A526877
:10A0600002EB420201EB8201896801F5FA71ED4AC7
:10A0700013685268521C02EB420203EB82029160A9
:10A08000E8494968491CE74A516040F24B22E549DA
:10A090000B684968491C01EB410143F821209FED01
:10A0A000E30AE0490A684968491C01EB410102EBF7
:10A0B000810181ED010ADB490968DA4A526802EB45
:10A0C000420201EB820189687D31D64A13685268E9
:10A0D000521C02EB420203EB82029160D1494968B3
:10A0E000491CD04A51604FF45C72CE490B684968F4
:10A0F000491C01EB410143F821209FEDCC0AC949DD
:10A100000A684968491C01EB410102EB810181EDBC
:10A11000010AC4490968C34A526802EB420201EBD2
:10A12000820189687D31BF4A13685268521C02EB74
:10A13000420203EB82029160BA494968491CB94A5C
:10A1400051604FF44472B7490B684968491C01EBF0
:10A15000410143F821209FEDB50AB2490A684968D8
:10A16000491C01EB410102EB810181ED010AAD497E
:10A170000968AC4A526802EB420201EB820189682D
:10A180007D31A84A13685268521C02EB420203EB6D
:10A1900082029160A3494968491CA24A516040F279
:10A1A0004B22A0490B684968491C01EB410143F867
:10A1B00021209FED9E0A9B490A684968491C01EBD2
:10A1C000410102EB810181ED010A96490968954A36
:10A1D000526802EB420201EB820189687D31914AAB
:10A1E00013685268521C02EB420203EB8202916038
:10A1F0008C494968491C8B4A516040F24B2289497D
:10A200000B684968491C01EB410143F821209FED8F
:10A21000870A84490A684968491C01EB410102EB3D
:10A22000810181ED010A7F4909687E4A526802EB8B
:10A23000420201EB820189687D317A4A13685268D3
:10A24000521C02EB420203EB82029160754949689D
:10A25000491C744A51604FF4447272490B68496852
:10A26000491C01EB410143F821209FED710A6D4922
:10A270000A684968491C01EB410102EB810181ED4B
:10A28000010A68490968674A526802EB420201EB19
:10A29000820189683F31634A13685268521C02EB9D
:10A2A000420203EB820291605E494968491C5D4AA3
:10A2B00051604FF45C725B490B684968491C01EBC3
:10A2C000410143F821209FED5A0A56490A6849681E
:10A2D000491C01EB410102EB810181ED010A514969
:10A2E0000968504A526802EB420201EB8201896818
:10A2F0003F314C4A13685268521C02EB420203EB96
:10A300008202916047494968491C464A51604FF4AE
:10A31000777244490B684968491C01EB410143F8D5
:10A3200021209FED430A3F490A684968491C01EB17
:10A33000410102EB810181ED010A3A490968394A7C
:10A34000526802EB420201EB820189683F31354AD3
:10A3500013685268521C02EB420203EB82029160C6
:10A3600030494968491C2F4A51604FF45C722D49AD
:10A370000B684968491C01EB410143F821209FED1E
:10A380002C0A28490A684968491C01EB410102EB83
:10A39000810181ED010A23490968224A526802EBD2
:10A3A000420201EB820189683F311E4A13685268FC
:10A3B000521C02EB420203EB820291601949496888
:10A3C000491C184A51604FF4447216490B68496899
:10A3D000491C01EB410143F821209FED150A114969
:10A3E0000A684968491C01EB410102EB810181EDDA
:10A3F000010A0C4909680B4A526802EB420201EB60
:10A40000820189683F31074A13685268521C02EB87
:10A41000420203EB8202916002494968491C09E04B
:10A42000948900200C0600200000FA430000FA4244
:10A4300000007C42FE4A51604FF45C72FC490B689C
:10A440004968491C01EB410143F821201FED080A2E
:10A45000F7490A684968491C01EB410102EB810197
:10A4600081ED010AF2490968F14A526802EB4202A1
:10A4700001EB820189683F31ED4A13685268521C32
:10A4800002EB420203EB82029160E9494968491CF0
:10A49000E74A516040F24B22E5490B684968491C84
:10A4A00001EB410143F821201FED200AE0490A6831
:10A4B0004968491C01EB410102EB810181ED010A70
:10A4C000DB490968DA4A526802EB420201EB820179
:10A4D00089687D31D64A13685268521C02EB4202E9
:10A4E00003EB82029160D2494968491CD04A51600D
:10A4F0004FF45C72CE490B684968491C01EB41017D
:10A5000043F821201FED370AC9490A684968491CE8
:10A5100001EB410102EB810181ED010AC4490968A7
:10A52000C34A526802EB420201EB820189687D3125
:10A53000BF4A13685268521C02EB420203EB8202CC
:10A540009160BB494968491CB94A51604FF4447253
:10A55000B7490B684968491C01EB410143F82120C8
:10A560001FED4E0AB2490A684968491C01EB4101D6
:10A5700002EB810181ED010AAD490968AC4A5268DC
:10A5800002EB420201EB820189687D31A84A13681F
:10A590005268521C02EB420203EB82029160A44912
:10A5A0004968491CA24A516040F24B22A0490B68FD
:10A5B0004968491C01EB410143F821201FED650A60
:10A5C0009B490A684968491C01EB410102EB810182
:10A5D00081ED010A96490968954A526802EB4202E8
:10A5E00001EB820189687D31914A13685268521CDF
:10A5F00002EB420203EB820291608D494968491CDB
:10A600008B4A516040F24B2289490B684968491CCA
:10A6100001EB410143F821201FED7C0A84490A68BF
:10A620004968491C01EB410102EB810181ED010AFE
:10A630007F4909687E4A526802EB420201EB8201BF
:10A6400089687D317A4A13685268521C02EB4202D3
:10A6500003EB8202916076494968491C744A516053
:10A660004FF4447272490B684968491C01EB41017F
:10A6700043F821201FED920A6D490A684968491C78
:10A6800001EB410102EB810181ED010A6849096892
:10A69000674A526802EB420201EB820189683F314E
:10A6A000634A13685268521C02EB420203EB8202B7
:10A6B00091605F494968491C5D4A51604FF45C7282
:10A6C0005B490B684968491C01EB410143F82120B3
:10A6D0001FEDA90A56490A684968491C01EB410166
:10A6E00002EB810181ED010A51490968504A526823
:10A6F00002EB420201EB820189683F314C4A136848
:10A700005268521C02EB420203EB820291604849FC
:10A710004968491C464A51604FF4777244490B68B6
:10A720004968491C01EB410143F821201FEDC00A93
:10A730003F490A684968491C01EB410102EB81016C
:10A7400081ED010A3A490968394A526802EB42022E
:10A7500001EB820189683F31354A13685268521C07
:10A7600002EB420203EB8202916031494968491CC5
:10A770002F4A51604FF45C722D490B684968491C9F
:10A7800001EB410143F821201FEDD70A28490A684F
:10A790004968491C01EB410102EB810181ED010A8D
:10A7A00023490968224A526802EB420201EB820106
:10A7B00089683F311E4A13685268521C02EB4202FC
:10A7C00003EB820291601A494968491C184A51609A
:10A7D0004FF4447216490B684968491C01EB41016A
:10A7E00043F821201FEDEE0A11490A684968491C07
:10A7F00001EB410102EB810181ED010A0C4909687D
:10A800000B4A526802EB420201EB820189683F3138
:10A81000074A13685268521C02EB420203EB8202A1
:10A82000916003494968491C014A516002E00000F7
:10A830000C0600204FF45C72FE490B684968491C05
:10A8400001EB410143F821209FEDFB0AF9490A6819
:10A850004968491C01EB410102EB810181ED010ACC
:10A86000F4490968F34A526802EB420201EB8201A3
:10A8700089683F31EF4A13685268521C02EB42026A
:10A8800003EB82029160EB494968491CE94A516037
:10A8900040F24B22E7490B684968491C01EB410132
:10A8A00043F821209FEDE50AE2490A684968491CFE
:10A8B00001EB410102EB810181ED010ADD490968EB
:10A8C000DC4A526802EB420201EB820189687D3169
:10A8D000D84A13685268521C02EB420203EB820210
:10A8E0009160D4494968491CD24A51604FF45C7266
:10A8F000D0490B684968491C01EB410143F821200C
:10A900009FEDCE0ACB490A684968491C01EB410119
:10A9100002EB810181ED010AC6490968C54A526806
:10A9200002EB420201EB820189687D31C14A136862
:10A930005268521C02EB420203EB82029160BD4955
:10A940004968491CBB4A51604FF44472B9490B68CD
:10A950004968491C01EB410143F821209FEDB70AEA
:10A96000B4490A684968491C01EB410102EB8101C5
:10A9700081ED010AAF490968AE4A526802EB420212
:10A9800001EB820189687D31AA4A13685268521C22
:10A9900002EB420203EB82029160A6494968491C1E
:10A9A000A44A516040F24B22A2490B684968491CF5
:10A9B00001EB410143F821209FEDA00A9D490A685F
:10A9C0004968491C01EB410102EB810181ED010A5B
:10A9D00098490968974A526802EB420201EB8201EA
:10A9E00089687D31934A13685268521C02EB420217
:10A9F00003EB820291608F494968491C8D4A51607E
:10AA000040F24B228B490B684968491C01EB41011C
:10AA100043F821209FED890A86490A684968491C44
:10AA200001EB410102EB810181ED010A81490968D5
:10AA3000804A526802EB420201EB820189687D3153
:10AA40007C4A13685268521C02EB420203EB8202FA
:10AA5000916078494968491C764A51604FF44472C4
:10AA600074490B684968491C01EB410143F82120F6
:10AA70009FED710A6F490A684968491C01EB410161
:10AA800002EB810181ED010A6A490968694A52684D
:10AA900002EB420201EB820189683F31654A13688B
:10AAA0005268521C02EB420203EB82029160614940
:10AAB0004968491C5F4A51604FF45C725D490B68FC
:10AAC0004968491C01EB410143F821209FED5A0AD6
:10AAD00058490A684968491C01EB410102EB8101B0
:10AAE00081ED010A53490968524A526802EB420259
:10AAF00001EB820189683F314E4A13685268521C4B
:10AB000002EB420203EB820291604A494968491C08
:10AB1000484A51604FF4777246490B684968491CAE
:10AB200001EB410143F821209FED430A41490A68A6
:10AB30004968491C01EB410102EB810181ED010AE9
:10AB40003C4909683B4A526802EB420201EB820130
:10AB500089683F31374A13685268521C02EB42023F
:10AB600003EB8202916033494968491C314A5160C4
:10AB70004FF45C722F490B684968491C01EB410195
:10AB800043F821209FED2C0A2A490A684968491C8C
:10AB900001EB410102EB810181ED010A25490968C0
:10ABA000244A526802EB420201EB820189683F317C
:10ABB000204A13685268521C02EB420203EB8202E5
:10ABC00091601C494968491C1A4A51604FF444720B
:10ABD00018490B684968491C01EB410143F82120E1
:10ABE0009FED150A13490A684968491C01EB4101A8
:10ABF00002EB810181ED010A0E4909680D4A526894
:10AC000002EB420201EB820189683F31094A136875
:10AC10005268521C02EB420203EB8202916005492A
:10AC20004968491C034A51604FF45C7201490B6842
:10AC3000496805E00C06002000007C420000FA4252
:10AC4000491C01EB410143F821201FED050AFE4993
:10AC50000A684968491C01EB410102EB810181ED61
:10AC6000010AF9490968F84A526802EB420201EB0D
:10AC7000820189683F31F44A13685268521C02EB22
:10AC8000420203EB82029160EF494968491CEE4A97
:10AC9000516040F24B22EC490B684968491C01EBBA
:10ACA000410143F821201FED1B0AE7490A68496862
:10ACB000491C01EB410102EB810181ED010AE249EE
:10ACC0000968E14A526802EB420201EB820189689D
:10ACD0007D31DD4A13685268521C02EB420203EBDD
:10ACE00082029160D8494968491CD74A51604FF4A3
:10ACF0005C72D5490B684968491C01EB410143F876
:10AD000021201FED320AD0490A684968491C01EB2D
:10AD1000410102EB810181ED010ACB490968CA4A70
:10AD2000526802EB420201EB820189687D31C64A1A
:10AD300013685268521C02EB420203EB82029160DC
:10AD4000C1494968491CC04A51604FF44472BE4928
:10AD50000B684968491C01EB410143F821201FEDB4
:10AD6000490AB9490A684968491C01EB410102EBEB
:10AD7000810181ED010AB4490968B34A526802EBC6
:10AD8000420201EB820189687D31AF4A1368526843
:10AD9000521C02EB420203EB82029160AA4949680D
:10ADA000491CA94A516040F24B22A7490B684968E7
:10ADB000491C01EB410143F821201FED600AA24923
:10ADC0000A684968491C01EB410102EB810181EDF0
:10ADD000010A9D4909689C4A526802EB420201EB54
:10ADE000820189687D31984A13685268521C02EBCF
:10ADF000420203EB8202916093494968491C924ADE
:10AE0000516040F24B2290490B684968491C01EBA4
:10AE1000410143F821201FED770A8B490A684968F0
:10AE2000491C01EB410102EB810181ED010A8649D8
:10AE30000968854A526802EB420201EB8201896887
:10AE40007D31814A13685268521C02EB420203EBC7
:10AE5000820291607C494968491C7B4A51604FF4E9
:10AE6000C47279490B684968491C01EB410143F8F8
:10AE700021201FED8E0A74490A684968491C01EBBC
:10AE8000410102EB810181ED010A6F4909686E4AB7
:10AE9000526802EB420201EB820189687D316A4A05
:10AEA00013685268521C02EB420203EB820291606B
:10AEB00065494968491C644A51604FF4F772624918
:10AEC0000B684968491C01EB410143F821201FED43
:10AED000A50A5D490A684968491C01EB410102EB7A
:10AEE000810181ED010A58490968574A526802EB0D
:10AEF000420201EB820189687D31534A136852682E
:10AF0000521C02EB420203EB820291604E494968F7
:10AF1000491C4D4A516040F24B224B490B6849682D
:10AF2000491C01EB410143F821201FEDBC0A4649B1
:10AF30000A684968491C01EB410102EB810181ED7E
:10AF4000010A41490968404A526802EB420201EB9A
:10AF5000820189687D313C4A13685268521C02EBB9
:10AF6000420203EB8202916037494968491C364A24
:10AF7000516040F2932234490B684968491C01EB47
:10AF8000410143F821209FED310A2F490A684968A1
:10AF9000491C01EB410102EB810181ED010A2A49C3
:10AFA0000968294A526802EB420201EB8201896872
:10AFB00001F27711244A13685268521C02EB4202D4
:10AFC00003EB8202916020494968491C1E4A516086
:10AFD00040F24B221C490B684968491C01EB4101B6
:10AFE00043F821201FEDEB0A17490A684968491CFC
:10AFF00001EB410102EB810181ED010A124909686F
:10B00000114A526802EB420201EB820189687D31EC
:10B010000D4A13685268521C02EB420203EB820293
:10B02000916009494968491C074A516040F24B2226
:10B0300005490B684968491C01EB410143F821208F
:10B040009FED030A004905E00C0600200080BB4389
:10B0500000007A430A684968491C01EB410102EB90
:10B06000810181ED010AFE490968FD4A526802EB3F
:10B07000420201EB82018968FA31F94A1368526889
:10B08000521C02EB420203EB82029160F4494968D0
:10B09000491CF34A51600022F1490B684968491C78
:10B0A00001EB410143F821209FEDEE0AEC490A68CB
:10B0B0004968491C01EB410102EB810181ED010A64
:10B0C000E7490968E64A526802EB420201EB820155
:10B0D0008968BC31E24A13685268521C02EB420292
:10B0E00003EB82029160DE494968491CDC4A5160E9
:10B0F00040F24B22DA490B684968491C01EB4101D7
:10B1000043F821209FEDD80AD5490A684968491CAF
:10B1100001EB410102EB810181ED010AD04909688F
:10B12000CF4A526802EB420201EB820189683F314B
:10B13000CB4A13685268521C02EB420203EB8202B4
:10B140009160C7494968491CC54A51604FF4DC7297
:10B15000C3490B684968491C01EB410143F82120B0
:10B160009FEDC20ABE490A684968491C01EB4101CA
:10B1700002EB810181ED010AB9490968B84A5268B8
:10B1800002EB420201EB820189687D31B44A136807
:10B190005268521C02EB420203EB82029160B049FA
:10B1A0004968491CAE4A51604FF4DC72AC490B68E7
:10B1B0004968491C01EB410143F821209FEDAB0A8E
:10B1C000A7490A684968491C01EB410102EB81016A
:10B1D00081ED010AA2490968A14A526802EB4202C4
:10B1E00001EB820189687D319D4A13685268521CC7
:10B1F00002EB420203EB8202916099494968491CC3
:10B20000974A51604FF4C47295490B684968491CCC
:10B2100001EB410143F821209FED940A90490A680F
:10B220004968491C01EB410102EB810181ED010AF2
:10B230008B4909688A4A526802EB420201EB82019B
:10B2400089687D31864A13685268521C02EB4202BB
:10B2500003EB8202916082494968491C804A51602F
:10B260004FF4DC727E490B684968491C01EB4101CF
:10B2700043F821209FED7D0A79490A684968491CF5
:10B2800001EB410102EB810181ED010A744909687A
:10B29000734A526802EB420201EB820189687D31F8
:10B2A0006F4A13685268521C02EB420203EB82029F
:10B2B00091606B494968491C694A51604FF4F772C3
:10B2C00067490B684968491C01EB410143F821209B
:10B2D0001FEDA10A62490A684968491C01EB410156
:10B2E00002EB810181ED010A5D4909685C4A5268FF
:10B2F00002EB420201EB82018968FA31584A136875
:10B300005268521C02EB420203EB820291605449E4
:10B310004968491C524A5160002251490B684968EA
:10B32000491C01EB410143F821209FED500A4C4993
:10B330000A684968491C01EB410102EB810181ED7A
:10B34000010A47490968464A526802EB420201EB8A
:10B35000820189687D31424A13685268521C02EBAF
:10B36000420203EB820291603D494968491C3C4A14
:10B3700051604FF4F7723A490B684968491C01EB78
:10B38000410143F821209FED380A35490A68496890
:10B39000491C01EB410102EB810181ED010A3049B9
:10B3A00009682F4A526802EB420201EB8201896868
:10B3B0003F312B4A13685268521C02EB420203EBE6
:10B3C0008202916026494968491C254A516040F231
:10B3D0004B2223490B684968491C01EB410143F8A2
:10B3E00021209FED210A1E490A684968491C01EB8A
:10B3F000410102EB810181ED010A19490968184AEE
:10B40000526802EB420201EB820189683F31144A23
:10B4100013685268521C02EB420203EB82029160F5
:10B420000F494968491C0E4A516040F293220C4969
:10B430000B684968491C01EB410143F821209FED4D
:10B440000B0A07490A684968491C01EB410102EBF4
:10B45000810181ED010A02490968014A526807E049
:10B460000C06002000003C4300007C420000FA4231
:10B4700002EB420201EB820189687D31FE4A1368CA
:10B480005268521C02EB420203EB82029160FA49BD
:10B490004968491CF84A516040F2BA22F6490B68E3
:10B4A0004968491C01EB410143F821201FED110AB5
:10B4B000F1490A684968491C01EB410102EB81012D
:10B4C00081ED010AEC490968EB4A526802EB42023D
:10B4D00001EB820189687D31E74A13685268521C8A
:10B4E00002EB420203EB82029160E3494968491C86
:10B4F000E14A516040F29322DF490B684968491CD8
:10B5000001EB410143F821201FED280ADA490A68BE
:10B510004968491C01EB410102EB810181ED010AFF
:10B52000D5490968D44A526802EB420201EB820114
:10B5300089687D31D04A13685268521C02EB42027E
:10B5400003EB82029160CC494968491CCA4A5160A8
:10B5500040F24B22C8490B684968491C01EB410184
:10B5600043F821201FED3F0AC3490A684968491C76
:10B5700001EB410102EB810181ED010ABE4909683D
:10B58000BD4A526802EB420201EB820189687D31BB
:10B59000B94A13685268521C02EB420203EB820262
:10B5A0009160B5494968491CB34A51604FF4F7723C
:10B5B000B1490B684968491C01EB410143F821205E
:10B5C0001FED560AAC490A684968491C01EB410164
:10B5D00002EB810181ED010AA7490968A64A526878
:10B5E00002EB420201EB820189687D31A24A1368B5
:10B5F0005268521C02EB420203EB820291609E49A8
:10B600004968491C9C4A51604FF4DC729A490B68A6
:10B610004968491C01EB410143F821201FED6D0AE7
:10B6200095490A684968491C01EB410102EB810117
:10B6300081ED010A904909688F4A526802EB420283
:10B6400001EB820189687D318B4A13685268521C74
:10B6500002EB420203EB8202916087494968491C70
:10B66000854A51604FF4DC7283490B684968491C74
:10B6700001EB410143F821201FED840A7E490A684D
:10B680004968491C01EB410102EB810181ED010A8E
:10B6900079490968784A526802EB420201EB82015B
:10B6A00089687D31744A13685268521C02EB420269
:10B6B00003EB8202916070494968491C6E4A5160EF
:10B6C0004FF4DC726C490B684968491C01EB41017D
:10B6D00043F821201FED9B0A67490A684968491C05
:10B6E00001EB410102EB810181ED010A6249096828
:10B6F000614A526802EB420201EB820189687D31A6
:10B700005D4A13685268521C02EB420203EB82024C
:10B71000916059494968491C574A51604FF4DC729D
:10B7200055490B684968491C01EB410143F8212048
:10B730001FEDB20A50490A684968491C01EB4101F2
:10B7400002EB810181ED010A4B4909684A4A5268BE
:10B7500002EB420201EB820189687D31464A13689F
:10B760005268521C02EB420203EB82029160424992
:10B770004968491C404A51604FF4C4723E490B6805
:10B780004968491C01EB410143F821201FEDC90A1A
:10B7900039490A684968491C01EB410102EB810102
:10B7A00081ED010A34490968334A526802EB4202CA
:10B7B00001EB820189687D312F4A13685268521C5F
:10B7C00002EB420203EB820291602B494968491C5B
:10B7D000294A5160002228490B684968491C01EB3D
:10B7E000410143F821209FED250A23490A68496851
:10B7F000491C01EB410102EB810181ED010A1E4967
:10B8000009681D4A526802EB420201EB8201896815
:10B81000FA31194A13685268521C02EB420203EBD8
:10B820008202916014494968491C134A5160002200
:10B8300011490B684968491C01EB410143F821207B
:10B840001FEDF70A0C490A684968491C01EB4101E0
:10B8500002EB810181ED010A07490968064A526835
:10B8600002EB420201EB820189683F31024A136810
:10B870005268521C04E000000C06002000007A43CD
:10B8800002EB420203EB82029160FE494968491CC7
:10B89000FC4A51604FF4C472FA490B684968491C6C
:10B8A00001EB410143F821209FEDF70AF5490A68B1
:10B8B0004968491C01EB410102EB810181ED010A5C
:10B8C000F0490968EF4A526802EB420201EB82013B
:10B8D00089683F31EB4A13685268521C02EB4202FE
:10B8E00003EB82029160E7494968491CE54A5160CF
:10B8F0004FF4F772E3490B684968491C01EB4101B9
:10B9000043F821209FEDE00ADE490A684968491C96
:10B9100001EB410102EB810181ED010AD94909687E
:10B92000D84A526802EB420201EB820189683F313A
:10B93000D44A13685268521C02EB420203EB8202A3
:10B940009160D0494968491CCE4A516040F24B226F
:10B95000CC490B684968491C01EB410143F821209F
:10B960009FEDC90AC7490A684968491C01EB4101B2
:10B9700002EB810181ED010AC2490968C14A52689E
:10B9800002EB420201EB820189683F31BD4A136834
:10B990005268521C02EB420203EB82029160B949E9
:10B9A0004968491CB74A516040F29322B5490B6877
:10B9B0004968491C01EB410143F821209FEDB30A7E
:10B9C000B0490A684968491C01EB410102EB810159
:10B9D00081ED010AAB490968AA4A526802EB4202AA
:10B9E00001EB8201896801F27711A64A1368526857
:10B9F000521C02EB420203EB82029160A1494968AA
:10BA0000491CA04A516040F24B229E490B6849688C
:10BA1000491C01EB410143F821209FED9D0A994902
:10BA20000A684968491C01EB410102EB810181ED83
:10BA3000010A94490968934A526802EB420201EBF9
:10BA4000820189687D318F4A13685268521C02EB6B
:10BA5000420203EB820291608A494968491C894A83
:10BA6000516040F24B2287490B684968491C01EB41
:10BA7000410143F821201FED7F0A82490A68496885
:10BA8000491C01EB410102EB810181ED010A7D4975
:10BA900009687C4A526802EB420201EB8201896824
:10BAA000FA31784A13685268521C02EB420203EBE7
:10BAB0008202916073494968491C724A51600022B0
:10BAC00070490B684968491C01EB410143F821208A
:10BAD0009FED700A6B490A684968491C01EB4101F6
:10BAE00002EB810181ED010A66490968654A5268E5
:10BAF00002EB420201EB82018968BC31614A1368A2
:10BB00005268521C02EB420203EB820291605D49D3
:10BB10004968491C5B4A516040F24B2259490B6805
:10BB20004968491C01EB410143F821209FED560A69
:10BB300054490A684968491C01EB410102EB810143
:10BB400081ED010A4F4909684E4A526802EB4202F0
:10BB500001EB820189683F314A4A13685268521CDE
:10BB600002EB420203EB8202916046494968491C9C
:10BB7000444A51604FF4DC7242490B684968491CE1
:10BB800001EB410143F821209FED410A3D490A683C
:10BB90004968491C01EB410102EB810181ED010A79
:10BBA00038490968374A526802EB420201EB8201C8
:10BBB00089687D31334A13685268521C02EB420295
:10BBC00003EB820291602F494968491C2D4A51605C
:10BBD0004FF4DC722B490B684968491C01EB4101A9
:10BBE00043F821209FED2A0A26490A684968491C22
:10BBF00001EB410102EB810181ED010A2149096854
:10BC0000204A526802EB420201EB820189687D31D1
:10BC10001C4A13685268521C02EB420203EB820278
:10BC2000916018494968491C164A51604FF4C47222
:10BC300014490B684968491C01EB410143F8212074
:10BC40009FED130A0F490A684968491C01EB41013D
:10BC500002EB810181ED010A0A490968094A52682B
:10BC600002EB420201EB820189687D31054A1368CB
:10BC70005268521C02EB420203EB820291600149BE
:10BC8000496809E00C06002000007C420080BB43AC
:10BC90000000FA4200003C43491CFE4A51604FF448
:10BCA000F772FC490B684968491C01EB410143F8F4
:10BCB00021201FED090AF7490A684968491C01EB70
:10BCC000410102EB810181ED010AF2490968F14A63
:10BCD000526802EB420201EB820189687D31ED4A34
:10BCE00013685268521C02EB420203EB820291601D
:10BCF000E8494968491CE74A51600022E5490B6858
:10BD00004968491C01EB410143F821209FEDE20AFB
:10BD1000E0490A684968491C01EB410102EB8101D5
:10BD200081ED010ADB490968DA4A526802EB4202F6
:10BD300001EB82018968FA31D64A13685268521CB5
:10BD400002EB420203EB82029160D2494968491C2E
:10BD5000D04A51604FF4DC72CE490B684968491CE7
:10BD600001EB410143F821201FED390AC9490A6856
:10BD70004968491C01EB410102EB810181ED010A97
:10BD8000C4490968C34A526802EB420201EB8201CE
:10BD900089683F31BF4A13685268521C02EB420265
:10BDA00003EB82029160BB494968491CB94A516062
:10BDB0004FF4F772B7490B684968491C01EB410120
:10BDC00043F821201FED500AB2490A684968491C0E
:10BDD00001EB410102EB810181ED010AAD490968E6
:10BDE000AC4A526802EB420201EB820189683F31A2
:10BDF000A84A13685268521C02EB420203EB82020B
:10BE00009160A4494968491CA24A516040F24B2202
:10BE1000A0490B684968491C01EB410143F8212006
:10BE20001FED650A9B490A684968491C01EB4101FD
:10BE300002EB810181ED010A96490968954A526831
:10BE400002EB420201EB820189687D31914A13685D
:10BE50005268521C02EB420203EB820291608D4950
:10BE60004968491C8B4A516040F2932289490B680A
:10BE70004968491C01EB410143F821201FED7C0A70
:10BE800084490A684968491C01EB410102EB8101C0
:10BE900081ED010A7F4909687E4A526802EB42023D
:10BEA00001EB820189687D317A4A13685268521C1D
:10BEB00002EB420203EB8202916076494968491C19
:10BEC000744A51604FF4447272490B684968491CC6
:10BED00001EB410143F821201FED930A6D490A68E7
:10BEE0004968491C01EB410102EB810181ED010A26
:10BEF00068490968674A526802EB420201EB820115
:10BF000089687D31634A13685268521C02EB420211
:10BF100003EB820291605F494968491C5D4A5160A8
:10BF20004FF45C725B490B684968491C01EB4101A5
:10BF300043F821201FEDAA0A56490A684968491C9E
:10BF400001EB410102EB810181ED010A51490968D0
:10BF5000504A526802EB420201EB820189687D314E
:10BF60004C4A13685268521C02EB420203EB8202F5
:10BF7000916048494968491C464A51604FF47772BC
:10BF800044490B684968491C01EB410143F82120F1
:10BF90001FEDC10A3F490A684968491C01EB41018C
:10BFA00002EB810181ED010A3A490968394A526878
:10BFB00002EB420201EB820189687D31354A136848
:10BFC0005268521C02EB420203EB8202916031493B
:10BFD0004968491C2F4A51604FF45C722D490B6827
:10BFE0004968491C01EB410143F821201FEDD80AA3
:10BFF00028490A684968491C01EB410102EB8101AB
:10C0000081ED010A23490968224A526802EB420283
:10C0100001EB820189687D311E4A13685268521C07
:10C0200002EB420203EB820291601A494968491C03
:10C03000184A51604FF4447216490B684968491C0C
:10C0400001EB410143F821201FEDEF0A11490A6875
:10C050004968491C01EB410102EB810181ED010AB4
:10C060000C4909680B4A526802EB420201EB82015B
:10C0700089687D31074A13685268521C02EB4202FC
:10C0800003EB8202916003494968491C014A5160EF
:10C0900004E000000C06002000007A4340F24B222E
:10C0A000FE490B684968491C01EB410143F8212016
:10C0B0009FEDFB0AF9490A684968491C01EB4101F7
:10C0C00002EB810181ED010AF4490968F34A5268E3
:10C0D00002EB420201EB820189683F31EF4A1368AB
:10C0E0005268521C02EB420203EB82029160EB4960
:10C0F0004968491CE94A516040F29322E7490B68BC
:10C100004968491C01EB410143F821209FEDE40AF5
:10C11000E2490A684968491C01EB410102EB8101CF
:10C1200081ED010ADD490968DC4A526802EB4202EE
:10C1300001EB820189683F31D84A13685268521C6A
:10C1400002EB420203EB82029160D4494968491C28
:10C15000D24A51604FF44472D0490B684968491C77
:10C1600001EB410143F821209FEDCD0ACB490A683C
:10C170004968491C01EB410102EB810181ED010A93
:10C18000C6490968C54A526802EB420201EB8201C6
:10C1900089683F31C14A13685268521C02EB42025F
:10C1A00003EB82029160BD494968491CBB4A51605A
:10C1B0004FF47772B9490B684968491C01EB41019A
:10C1C00043F821209FEDB70AB4490A684968491C21
:10C1D00001EB410102EB810181ED010AAF490968E0
:10C1E000AE4A526802EB420201EB820189687D315E
:10C1F000AA4A13685268521C02EB420203EB820205
:10C200009160A6494968491CA44A51604FF477726D
:10C21000A2490B684968491C01EB410143F8212000
:10C220009FEDA00A9D490A684968491C01EB41013C
:10C2300002EB810181ED010A98490968974A526829
:10C2400002EB420201EB820189687D31934A136857
:10C250005268521C02EB420203EB820291608F494A
:10C260004968491C8D4A51604FF477728B490B68BD
:10C270004968491C01EB410143F821209FED890ADF
:10C2800086490A684968491C01EB410102EB8101BA
:10C2900081ED010A81490968804A526802EB420235
:10C2A00001EB820189687D317C4A13685268521C17
:10C2B00002EB420203EB8202916078494968491C13
:10C2C000764A51604FF45C7274490B684968491CA6
:10C2D00001EB410143F821209FED720A6F490A6882
:10C2E0004968491C01EB410102EB810181ED010A22
:10C2F0006A490968694A526802EB420201EB82010D
:10C3000089687D31654A13685268521C02EB42020B
:10C3100003EB8202916061494968491C5F4A5160A0
:10C3200000225E490B684968491C01EB410143F852
:10C3300021201FEDA70A59490A684968491C01EBE9
:10C34000410102EB810181ED010A54490968534A18
:10C35000526802EB420201EB82018968FA314F4ACE
:10C3600013685268521C02EB420203EB8202916096
:10C370004A494968491C494A516040F24B224749A1
:10C380000B684968491C01EB410143F821209FEDEE
:10C39000440A42490A684968491C01EB410102EB21
:10C3A000810181ED010A3D4909683C4A526802EB6E
:10C3B000420201EB820189683F31384A13685268B2
:10C3C000521C02EB420203EB82029160334949683E
:10C3D000491C324A516040F2932230490B68496847
:10C3E000491C01EB410143F821209FED2D0A2B4907
:10C3F0000A684968491C01EB410102EB810181EDAA
:10C40000010A26490968254A526802EB420201EBFB
:10C41000820189683F31214A13685268521C02EB3D
:10C42000420203EB820291601C494968491C1B4A85
:10C4300051604FF4447219490B684968491C01EB7B
:10C44000410143F821209FED160A14490A68496802
:10C45000491C01EB410102EB810181ED010A0F4909
:10C4600009680E4A526802EB420201EB82018968B8
:10C470003F310A4A13685268521C02EB420203EB36
:10C480008202916005494968491C044A51604FF491
:10C49000777202490B684968491C05E00C060020C8
:10C4A00000007C420000FA4201EB410143F82120E8
:10C4B0001FED040AFE490A684968491C01EB410165
:10C4C00002EB810181ED010AF9490968F84A5268D5
:10C4D00002EB420201EB820189687D31F44A136864
:10C4E0005268521C02EB420203EB82029160F04957
:10C4F0004968491CEE4A51604FF47772EC490B6869
:10C500004968491C01EB410143F821201FED1B0A3A
:10C51000E7490A684968491C01EB410102EB8101C6
:10C5200081ED010AE2490968E14A526802EB4202E0
:10C5300001EB820189687D31DD4A13685268521C23
:10C5400002EB420203EB82029160D9494968491C1F
:10C55000D74A51604FF47772D5490B684968491C36
:10C5600001EB410143F821201FED320AD0490A684E
:10C570004968491C01EB410102EB810181ED010A8F
:10C58000CB490968CA4A526802EB420201EB8201B8
:10C5900089687D31C64A13685268521C02EB420218
:10C5A00003EB82029160C2494968491CC04A51604C
:10C5B0004FF45C72BE490B684968491C01EB4101AC
:10C5C00043F821201FED490AB9490A684968491C06
:10C5D00001EB410102EB810181ED010AB4490968D7
:10C5E000B34A526802EB420201EB820189687D3155
:10C5F000AF4A13685268521C02EB420203EB8202FC
:10C600009160AB494968491CA94A51600022A84978
:10C610000B684968491C01EB410143F821209FED5B
:10C62000A50AA3490A684968491C01EB410102EBCC
:10C63000810181ED010A9E4909689D4A526802EB19
:10C64000420201EB82018968FA31994A1368526803
:10C65000521C02EB420203EB82029160944949684A
:10C66000491C934A5160002291490B684968491C52
:10C6700001EB410143F821209FED8E0A8C490A68A5
:10C680004968491C01EB410102EB810181ED010A7E
:10C6900087490968864A526802EB420201EB82012F
:10C6A0008968FA31824A13685268521C02EB4202CE
:10C6B00003EB820291607E494968491C7C4A5160C3
:10C6C00000227B490B684968491C01EB410143F892
:10C6D00021209FED790A76490A684968491C01EBD7
:10C6E000410102EB810181ED010A71490968704A3B
:10C6F000526802EB420201EB82018968C8316C4A40
:10C7000013685268521C02EB420203EB82029160F2
:10C7100067494968491C664A5160002264490B68B0
:10C720004968491C01EB410143F821209FED610A52
:10C730005F490A684968491C01EB410102EB81012C
:10C7400081ED010A5A490968594A526802EB4202CE
:10C7500001EB82018968FA31554A13685268521C0C
:10C7600002EB420203EB8202916051494968491C85
:10C770004F4A516000224E490B684968491C01EB41
:10C78000410143F821209FED4B0A49490A68496855
:10C79000491C01EB410102EB810181ED010A444991
:10C7A0000968434A526802EB420201EB8201896840
:10C7B000FA313F4A13685268521C02EB420203EB03
:10C7C000820291603A494968491C394A5160002205
:10C7D00037490B684968491C01EB410143F82120A6
:10C7E0009FED340A32490A684968491C01EB41014E
:10C7F00002EB810181ED010A2D4909682C4A52683A
:10C8000002EB420201EB82018968FA31284A13687F
:10C810005268521C02EB420203EB820291602449EF
:10C820004968491C224A51604FF4447220490B6800
:10C830004968491C01EB410143F821201FEDE80A3A
:10C840001B490A684968491C01EB410102EB81015F
:10C8500081ED010A16490968154A526802EB420245
:10C8600001EB820189683F31114A13685268521CFA
:10C8700002EB420203EB820291600D494968491CB8
:10C880000B4A51604FF4447209490B684968491CCE
:10C8900001EB410143F821209FED080A04490A6891
:10C8A0004968491C01EB410102EB810108E00000ED
:10C8B0000C06002000007A430000484300007C4240
:10C8C00081ED010AFE490968FD4A526802EB420205
:10C8D00001EB820189683F31F94A13685268521CA2
:10C8E00002EB420203EB82029160F5494968491C60
:10C8F000F34A51604FF44472F1490B684968491C8E
:10C9000001EB410143F821201FED140AEC490A68AC
:10C910004968491C01EB410102EB810181ED010AEB
:10C92000E7490968E64A526802EB420201EB8201DC
:10C9300089683F31E24A13685268521C02EB420296
:10C9400003EB82029160DE494968491CDC4A516070
:10C950004FF47772DA490B684968491C01EB4101D1
:10C9600043F821201FED2B0AD5490A684968491C64
:10C9700001EB410102EB810181ED010AD049096817
:10C98000CF4A526802EB420201EB820189683F31D3
:10C99000CB4A13685268521C02EB420203EB82023C
:10C9A0009160C7494968491CC54A51604FF4777284
:10C9B000C3490B684968491C01EB410143F8212038
:10C9C0001FED420ABE490A684968491C01EB410152
:10C9D00002EB810181ED010AB9490968B84A526840
:10C9E00002EB420201EB820189683F31B44A1368CD
:10C9F0005268521C02EB420203EB82029160B04982
:10CA00004968491CAE4A51604FF44472AC490B6806
:10CA10004968491C01EB410143F821209FEDA90A17
:10CA2000A7490A684968491C01EB410102EB8101F1
:10CA300081ED010AA2490968A14A526802EB42024B
:10CA400001EB8201896801F2B5219D4A13685268A1
:10CA5000521C02EB420203EB820291609849496842
:10CA6000491C974A516040F2932295490B684968E6
:10CA7000491C01EB410143F821209FED930A9049A5
:10CA80000A684968491C01EB410102EB810181ED13
:10CA9000010A8B4909688A4A526802EB420201EB9B
:10CAA0008201896801F27711854A13685268521C25
:10CAB00002EB420203EB8202916081494968491C02
:10CAC0007F4A51604FF477727D490B684968491C71
:10CAD00001EB410143F821201FED880A78490A68DB
:10CAE0004968491C01EB410102EB810181ED010A1A
:10CAF00073490968724A526802EB420201EB8201F3
:10CB000089683F316E4A13685268521C02EB420238
:10CB100003EB820291606A494968491C684A516086
:10CB20004FF4447266490B684968491C01EB4101A6
:10CB300043F821209FED650A61490A684968491C4C
:10CB400001EB410102EB810181ED010A5C490968B9
:10CB50005B4A526802EB420201EB820189687D3137
:10CB6000574A13685268521C02EB420203EB8202DE
:10CB7000916053494968491C514A51604FF44472CD
:10CB80004F490B684968491C01EB410143F82120DA
:10CB90009FED4F0A4A490A684968491C01EB410167
:10CBA00002EB810181ED010A45490968444A526856
:10CBB00002EB420201EB8201896801F27621404AD0
:10CBC00013685268521C02EB420203EB820291602E
:10CBD0003B494968491C3A4A516040F2932238491E
:10CBE0000B684968491C01EB410143F821209FED86
:10CBF000360A33490A684968491C01EB410102EBD6
:10CC0000810181ED010A2E4909682D4A526802EB23
:10CC1000420201EB8201896801F27711284A136808
:10CC20005268521C02EB420203EB820291602449DB
:10CC30004968491C224A516040F2932220490B68FE
:10CC40004968491C01EB410143F821209FED1F0A6F
:10CC50001B490A684968491C01EB410102EB81014B
:10CC600081ED010A16490968154A526802EB420231
:10CC700001EB820189687D31114A13685268521CA8
:10CC800002EB420203EB820291600D494968491CA4
:10CC90000B4A51604FF4777209490B684968491C87
:10CCA00001EB410143F821201FEDFC0A04490A6809
:10CCB0004968491C01EB410102EB81010AE00000D7
:10CCC0000C06002000402D440080BB430000FA42C7
:10CCD00000801D4481ED010AFE490968FD4A526841
:10CCE00002EB420201EB820189683F31F94A136885
:10CCF0005268521C02EB420203EB82029160F5493A
:10CD00004968491CF34A51604FF44472F1490B6879
:10CD10004968491C01EB410143F821209FEDEE0ACF
:10CD2000EC490A684968491C01EB410102EB8101A9
:10CD300081ED010AE7490968E64A526802EB4202BE
:10CD400001EB8201896801F2B911E24A1368526865
:10CD5000521C02EB420203EB82029160DD494968FA
:10CD6000491CDC4A51604FF44472DA490B68496847
:10CD7000491C01EB410143F821201FED2C0AD54944
:10CD80000A684968491C01EB410102EB810181ED10
:10CD9000010AD0490968CF4A526802EB420201EB0E
:10CDA000820189687D31CB4A13685268521C02EBBC
:10CDB000420203EB82029160C6494968491CC54A98
:10CDC00051604FF4C472C3490B684968491C01EBB8
:10CDD000410143F821201FED430ABE490A68496812
:10CDE000491C01EB410102EB810181ED010AB949C6
:10CDF0000968B84A526802EB420201EB8201896875
:10CE00007D31B44A13685268521C02EB420203EBB4
:10CE100082029160AF494968491CAE4A51604FF4A3
:10CE2000F772AC490B684968491C01EB410143F8B2
:10CE300021201FED5A0AA7490A684968491C01EBDD
:10CE4000410102EB810181ED010AA2490968A14A71
:10CE5000526802EB420201EB820189687D319D4AF2
:10CE600013685268521C02EB420203EB820291608B
:10CE700098494968491C974A516040F24B229549AC
:10CE80000B684968491C01EB410143F821201FED63
:10CE9000710A90490A684968491C01EB410102EB9B
:10CEA000810181ED010A8B4909688A4A526802EBC7
:10CEB000420201EB820189687D31864A136852681B
:10CEC000521C02EB420203EB8202916081494968E5
:10CED000491C804A516040F293227E490B684968A0
:10CEE000491C01EB410143F821201FED890A7949D2
:10CEF0000A684968491C01EB410102EB810181ED9F
:10CF0000010A74490968734A526802EB420201EB54
:10CF10008201896801F277116E4A13685268521CC7
:10CF200002EB420203EB820291606A494968491CA4
:10CF3000684A516040F24B2266490B684968491CB7
:10CF400001EB410143F821201FEDA00A61490A6865
:10CF50004968491C01EB410102EB810181ED010AA5
:10CF60005C4909685B4A526802EB420201EB8201AC
:10CF700089687D31574A13685268521C02EB42029D
:10CF800003EB8202916053494968491C514A516040
:10CF900040F24B224F490B684968491C01EB4101A3
:10CFA00043F821209FED4D0A4A490A684968491C07
:10CFB00001EB410102EB810181ED010A454909685C
:10CFC000444A526802EB420201EB82018968FA315D
:10CFD000404A13685268521C02EB420203EB820281
:10CFE00091603C494968491C3A4A516000223949DC
:10CFF0000B684968491C01EB410143F821209FED72
:10D00000380A34490A684968491C01EB410102EBBE
:10D01000810181ED010A2F4909682E4A526802EB0D
:10D02000420201EB82018968BC312A4A13685268C6
:10D03000521C02EB420203EB8202916025494968CF
:10D04000491C244A51604FF4C47222490B68496854
:10D05000491C01EB410143F821201FEDE40A1D4961
:10D060000A684968491C01EB410102EB810181ED2D
:10D07000010A18490968174A526802EB420201EB9B
:10D08000820189687D31134A13685268521C02EB91
:10D09000420203EB820291600E494968491C0D4A25
:10D0A00051604FF4DC720B490B684968491C01EB75
:10D0B000410143F821201FEDFB0A06490A6849682F
:10D0C000491C01EB410102EB810181ED010A01499B
:10D0D000096807E00C0600200080DC4300007A436A
:10D0E00000003C43FE4A526802EB420201EB82011F
:10D0F00089687D31FA4A13685268521C02EB420279
:10D1000003EB82029160F6494968491CF44A516078
:10D110004FF4DC72F2490B684968491C01EB41018C
:10D1200043F821209FEDEF0AED490A684968491C40
:10D1300001EB410102EB810181ED010AE849096837
:10D14000E74A526802EB420201EB820189687D31B5
:10D15000E34A13685268521C02EB420203EB82025C
:10D160009160DF494968491CDD4A51604FF4C4723F
:10D17000DB490B684968491C01EB410143F8212058
:10D180009FEDD80AD6490A684968491C01EB41015C
:10D1900002EB810181ED010AD1490968D04A526848
:10D1A00002EB420201EB820189687D31CC4A1368AF
:10D1B0005268521C02EB420203EB82029160C849A2
:10D1C0004968491CC64A51604FF4DC72C4490B6877
:10D1D0004968491C01EB410143F821209FEDC10A38
:10D1E000BF490A684968491C01EB410102EB810112
:10D1F00081ED010ABA490968B94A526802EB420254
:10D2000001EB820189687D31B54A13685268521C6E
:10D2100002EB420203EB82029160B1494968491C6A
:10D22000AF4A51604FF4F772AD490B684968491C29
:10D2300001EB410143F821201FED580AA8490A6873
:10D240004968491C01EB410102EB810181ED010AB2
:10D25000A3490968A24A526802EB420201EB82012B
:10D260008968FA319E4A13685268521C02EB4202E6
:10D2700003EB820291609A494968491C984A5160BF
:10D28000002297490B684968491C01EB410143F8AA
:10D2900021209FED940A92490A684968491C01EBD4
:10D2A000410102EB810181ED010A8D4909688C4A37
:10D2B000526802EB420201EB820189687D31884AA3
:10D2C00013685268521C02EB420203EB8202916027
:10D2D00083494968491C824A51604FF4F77280497A
:10D2E0000B684968491C01EB410143F821209FED7F
:10D2F0007E0A7B490A684968491C01EB410102EB3F
:10D30000810181ED010A76490968754A526802EB8C
:10D31000420201EB820189683F31714A1368526809
:10D32000521C02EB420203EB820291606C49496895
:10D33000491C6B4A516040F24B2269490B684968AD
:10D34000491C01EB410143F821209FED670A644924
:10D350000A684968491C01EB410102EB810181ED3A
:10D36000010A5F4909685E4A526802EB420201EB1A
:10D37000820189683F315A4A13685268521C02EB95
:10D38000420203EB8202916055494968491C544AA4
:10D39000516040F2932252490B684968491C01EBE5
:10D3A000410143F821209FED4F0A4D490A68496821
:10D3B000491C01EB410102EB810181ED010A484961
:10D3C0000968474A526802EB420201EB8201896810
:10D3D0007D31434A13685268521C02EB420203EB50
:10D3E000820291603E494968491C3D4A516040F2C1
:10D3F000BA223B490B684968491C01EB410143F8DB
:10D4000021209FED380A36490A684968491C01EB1A
:10D41000410102EB810181ED010A31490968304A7D
:10D42000526802EB420201EB820189687D312C4A8D
:10D4300013685268521C02EB420203EB82029160B5
:10D4400027494968491C264A516040F293222449E1
:10D450000B684968491C01EB410143F821209FED0D
:10D46000210A1F490A684968491C01EB410102EB86
:10D47000810181ED010A1A490968194A526802EBD3
:10D48000420201EB820189687D31154A13685268B6
:10D49000521C02EB420203EB820291601049496880
:10D4A000491C0F4A516040F24B220D490B684968F4
:10D4B000491C01EB410143F821209FED0A0A08496C
:10D4C0000A684968491C01EB410102EB810181EDC9
:10D4D000010A03490968024A526802EB420205E068
:10D4E0000C0600200000FA4200007C4201EB8201A1
:10D4F00089687D31FE4A13685268521C02EB420271
:10D5000003EB82029160FA494968491CF84A51606C
:10D510004FF4F772F6490B684968491C01EB410169
:10D5200043F821201FED110AF1490A684968491C96
:10D5300001EB410102EB810181ED010AEC4909682F
:10D54000EB4A526802EB420201EB820189687D31AD
:10D55000E74A13685268521C02EB420203EB820254
:10D560009160E3494968491CE14A51604FF4DC721B
:10D57000DF490B684968491C01EB410143F8212050
:10D580001FED280ADA490A684968491C01EB410184
:10D5900002EB810181ED010AD5490968D44A52683C
:10D5A00002EB420201EB820189687D31D04A1368A7
:10D5B0005268521C02EB420203EB82029160CC499A
:10D5C0004968491CCA4A51604FF4DC72C8490B686B
:10D5D0004968491C01EB410143F821201FED3F0A36
:10D5E000C3490A684968491C01EB410102EB81010A
:10D5F00081ED010ABE490968BD4A526802EB420248
:10D6000001EB820189687D31B94A13685268521C66
:10D6100002EB420203EB82029160B5494968491C62
:10D62000B34A51604FF4C472B1490B684968491C50
:10D6300001EB410143F821201FED560AAC490A686D
:10D640004968491C01EB410102EB810181ED010AAE
:10D65000A7490968A64A526802EB420201EB82011F
:10D6600089687D31A24A13685268521C02EB42025B
:10D6700003EB820291609E494968491C9C4A5160B3
:10D680004FF4DC729A490B684968491C01EB41016F
:10D6900043F821201FED6D0A95490A684968491C25
:10D6A00001EB410102EB810181ED010A904909681A
:10D6B0008F4A526802EB420201EB820189687D3198
:10D6C0008B4A13685268521C02EB420203EB82023F
:10D6D000916087494968491C854A51604FF4DC7262
:10D6E00083490B684968491C01EB410143F821203B
:10D6F0001FED840A7E490A684968491C01EB410113
:10D7000002EB810181ED010A79490968784A526882
:10D7100002EB420201EB820189687D31744A136891
:10D720005268521C02EB420203EB82029160704984
:10D730004968491C6E4A51604FF4DC726C490B68B1
:10D740004968491C01EB410143F821201FED9B0A68
:10D7500067490A684968491C01EB410102EB8101F4
:10D7600081ED010A62490968614A526802EB42028E
:10D7700001EB820189687D315D4A13685268521C51
:10D7800002EB420203EB8202916059494968491C4D
:10D79000574A51604FF4C47255490B684968491C97
:10D7A00001EB410143F821201FEDB20A50490A68FC
:10D7B0004968491C01EB410102EB810181ED010A3D
:10D7C0004B4909684A4A526802EB420201EB820166
:10D7D00089687D31464A13685268521C02EB420246
:10D7E00003EB8202916042494968491C404A5160FA
:10D7F00000223F490B684968491C01EB410143F88D
:10D8000021209FED3C0A3A490A684968491C01EB0E
:10D81000410102EB810181ED010A35490968344A71
:10D82000526802EB420201EB82018968FA31304A08
:10D8300013685268521C02EB420203EB82029160B1
:10D840002B494968491C2A4A5160002228490B6823
:10D850004968491C01EB410143F821201FEDDE0A14
:10D8600023490A684968491C01EB410102EB810127
:10D8700081ED010A1E4909681D4A526802EB420205
:10D8800001EB820189683F31194A13685268521CC2
:10D8900002EB420203EB8202916015494968491C80
:10D8A000134A51604FF4C47211490B684968491C0E
:10D8B00001EB410143F821201FEDF50A0C490A68EC
:10D8C0004968491C01EB410102EB810181ED010A2C
:10D8D00007490968064A526802EB420201EB8201DD
:10D8E00089683F31024A13685268521C04E0000004
:10D8F0000C06002000007A4302EB420203EB820296
:10D900009160FE494968491CFC4A51604FF4F77226
:10D91000FA490B684968491C01EB410143F8212091
:10D920009FEDF70AF5490A684968491C01EB410176
:10D9300002EB810181ED010AF0490968EF4A526862
:10D9400002EB420201EB820189683F31EB4A136826
:10D950005268521C02EB420203EB82029160E749DB
:10D960004968491CE54A516040F24B22E3490B6883
:10D970004968491C01EB410143F821209FEDE00A71
:10D98000DE490A684968491C01EB410102EB81014B
:10D9900081ED010AD9490968D84A526802EB42026E
:10D9A00001EB820189683F31D44A13685268521CE6
:10D9B00002EB420203EB82029160D0494968491CA4
:10D9C000CE4A516040F29322CC490B684968491C09
:10D9D00001EB410143F821209FEDCA0AC7490A68BB
:10D9E0004968491C01EB410102EB810181ED010A0B
:10D9F000C2490968C14A526802EB420201EB820146
:10DA0000896801F27711BD4A13685268521C02EB13
:10DA1000420203EB82029160B8494968491CB74A47
:10DA2000516040F24B22B5490B684968491C01EB33
:10DA3000410143F821209FEDB40AB0490A684968C2
:10DA4000491C01EB410102EB810181ED010AAB4967
:10DA50000968AA4A526802EB420201EB8201896816
:10DA60007D31A64A13685268521C02EB420203EB56
:10DA700082029160A1494968491CA04A516040F264
:10DA80004B229E490B684968491C01EB410143F850
:10DA900021201FED680A99490A684968491C01EB71
:10DAA000410102EB810181ED010A94490968934A21
:10DAB000526802EB420201EB82018968FA318F4A17
:10DAC00013685268521C02EB420203EB820291601F
:10DAD0008A494968491C894A5160002287490B6874
:10DAE0004968491C01EB410143F821209FED870A59
:10DAF00082490A684968491C01EB410102EB810136
:10DB000081ED010A7D4909687C4A526802EB4202B4
:10DB100001EB82018968BC31784A13685268521C53
:10DB200002EB420203EB8202916074494968491C8E
:10DB3000724A516040F24B2270490B684968491C97
:10DB400001EB410143F821209FED6D0A6B490A6802
:10DB50004968491C01EB410102EB810181ED010A99
:10DB600066490968654A526802EB420201EB82018C
:10DB700089683F31614A13685268521C02EB4202C5
:10DB800003EB820291605D494968491C5B4A516020
:10DB90004FF4DC7259490B684968491C01EB41019B
:10DBA00043F821209FED580A54490A684968491CE6
:10DBB00001EB410102EB810181ED010A4F49096846
:10DBC0004E4A526802EB420201EB820189687D31C4
:10DBD0004A4A13685268521C02EB420203EB82026B
:10DBE000916046494968491C444A51604FF4DC72CF
:10DBF00042490B684968491C01EB410143F8212067
:10DC00009FED410A3D490A684968491C01EB410101
:10DC100002EB810181ED010A38490968374A5268EF
:10DC200002EB420201EB820189687D31334A1368BD
:10DC30005268521C02EB420203EB820291602F49B0
:10DC40004968491C2D4A51604FF4C4722B490B6836
:10DC50004968491C01EB410143F821209FED2A0A44
:10DC600026490A684968491C01EB410102EB810120
:10DC700081ED010A21490968204A526802EB4202FB
:10DC800001EB820189687D311C4A13685268521C7D
:10DC900002EB420203EB8202916018494968491C79
:10DCA000164A51604FF4F77214490B684968491CD1
:10DCB00001EB410143F821209FED130A0F490A6847
:10DCC0004968491C01EB410102EB810181ED010A28
:10DCD0000A490968094A526802EB420201EB8201D3
:10DCE00089687D31054A13685268521C02EB420272
:10DCF00003EB820291600149496809E00C060020AB
:10DD000000007C420080BB430000FA4200003C431C
:10DD1000491CFE4A51600022FC490B684968491CB5
:10DD200001EB410143F821209FEDF90AF7490A6808
:10DD30004968491C01EB410102EB810181ED010AB7
:10DD4000F2490968F14A526802EB420201EB820192
:10DD50008968FA31ED4A13685268521C02EB42029C
:10DD600003EB82029160E9494968491CE74A516026
:10DD70004FF4DC72E5490B684968491C01EB41012D
:10DD800043F821201FED220AE0490A684968491C2E
:10DD900001EB410102EB810181ED010ADB490968D8
:10DDA000DA4A526802EB420201EB820189683F3194
:10DDB000D64A13685268521C02EB420203EB8202FD
:10DDC0009160D2494968491CD04A51604FF4F772BA
:10DDD000CE490B684968491C01EB410143F82120F9
:10DDE0001FED390AC9490A684968491C01EB41011C
:10DDF00002EB810181ED010AC4490968C34A5268F6
:10DE000002EB420201EB820189683F31BF4A13688D
:10DE10005268521C02EB420203EB82029160BB4942
:10DE20004968491CB94A516040F24B22B7490B6816
:10DE30004968491C01EB410143F821201FED4E0ABE
:10DE4000B2490A684968491C01EB410102EB8101B2
:10DE500081ED010AAD490968AC4A526802EB420201
:10DE600001EB820189687D31A84A13685268521C0F
:10DE700002EB420203EB82029160A4494968491C0B
:10DE8000A24A516040F29322A0490B684968491C9C
:10DE900001EB410143F821201FED650A9B490A6807
:10DEA0004968491C01EB410102EB810181ED010A46
:10DEB00096490968954A526802EB420201EB8201D9
:10DEC00089687D31914A13685268521C02EB420204
:10DED00003EB820291608D494968491C8B4A51606D
:10DEE0004FF4447289490B684968491C01EB4101B0
:10DEF00043F821201FED7C0A84490A684968491CBF
:10DF000001EB410102EB810181ED010A7F490968C2
:10DF10007E4A526802EB420201EB820189687D3140
:10DF20007A4A13685268521C02EB420203EB8202E7
:10DF3000916076494968491C744A51604FF45C729B
:10DF400072490B684968491C01EB410143F82120E3
:10DF50001FED930A6D490A684968491C01EB4101AC
:10DF600002EB810181ED010A68490968674A52683C
:10DF700002EB420201EB820189687D31634A13683A
:10DF80005268521C02EB420203EB820291605F492D
:10DF90004968491C5D4A51604FF477725B490B68D0
:10DFA0004968491C01EB410143F821201FEDAA0AF1
:10DFB00056490A684968491C01EB410102EB81019D
:10DFC00081ED010A51490968504A526802EB420248
:10DFD00001EB820189687D314C4A13685268521CFA
:10DFE00002EB420203EB8202916048494968491CF6
:10DFF000464A51604FF45C7244490B684968491CB9
:10E0000001EB410143F821201FEDC10A3F490A6895
:10E010004968491C01EB410102EB810181ED010AD4
:10E020003A490968394A526802EB420201EB82011F
:10E0300089687D31354A13685268521C02EB4202EE
:10E0400003EB8202916031494968491C2F4A5160B3
:10E050004FF444722D490B684968491C01EB41019A
:10E0600043F821201FEDD80A28490A684968491C4D
:10E0700001EB410102EB810181ED010A23490968AD
:10E08000224A526802EB420201EB820189687D312B
:10E090001E4A13685268521C02EB420203EB8202D2
:10E0A00091601A494968491C184A516040F24B2254
:10E0B00016490B684968491C01EB410143F82120CE
:10E0C0001FEDF10A11490A684968491C01EB410139
:10E0D00002EB810181ED010A0C4909680B4A526883
:10E0E00002EB420201EB820189683F31074A136863
:10E0F0005268521C02EB420203EB82029160034918
:10E100004968491C014A516004E000000C060020E7
:10E1100000007A4340F29322FE490B684968491C8B
:10E1200001EB410143F821209FEDFB0AF9490A6800
:10E130004968491C01EB410102EB810181ED010AB3
:10E14000F4490968F34A526802EB420201EB82018A
:10E1500089683F31EF4A13685268521C02EB420251
:10E1600003EB82029160EB494968491CE94A51601E
:10E170004FF44472E7490B684968491C01EB4101BF
:10E1800043F821209FEDE40AE2490A684968491CE6
:10E1900001EB410102EB810181ED010ADD490968D2
:10E1A000DC4A526802EB420201EB820189683F318E
:10E1B000D84A13685268521C02EB420203EB8202F7
:10E1C0009160D4494968491CD24A51604FF4777232
:10E1D000D0490B684968491C01EB410143F82120F3
:10E1E0009FEDCE0ACB490A684968491C01EB410101
:10E1F00002EB810181ED010AC6490968C54A5268EE
:10E2000002EB420201EB820189687D31C14A136849
:10E210005268521C02EB420203EB82029160BD493C
:10E220004968491CBB4A51604FF47772B9490B6881
:10E230004968491C01EB410143F821209FEDB70AD1
:10E24000B4490A684968491C01EB410102EB8101AC
:10E2500081ED010AAF490968AE4A526802EB4202F9
:10E2600001EB820189687D31AA4A13685268521C09
:10E2700002EB420203EB82029160A6494968491C05
:10E28000A44A51604FF47772A2490B684968491C4F
:10E2900001EB410143F821209FEDA00A9D490A6846
:10E2A0004968491C01EB410102EB810181ED010A42
:10E2B00098490968974A526802EB420201EB8201D1
:10E2C00089687D31934A13685268521C02EB4202FE
:10E2D00003EB820291608F494968491C8D4A516065
:10E2E0004FF45C728B490B684968491C01EB410192
:10E2F00043F821209FED890A86490A684968491C2C
:10E3000001EB410102EB810181ED010A81490968BC
:10E31000804A526802EB420201EB820189687D313A
:10E320007C4A13685268521C02EB420203EB8202E1
:10E33000916078494968491C764A516000227549C4
:10E340000B684968491C01EB410143F821201FED8E
:10E35000900A70490A684968491C01EB410102EBC7
:10E36000810181ED010A6B4909686A4A526802EB32
:10E37000420201EB82018968FA31664A13685268E9
:10E38000521C02EB420203EB820291606149496830
:10E39000491C604A516040F24B225E490B68496853
:10E3A000491C01EB410143F821209FED5B0A5949CB
:10E3B0000A684968491C01EB410102EB810181EDCA
:10E3C000010A54490968534A526802EB420201EBC0
:10E3D000820189683F314F4A13685268521C02EB30
:10E3E000420203EB820291604A494968491C494A4A
:10E3F000516040F2932247490B684968491C01EB80
:10E40000410143F821209FED440A42490A684968C6
:10E41000491C01EB410102EB810181ED010A3D49FB
:10E4200009683C4A526802EB420201EB82018968AA
:10E430003F31384A13685268521C02EB420203EB28
:10E440008202916033494968491C324A51604FF455
:10E45000447230490B684968491C01EB410143F89B
:10E4600021209FED2D0A2B490A684968491C01EBC0
:10E47000410102EB810181ED010A26490968254A23
:10E48000526802EB420201EB820189683F31214A66
:10E4900013685268521C02EB420203EB8202916045
:10E4A0001C494968491C1B4A51604FF4777219494D
:10E4B0000B684968491C01EB410143F821209FED9D
:10E4C000170A14490A684968491C01EB410102EB2B
:10E4D000810181ED010A0F4909680E4A526802EB79
:10E4E000420201EB820189687D310A4A1368526851
:10E4F000521C02EB420203EB82029160054949681B
:10E50000491C044A51604FF4777202490B6849680C
:10E51000491C05E00C06002000007C420000FA4285
:10E5200001EB410143F821201FED040AFE490A686E
:10E530004968491C01EB410102EB810181ED010AAF
:10E54000F9490968F84A526802EB420201EB82017C
:10E5500089687D31F44A13685268521C02EB42020A
:10E5600003EB82029160F0494968491CEE4A516010
:10E570004FF47772EC490B684968491C01EB410183
:10E5800043F821201FED1B0AE7490A684968491C26
:10E5900001EB410102EB810181ED010AE2490968C9
:10E5A000E14A526802EB420201EB820189687D3147
:10E5B000DD4A13685268521C02EB420203EB8202EE
:10E5C0009160D9494968491CD74A51604FF45C723F
:10E5D000D5490B684968491C01EB410143F82120EA
:10E5E0001FED320AD0490A684968491C01EB410114
:10E5F00002EB810181ED010ACB490968CA4A5268E0
:10E6000002EB420201EB820189687D31C64A136840
:10E610005268521C02EB420203EB82029160C24933
:10E620004968491CC04A51600022BF490B684968CB
:10E63000491C01EB410143F821209FEDBC0ABA4976
:10E640000A684968491C01EB410102EB810181ED37
:10E65000010AB5490968B44A526802EB420201EB6B
:10E6600082018968FA31B04A13685268521C02EB81
:10E67000420203EB82029160AB494968491CAA4AF5
:10E6800051604FF44472A8490B684968491C01EB7A
:10E69000410143F821201FED5F0AA3490A68496838
:10E6A000491C01EB410102EB810181ED010A9E4908
:10E6B00009689D4A526802EB420201EB82018968B7
:10E6C0007D31994A13685268521C02EB420203EBF7
:10E6D0008202916094494968491C934A516040F212
:10E6E000BA2291490B684968491C01EB410143F882
:10E6F00021201FED760A8C490A684968491C01EB04
:10E70000410102EB810181ED010A87490968864ACE
:10E71000526802EB420201EB820189687D31824A34
:10E7200013685268521C02EB420203EB82029160B2
:10E730007D494968491C7C4A516040F293227A49DC
:10E740000B684968491C01EB410143F821209FED0A
:10E75000780A75490A684968491C01EB410102EBD6
:10E76000810181ED010A704909686F4A526802EB24
:10E77000420201EB8201896801F277116A4A13684B
:10E780005268521C02EB420203EB8202916066491E
:10E790004968491C644A516040F24B2262490B6847
:10E7A0004968491C01EB410143F821209FED600AB3
:10E7B0005D490A684968491C01EB410102EB81018E
:10E7C00081ED010A58490968574A526802EB420232
:10E7D00001EB8201896801F27711534A136852688C
:10E7E000521C02EB420203EB820291604E494968DF
:10E7F000491C4D4A51604FF444724B490B684968BB
:10E80000491C01EB410143F821201FEDBC0A464998
:10E810000A684968491C01EB410102EB810181ED65
:10E82000010A41490968404A526802EB420201EB81
:10E83000820189687D313C4A13685268521C02EBA0
:10E84000420203EB8202916037494968491C364A0B
:10E85000516040F2BA2234490B684968491C01EB07
:10E86000410143F821201FEDD30A2F490A68496866
:10E87000491C01EB410102EB810181ED010A2A49AA
:10E880000968294A526802EB420201EB8201896859
:10E890007D31254A13685268521C02EB420203EB99
:10E8A0008202916020494968491C1F4A516040F228
:10E8B00093221D490B684968491C01EB410143F84B
:10E8C00021209FED1C0A18490A684968491C01EB80
:10E8D000410102EB810181ED010A13490968124AE5
:10E8E000526802EB420201EB82018968BC310E4A98
:10E8F00013685268521C02EB420203EB82029160E1
:10E9000009494968491C084A516040F2BA2206493F
:10E910000B684968491C01EB410143F821209FED38
:10E92000060A01490A6809E00C06002000007A4343
:10E930000080BB4300003C4300007C424968491C06
:10E9400001EB410102EB810181ED010A694909688E
:10E95000684A526802EB420201EB820189683F314A
:10E96000644A13685268521C02EB420203EB8202B3
:10E97000916060494968491C5E4A516040F29322A7
:10E980005C490B684968491C01EB410143F82120AF
:10E990009FED590A57490A684968491C01EB410132
:10E9A00002EB810181ED010A52490968514A52681E
:10E9B00002EB420201EB820189687D314D4A136806
:10E9C0005268521C02EB420203EB820291604949F9
:10E9D0004968491C474A516040F24B2245490B683F
:10E9E0004968491C01EB410143F821209FED420A8F
:10E9F00040490A684968491C01EB410102EB810169
:10EA000081ED010A3B4909683A4A526802EB420229
:10EA100001EB820189687D31364A13685268521CC5
:10EA200002EB420203EB8202916032494968491CC1
:10EA3000304A51604FF4F7722E490B684968491CFF
:10EA400001EB410143F821201FED480A29490A68DA
:10EA50004968491C01EB410102EB810181ED010A8A
:10EA600024490968234A526802EB420201EB820101
:10EA70008968FA311F4A13685268521C02EB42023D
:10EA800003EB820291601B494968491C194A516095
:10EA9000002218490B684968491C01EB410143F801
:10EAA00021201FED5E0A13490A684968491C01EBE1
:10EAB000410102EB810181ED010A0E4909680D4A0D
:10EAC000526802EB420201EB82018968FA31094A7D
:10EAD00013685268521C02EB420203EB82029160FF
:10EAE00004494968491C034A516006CAC0E900123A
:10EAF000704700000C0600200000FA42B949BA4AEB
:10EB000011600022B8490B684968491C01EB4101BA
:10EB100043F82120B0EE000AB3490A684968491C4D
:10EB200001EB410102EB810181ED010AAE49096867
:10EB3000AD4A526802EB420201EB82018968891CEE
:10EB4000A94A13685268521C02EB420203EB82028C
:10EB50009160A5494968491CA34A51604FF48372EA
:10EB6000A1490B684968491C01EB410143F8212088
:10EB70009FED9E0A9C490A684968491C01EB4101C6
:10EB800002EB810181ED010A97490968964A5268B2
:10EB900002EB420201EB82018968C831924A136894
:10EBA0005268521C02EB420203EB820291608E49D2
:10EBB0004968491C8C4A516000228B490B6849689E
:10EBC000491C01EB410143F82120B0EE080A8649B7
:10EBD0000A684968491C01EB410102EB810181EDA2
:10EBE000010A81490968804A526802EB420201EB3E
:10EBF00082018968C91C7C4A13685268521C02EB66
:10EC0000420203EB8202916077494968491C764AC7
:10EC1000516040F2932274490B684968491C01EB2A
:10EC2000410143F821209FED710A6F490A68496844
:10EC3000491C01EB410102EB810181ED010A6A49A6
:10EC40000968694A526802EB420201EB8201896855
:10EC5000C831654A13685268521C02EB420203EB4A
:10EC60008202916060494968491C5F4A51600022F4
:10EC70005D490B684968491C01EB410143F82120BB
:10EC8000B0EE080A58490A684968491C01EB41017D
:10EC900002EB810181ED010A53490968524A526829
:10ECA00002EB420201EB82018968C91C4E4A1368DB
:10ECB0005268521C02EB420203EB820291604A4905
:10ECC0004968491C484A51604FF4C46246490B6880
:10ECD0004968491C01EB410143F821209FED430A9B
:10ECE00041490A684968491C01EB410102EB810175
:10ECF00081ED010A3C4909683B4A526802EB420235
:10ED000001EB82018968C831374A13685268521C86
:10ED100002EB420203EB8202916033494968491CCD
:10ED2000314A5160002230490B684968491C01EBA7
:10ED3000410143F82120B2EE0E0A2B490A684968C6
:10ED4000491C01EB410102EB810181ED010A2649D9
:10ED50000968254A526802EB420201EB8201896888
:10ED60000F31214A13685268521C02EB420203EB36
:10ED7000820291601C494968491C1B4A516040F25B
:10ED8000174219490B684968491C01EB410143F8D6
:10ED900021209FED170A14490A684968491C01EBB4
:10EDA000410102EB810181ED010A0F4909680E4A18
:10EDB000526802EB420201EB8201896801F5FA71A7
:10EDC000094A13685268521C02EB420203EB8202AA
:10EDD000916005494968491C034A516006CAC0E967
:10EDE00000127047A4880020FC0500200000484362
:10EDF0000000FA4300BFFEE7B0EE401A10B99FEDE5
:10EE0000790A704790ED100A80ED110A90ED0F0A13
:10EE100080ED100AC0ED060A80ED071A30EEC10A37
:10EE200080ED0F0A0178002975D190ED010AD0ED2F
:10EE30000F1A20EE210A80ED090A90ED0A0AD0EDA2
:10EE4000021A90ED0F2A01EE820A80ED0A0A90ED77
:10EE50000D0A80ED0E0A90ED0C0A80ED0D0A90ED82
:10EE60000F0AD0ED101A30EE610A80ED0C0A90ED19
:10EE7000030AD0ED0C1A20EE210A80ED0B0A90ED6A
:10EE80000A0AD0ED051AB4EEE10AF1EE10FA04DD3B
:10EE900090ED050A80ED0A0A10E090ED0A0AD0ED27
:10EEA000051AF1EE611AB4EEE10AF1EE10FA05D29C
:10EEB00090ED050AB1EE400A80ED0A0A90ED090ACC
:10EEC000D0ED0A1A30EE210AD0ED0B1A30EE210AED
:10EED00080ED080A90ED080AD0ED041AB4EEE10ABC
:10EEE000F1EE10FA04DD90ED040A80ED080A76E0F8
:10EEF00090ED080AD0ED041AF1EE611AB4EEE10AC1
:10EF0000F1EE10FA6BD290ED040AB1EE400A80EDFA
:10EF1000080A64E0FFE70178012960D190ED0F0A4B
:10EF2000D0ED101A30EE610AD0ED011A20EE210A60
:10EF300080ED090A90ED020AD0ED0F1A20EE210AA9
:10EF400080ED0A0A90ED0D0A80ED0E0A90ED0C0A94
:10EF500080ED0D0A90ED0F0AD0ED101AB0EE002AE8
:10EF600002EE610AD0ED111A30EE210A80ED0C0A92
:10EF700090ED030AD0ED0C1A20EE210A80ED0B0A69
:10EF800090ED090AD0ED0A1A30EE210AD0ED0B1AE5
:10EF900030EE210AD0ED081A30EE210A80ED080A81
:10EFA00090ED080AD0ED041AB4EEE10AF1EE10FA81
:10EFB00004DD90ED040A80ED080A10E090ED080AE7
:10EFC000D0ED041AF1EE611AB4EEE10AF1EE10FA96
:10EFD00005D290ED040AB1EE400A80ED080A90EDEA
:10EFE000080A0EE70000000000B102B97047017086
:10EFF00092ED001A80ED011A92ED011A80ED021ACD
:10F0000092ED021A80ED031A80ED040AC0ED050AA4
:10F010009FED0C1A80ED0E1A80ED0D1A80ED0C1A82
:10F020009FED081A80ED081A80ED0B1A80ED0A1A80
:10F0300080ED091A80ED111A80ED101A80ED0F1A7B
:10F0400000BFD3E70000000010B5234B1B685B69CD
:10F0500043F04003204C246863611F4B1B68DB684E
:10F0600043F010031C4C2468E3601C4B1B681B68B6
:10F0700023F00103194C2468236007E0174B1B6839
:10F080001B6823F00103154C24682360134B1B6895
:10F090001B6803F00103002BF0D1114B0F4C2468C7
:10F0A000A3600E4B1B68D8600C4B1B6819610B4B9F
:10F0B0001B685A60094B1B681B6843F48023074C8C
:10F0C00024682360054B1B681B6843F00103034C55
:10F0D0002468236010BD0000A0140020F01500205B
:10F0E0000448004070B50446002600252068C0682A
:10F0F00000F04000C8B92068C06840F08000216876
:10F10000C860F5F749FA064608E0F5F745FA801BAE
:10F11000B0F57A7F02D90420607701252068C068A5
:10F1200000F0400008B9012DEFD1284670BD70B540
:10F13000044600252068C06820F080002168C8606F
:10F140002068806800F0200030B92046F6F750FCB7
:10F1500010B1042060770125284670BD80ED000ABB
:10F16000C0ED010A80ED021AC0ED031A80ED042AF9
:10F17000C0ED052A9FED133A80ED063A9FED113A56
:10F1800080ED073A9FED0F3A80ED083A9FED0D3A7A
:10F1900080ED093A9FED0B3A80ED0A3A9FED093A6E
:10F1A00080ED0B3A9FED073A80ED0C3A9FED053A62
:10F1B00080ED0D3A9FED033A80ED0E3A0249C163AE
:10F1C0007047000000000000454F010810B5FB4BE0
:10F1D0001B681B6823F00103F84C24682360F84B7C
:10F1E0001B681B6823F00103F54C2468236007E0CB
:10F1F000F24B1B681B6823F00103F04C246823606A
:10F20000EE4B1B681B6803F00103002BF0D107E0F5
:10F21000EB4B1B681B6823F00103E94C2468236057
:10F22000E74B1B681B6803F00103002BF0D1E54B93
:10F23000DB6C1B68E44CA34275D9E24BDB6C1B68AA
:10F24000E24CA34201D1202368E0DE4BDB6C1B685B
:10F25000DD4C483CA34201D120235FE0D94BDB6C5D
:10F260001B68DA4C6034A34201D1202356E0D54B11
:10F27000DB6C1B68D44C1834A34201D120234DE031
:10F28000D04BDB6C1B68D14C1834A34201D1DB148A
:10F2900044E0CC4BDB6C1B68CB4C303CA34201D12F
:10F2A000DB143BE0C74BDB6C1B68C84C7834A342D3
:10F2B00001D1DB1432E0C34BDB6C1B68C24C303431
:10F2C000A34201D1DB1429E0BE4BDB6C1B68BF4CB1
:10F2D0003034A34202D14FF400131FE0B94BDB6C72
:10F2E0001B68B94C183CA34202D14FF4001315E03F
:10F2F000B44BDB6C1B68B54C9034A34202D14FF485
:10F3000000130BE0AF4BDB6C1B68AF4C4834A342DF
:10F3100002D14FF4001301E04FF00063AA4C4C3CC3
:10F32000236076E1FFE7A74BDB6C1B68A74CA83492
:10F33000A34275D9A34BDB6C1B68A44CA34201D13B
:10F34000202369E09F4BDB6C1B689F4C483CA34229
:10F3500001D1202360E09B4BDB6C1B689B4C60342D
:10F36000A34201D1202357E0964BDB6C1B68964CDF
:10F370001834A34201D120234EE0924BDB6C1B6872
:10F38000924C1834A34201D1DB1445E08D4BDB6C69
:10F390001B688D4C303CA34201D1DB143CE0894B0F
:10F3A000DB6C1B68894C7834A34201D1DB1433E059
:10F3B000844BDB6C1B68844C3034A34201D1DB14DA
:10F3C0002AE0804BDB6C1B68804C3034A34202D1B6
:10F3D0004FF4001320E07B4BDB6C1B687A4C183C2D
:10F3E000A34202D14FF4001316E0764BDB6C1B688E
:10F3F000764C9034A34202D14FF400130CE0714BD1
:10F40000DB6C1B68704C4834A34203D14FF40013EB
:10F4100002E005E04FF000636B4C503C2360F8E0E5
:10F42000684BDB6C1B68694C4834A34275D9654B4B
:10F43000DB6C1B68654CA34201D1202368E0614B63
:10F44000DB6C1B68604C483CA34201D120235FE089
:10F450005C4BDB6C1B685D4C6034A34201D1202304
:10F4600056E0584BDB6C1B68574C1834A34201D153
:10F4700020234DE0534BDB6C1B68544C1834A342E3
:10F4800001D1DB1444E04F4BDB6C1B684E4C303C2D
:10F49000A34201D1DB143BE04A4BDB6C1B684B4CB5
:10F4A0007834A34201D1DB1432E0464BDB6C1B689D
:10F4B000454C3034A34201D1DB1429E0414BDB6CD5
:10F4C0001B68424C3034A34202D14FF400131FE0BA
:10F4D0003C4BDB6C1B683C4C183CA34202D14FF404
:10F4E000001315E0374BDB6C1B68384C9034A3429B
:10F4F00002D14FF400130BE0324BDB6C1B68324C33
:10F500004834A34202D14FF4001301E04FF00063EE
:10F510002E4C103CE3607CE0FFE72A4BDB6C1B6861
:10F520002A4CA34201D1202370E0264BDB6C1B68E0
:10F53000254C483CA34201D1202367E0214BDB6CE2
:10F540001B68224C6034A34201D120235EE01D4B96
:10F55000DB6C1B681C4C1834A34201D1202355E0FE
:10F56000184BDB6C1B68194C1834A34201D1DB1417
:10F570004CE0144BDB6C1B68134C303CA34201D1B4
:10F58000DB1443E00F4BDB6C1B68104C7834A34258
:10F5900001D1DB143AE00B4BDB6C1B680A4C3034B6
:10F5A000A34201D1DB1431E0064BDB6C1B68074C36
:10F5B0003034A3420CD14FF4001327E0E8110020AF
:10F5C0004812002090110020586402401060024050
:10F5D000F74BDB6C1B68F74CA34202D14FF40013CE
:10F5E00014E0F34BDB6C1B68F34CA34202D14FF4E5
:10F5F00000130BE0EE4BDB6C1B68EE4C6034A34257
:10F6000002D14FF4001301E04FF00063EA4CA03C3C
:10F61000A360E74BDB6C1B68E64C1834A34274D93B
:10F62000E34BDB6C1B68E44C903CA34201D11023FC
:10F6300066E0DF4BDB6C1B68DE4C303CA34201D143
:10F6400010235DE0DA4BDB6C1B68DB4C303CA342E3
:10F6500001D1102354E0D64BDB6C1B68D54C303401
:10F66000A34201D110234BE0D14BDB6C1B68D24C81
:10F67000783CA34201D11B1542E0CD4BDB6C1B68EB
:10F68000CC4C183CA34201D11B1539E0C84BDB6CB4
:10F690001B68C94C183CA34201D11B1530E0C44B78
:10F6A000DB6C1B68C34C4834A34201D11B1527E017
:10F6B000BF4BDB6C1B68C04C603CA34202D14FF4D3
:10F6C00080131DE0BA4BDB6C1B68BA4CA34202D11D
:10F6D0004FF4801314E0B64BDB6C1B68B64CA342AE
:10F6E00002D14FF480130BE0B14BDB6C1B68B14CC3
:10F6F0006034A34202D14FF4801301E04FF08063E5
:10F70000AC4C343C236070E1FFE7A94BDB6C1B6819
:10F71000A94C1834A34274D9A54BDB6C1B68A64CCA
:10F72000903CA34201D1102366E0A14BDB6C1B6827
:10F73000A04C303CA34201D110235DE09C4BDB6C1C
:10F740001B689D4C303CA34201D1102354E0984BE0
:10F75000DB6C1B68974C3034A34201D110234BE083
:10F76000934BDB6C1B68944C783CA34201D11B1576
:10F7700042E08F4BDB6C1B688E4C183CA34201D1DE
:10F780001B1539E08A4BDB6C1B688B4C183CA34281
:10F7900001D11B1530E0864BDB6C1B68854C48346F
:10F7A000A34201D11B1527E0814BDB6C1B68824C07
:10F7B000603CA34202D14FF480131DE07C4BDB6C14
:10F7C0001B687C4CA34202D14FF4801314E0784BA9
:10F7D000DB6C1B68784CA34202D14FF480130BE022
:10F7E000734BDB6C1B68734C6034A34202D14FF443
:10F7F000801301E04FF080636E4C383C2360F4E0EE
:10F80000FFE76B4BDB6C1B686B4C483CA34274D925
:10F81000674BDB6C1B68684C903CA34201D1102302
:10F8200066E0634BDB6C1B68624C303CA34201D149
:10F8300010235DE05E4BDB6C1B685F4C303CA342E9
:10F8400001D1102354E05A4BDB6C1B68594C303407
:10F85000A34201D110234BE0554BDB6C1B68564C87
:10F86000783CA34201D11B1542E0514BDB6C1B6875
:10F87000504C183CA34201D11B1539E04C4BDB6CBA
:10F880001B684D4C183CA34201D11B1530E0484B7E
:10F89000DB6C1B68474C4834A34201D11B1527E0A1
:10F8A000434BDB6C1B68444C603CA34202D14FF4D9
:10F8B00080131DE03E4BDB6C1B683E4CA34202D123
:10F8C0004FF4801314E03A4BDB6C1B683A4CA342B4
:10F8D00002D14FF480130BE0354BDB6C1B68354CC9
:10F8E0006034A34202D14FF4801301E04FF08063F3
:10F8F000314CA03CE36078E0FFE72D4BDB6C1B68EC
:10F900002D4C903CA34201D110236BE0284BDB6CC3
:10F910001B68284C303CA34201D1102362E0244BE9
:10F92000DB6C1B68244C303CA34201D1102359E00E
:10F930001F4BDB6C1B681F4C3034A34201D11023DA
:10F9400050E01B4BDB6C1B681B4C783CA34201D185
:10F950001B1547E0164BDB6C1B68164C183CA3428A
:10F9600001D11B153EE0124BDB6C1B68124C183C9E
:10F97000A34201D11B1535E00D4BDB6C1B680D4C10
:10F980004834A34201D11B152CE0094BDB6C1B68EA
:10F99000094C603CA34202D14FF4801322E0044B97
:10F9A000DB6C1B68034CA34208D14FF4801319E0B1
:10F9B0009011002040640240A0600240F74BDB6CD5
:10F9C0001B68F74CA34202D14FF480130AE0F34BBB
:10F9D000DB6C1B68F34CA34202D14FF4801301E0AF
:10F9E0004FF08063EE4CA03CA360EC4BDB6C1B68DB
:10F9F000EC4C483CA34274D9E84BDB6C1B68E84CE8
:10FA0000903CA34201D1082366E0E44BDB6C1B6809
:10FA1000E44C903CA34201D108235DE0DF4BDB6C5A
:10FA20001B68DF4C303CA34201D1082354E0DB4B80
:10FA3000DB6C1B68DB4C303CA34201D108234BE05C
:10FA4000D64BDB6C1B68D64C783CA34201D15B15CE
:10FA500042E0D24BDB6C1B68D24C783CA34201D114
:10FA60005B1539E0CD4BDB6C1B68CD4C183CA342D9
:10FA700001D15B1530E0C94BDB6C1B68C94C183CED
:10FA8000A34201D15B1527E0C44BDB6C1B68C44C5F
:10FA9000603CA34202D14FF400231DE0BF4BDB6C5E
:10FAA0001B68C04C603CA34202D14FF4002313E01A
:10FAB000BA4BDB6C1B68BA4CA34202D14FF4002353
:10FAC0000AE0B64BDB6C1B68B64CA34202D14FF484
:10FAD000002301E04FF00073B24C943C236070E1CE
:10FAE000FFE7AE4BDB6C1B68AD4C1834A34274D9F6
:10FAF000AA4BDB6C1B68AA4C903CA34201D10823A3
:10FB000066E0A64BDB6C1B68A64C903CA34201D17F
:10FB100008235DE0A14BDB6C1B68A14C303CA34289
:10FB200001D1082354E09D4BDB6C1B689D4C303C9D
:10FB3000A34201D108234BE0984BDB6C1B68984C27
:10FB4000783CA34201D15B1542E0944BDB6C1B680F
:10FB5000944C783CA34201D15B1539E08F4BDB6CB0
:10FB60001B688F4C183CA34201D15B1530E08B4BD6
:10FB7000DB6C1B688B4C183CA34201D15B1527E062
:10FB8000864BDB6C1B68864C603CA34202D14FF471
:10FB900000231DE0814BDB6C1B68824C603CA34260
:10FBA00002D14FF4002313E07C4BDB6C1B687C4CD0
:10FBB000A34202D14FF400230AE0784BDB6C1B68B0
:10FBC000784CA34202D14FF4002301E04FF00073C0
:10FBD000744C983C2360F4E0FFE7704BDB6C1B68CF
:10FBE0006F4C483CA34274D96C4BDB6C1B686C4C6B
:10FBF000903CA34201D1082366E0684BDB6C1B6894
:10FC0000684C903CA34201D108235DE0634BDB6C60
:10FC10001B68634C303CA34201D1082354E05F4B86
:10FC2000DB6C1B685F4C303CA34201D108234BE0E6
:10FC30005A4BDB6C1B685A4C783CA34201D15B15D4
:10FC400042E0564BDB6C1B68564C783CA34201D11A
:10FC50005B1539E0514BDB6C1B68514C183CA342DF
:10FC600001D15B1530E04D4BDB6C1B684D4C183CF3
:10FC7000A34201D15B1527E0484BDB6C1B68484C65
:10FC8000603CA34202D14FF400231DE0434BDB6CE8
:10FC90001B68444C603CA34202D14FF4002313E0A4
:10FCA0003E4BDB6C1B683E4CA34202D14FF4002359
:10FCB0000AE03A4BDB6C1B683A4CA34202D14FF48A
:10FCC000002301E04FF00073354CA03CE36078E086
:10FCD000FFE7324BDB6C1B68314C903CA34201D1F7
:10FCE00008236CE02D4BDB6C1B682E4C903CA34230
:10FCF00001D1082363E0294BDB6C1B68284C303CA6
:10FD0000A34201D108235AE0244BDB6C1B68254C2D
:10FD1000303CA34201D1082351E0204BDB6C1B682F
:10FD20001F4C783CA34201D15B1548E01B4BDB6CB8
:10FD30001B681C4C783CA34201D15B153FE0174B7C
:10FD4000DB6C1B68164C183CA34201D15B1536E0F6
:10FD5000124BDB6C1B68134C183CA34201D15B15A2
:10FD60002DE00E4BDB6C1B680D4C603CA34202D1B6
:10FD70004FF4002323E0094BDB6C1B68094C603C0B
:10FD8000A34202D14FF4002319E0044BDB6C1B6843
:10FD9000034CA34208D14FF4002310E0901100203F
:10FDA000A0600240A0640240F84BDB6C1B68F84C7A
:10FDB000A34202D14FF4002301E04FF00073F54C51
:10FDC000A360F24BDB6C1B68F14C483CA34275D935
:10FDD000EE4BDB6C1B68EF4C1034A34201D10423C3
:10FDE00068E0EA4BDB6C1B68E94C903CA34201D114
:10FDF00004235FE0E54BDB6C1B68E64C7034A342E8
:10FE000001D1042356E0E14BDB6C1B68E04C303C35
:10FE1000A34201D104234DE0DC4BDB6C1B68DD4CBD
:10FE20002834A34201D19B1544E0D84BDB6C1B68FE
:10FE3000D74C783CA34201D19B153BE0D34BDB6C04
:10FE40001B68D44C8834A34201D19B1532E0CF4BC0
:10FE5000DB6C1B68CE4C183CA34201D19B1529E0FA
:10FE6000CA4BDB6C1B68CB4C4034A34202D14FF42D
:10FE700080231FE0C54BDB6C1B68C54C603CA34274
:10FE800002D14FF4802315E0C04BDB6C1B68C14CE2
:10FE9000A034A34202D14FF480230BE0BB4BDB6CB8
:10FEA0001B68BB4CA34203D14FF4802302E005E062
:10FEB0004FF08073B64C943C236071E1B34BDB6C24
:10FEC0001B68B44CB834A34275D9B04BDB6C1B68CB
:10FED000B04C1034A34201D1042367E0AB4BDB6C80
:10FEE0001B68AB4C903CA34201D104235EE0A74BBE
:10FEF000DB6C1B68A74C7034A34201D1042355E08E
:10FF0000A24BDB6C1B68A24C303CA34201D1042302
:10FF10004CE09E4BDB6C1B689E4C2834A34201D105
:10FF20009B1543E0994BDB6C1B68994C783CA342D2
:10FF300001D19B153AE0954BDB6C1B68954C8834DE
:10FF4000A34201D19B1531E0904BDB6C1B68904CB8
:10FF5000183CA34201D19B1528E08C4BDB6C1B683D
:10FF60008C4C4034A34202D14FF480231EE0874BD7
:10FF7000DB6C1B68864C603CA34202D14FF48023AB
:10FF800014E0824BDB6C1B68824CA034A34202D18C
:10FF90004FF480230AE07D4BDB6C1B687C4CA34252
:10FFA00002D14FF4802301E04FF08073784C983CED
:10FFB0002360F5E0FFE7754BDB6C1B68754C58342C
:10FFC000A34274D9714BDB6C1B68724C1034A34292
:10FFD00001D1042368E06D4BDB6C1B686C4C903CDA
:10FFE000A34201D104235FE0684BDB6C1B68694CC2
:10FFF0007034A34201D1042356E0644BDB6C1B68D0
:020000040801F1
:10000000634C303CA34201D104234DE05F4BDB6CD9
:100010001B68604C2834A34201D19B1544E05B4B24
:10002000DB6C1B685A4C783CA34201D19B153BE02A
:10003000564BDB6C1B68574C8834A34201D19B158F
:1000400032E0524BDB6C1B68514C183CA34201D18F
:100050009B1529E04D4BDB6C1B684E4C4034A34292
:1000600002D14FF480231FE0484BDB6C1B68484CE7
:10007000603CA34202D14FF4802315E0434BDB6C7C
:100080001B68444CA034A34202D14FF480230BE000
:100090003E4BDB6C1B683E4CA34203D14FF48023E4
:1000A00002E004E04FF080733A4CE36078E0374BB5
:1000B000DB6C1B68374C1034A34201D104236DE084
:1000C000324BDB6C1B68324C903CA34201D10423C1
:1000D00064E02E4BDB6C1B682E4C7034A34201D1C4
:1000E00004235BE0294BDB6C1B68294C303CA342AA
:1000F00001D1042352E0254BDB6C1B68254C2834CE
:10010000A34201D19B1549E0204BDB6C1B68204CBE
:10011000783CA34201D19B1540E01C4BDB6C1B6873
:100120001C4C8834A34201D19B1537E0174BDB6C84
:100130001B68174C183CA34201D19B152EE0134BB2
:10014000DB6C1B68134C4034A34202D14FF4802374
:1001500024E00E4BDB6C1B680D4C603CA34202D1CB
:100160004FF480231AE0094BDB6C1B68094CA03468
:10017000A34202D14FF4802310E0044BDB6C1B68D8
:10018000034CA34208D14FF4802307E090110020D4
:10019000A0640240006002404FF08073FE4CA360F8
:1001A000FE4BDB6C1B68FE4CA34276D9FB4BDB6C31
:1001B0001B68F94C1034A34201D1012369E0F74BCD
:1001C000DB6C1B68F64C483CA34201D1012360E084
:1001D000F24BDB6C1B68F04C7034A34201D101235D
:1001E00057E0EE4BDB6C1B68ED4C1834A34201D199
:1001F00001234EE0E94BDB6C1B68E74C2834A3423B
:1002000001D1402345E0E54BDB6C1B68E44C303CFE
:10021000A34201D140233CE0E04BDB6C1B68DE4C89
:100220008834A34201D1402333E0DC4BDB6C1B68F4
:10023000DB4C3034A34201D140232AE0D74BDB6CA6
:100240001B68D54C4034A34202D14FF4803320E0E8
:10025000D24BDB6C1B68D24C183CA34202D14FF44A
:10026000803316E0CD4BDB6C1B68CB4CA034A34233
:1002700002D14FF480330CE0C84BDB6C1B68C84CD8
:100280004834A34203D14FF4803302E005E04FF439
:100290008003C34C4C3C23606EE1C04BDB6C1B689D
:1002A000BD4CB834A34276D9BC4BDB6C1B68BA4C4E
:1002B0001034A34201D1012369E0B84BDB6C1B6809
:1002C000B74C483CA34201D1012360E0B34BDB6C47
:1002D0001B68B14C7034A34201D1012357E0AF4BEE
:1002E000DB6C1B68AE4C1834A34201D101234EE0F5
:1002F000AA4BDB6C1B68A84C2834A34201D14023D5
:1003000045E0A64BDB6C1B68A54C303CA34201D1F9
:1003100040233CE0A14BDB6C1B689F4C8834A3421C
:1003200001D1402333E09D4BDB6C1B689C4C303487
:10033000A34201D140232AE0984BDB6C1B68964C0A
:100340004034A34202D14FF4803320E0934BDB6C66
:100350001B68934C183CA34202D14FF4803316E043
:100360008E4BDB6C1B688C4CA034A34202D14FF443
:1003700080330CE0894BDB6C1B68894C4834A3420A
:1003800003D14FF4803302E005E04FF48003844C46
:10039000503C2360F0E0814BDB6C1B687E4C583492
:1003A000A34275D97D4BDB6C1B687B4C1034A34298
:1003B00001D1012369E0794BDB6C1B68784C483C28
:1003C000A34201D1012360E0744BDB6C1B68724CCB
:1003D0007034A34201D1012357E0704BDB6C1B68E2
:1003E0006F4C1834A34201D101234EE06B4BDB6C00
:1003F0001B68694C2834A34201D1402345E0674B78
:10040000DB6C1B68664C303CA34201D140233CE0CE
:10041000624BDB6C1B68604C8834A34201D14023E3
:1004200033E05E4BDB6C1B685D4C3034A34201D182
:1004300040232AE0594BDB6C1B68574C4034A342E5
:1004400002D14FF4803320E0544BDB6C1B68544CDA
:10045000183CA34202D14FF4803316E04F4BDB6CC3
:100460001B684D4CA034A34202D14FF480330CE002
:100470004A4BDB6C1B684A4C4834A34203D14FF40F
:10048000803302E004E04FF48003434CE36073E008
:10049000424BDB6C1B68404C1034A34201D101235A
:1004A00068E03E4BDB6C1B683D4C483CA34201D1ED
:1004B00001235FE0394BDB6C1B68374C7034A3427F
:1004C00001D1012356E0354BDB6C1B68344C1834EA
:1004D000A34201D101234DE0304BDB6C1B682E4C55
:1004E0002834A34201D1402344E02C4BDB6C1B6831
:1004F0002B4C303CA34201D140233BE0274BDB6C2B
:100500001B68254C8834A34201D1402332E0234BA1
:10051000DB6C1B68224C3034A34201D1402329E01C
:100520001E4BDB6C1B681C4C4034A34202D14FF4C1
:1005300080331FE0194BDB6C1B68194C183CA3423D
:1005400002D14FF4803315E0144BDB6C1B68124C66
:10055000A034A34202D14FF480330BE00F4BDB6C8D
:100560001B680F4C4834A34202D14FF4803301E0A2
:100570004FF48003084CA360084B9B6C1B68084C2D
:10058000A3427BD9054B9B6C1B68034C1034A342E0
:1005900008D120236EE0000000600240901100208E
:1005A00058640240F74B9B6C1B68F74CA34201D187
:1005B00020235FE0F34B9B6C1B68F44CA34201D1FA
:1005C000202357E0EF4B9B6C1B68EF4C6034A34239
:1005D00001D120234EE0EB4B9B6C1B68EB4C483C5D
:1005E000A34201D1DB1445E0E64B9B6C1B68E64C53
:1005F0001834A34201D1DB143CE0E24B9B6C1B6836
:10060000E24C1834A34201D1DB1433E0DD4B9B6C88
:100610001B68DD4C7834A34201D1DB142AE0D94BAE
:100620009B6C1B68D94C303CA34202D14FF40013A1
:1006300020E0D44B9B6C1B68D34C3034A34202D1D6
:100640004FF4001316E0CF4B9B6C1B68CF4C30343B
:10065000A34202D14FF400130CE0CA4B9B6C1B6801
:10066000C94C9034A34203D14FF4001302E005E0DB
:100670004FF00063C44C241F23606AE1C14B9B6CA4
:100680001B68C24C4834A34274D9BE4B9B6C1B6898
:10069000BE4C603CA34201D1202366E0B94B9B6C69
:1006A0001B68B94CA34201D120235EE0B54B9B6C83
:1006B0001B68B64CA34201D1202356E0B14B9B6C82
:1006C0001B68B14C6034A34201D120234DE0AD4BF7
:1006D0009B6C1B68AD4C483CA34201D1DB1444E049
:1006E000A84B9B6C1B68A84C1834A34201D1DB14A7
:1006F0003BE0A44B9B6C1B68A44C1834A34201D173
:10070000DB1432E09F4B9B6C1B689F4C7834A342F8
:1007100001D1DB1429E09B4B9B6C1B689B4C303C4C
:10072000A34202D14FF400131FE0964B9B6C1B6851
:10073000954C3034A34202D14FF4001315E0914B95
:100740009B6C1B68914C3034A34202D14FF40013D0
:100750000BE08C4B9B6C1B688B4C9034A34202D1FA
:100760004FF4001301E04FF00063874C083C236016
:10077000EFE0FFE7834B9B6C1B68844C183CA34263
:1007800074D9804B9B6C1B68804C603CA34201D1A8
:10079000202366E07B4B9B6C1B687B4CA34201D102
:1007A00020235EE0774B9B6C1B68784CA34201D101
:1007B000202356E0734B9B6C1B68734C6034A34240
:1007C00001D120234DE06F4B9B6C1B686F4C483C64
:1007D000A34201D1DB1444E06A4B9B6C1B686A4C5A
:1007E0001834A34201D1DB143BE0664B9B6C1B68C1
:1007F000664C1834A34201D1DB1432E0614B9B6C90
:100800001B68614C7834A34201D1DB1429E05D4BB5
:100810009B6C1B685D4C303CA34202D14FF400132B
:100820001FE0584B9B6C1B68574C3034A34202D1DD
:100830004FF4001315E0534B9B6C1B68534C303442
:10084000A34202D14FF400130BE04E4B9B6C1B688C
:100850004D4C9034A34202D14FF4001301E04FF00D
:1008600000634A4C703CE36073E0FFE7454B9B6CD0
:100870001B68464C603CA34201D1202366E0414BFB
:100880009B6C1B68404CA34201D120235EE03D4B92
:100890009B6C1B683D4CA34201D1202356E0394B91
:1008A0009B6C1B68384C6034A34201D120234DE07F
:1008B000344B9B6C1B68354C483CA34201D1DB1484
:1008C00044E0304B9B6C1B682F4C1834A34201D181
:1008D000DB143BE02B4B9B6C1B682C4C1834A34265
:1008E00001D1DB1432E0274B9B6C1B68264C78341B
:1008F000A34201D1DB1429E0224B9B6C1B68234CE3
:10090000303CA34202D14FF400131FE01D4B9B6CFF
:100910001B681D4C3034A34202D14FF4001315E084
:10092000184B9B6C1B68194C3034A34202D14FF416
:1009300000130BE0134B9B6C1B68134C9034A342C9
:1009400002D14FF4001301E04FF000630F4C703CF4
:10095000A3600C4B9B6C1B680B4C4834A3427AD9A8
:10096000084B9B6C1B68094C603CA34201D11023CF
:100970006DE0044B9B6C1B68034CA34208D1102311
:1009800065E0000090110020106402407060024099
:10099000F74B9B6C1B68F74CA34201D1102356E028
:1009A000F34B9B6C1B68F44CA34201D110234EE027
:1009B000EF4B9B6C1B68EF4C483CA34201D11B15CD
:1009C00045E0EB4B9B6C1B68EB4C483CA34201D1D0
:1009D0001B153CE0E64B9B6C1B68E64C1834A342AD
:1009E00001D11B1533E0E24B9B6C1B68E24C1834C1
:1009F000A34201D11B152AE0DD4B9B6C1B68DD4C2B
:100A0000303CA34202D14FF4801320E0D84B9B6CC2
:100A10001B68D94C303CA34202D14FF4801316E03E
:100A2000D34B9B6C1B68D34C3034A34202D14FF4A0
:100A300080130CE0CE4B9B6C1B68CF4C3034A34230
:100A400003D14FF4801302E005E04FF08063CA4CFD
:100A5000643C23606AE1C64B9B6C1B68C54C483400
:100A6000A34274D9C24B9B6C1B68C24C603CA3422E
:100A700001D1102366E0BE4B9B6C1B68BE4C603CF2
:100A8000A34201D110235DE0B94B9B6C1B68B94CAC
:100A9000A34201D1102355E0B54B9B6C1B68B64CAB
:100AA000A34201D110234DE0B14B9B6C1B68B14CAC
:100AB000483CA34201D11B1544E0AD4B9B6C1B6825
:100AC000AD4C483CA34201D11B153BE0A84B9B6CAD
:100AD0001B68A84C1834A34201D11B1532E0A44B6B
:100AE0009B6C1B68A44C1834A34201D11B1529E050
:100AF0009F4B9B6C1B689F4C303CA34202D14FF430
:100B000080131FE09A4B9B6C1B689B4C303CA342AC
:100B100002D14FF4801315E0954B9B6C1B68954CEC
:100B20003034A34202D14FF480130BE0904B9B6C06
:100B30001B68914C3034A34202D14FF4801301E082
:100B40004FF080638C4C683C2360EFE0FFE7884BFC
:100B50009B6C1B68874C183CA34274D9844B9B6CDC
:100B60001B68844C603CA34201D1102366E0804B9B
:100B70009B6C1B68804C603CA34201D110235DE05C
:100B80007B4B9B6C1B687B4CA34201D1102355E02F
:100B9000774B9B6C1B68784CA34201D110234DE02E
:100BA000734B9B6C1B68734C483CA34201D11B15D3
:100BB00044E06F4B9B6C1B686F4C483CA34201D1D7
:100BC0001B153BE06A4B9B6C1B686A4C1834A342B4
:100BD00001D11B1532E0664B9B6C1B68664C1834C8
:100BE000A34201D11B1529E0614B9B6C1B68614C32
:100BF000303CA34202D14FF480131FE05C4B9B6C4E
:100C00001B685D4C303CA34202D14FF4801315E0C9
:100C1000574B9B6C1B68574C3034A34202D14FF4A6
:100C200080130BE0524B9B6C1B68534C3034A34237
:100C300002D14FF4801301E04FF080634D4C703CC3
:100C4000E36073E0FFE74A4B9B6C1B68494C603CD8
:100C5000A34201D1102366E0454B9B6C1B68464CB8
:100C6000603CA34201D110235DE0414B9B6C1B68AB
:100C7000404CA34201D1102355E03D4B9B6C1B68B7
:100C80003D4CA34201D110234DE0394B9B6C1B68B6
:100C9000384C483CA34201D11B1544E0344B9B6CBB
:100CA0001B68354C483CA34201D11B153BE0304B3F
:100CB0009B6C1B682F4C1834A34201D11B1532E0EA
:100CC0002B4B9B6C1B682C4C1834A34201D11B1579
:100CD00029E0274B9B6C1B68264C303CA34202D179
:100CE0004FF480131FE0224B9B6C1B68224C303C5E
:100CF000A34202D14FF4801315E01D4B9B6C1B687F
:100D00001C4C3034A34202D14FF480130BE0184B3B
:100D10009B6C1B68184C3034A34202D14FF48013F3
:100D200001E04FF08063134C703CA360104B9B6C50
:100D30001B68114C183CA3427AD90D4B9B6C1B6865
:100D40000C4C603CA34201D108236DE0084B9B6C26
:100D50001B68094C603CA34201D1082364E0044BAA
:100D60009B6C1B68034CA34208D108235CE0000085
:100D7000901100207060024070640240F74B9B6C41
:100D80001B68F74CA34201D108234DE0F34B9B6C49
:100D90001B68F44CA34201D15B1545E0EF4B9B6C03
:100DA0001B68EF4C483CA34201D15B153CE0EB4B88
:100DB0009B6C1B68EB4C6034A34201D15B1533E0A4
:100DC000E64B9B6C1B68E64C1834A34201D15B15C3
:100DD0002AE0E24B9B6C1B68E24C1834A34202D120
:100DE0004FF4002320E0DD4B9B6C1B68DC4C303C57
:100DF000A34202D14FF4002316E0D84B9B6C1B6832
:100E0000D84C7834A34202D14FF400230CE0D34BEA
:100E10009B6C1B68D24C3034A34203D14FF40023A7
:100E200002E005E04FF00073CD4C643C23606AE1C2
:100E3000CA4B9B6C1B68CB4C9034A34274D9C74BF4
:100E40009B6C1B68C74C183CA34201D1082366E089
:100E5000C24B9B6C1B68C24C603CA34201D108236F
:100E60005DE0BE4B9B6C1B68BE4C4834A34201D175
:100E7000082354E0B94B9B6C1B68B94CA34201D1C9
:100E800008234CE0B54B9B6C1B68B64CA34201D1C8
:100E90005B1544E0B14B9B6C1B68B14C483CA342D2
:100EA00001D15B153BE0AD4B9B6C1B68AD4C6034D6
:100EB000A34201D15B1532E0A84B9B6C1B68A84C88
:100EC0001834A34201D15B1529E0A44B9B6C1B682D
:100ED000A44C1834A34202D14FF400231FE09F4BCF
:100EE0009B6C1B689E4C303CA34202D14FF4002304
:100EF00015E09A4B9B6C1B689A4C7834A34202D144
:100F00004FF400230BE0954B9B6C1B68944C3034E2
:100F1000A34202D14FF4002301E04FF00073904C44
:100F2000683C2360EFE0FFE78C4B9B6C1B688D4CAB
:100F30003034A34274D9894B9B6C1B68894C183C94
:100F4000A34201D1082366E0844B9B6C1B68844C50
:100F5000603CA34201D108235DE0804B9B6C1B6881
:100F6000804C4834A34201D1082354E07B4B9B6C56
:100F70001B687B4CA34201D108234CE0774B9B6C50
:100F80001B68784CA34201D15B1544E0734B9B6C0A
:100F90001B68734C483CA34201D15B153BE06F4B8F
:100FA0009B6C1B686F4C6034A34201D15B1532E02F
:100FB0006A4B9B6C1B686A4C1834A34201D15B15C9
:100FC00029E0664B9B6C1B68664C1834A34202D127
:100FD0004FF400231FE0614B9B6C1B68604C303C5E
:100FE000A34202D14FF4002315E05C4B9B6C1B68BD
:100FF0005C4C7834A34202D14FF400230BE0574BF2
:101000009B6C1B68564C3034A34202D14FF4002332
:1010100001E04FF00073534C283CE36073E0FFE7BE
:101020004E4B9B6C1B684F4C183CA34201D10823CC
:1010300066E04A4B9B6C1B68494C603CA34201D163
:1010400008235DE0454B9B6C1B68464C4834A3422B
:1010500001D1082354E0414B9B6C1B68404CA342D8
:1010600001D108234CE03D4B9B6C1B683D4CA342D7
:1010700001D15B1544E0394B9B6C1B68384C483CF4
:10108000A34201D15B153BE0344B9B6C1B68354C94
:101090006034A34201D15B1532E0304B9B6C1B687E
:1010A0002F4C1834A34201D15B1529E02B4B9B6CCC
:1010B0001B682C4C1834A34202D14FF400231FE0CC
:1010C000264B9B6C1B68264C303CA34202D14FF44C
:1010D000002315E0214B9B6C1B68224C7834A34203
:1010E00002D14FF400230BE01C4B9B6C1B681C4C83
:1010F0003034A34202D14FF4002301E04FF00073DB
:10110000184C283CA360154B9B6C1B68144C183C76
:10111000A3427AD9114B9B6C1B68124C183CA3421A
:1011200001D104236DE00D4B9B6C1B680C4C603CA3
:10113000A34201D1042364E0084B9B6C1B68094C5B
:101140004834A34201D104235BE0044B9B6C1B6831
:10115000034CA34208D1042353E000009011002067
:101160007064024028600240F74B9B6C1B68F74C90
:10117000A34201D19B1544E0F34B9B6C1B68F44CDC
:10118000A34201D19B153CE0EF4B9B6C1B68EF4CDD
:101190006034A34201D19B1533E0EB4B9B6C1B6881
:1011A000EB4C6034A34201D19B152AE0E64B9B6CCB
:1011B0001B68E64C1834A34202D14FF4802320E090
:1011C000E14B9B6C1B68E24C1834A34202D14FF4F4
:1011D000802316E0DC4B9B6C1B68DC4C7834A3420C
:1011E00002D14FF480230CE0D74B9B6C1B68D84C8A
:1011F0007834A34203D14FF4802302E005E04FF09E
:101200008073D34C1C3C23606AE1CF4B9B6C1B6802
:10121000CE4C9034A34274D9CB4B9B6C1B68CB4C07
:10122000183CA34201D1042366E0C74B9B6C1B68AA
:10123000C74C183CA34201D104235DE0C24B9B6C18
:101240001B68C24C4834A34201D1042354E0BE4B76
:101250009B6C1B68BE4C4834A34201D104234BE075
:10126000B94B9B6C1B68B94CA34201D19B1543E061
:10127000B54B9B6C1B68B64CA34201D19B153BE060
:10128000B14B9B6C1B68B14C6034A34201D19B15E0
:1012900032E0AD4B9B6C1B68AD4C6034A34201D176
:1012A0009B1529E0A84B9B6C1B68A84C1834A342E3
:1012B00002D14FF480231FE0A34B9B6C1B68A44C0E
:1012C0001834A34202D14FF4802315E09E4B9B6C4F
:1012D0001B689E4C7834A34202D14FF480230BE06C
:1012E000994B9B6C1B689A4C7834A34202D14FF403
:1012F000802301E04FF08073954C203C2360EFE0A9
:10130000FFE7914B9B6C1B68904C3034A34274D91F
:101310008D4B9B6C1B688D4C183CA34201D1042360
:1013200066E0894B9B6C1B68894C183CA34201D139
:1013300004235DE0844B9B6C1B68844C4834A342BF
:1013400001D1042354E0804B9B6C1B68804C4834D3
:10135000A34201D104234BE07B4B9B6C1B687B4C6D
:10136000A34201D19B1543E0774B9B6C1B68784CE3
:10137000A34201D19B153BE0734B9B6C1B68734CE4
:101380006034A34201D19B1532E06F4B9B6C1B680C
:101390006F4C6034A34201D19B1529E06A4B9B6CD2
:1013A0001B686A4C1834A34202D14FF480231FE01B
:1013B000654B9B6C1B68664C1834A34202D14FF4FA
:1013C000802315E0604B9B6C1B68604C7834A34213
:1013D00002D14FF480230BE05B4B9B6C1B685C4C91
:1013E0007834A34202D14FF4802301E04FF08073A0
:1013F000564C283CE36073E0FFE7534B9B6C1B6843
:10140000524C183CA34201D1042366E04E4B9B6C26
:101410001B684F4C183CA34201D104235DE04A4BAA
:101420009B6C1B68494C4834A34201D1042354E00F
:10143000454B9B6C1B68464C4834A34201D10423A6
:101440004BE0414B9B6C1B68404CA34201D19B1568
:1014500043E03D4B9B6C1B683D4CA34201D19B1567
:101460003BE0394B9B6C1B68384C6034A34201D184
:101470009B1532E0344B9B6C1B68354C6034A342A7
:1014800001D19B1529E0304B9B6C1B682F4C183405
:10149000A34202D14FF480231FE02B4B9B6C1B68AF
:1014A0002B4C1834A34202D14FF4802315E0264B75
:1014B0009B6C1B68254C7834A34202D14FF48023E7
:1014C0000BE0214B9B6C1B68214C7834A34202D16A
:1014D0004FF4802301E04FF080731C4C283CA36044
:1014E000194B9B6C1B681A4C3034A3427AD9164BAB
:1014F0009B6C1B68154C183CA34201D101236DE085
:10150000114B9B6C1B68124C183CA34201D1012368
:1015100064E00D4B9B6C1B680C4C4834A34201D11A
:1015200001235BE0084B9B6C1B68094C4834A342C9
:1015300001D1012352E0044B9B6C1B68034CA34276
:1015400008D140234AE000009011002028600240AA
:1015500028640240E74B9B6C1B68E74CA34201D117
:1015600040233BE0E34B9B6C1B68E44CA34201D15E
:10157000402333E0DF4B9B6C1B68DF4C6034A3429D
:1015800001D140232AE0DB4B9B6C1B68DB4C483CC1
:10159000A34202D14FF4803320E0D64B9B6C1B68F2
:1015A000D54C1834A34202D14FF4803316E0D14B0E
:1015B0009B6C1B68D14C1834A34202D14FF480338A
:1015C0000CE0CC4B9B6C1B68CB4C7834A34203D112
:1015D0004FF4803302E005E04FF48003C64C1C3C1E
:1015E00023606AE1C34B9B6C1B68C44C3034A3423C
:1015F00074D9C04B9B6C1B68C04C783CA34201D192
:10160000012366E0BB4B9B6C1B68BB4C183CA342A0
:1016100001D101235DE0B74B9B6C1B68B74C183CB4
:10162000A34201D1012354E0B24B9B6C1B68B24C26
:101630004834A34201D101234BE0AE4B9B6C1B68A5
:10164000AE4C603CA34201D1402342E0A94B9B6CCD
:101650001B68A94CA34201D140233AE0A54B9B6CE7
:101660001B68A64CA34201D1402332E0A14B9B6CE6
:101670001B68A14C6034A34201D1402329E09D4B5B
:101680009B6C1B689D4C483CA34202D14FF48033B5
:101690001FE0984B9B6C1B68974C1834A34202D1F7
:1016A0004FF4803315E0934B9B6C1B68934C1834BC
:1016B000A34202D14FF480330BE08E4B9B6C1B682E
:1016C0008D4C7834A34202D14FF4803301E04FF4C3
:1016D0008003894C203C2360EFE0FFE7854B9B6C47
:1016E0001B68864C303CA34274D9824B9B6C1B68B0
:1016F000824C783CA34201D1012366E07D4B9B6C78
:101700001B687D4C183CA34201D101235DE0794B5D
:101710009B6C1B68794C183CA34201D1012354E017
:10172000744B9B6C1B68744C4834A34201D1012359
:101730004BE0704B9B6C1B68704C603CA34201D12A
:10174000402342E06B4B9B6C1B686B4CA34201D166
:1017500040233AE0674B9B6C1B68684CA34201D165
:10176000402332E0634B9B6C1B68634C6034A342A4
:1017700001D1402329E05F4B9B6C1B685F4C483CC8
:10178000A34202D14FF480331FE05A4B9B6C1B687D
:10179000594C1834A34202D14FF4803315E0554B15
:1017A0009B6C1B68554C1834A34202D14FF4803314
:1017B0000BE0504B9B6C1B684F4C7834A34202D11A
:1017C0004FF4803301E04FF480034C4C883CE360DD
:1017D00073E0FFE7474B9B6C1B68484C783CA34287
:1017E00001D1012366E0434B9B6C1B68424C183CC3
:1017F000A34201D101235DE03E4B9B6C1B683F4C33
:10180000183CA34201D1012354E03A4B9B6C1B6866
:10181000394C4834A34201D101234BE0354B9B6C3A
:101820001B68364C603CA34201D1402342E0314B5F
:101830009B6C1B68304CA34201D140233AE02D4BF6
:101840009B6C1B682D4CA34201D1402332E0294BF5
:101850009B6C1B68284C6034A34201D1402329E0D3
:10186000244B9B6C1B68254C483CA34202D14FF48F
:1018700080331FE01F4B9B6C1B681F4C1834A34226
:1018800002D14FF4803315E01A4B9B6C1B681B4C44
:101890001834A34202D14FF480330BE0154B9B6CFC
:1018A0001B68154C7834A34202D14FF4803301E019
:1018B0004FF48003114C883CA360114B1B68D96026
:1018C000104B1B68D8600E4B1B685A600D4B1B6891
:1018D0005A600B4B1B681B6843F00103084C2468DB
:1018E0002360084B1B681B6843F00103054C246808
:1018F000236010BD901100202864024088600240DF
:10190000E81100204812002010B5594B1B685B6895
:1019100043F00203564C24686360554B1B685B68B8
:1019200043F00103524C24686360514B1B681B68F1
:1019300043F040034E4C246823604E4B1B681B68E9
:1019400023F001034B4C2468236007E0494B1B68DC
:101950001B6823F00103474C24682360454B1B6838
:101960001B6803F00103002BF0D1424B1B68424C73
:10197000A34205D94FF400133F4C4C3C23601BE0BD
:101980003C4B1B683D4CA34205D94FF400133A4C25
:10199000503C236010E0374B1B68384C603CA3423E
:1019A00005D94FF40013354CB83CE36004E04FF424
:1019B0000013324CB83CA360314B2E4C2468A3601A
:1019C0002C4B1B68D9602B4B1B685A60294B1B683A
:1019D0001B6843F01003274C24682360294B1B68C5
:1019E0001B6823F00103274C2468236007E0254B84
:1019F0001B681B6823F00103224C24682360214BE1
:101A00001B681B6803F00103002BF0D11D4B1B6802
:101A1000194CA34205D94FF00063174C4C3C23608E
:101A20001BE0184B1B68154CA34205D94FF000630F
:101A3000114C503C236010E0124B1B680F4C603C73
:101A4000A34205D94FF000630C4CB83CE36004E0BE
:101A50004FF00063094CB83CA360094B094C246863
:101A6000A360084B1B68D860064B1B685A6010BD0A
:101A700090110020E811002058640240B860024034
:101A80000C300140481200207CB504460E46154635
:101A90003346012202212046009500F039F828B192
:101AA000606D40F02000606503207CBD1648006832
:101AB0001821B0FBF1F01549B0FBF1F04FF47A7149
:101AC000484301906068B0F5827F0DD13346002213
:101AD00080212046009500F01BF898B1606D40F021
:101AE000200060650320E0E700BF019800B908E02E
:101AF0000198401E019020688068C0F3C010002843
:101B0000F3D100BF0020D0E72C00002040420F009E
:101B10002DE9F84F04460D4690461E46DDF8289004
:101B2000F2F73AFDA0EB0900371AF2F735FD8246CD
:101B30002C480068C0F3CB307843009046E0701C1E
:101B4000002843D0F2F728FDA0EB0A00B84200D2EB
:101B5000A7BB2068406820F0E0002168486060680A
:101B6000B0F5827F0DD1A068B0F5004F03D0A0681A
:101B7000B0F5806F05D12068006820F04000216832
:101B80000860A06AB0F5005F0DD100BF2068006852
:101B900020F40050216808602068006840F400507C
:101BA0002168086000BF012084F8510000BF0020B8
:101BB00084F8500000BF0320BDE8F88FFFE70098CD
:101BC00008B9002702E00098401E00902068806855
:101BD0002840A84201D1012000E000204045AED1BC
:101BE0000020E9E72C00002010B5174890ED8A1A74
:101BF000F0EE410A90ED861AB0EE410A00F5B87099
:101C0000FDF7FAF8104880ED0E0A90ED891AF0EE13
:101C1000410A90ED851AB0EE410A00F5DC70FDF73F
:101C2000EBF8094880ED200A90ED881AF0EE410AA1
:101C300090ED841AB0EE410A00F59470FDF7DCF8DF
:101C4000014880ED320A10BDA497002070470000C3
:101C500000B589B001F0AEFF3249086000200121D3
:101C6000B7EE000A0B460222CDE9001011462D48BE
:101C70000830F8F7C5F800200121B7EE000A0B463E
:101C80000222CDE9001027485030F8F7B9F826486D
:101C9000D0E900128068CDE906120890DFED230A32
:101CA0009FED230A06AA00212248FDF79DF9DFEDEA
:101CB0001F0A9FED1F0A06AA00211E484830FDF7A3
:101CC00093F900200121B7EE000A03460A46CDE948
:101CD0000010032113489830F8F792F8124A0C329A
:101CE00007CA03AB07C3104A1832D2E90010926842
:101CF000CDE901020091F3EE0E0A9FED0F0A03AA4F
:101D000000210C489038FDF76FF9DFED080A9FEDD0
:101D10000B0A6A46002107484838FDF765F909B003
:101D200000BD0000A49700203C68010800007A4430
:101D300000007A4614990020000096430000804677
:101D400010B50D48F0F7F0FC0B489038F0F7ECFCBC
:101D500009484838F0F7E8FC0748983890ED070A3A
:101D600080ED860A90ED190A80ED850A90ED2B0A28
:101D700080ED840A10BD00003C98002070470000F0
:101D8000374890F88000022805D13648C07C10B151
:101D90003448007D58B93348807F012807D0314846
:101DA000C07C012849D12F48007D012845D02D480D
:101DB000008800EE100AB8EE400A2A48D0ED080A62
:101DC000B3EE0E1A70EEC10AB4EEE00AF1EE10FAAC
:101DD00033D8008800EE100AB8EE400A2148D0ED52
:101DE000080A9FED211A70EEC10AB4EEE00AF1EE86
:101DF00010FA17DD008800EE100AB8EE400A194804
:101E0000D0ED080AB3EE0E1A70EEC10AB4EEE00A85
:101E1000F1EE10FA06D2154890ED000A144880ED54
:101E2000880A1BE0114890ED000ADFED120A30EE3F
:101E3000600A0F4880ED880A10E00A48008A0121F4
:101E4000B1EBA02F05D19FED0C0A094880ED880A5F
:101E500004E09FED0A0A064880ED880A70470000FA
:101E6000BC860020F48100200000484214060020B7
:101E7000A4970020000048430000FAC300000000BF
:101E80001CB50021144890ED320ABDEEC00A10EED8
:101E9000100A00B20B460A46CDE900014FF400716A
:101EA0000120EFF7D1FC0020009001900A4890ED4E
:101EB0000E0ABDEEC00A10EE100A03B2064890EDFD
:101EC000200ABDEEC00A10EE100A02B24FF40071F3
:101ED0000220EFF7B9FC1CBDA49700201348407FF7
:101EE000012801D1124908701048407F10B9002024
:101EF0000F4908700E480078012803D00D4800797A
:101F0000032809D19FED0C0A0C4880ED890A9FED4A
:101F10000C0A80ED8A0A08E09FED0A0A074880ED66
:101F2000890A9FED080A80ED8A0A7047F481002033
:101F300020060020107A002000001644A4970020FC
:101F4000000016C40000000010B500BF502080F350
:101F50001188BFF34F8FBFF36F8F00BF04F06AF992
:101F600018B14FF080500449086000BF002080F392
:101F7000118800BF10BD000004ED00E000B593B073
:101F8000302107A8EEF794FE142102A8EEF790FE88
:101F900000BF002001902448006840F08050224992
:101FA00008600846006800F08050019000BF00BF44
:101FB00000BF002001901D48006840F480401B498C
:101FC00008600846006800F48040019000BF00BF30
:101FD000012007900004089002200D9041050E9109
:101FE00006210F91A8211091022111910721129130
:101FF00007A8F3F735FA08B1F0F7EAFA0F200290D4
:1020000002200390002004904FF4A05005904FF45C
:1020100080500690052102A8F3F7C0F808B1F0F748
:10202000D7FA13B000BD00004038024000700040F5
:102030000348006840F470000149086070470000E0
:1020400088ED00E010B50248F4F75FF910BD00001C
:102050001017002010B50248F4F757F910BD000022
:10206000C813002010B502682B4B98420ED0B0F177
:10207000804F0BD0294B984208D0294B984205D06D
:10208000284B984202D0284B984203D122F070028C
:102090004B681A43204B984220D0B0F1804F1DD09E
:1020A0001E4B98421AD01E4B984217D01D4B984297
:1020B00014D01D4B984211D01C4B98420ED01C4B93
:1020C00098420BD01B4B984208D01B4B984205D02E
:1020D0001A4B984202D01A4B984203D122F4407214
:1020E000CB681A4322F080034C6943EA04028B68F0
:1020F000C3620B688362084B984202D00A4B984235
:1021000001D10B690363036843F0040303600123F7
:102110004361026010BD0000000001400004004067
:1021200000080040000C0040000401400040014055
:10213000004401400048014000180040001C0040DD
:102140000020004030B50C46816821F47F4142EA0E
:10215000032525432943816030BD0A46816821F06B
:10216000700142F0070319438160704730B5026A7D
:10217000056A25F0010505624368846924F070044E
:1021800024F003040D682C4322F002028D682A43D8
:10219000104DA84200D103E00F4DA84206D100BF68
:1021A00022F00802CD682A4322F00402094DA84219
:1021B00002D0094DA84207D123F4807323F40073A1
:1021C0004D692B438D692B43436084614D684563A2
:1021D000026230BD000001400004014030B5026AD7
:1021E000056A25F0100505624368846924F4E0441B
:1021F00024F440740D6844EA052422F020028D681E
:1022000042EA0512124DA84200D103E0114DA84246
:1022100007D100BF22F08002CD6842EA051222F009
:1022200040020B4DA84202D00A4DA84209D123F426
:10223000806323F400634D6943EA85038D6943EAB3
:102240008503436084614D688563026230BD000090
:10225000000001400004014030B5026A056A25F41F
:10226000807505624368C46924F0700424F0030497
:102270000D682C4322F400728D6842EA0522124D4B
:10228000A84200D103E0114DA84207D100BF22F4BB
:102290000062CD6842EA052222F480620A4DA8421B
:1022A00002D00A4DA84209D123F4805323F40053ED
:1022B0004D6943EA05138D6943EA05134360C46120
:1022C0004D68C563026230BD00000140000401405A
:1022D00030B5036A056A25F4805505624468C26911
:1022E00022F4E04222F440720D6842EA052223F40F
:1022F00000538D6843EA0533084DA84202D0084DCB
:10230000A84204D124F480444D6944EA8514446011
:10231000C2614D680564036230BD000000000140E9
:102320000004014030B50B461446026A056A25F0E8
:1023300001050562816921F0F00141EA041122F0F2
:102340000A021A438161026230BD30B50B46144661
:10235000026A056A25F010050562816921F4704161
:1023600041EA043122F0A00242EA031281610262D2
:1023700030BD70B50446A56B0020E8852846F4F70B
:1023800095FA70BD70B506460025B46B20684069AB
:10239000C0F3C01594F84100212805D125B10020D3
:1023A000E084204600F0C8F820684069C0F380153A
:1023B00094F84200222805D125B10020E08520466E
:1023C00000F074F8606C40F0100060642046F4F790
:1023D0006DFA70BD70B50546AC6B2868006800F4F6
:1023E0008070002842D1E08500BF00BF21680C3119
:1023F00051E8001F21F4807021680C3141E800028F
:10240000002AF3D100BF00BF00BF2168143151E89A
:10241000001F21F001002168143141E80002002A68
:10242000F3D100BF00BF00BF2168143151E8001F85
:1024300021F040002168143141E80002002AF3D164
:1024400000BF202084F84200206B01280ED100BF7D
:1024500000BF21680C3151E8001F21F010002168F5
:102460000C3141E80002002AF3D100BF0020606374
:10247000206B012804D1A18D2046F4F7D1F902E0A8
:102480002046F4F785FD70BD70B50546AC6B0120A4
:102490006063206B012805D1A08D41082046F4F728
:1024A000BFF902E02046F4F774FD70BD00BF00BF25
:1024B00002680C3252E8002F22F4907102680C324C
:1024C00042E80013002BF3D100BF00BF00BF026839
:1024D000143252E8002F22F001010268143242E85F
:1024E0000013002BF3D100BF016B01290ED100BFF7
:1024F00000BF02680C3252E8002F22F0100102687F
:102500000C3242E80013002BF3D100BF202180F8E9
:10251000421000210163704710B504462068C0686E
:1025200020F040002168C860202084F84100204647
:10253000F4F790FD002010BD00BF00BF02680C3210
:1025400052E8002F22F0C00102680C3242E800136A
:10255000002BF3D100BF202180F841107047F8B55F
:1025600004460025002694F84200222873D1A06872
:10257000B0F5805F0BD1206948B9A66A2068406831
:10258000C0F308003080A06A801CA06214E0A56A35
:10259000A068B0F5805F03D0A06828B9206918B999
:1025A00020684068287004E02068406800F07F00E0
:1025B0002870A06A401CA062E08D401E80B2E085B9
:1025C000002846D12068C06820F020002168C8603B
:1025D0002068C06820F480702168C8602068406965
:1025E00020F0010021684861202084F8420000208A
:1025F0006063206B012826D10020206300BF00BF4C
:1026000021680C3151E8001F21F0100021680C31C5
:1026100041E80002002AF3D100BF2068006800F002
:10262000100010280AD100BF002000902068006828
:10263000009020684068009000BF00BFA18D204638
:10264000F4F7EEF802E02046F4F7A2FC0020F8BD13
:1026500001E00020FBE70220F9E700002DE9F84F38
:1026600004462068006920F44050E168084321686E
:1026700008612169A068084361690843E16908436A
:1026800000902068C06849F20C61884300990843B3
:102690002168C8602068406920F44070A16908433F
:1026A0002168486176492068884203D075492068CE
:1026B000884203D1F2F76CFE814602E0F2F758FE41
:1026C0008146E069B0F5004F6CD102206168A0FB43
:1026D000015003461920A9FB007001462A463846DE
:1026E000EEF79CFA6421B0FBF1F04FEA001A0220E9
:1026F0006168A0FB01510B461920A9FB00712A4615
:102700003846EEF78BFA834602206168A0FB015041
:1027100003461920A9FB00712A463846EEF77EFAD7
:102720006421B0FBF1F000EBC00101EB0010ABEB5A
:102730008000322101EBC0006421B0FBF1F000F019
:10274000F8000AEB400A02206168A0FB0150034632
:102750001920A9FB007001462A463846EEF75EFABA
:10276000834602206168A0FB015003461920A9FBA3
:1027700000712A463846EEF751FA6421B0FBF1F0B9
:1027800000EBC00101EB0010ABEB8000322101EB4C
:10279000C0006421B0FBF1F000F007005044216854
:1027A00088606AE004206168A0FB0150034619209C
:1027B000A9FB007001462A463846EEF72FFA8246FA
:1027C00004206168A0FB015003461920A9FB00709A
:1027D00001462A463846EEF721FA6421B0FBF1F0B3
:1027E00000EBC00101EB0010AAEB8000322101EBED
:1027F00000106421B0FBF1F000F0F00A04206168E1
:10280000A0FB017003461920A9FB00513A46284657
:10281000EEF704FA6421B0FBF1F00AEB001A042091
:102820006168A0FB01510B461920A9FB00712A46E3
:102830003846EEF7F3F9834604206168A0FB0150A7
:1028400003461920A9FB007001462A463846EEF7D8
:10285000E5F96421B0FBF1F000EBC00101EB0010E1
:10286000ABEB8000322101EB00106421B0FBF1F0F2
:1028700000F00F00504421688860BDE8F88F000028
:10288000001001400014014077B581B004461546A0
:102890000298A062A58500206064222084F842008E
:1028A0002C48E16BC8632C48E16B08642B48E16B52
:1028B000C8640020E16B086502AE32682368191D08
:1028C0002B46E06BF1F7BCFC38B11020606420208F
:1028D00084F84200012004B070BD00BF00200090C9
:1028E00020680068009020684068009000BF00BF2A
:1028F000206970B100BF00BF21680C3151E8001F92
:1029000041F4807021680C3141E80002002AF3D1C3
:1029100000BF00BF00BF2168143151E8001F41F023
:1029200001002168143141E80002002AF3D100BF00
:1029300000BF00BF2168143151E8001F41F0400082
:102940002168143141E80002002AF3D100BF0020C1
:10295000C1E70000D5230108892401088523010867
:10296000014691F84100212828D18868B0F5805FA0
:102970000BD1086948B90A6A1088C0F308000B68CF
:102980005860086A801C086205E00B6A581C0862DF
:1029900018780B685860C88C401E80B2C88458B93B
:1029A0000868C06820F080000B68D8600868C068BC
:1029B00040F040000B68D860002070470220FCE720
:1029C0002DE9F84304460D4617469846089E31E027
:1029D000701C70B3F1F7E0FDA0EB0800B04200D826
:1029E00016B90320BDE8F8832068C06800F0040031
:1029F000F8B1802D1ED0402D1CD020680068C0F397
:102A0000C000B0B100BF00200090206800680090B6
:102A100020684068009000BF00BF2046FFF746FDD9
:102A20000820606400BF002084F8400000BF01203F
:102A3000D8E7FFE7206800682840A84201D10120BC
:102A400000E00020B842C3D00020CBE738B54E48A4
:102A50000068006800F0200060B100BF0020009016
:102A60004948006800680090474800684068009046
:102A700000BF88E04548006800F010000028F8D04A
:102A800000BF0020009040480068006800903E4869
:102A900000684068009000BF00BFF1F77DFD04466C
:102AA0003B480068006800F40020002840D1384806
:102AB0000068006820F00100354909680860344862
:102AC00000684068C0F12400324908802420304961
:102AD000096848602E480068006840F400202C49CE
:102AE000096808602A480068006840F00100284929
:102AF0000968086027480088122843D126492748DA
:102B000002F038FA26480068201A642802D900200A
:102B10002449086023480068401C22490860F1F7F6
:102B20003BFD1F4908601C491C4802F023FA29E0BC
:102B300017480068006820F001001549096808601E
:102B4000134800684068C0F124001249088024201E
:102B50000F49096848601448806A20F4002012492F
:102B600088620B480068006840F001000849096865
:102B7000086008480088122804D107490748243013
:102B800002F0F8F900BF38BDA01400200048004052
:102B9000F01500203C0100203A82002051820020E4
:102BA00038010020340100200060024008B50C48C4
:102BB00000680068C0F3001070B100BF00200090F2
:102BC0000748006800680090054800684068009069
:102BD00000BF00BF00F048F80148F3F769FE08BDE8
:102BE000E81400201B4890ED000A1B4880ED030A02
:102BF000184890ED010A184880ED040A154890ED38
:102C0000020A154880ED050A144890ED550A12484D
:102C100080ED000A114890ED560A0F4880ED010A38
:102C20000E4890ED570A0C4880ED020A0C4890EDD2
:102C3000000A094880ED060A094890ED010A064895
:102C400080ED070A064890ED020A034880ED080A65
:102C5000704700004C860020988600209C8200204F
:102C60004C85002000BFFEE710B52648F3F7D9FDDC
:102C7000254800684068C0F1800024490870084673
:102C800000781D2834D3224C207856282FD1607824
:102C900047282CD1E07E452829D1207F4E2826D1F7
:102CA0000846027821461B48EDF7E9FFE41C14F8BA
:102CB000010C184981F880002068C1F88400606820
:102CC000C1F88800A068C1F88C00E068C1F89000E5
:102CD0002069C1F894006069E41EC1F89C00F1F716
:102CE0005BFC0C49C1F89800012081F8A00000BFEE
:102CF00080210748EDF7DCFF802205490148F4F701
:102D000031F910BDE814002050160020DC05002029
:102D100060870020BC8600204100080218BF042004
:102D20000A0E18BF40F001004FF07F4232EA010165
:102D300008BF40F00200012808BF052070470000CE
:102D400002480068C0F30220704700000CED00E06C
:102D500010B5002804DB0A07130E054A135406E0D9
:102D60000A07140E034A00F00F031B1FD45410BDB2
:102D700000E400E018ED00E010B54FF00E402DED3E
:102D8000028BB0EE408A18EE104A00EB4400B0F11E
:102D9000506F4AD84FF0FC40B0EB440F22D2B0EE57
:102DA000C80AF7EE000A30EEC00AF6EE000A60EE3E
:102DB000208A18EE900A02F0C5F901EE100A14F00C
:102DC000004F1DBFDFED2D0A9FED2D0AB1EE411A18
:102DD000DFED2C0A08BF9FED2C0AF8EE001A21EE59
:102DE000218A05E0DFED290A68EE088AB0EE600A64
:102DF0009FED271ADFED271A30EE080A48EE811AF8
:102E00009FED251A08EEA11ADFED241A48EE811A6B
:102E10009FED231A08EEA11A68EE281ABDEC028B6A
:102E200001EE810A30EE200A10BD4FF0E440B0EB15
:102E3000440F0CD918EE100AFFF76EFF042808BFE4
:102E400000F094F9B0EE480ABDEC028B10BD4FF0D3
:102E50007F40B0EB440F07D2B0EE480ABDEC028BC6
:102E6000BDE8104000F074B9012000F097F9BDEC06
:102E7000028BBDE8104000F071B900000000C9BF2E
:102E800022AAFDB90000C93F22AAFD3900000000B6
:102E900024FE1C3DC78AD83C1E67383D1B93993DD4
:102EA000AFAA2A3E70B54FF068422DED048BF0EECC
:102EB000408A18EE900AB0EE608A18EE101A02EB03
:102EC0004003B3F1654F3CBF02EB4102B2F1654FE5
:102ED0007DD200BFC0F3C753C1F3C7529A1A1B2A51
:102EE00009DD10F0004F14BF9FED830A9FED830AA8
:102EF000BDEC048B70BD12F11A0F36DA11F0004FE1
:102F000009D010F0004F0CBF9FED7D0A9FED7D0AA8
:102F1000BDEC048B70BD88EE889A19EE100AFFF79D
:102F2000FBFE042808BF00F021F918EE900AFFF715
:102F3000F3FE054618EE100AFFF7EEFE044619EE02
:102F4000100AFFF7E9FE042D18BF052D08D1042C47
:102F500018BF052C04D1002804BF022000F01EF980
:102F6000B0EE490ABDEC048B70BD4200B2EB410FDC
:102F70003AD910F0004F19BFDFED630A9FED630AE5
:102F8000DFED630A9FED630AB0EE481A0A46B1EE20
:102F9000688A80F00041F0EE418A10460A1A520019
:102FA000B2F1807F34D2484010F0004FDFED5A1A62
:102FB0009FED5A2A1DBFBEEE001A70EEE10A30EEF8
:102FC000420AB6EE001A08BF70EEA10A00E040E027
:102FD00008BF30EE020AB0EE682A01EE482A08EE79
:102FE000818AC2EE081A15E011F0004F04BF9FED70
:102FF0004C0AF0EE400AD1D010F0004F19BFDFEDBF
:10300000490A9FED490ADFED490A9FED490AC5E7E4
:10301000C8EE881A21EEA11A9FED462ADFED462A56
:1030200041EE022A9FED452A01EE222ADFED442AD5
:1030300041EE022A9FED432ABDEC048B01EE222AC9
:1030400021EE811A01EE020A30EE210A30EE200A4A
:1030500070BD4FF07F42B2EB400F28BFB2EB410F83
:1030600009D2F0EE480AB0EE680ABDEC048BBDE868
:10307000704000F070B840EA01035B0008BF41F007
:10308000FF410BD0B2EB400F08BFB2EB410F08D1AC
:1030900020F0804008EE900A21F0804108EE101ADE
:1030A00018E7B2EB400F12BF5FEA410340F0FF4068
:1030B00001F000413FF40EAFB2EB410F12BF5FEAE7
:1030C000400200F0004041F0FF413FF403AF4A00EE
:1030D00092EA40033FF5FEAE002AACBF9FED1A0A0C
:1030E0009FED1A0A68EE808A28EE008A18EE900A90
:1030F00018EE101AEEE60000DB0FC9BFDB0FC93F68
:10310000DB0F4940DB0F49C00000C9BF22AAFDB94F
:103110000000C93F22AAFD390060ED3EC30ACE3748
:1031200000000000000049C022AA7DBA000049400A
:1031300022AA7D3A2DAD65BD8FB8D53D0FB511BE24
:1031400061C84C3EA8AAAABE0000804F0000802F94
:1031500030EE000A704730EE200A7047DFED020AB9
:1031600080EEA00A70470000000000009FED020AF8
:1031700020EE000A704700000000001002E008C8BE
:10318000121F08C1002AFAD170477047002001E0E1
:1031900001C1121F002AFBD17047000001490860DD
:1031A000704700003006002000B5B0EE401AF0EE87
:1031B000601A31EE610AB0EE402AB0EE420A00F029
:1031C000F1FF00BD38B5002000900024EEF7C6F8EE
:1031D0008020EEF765FA5520EEF762FA5520EEF7FB
:1031E0005FFA0090EEF7B0F89620EEF726F9EEF7CA
:1031F000B5F88020EEF754FA5520EEF751FA552035
:10320000EEF74EFA0090EEF79FF89620EEF715F9DC
:10321000EEF7A4F8B6217E20EEF76CFAEEF794F8FC
:103220005020EEF704F9EEF799F88020EEF738FA1F
:103230005520EEF735FA5520EEF732FA0090EEF70A
:1032400083F89620EEF7F9F8EEF788F88020EEF78D
:1032500027FA5520EEF724FA5520EEF721FA0090D0
:10326000EEF772F89620EEF7E8F89DF800001E28B9
:1032700001D0FF2038BD002437E0EEF76FF804EBF3
:1032800044021C4B1A44517804EB4402985CEEF75C
:1032900031FAEEF759F89620EEF7CFF8EEF75EF830
:1032A00004EB4401134A515C41F08000EEF7F8F959
:1032B0005520EEF7F5F95520EEF7F2F90090EEF70C
:1032C00043F89620EEF7B9F804EB440009490844A6
:1032D00040789DF80010884205D004EB4400054971
:1032E00008448078C6E7601CC4B2062CC5DB002009
:1032F000C0E70000C000002010B586B0002001909B
:10330000029000900024EEF729F88020EEF7C8F92B
:103310005520EEF7C5F95520EEF7C2F90090EEF70B
:1033200013F89620EEF789F8EEF718F88020EEF7FC
:10333000B7F95520EEF7B4F95520EEF7B1F9009042
:10334000EEF702F89620EEF778F8EEF707F8B621D8
:103350007E20EEF7CFF9EDF7F7FF5020EEF767F894
:10336000EDF7FCFF8020EEF79BF95520EEF798F97A
:103370005520EEF795F90090EDF7E6FF9620EEF771
:103380005CF8EDF7EBFF8020EEF78AF95520EEF7B9
:1033900087F95520EEF784F90090EDF7D5FF9620D8
:1033A000EEF74BF89DF800001E2802D0FF2006B073
:1033B00010BD00243AE0EDF7D1FF04EB44028C4B42
:1033C0001A44517804EB4402985CEEF793F9EDF758
:1033D000BBFF9620EEF731F8EDF7C0FF04EB440198
:1033E000834A515C41F08000EEF75AF95520EEF720
:1033F00057F95520EEF754F90090EDF7A5FF962008
:10340000EEF71BF804EB44007949084440789DF836
:103410000010884205D004EB4400754908448078C8
:10342000C5E75020EEF703F8601CC4B2042CC2DBE1
:1034300000246FE0EDF792FF221D02EB42026C4B7D
:103440001A445178221D02EB4202985CEEF752F9C1
:10345000EDF77AFF9620EDF7F0FFEDF77FFF211DE6
:1034600001EB4101624A515C41F08000EEF718F92E
:103470005520EEF715F95520EEF712F90090EDF70B
:1034800063FF9620EDF7D9FF201D00EB400058495F
:10349000084440789DF80010884206D0201D00EBBB
:1034A000400053490844807881E75020EDF7BFFF82
:1034B000EDF754FF9220EEF7F3F8062201A912204F
:1034C000EEF7CEF8EDF740FF9DF80500000200B2E0
:1034D0009DF80410084304EB440103AA22F81100EC
:1034E0009DF80700000200B29DF80610084304EBA7
:1034F000440102EB410148809DF80900000200B23E
:103500009DF80810084304EB440102EB4101888058
:10351000601CC4B2022C8DDBEDF720FF00216D2072
:10352000EEF7E8F8EDF710FF9620EDF786FFEDF7E0
:1035300015FFED20EEF7B4F85520EEF7B1F8552061
:10354000EEF7AEF80090EDF7FFFE9620EDF775FF71
:103550009DF8000008B1042029E7EDF7FFFEB62131
:103560007E20EEF7C7F8EDF7EFFE5020EDF75FFF96
:10357000BDF90C00BDF91210401A40F255518842B5
:1035800010DBBDF90E10BDF91400081A40F25551B8
:10359000884207DBBDF91010BDF91600081AB0F516
:1035A0002A7F01DA802002E7EDF7D8FE8020EEF7CF
:1035B00077F85520EEF774F85520EEF771F8009083
:1035C000EDF7C2FE9620EDF738FFEDF7C7FE80203D
:1035D000EEF766F85520EEF763F85520EEF760F841
:1035E0000090EDF7B1FE9620EDF727FF0020DEE614
:1035F000A467010838B5002400200090EDF7C4FE50
:1036000069460020EEF73FF8EDF7B4FE9620EDF79F
:1036100014FFEDF7B9FE69460020EEF734F8EDF738
:10362000A9FE9620EDF709FFEDF7AEFEB6211420B6
:10363000EEF760F8EDF79EFE5020EDF7F8FEEDF79F
:10364000A3FE69460020EEF71EF8EDF793FE9620E4
:10365000EDF7F3FEEDF798FE69460020EEF713F85C
:10366000EDF788FE9620EDF7E8FE9DF800000F28A4
:1036700001D0FF2038BD00242FE0EDF785FE04EBDC
:103680004402184B1A44517804EB4402985CEEF75C
:1036900031F8EDF76FFE9620EDF7CFFEEDF774FEF3
:1036A00004EB44010F4A505C6946EDF7ECFFEDF77F
:1036B00061FE9620EDF7C1FE04EB44000949084481
:1036C00040789DF80010884205D004EB440005497D
:1036D00008448078CEE7601CC4B2062CCDDB002005
:1036E000C8E70000D200002038B500200090002478
:1036F000EDF74AFE69460020EDF7C5FFEDF73AFE0B
:103700009620EDF79AFEEDF73FFE69460020EDF7B3
:10371000BAFFEDF72FFE9620EDF78FFEEDF734FEA2
:10372000B6211420EDF7E6FFEDF724FE5020EDF76B
:103730007EFEEDF729FE69460020EDF7A4FFEDF7C8
:1037400019FE9620EDF779FEEDF71EFE6946002082
:10375000EDF799FFEDF70EFE9620EDF76EFEEDF713
:1037600013FE01213C20EDF7C5FFEDF703FE5020CD
:10377000EDF75DFE00BFEDF707FE69463C20EDF773
:1037800082FFEDF7F7FD9620EDF757FE601CC4B2FF
:103790009DF8000000F0020008B90A2CEBDB0A2CAF
:1037A00001D1402038BD9DF8000000F0040008B1B0
:1037B0004020F7E70020F5E710B586B0024600206C
:1037C00048E092ED000A00EB4003304C04EB830329
:1037D000D3ED000A20EE200AD2ED010A00EB4003EF
:1037E00004EB830393ED011A00EE810AD2ED020A85
:1037F00000EB400304EB830393ED021A00EE810A11
:1038000003AB03EB800383ED000A91ED000A00EBAC
:10381000400304EB8303D3ED000A20EE200AD1ED30
:10382000010A00EB400304EB830393ED011A00EE61
:10383000810AD1ED020A00EB400304EB830393ED10
:10384000021A00EE810A6B4603EB800383ED000A47
:10385000431CD8B20328B4DB002013E003AB03EB16
:10386000800393ED000A02EB800383ED000A6B46B0
:1038700003EB800393ED000A01EB800383ED000A64
:10388000431CD8B20328E9DB06B010BDB005002008
:1038900000B58BB00120099000200790012008900E
:1038A0000020019002900390049006900120059062
:1038B00001A90E48EFF72CFE0C48F0F78AFA102108
:1038C0000A48EFF76BFD002005900E200A90069045
:1038D00001A90748EFF71CFE0548F0F77AFA022124
:1038E0000348EFF75BFD0BB000BD0000C40F0020E4
:1038F000EC0F0020074800680749B0FBF1F00749CA
:103900000870044800684FF47A71B0FBF1F0044984
:10391000086070472C00002040420F00AC000020DF
:10392000B000002070B503460024002100200022D2
:1039300000254FF0E02675690D4E367803FB06F43E
:103940004FF0E026B16910E04FF0E026B069884200
:103950000BD0884202D20E1A324402E02E1A0E44D4
:1039600032440146A24200D300E0EDE700BF70BD43
:10397000AC000020034619608818401E58609A6009
:103980000020D860196159617047F0EE401AF4EEDA
:10399000E01AF1EE10FA02D2B0EE600A7047F4EECF
:1039A000C11AF1EE10FA02DDB0EE410AF6E7B0EE10
:1039B000610AF3E7014671EE602AF0EE621AB0EE9A
:1039C000602A30EE423A01208840401E02EE900A02
:1039D000F8EEE22A63EE222A82EEA13AFDEEC32A35
:1039E00012EE900A7047F0EE401AF4EEE01AF1EE93
:1039F00010FA02D2B0EE600A7047F4EEC11AF1EE8E
:103A000010FA02DDB0EE410AF6E7B0EE610AF3E724
:103A100010B52DED028BB0EE408AF0EE608A0020EA
:103A20000BE01D4901EB800181ED008A1B4901EB90
:103A30008001C1ED008A011DC8B20928F1DB032312
:103A4000002219461648F4F707FD15492422D1F83B
:103A500000011449EDF713F911492422D1F8F800B7
:103A60001149EDF70CF90E492422D1F814010A4945
:103A7000EDF705F90A492422D1F818010749EDF7B5
:103A8000FEF807492422D1F80C010849EDF7F7F8B0
:103A9000BDEC028B10BD00007C040020A0040020BF
:103AA0001884002034040020580400200C68010809
:103AB00010B52DED088BF0EE409AB0EE60AAF0EE56
:103AC00041AAF0EE618AB0EE42BAB0EE629AB0EE70
:103AD000438A29EE880A324880ED000A2AEE080A55
:103AE000304880ED000A2AEE880A2F4880ED000A4F
:103AF00090ED000A2D48D0F8000180ED010A294818
:103B000090ED000AB1EE400A2848D0F8000180ED9F
:103B1000020A254890ED000AB1EE400A2348D0F889
:103B2000000180ED030A1E4890ED000A1F48D0F8FE
:103B3000000180ED050A1B4890ED000A1B48D0F8F3
:103B4000000180ED060A164890ED000AB1EE400A29
:103B50001648D0F8000180ED070A14484068C0ED0F
:103B6000008A1248406880ED01BA1048406880ED34
:103B7000029A0E48F4F7F6FF00200CE00B490968A2
:103B800001EB800191ED000A094901EB800181ED13
:103B9000000A411CC8B20328F0DBBDEC088B10BD45
:103BA000F8040020FC0400200005002018840020F8
:103BB0004C850020004870473A8200204FF4FA708C
:103BC00001F0D6FCEFF714F910E0EFF795FAEFF7F4
:103BD000E1F9EFF749FAEEF7EBFDEFF773FA01F0D1
:103BE0003FFAEDF7A1FB012000F000FBEDE700003C
:103BF00010B500BF5021EFF3118081F31188BFF39E
:103C00004F8FBFF36F8F00BF04465748007800F016
:103C1000010088B35548806C0068006800F001001E
:103C200050BB5248C06C0068006800F0010018BB2F
:103C30004F48007800F00200F0B94E48007800F0DC
:103C40000200C8B94848007820F0010046490870D1
:103C50000846007840F00200087000220121464822
:103C6000F0F794FC082245494548FBF7AFFA00BF3E
:103C700084F3118800BF10BDFFE73D48007800F0D5
:103C8000010088B33948806C0068006800F00100CA
:103C900050BB3648C06C0068006800F0010018BBDB
:103CA0003148007800F00200F0B93248007800F0A6
:103CB0000200C8B92E48007820F001002C49087095
:103CC0000846007840F002000870002210212D48BC
:103CD000F0F75CFC09222C492C48FBF777FA00BF6F
:103CE00084F3118800BFC6E7FFE72248007800F0A0
:103CF000010088B31D48806C0068006800F0010076
:103D000050BB1A48C06C0068006800F0010018BB86
:103D10001548007800F00200F0B91548007800F06E
:103D20000200C8B91348007820F00100114908705A
:103D30000846007840F00200087000221021114867
:103D4000F0F724FC042212491248FBF73FFA00BFA7
:103D500084F3118800BF8EE7FFE700BF84F311886A
:103D600000BF00BF87E70000390500209011002048
:103D70003A0500203B050020000402401805002001
:103D800020050020000002407C850020280500203E
:103D90003105002035050020014909684863704756
:103DA00010140020F0B50546059C00206AE093ED54
:103DB000050A00EB4006354F07EB8606D6ED000AF4
:103DC00020EE200AD3ED060A00EB400607EB86063C
:103DD00096ED011A00EE810AD3ED070A00EB4006CA
:103DE00007EB860696ED021A00EE810A05EB8006C7
:103DF00086ED000A93ED010A00EB4006244F07EB25
:103E00008606D6ED000A20EE200AD3ED020A00EB6A
:103E1000400607EB860696ED011A00EE810AD3ED07
:103E2000030A00EB400607EB860696ED021A00EE49
:103E3000810A01EB800686ED000A94ED010A00EB91
:103E40004006144F07EB8606D6ED000A20EE200A46
:103E5000D4ED020A00EB400607EB860696ED011A48
:103E600000EE810AD4ED030A00EB400607EB86065C
:103E700096ED021A00EE810A02EB800686ED000A3A
:103E8000461CF0B2032892DBF0BD00004005002084
:103E9000640500208805002010B52DED028BB0EEE2
:103EA000408A20480078F0B1DFED1F0AB0EE480AE2
:103EB0001E48FAF7A1FF1D4890ED080AB5EEC00AAA
:103EC000F1EE10FA03D29FED1A0A80ED080A1748A6
:103ED00090ED080ABCEEC00A10EE100A84B220462B
:103EE000FFF75AFF1BE09FED100AB4EEC08AF1EE17
:103EF00010FA10DD0F480078401C0E490870084683
:103F00000078C82807DD0120064908709FED0A0ADD
:103F1000064880ED0A0A41F28730FFF73DFFBDEC0D
:103F2000028B10BDAC05002000000C42048600206E
:103F300000000000D405002000401C45F0EE400ABF
:103F4000F6EE001A60EEA11AB0EE611AB0EE600A49
:103F500010EE100A0749A1EB600000EE100A21EEF6
:103F6000002AF7EE081A42EE401A61EE801AB0EE0F
:103F7000610A7047865A375F704700001FB50446D4
:103F80006420012103AA0B46CDE9002102902246BC
:103F90001C210348F0F7EEFB9DF80C0004B010BDA7
:103FA000BC10002013B584B004466420012105AA8A
:103FB0000B46CDE90021029022461C210248F0F771
:103FC0005DFD06B010BD0000BC10002010B5012240
:103FD00040210248F0F7DAFA10BD00000018024054
:103FE00010B5002240210248F0F7D0FA10BD0000C1
:103FF00000180240704710B50446204600F0F6F85D
:1040000010BD000070B500250024FFF7B5FFFFF7D5
:10401000F1FFFFF7E5FF3220FFF7EDFFFFF7D6FFD7
:104020003220FFF7E8FF0020FFF7A8FF0546102D1C
:1040300001D0402070BD0120FFF7DDFF002424E007
:1040400004EB4402134B1A44517804EB4402985C8D
:10405000FFF7A8FF0120FFF7CEFF04EB44010D4A54
:10406000505CFFF78BFF05460120FFF7C4FF04EB10
:104070004400084908444078A84204D004EB4400B6
:1040800008448078D6E7601CC4B2042CD8DB00203A
:10409000D0E70000B6670108F0F7A8FEFDF76EFF55
:1040A000F5F780F9F5F7C0F8F5F77AF8F5F79AF82B
:1040B000F5F700FBF5F730FCF5F780FCF5F772FD3E
:1040C000F5F7DEFCF5F7BEFAF5F7DAFAF5F74CFB93
:1040D000F5F7D0FBF5F712FBF5F748FDF5F780FD96
:1040E000F5F774FAF5F790FAF4F7EAFFF5F720F828
:1040F000FFF7CEFBFFF7FEFB00F014FFEDF7F6F83D
:10410000F5F7F6F800F07EF800BFFEE70146002064
:10411000842901D0CA1C104470470000F0B50B3050
:10412000154D20F007010024144A0FE003688B426C
:104130000BD38B4205D95E1A43184768C3E9006761
:1041400000E04368136002C004E0021D106800280C
:10415000ECD12046002802D1286808B10020F0BD2B
:10416000064A07481060074A121A22F00702C0E9FF
:10417000002401202860D7E72C0600202806002014
:10418000E4990020E0B90020F5F75CFE07E0044860
:104190000068401C02490860052001F0E9F9F6E7D3
:1041A000F405002005E0DFED0E0A70EE600AB0EEC7
:1041B000600ADFED0C0AB4EEE00AF1EE10FAF2DC70
:1041C00005E0DFED070A70EE200AB0EE600ADFEDD1
:1041D000060AB4EEE00AF1EE10FAF2D370470000DE
:1041E000DB0FC940DB0F4940DB0F49C070B5044607
:1041F00025460DB1294600E00121084601F0B8F935
:10420000002070BD10B501F0A7FA002010BD7FB5E9
:1042100004460D46606998B1A06988B1B4F90800F8
:10422000FFF774FF0646D4E90510CDE9006102905E
:104230002B462269D4E9001001F036FF039013E009
:10424000B4F90800FFF762FF064603A8CDE9006055
:10425000238A9AB22B46D4E9001001F0F3FE01281C
:1042600002D0002004B070BD0398FBE7014611B9ED
:104270000948006800E00846024652B900BF5020D5
:1042800080F31188BFF34F8FBFF36F8F00BF00BF64
:10429000FEE702F134007047300000202DE9F041C4
:1042A00005460E461F48076800201F49096881F827
:1042B00052001D480068001D00F0BEFF50B91A48AA
:1042C000006890F82C100120884018490968814343
:1042D00016480160681C38B936B113480168091DD9
:1042E000134801F013F81AE07C190F480068446085
:1042F000BC4207D20C480168091D0E48006800F056
:10430000EBFF0CE008480168091D0B48006800F04D
:10431000E3FF0A480068844201D208480460BDE80F
:10432000F081000044000020300000204800002000
:1043300074180020380000203400002060000020A5
:1043400010B5044600F0EEFF23480068401C2249E7
:1043500008602248006840B92048046008460068A8
:1043600001280DD100F0FAF90AE01D48006838B9BB
:104370001A480068C06AE16A884201D81748046098
:1043800018480068401C1749086094F82C10012058
:10439000884015490968084313490860E16A01EB40
:1043A0008101124A02EB8100211D00F0AFFF00F0F5
:1043B000E3FF0B48006868B108480068C06AE16A1A
:1043C000884207D24FF0805009490860BFF34F8FF1
:1043D000BFF36F8F10BD00004000002030000020B0
:1043E0004C0000205C0000204800002098170020AE
:1043F00004ED00E008B500F095FF12480068E8B948
:10440000114800F059FF114800F056FF0E481049BE
:1044100008600E480F49086000200F4B0F4A10211A
:1044200000900A2001F0F8FA064908600846006882
:1044300020B10BA10348006801F05EF800F09CFF7A
:1044400008BD000074000020881800209C1800207F
:104450006C00002070000020B0180020F818002028
:10446000546D72510000000010B516E000F05AFFC4
:104470000C48C068C468201D00F0DEFE0A480068D1
:10448000401E0949086009480068401E0749086045
:1044900000F072FF204600F05FF804480068002832
:1044A000E4D110BD60180020400000203C00002036
:1044B00070B504460D46206C70B1216CE068014473
:1044C000E160D4E90210884201D32168E160284606
:1044D000226CE168ECF7D3FB70BD2DE9F041044696
:1044E0000F4615464FF00008A66B206C48B92068AF
:1044F00000282CD1A06801F041FF80460020A06078
:1045000025E07DB93946226C6068ECF7B8FB216C78
:10451000606808446060D4E90101884217D32068CC
:10452000606014E03946226CE068ECF7A8FB216C6F
:10453000E068411AE1602168E068884203D2216C9A
:10454000A068411AE160022D01D106B1761E701CEF
:10455000A0634046BDE8F08110B5044694F85100D0
:1045600030B9206B00F026FF204600F023FF1AE050
:1045700094F85100012803D1204600F01BFF12E0FF
:1045800094F85100022801D1012000E0002050B928
:1045900000BF502080F31188BFF34F8FBFF36F8FA0
:1045A00000BF00BFFEE710BD0146084A126812684E
:1045B0000AB9012200E000220A600A6822B9034A0F
:1045C0001268D268106800E0002070476C0000207C
:1045D00030B54FF4C043174800F007042CB1C01D9C
:1045E00020F00700134C041B1B1B0246124C2260D8
:1045F0000024114D6C60D018083820F007000F4CD3
:10460000206000240D4D2D686C600C4D2D682C60D1
:104610001146441A4C60094C24680C60084D4C68E3
:104620002C60084D4C682C604FF00044064D2C6007
:1046300030BD000098190020800000208800002074
:10464000900000208C0000209C00002000BFFFF79D
:104650000BFF064800680128F9D94FF08050044943
:104660000860BFF34F8FBFF36F8FF0E798170020FC
:1046700004ED00E02DE9F04106460D461746984648
:10468000069C0DB9246000E02760E66325640121E3
:10469000204601F031FABDE8F0812DE9F05F824655
:1046A0000E4690469B460A9F0C9C4FEA8801A52225
:1046B000206BECF7F6FAA8F10100216B01EB800901
:1046C00029F0070909F0070008B9012000E00020DF
:1046D00050B900BF502080F31188BFF34F8FBFF354
:1046E0006F8F00BF00BFFEE786B1002507E0715D58
:1046F00004F134004155705D00B902E06D1C102DCD
:10470000F5D300BF00214320015502E0002084F8CA
:104710003400072F00D30627E76267640020A064F7
:10472000201D00F0D6FD04F1180000F0D2FD246138
:10473000C7F10700A06164620020E06484F85000C3
:1047400084F852005A465146484600F0D5FB206096
:104750000B9808B10B980460BDE8F09F10B50024D9
:1047600007E004EB84010F4A02EB810000F0A4FD96
:10477000641C072CF5D30C4800F09EFD0B4800F09C
:104780009BFD0B4800F098FD0A4800F095FD0A4893
:1047900000F092FD0448094908600448084908608F
:1047A00010BD0000981700202418002038180020A1
:1047B0004C180020601800207418002034000020DD
:1047C0003800002010B50146164800E00068036874
:1047D0008B42FBD30246436813448B4204D14368A7
:1047E0004C682344436001460A464B6813440468FE
:1047F000A34211D10C4C03682468A34208D04B6833
:104800000468646823444B6003681B680B6005E020
:10481000054B1B680B6001E003680B60884200D009
:10482000016010BD80000020880000202DE9F041CB
:1048300004460D4616461F464FF000086560246189
:10484000B5420CD8F01BA169884202D34FF0010891
:1048500011E0211D0948006800F03EFD0BE0BE425A
:1048600004D2BD4202D34FF0010804E0211D0448E8
:10487000006800F031FD4046BDE8F0817000002086
:104880006C00002070B5054600F04CFDA86B08B91F
:10489000012400E0002400F06FFD204670BD70B5DB
:1048A000054600F03FFDA86BE96B884201D1012469
:1048B00000E0002400F060FD204670BDF8B505461C
:1048C0000F461A480068C068C468201D00F0B4FC98
:1048D00094F8240000F00400E8B1A06941192B46C7
:1048E0003A462046FFF7A2FFD8B1002003462A46E9
:1048F00001460090204601F0AFFE064656B900BFC3
:10490000502080F31188BFF34F8FBFF36F8F00BF2C
:1049100000BFFEE705E094F8240020F0010084F8D1
:1049200024002046216A8847F8BD00006C00002062
:10493000F0B587B0A0E00398002811DA04AE56B9AC
:1049400000BF502080F31188BFF34F8FBFF36F8FEC
:1049500000BF00BFFEE7D6E90020B168904700BF66
:1049600003980028E6DB059C606908B9012000E097
:10497000002010B9201D00F05FFC02A800F0DEF856
:10498000054603980A2875D2DFE800F009050739C3
:10499000416306083A4200BF00BF00BF00BF94F861
:1049A000240040F0010084F824000498A2698118D2
:1049B00003462A462046FFF739FFF8B12046216A10
:1049C000884794F8240000F00400B8B1002000905B
:1049D0000498A169421800231946204601F03CFEC4
:1049E000074657B900BF502080F31188BFF34F8F9F
:1049F000BFF36F8F00BF00BFFEE700BF3BE000BF0B
:104A000094F8240020F0010084F8240033E000BF73
:104A100094F8240040F0010084F824000498A06178
:104A2000A06908B1012000E0002050B900BF50206B
:104A300080F31188BFF34F8FBFF36F8F00BF00BFAC
:104A4000FEE7A06941192B462A462046FFF7EEFEF5
:104A500011E094F8240000F0020018B9204600F09C
:104A6000A9FC05E094F8240020F0010084F824005B
:104A700001E0FFE700BF00BF002203A9044800686F
:104A800001F0D8F900287FF456AF07B0F0BD000060
:104A900074000020F8B505460C4600F0B9FE6846E3
:104AA00000F04CF80646009820BB44B9B54206D841
:104AB00001F014FD31462846FFF700FF1CE03CB131
:104AC0000E480068006808B9012000E00020044694
:104AD000A91B22460A48006800F024FD01F0FEFCF4
:104AE00050B94FF0805007490860BFF34F8FBFF3B4
:104AF0006F8F01E001F0F2FCF8BD000070000020B3
:104B00007400002004ED00E00A490968096809B949
:104B1000012100E0002121B14FF0FF31064A116070
:104B200006E004490968C968C868034A4168116019
:104B300070470000340000206000002070B504467B
:104B400001F072FB054607480068854204D200F078
:104B500063F80120206001E000202060014805602A
:104B6000284670BD7C0000202DE9F04302460D462A
:104B70000027106800284CD01046D0F80480D8F8E0
:104B80000480C0F8048000F10808D0F80490C14502
:104B900005D1D0F80480D8F80480C0F80480D0F89B
:104BA0000480D8F80C6000BF1046D0F80480D8F814
:104BB0000480C0F8048000F10808D0F80490C145D2
:104BC00005D1D0F80480D8F80480C0F80480D0F86B
:104BD0000480D8F80C104FF0000C002311E001F114
:104BE0003400C45CE85CA04202D04FF0010C03E04A
:104BF00014B90F464FF0010CBCF1000F00D002E0D9
:104C00005B1C102BEBD300BF07B101E0B142CBD14D
:104C100000BF3846BDE8F0832DE9F84334E025486D
:104C20000068C068056823480068C068C468201D23
:104C300000F002FB2046216A884794F8240000F027
:104C4000040008B3A0694619AE4207D96660246122
:104C5000211D1848006800F03FFB15E000200346C6
:104C60002A4601460090204601F0F6FC074657B957
:104C700000BF502080F31188BFF34F8FBFF36F8FB9
:104C800000BF00BFFEE700BF0A480068006808B91F
:104C9000012000E000200028C1D00648D0F80080A4
:104CA00005480068034908600348C0F80080BDE873
:104CB000F88300006C0000207000002002460021F4
:104CC00001E0521C491C1078A528FAD0890888B246
:104CD000704700000E480068401C08B9012000E041
:104CE000002050B900BF502080F31188BFF34F8FD0
:104CF000BFF36F8F00BF00BFFEE700BF502080F3FF
:104D00001188BFF34F8FBFF36F8F00BF00BFFEE767
:104D1000A000002008B500BF6846FFF745FC044628
:104D200020460099FFF7B6FEFFF702FEF4E770B5E4
:104D3000044600F0F7FA94F9455010E0606A08B9AB
:104D4000012000E0002038B904F1240001F07AFBD2
:104D500018B100F047FC00E003E0681E45B2002DEA
:104D6000ECDC00BFFF2084F8450000F005FB00F0FC
:104D7000D9FA94F9445010E0206908B9012000E004
:104D8000002048B904F1100001F05CFB08B100F00C
:104D900029FC681E45B200E001E0002DECDC00BFFC
:104DA000FF2084F8440000F0E7FA70BD2DE9F041DF
:104DB00004464FF0000800F02BFD4948006808B990
:104DC000FFF706FC474800682040002870D1D4B1A6
:104DD000083404F00700B0B104F00700C0F1080087
:104DE000044404F0070008B9012000E0002050B995
:104DF00000BF502080F31188BFF34F8FBFF36F8F38
:104E000000BF00BFFEE7002C52D037480068844244
:104E10004ED8364E3046056801E02E462D6868684B
:104E2000A04202D228680028F7D12D4800688542A8
:104E30003ED0306800F10808286830606868001BC0
:104E4000102819D92F1907F0070008B9012000E030
:104E5000002050B900BF502080F31188BFF34F8F5E
:104E6000BFF36F8F00BF00BFFEE76868001B78606C
:104E70006C603846FFF7A6FC1B4968680968081A89
:104E8000194908600846006819490968884203D230
:104E9000154800681649086012496868096808439F
:104EA00068600020286013480068401C11490860B1
:104EB00001F014FB08F0070008B9012000E0002011
:104EC00050B900BF502080F31188BFF34F8FBFF35C
:104ED0006F8F00BF00BFFEE74046BDE8F0810000D5
:104EE000880000209C0000208C0000208000002012
:104EF0009000002094000020001F4FF0807303609A
:104F0000001F21F001030360001F054B03601438EC
:104F10000260001F6FF0020303602038704700003A
:104F2000D54C010810B524220249A1F12400FAF75A
:104F30008BF810BD7582002002E00120FFF756F9C2
:104F4000FBE70000F0EE400AF5EEC00AF1EE10FAC1
:104F500002DDB7EE000A7047F5EEC00AF1EE10FA76
:104F600002D2BFEE000AF6E79FED010AF3E7000068
:104F70000000000010B503460C4603B104B910BD93
:104F80001878597840EA0120C0F30A002080587848
:104F9000C010997840EA4110C0F30A006080987808
:104FA0008011D97840EA8100197940EA8120C0F364
:104FB0000A00A08018794010597940EAC110C0F366
:104FC0000A00E0805879C0F30110A07258790011EE
:104FD0008108E1729879D97940EA012000B2A08174
:104FE000187A597A40EA012001B204F10C00E181FB
:104FF000987AD97A40EA012001B204F10C002182AA
:10500000197BA174597BE174987BD97B40EA01201C
:10501000A082187C597C40EA012000B220812088BF
:10502000A0F5806000B220806088A0F5806000B2AA
:105030006080A088A0F5806000B2A080E088A0F524
:10504000806000B2E0802089A0F5806000B22081FD
:1050500021460248F3F784FF00BF90E71882002042
:1050600000B589B047208DF8040056208DF8050062
:105070002048C07918B101208DF8060002E0002018
:105080008DF806001C48D0F8AC00CDF807001A488F
:10509000D0F8BC00CDF80B00174890ED2A0AB1EE0D
:1050A000400A10EE100ACDF80F00134890ED2E0ABA
:1050B000B1EE400A10EE100ACDF813000E48D0F8F9
:1050C000B400CDF817000D484068CDF81B000B4820
:1050D0004088ADF81F0045208DF821004E2101A821
:1050E000817764231F2201A90548F1F753FF09B016
:1050F00000BD000018820020107A0020F4810020FA
:10510000E8140020FCF73AFEC92000F031FAFCF761
:105110009FFD13E0FCF714FEFCF798FDFCF7DEFEA4
:10512000FCF72EFEFCF760FDFCF7AAFE012000F064
:105130001FFA002000F094F801490860EAE7000037
:105140002406002010B500EE100A2DED028BB1EE02
:10515000C08A18EE100A20F00040C0F1FF40C00FD6
:105160000AD010EE100A20F00040C0F1FF40C00F3E
:1051700004BF0120FEF712F818EE100ABDEC028BF6
:1051800010BD00BF00F092FB0120FFF72FF8F9E7F8
:10519000B0EE401A30EEC10AF0EE401AB0EE412AED
:1051A00000EE100AB8EEC00A60EE212A01228A4001
:1051B000521E00EE102AB8EEC03A82EE830A30EE9C
:1051C000020A704770B506460D4600F0ABF8184865
:1051D0000068C06C88B901201549096881F8500041
:1051E0005DB101212846FFF759F84FF08050114971
:1051F0000860BFF34F8FBFF36F8F00F0BDF800F072
:1052000091F80B480068C46C4CB126B100200849E5
:105210000968C86403E0601E05490968C864002085
:105220000349096881F8500000F0A6F8204670BDD7
:105230003000002004ED00E001460A69D1E90130A8
:105240009860D1E9010358605068884201D18868AC
:105250005060002008611068401E106010687047A0
:105260002DE9F041044614B90648006800E02046E4
:1052700007463D6B2846FFF721FD06463046BDE850
:10528000F081000030000020034B0360034B0B60F3
:105290008023136070470000340600208806002039
:1052A000034B0360034B0B604FF480731360704734
:1052B00088080020DC08002000F1080141604FF060
:1052C000FF31816000F10801C160016100210160CE
:1052D000704700210161704710B502460B685C1CE5
:1052E0000CB9106907E002F1080000E0406844686A
:1052F00024689C42FAD944684C604C68A16088607C
:1053000041600A611468641C146010BD42684A6000
:1053100093688B60936859609160086103685B1CB7
:105320000360704700BF502080F31188BFF34F8F98
:10533000BFF36F8F00BF0E480068401C0C49086027
:1053400008460068012812D10A480068C0B208B9AE
:10535000012000E0002050B900BF502080F31188E8
:10536000BFF34F8FBFF36F8F00BF00BFFEE77047E3
:10537000A000002004ED00E00D48006850B900BF17
:10538000502080F31188BFF34F8FBFF36F8F00BFA2
:1053900000BFFEE706480068401E05490860084651
:1053A000006820B9002080F3118800BF00BF70475B
:1053B000A000002070B506463546002E44D0083DBA
:1053C0002C46224960680968084008B1012000E0C5
:1053D000002050B900BF502080F31188BFF34F8FD9
:1053E000BFF36F8F00BF00BFFEE7206808B9012040
:1053F00000E0002050B900BF502080F31188BFF3B7
:105400004F8FBFF36F8F00BF00BFFEE70F4960688B
:1054100009680840C0B12068B0B90C4960680968E3
:105420008843606000F0F4F909496068096808443D
:10543000074908602046FFF7C5F906480068401C88
:105440000449086001F04AF870BD00009C0000208B
:105450008C0000209800002000204FF0E02108611F
:105460008861064800684FF47A71B0FBF1F0401E85
:105470004FF0E02148610720086170472C000020B0
:1054800070B5EAF7E9FE0446102C16D304F1E020CB
:1054900090F8F05315480078854201DB012000E0C8
:1054A000002050B900BF502080F31188BFF34F8F08
:1054B000BFF36F8F00BF00BFFEE70D48006800F428
:1054C000E0600C490968884201D8012000E0002012
:1054D00050B900BF502080F31188BFF34F8FBFF346
:1054E0006F8F00BF00BFFEE770BD0000A40000206A
:1054F0000CED00E0A8000020024600200BE0084B65
:1055000053F8303033B9064B43F8301003EBC00387
:105510005A6002E0401C0828F1D300BF7047000029
:10552000581700202DE9F04105460E4617462C4637
:10553000FFF7F8FE94F94400401C10B9002084F8ED
:10554000440094F94500401C10B9002084F845003F
:10555000FFF712FFA06B28B93A46314604F1240048
:1055600000F0DAF82046FFF7E2FBBDE8F08100002A
:1055700070B504460025D4B11248006808B901206E
:1055800000E0002050B900BF502080F31188BFF325
:105590004F8FBFF36F8F00BF00BFFEE700F038F9F9
:1055A00000212046FEF77AFE00F098FF05463DB93F
:1055B0004FF0805004490860BFF34F8FBFF36F8FE7
:1055C00070BD00006800002004ED00E00349096898
:1055D00001600349096841607047000058000020DD
:1055E0004400002001200149086070475400002059
:1055F0002DE9F04105460F4655B900BF502080F314
:105600001188BFF34F8FBFF36F8F00BF00BFFEE75E
:10561000FFF736FF2C4600BF5021EFF3118081F3D6
:105620001188BFF34F8FBFF36F8F00BF064694F80A
:105630005080022084F85000E06C401CE064B8F117
:10564000010F3AD1A06A08B9012000E0002050B94A
:1056500000BF502080F31188BFF34F8FBFF36F8FCF
:1056600000BF00BFFEE718480068A8B9201DFFF77B
:10567000E3FD94F82C100120884014490968084380
:1056800012490860E16A01EB8101114A02EB8100D5
:10569000211DFFF73BFE04E004F118010D48FFF760
:1056A00035FE0D49E06A0968C96A884205D90FB11B
:1056B0000120386001200949086000BF86F3118885
:1056C00000BFBDE8F0810000680000204800002015
:1056D000981700204C1800203000002054000020B3
:1056E00070B504460D4654B900BF502080F31188B0
:1056F000BFF34F8FBFF36F8F00BF00BFFEE70548BA
:10570000016818312046FFF7E7FD01212846FEF722
:10571000C5FD70BD3000002070B505460E4614462C
:1057200055B900BF502080F31188BFF34F8FBFF3EE
:105730006F8F00BF00BFFEE706480168183128469A
:10574000FFF7E4FD0CB14FF0FF3621463046FEF77F
:10575000A5FD70BD3000002010B586B0002005907A
:10576000049003AA04A905A8FFF78EFD0022DDE935
:1057700004101346CDE9002102901EA11F48039A90
:1057800000F092FC1E4908600846006808B1012438
:1057900000E00024012C02D100F022FF0446012C7D
:1057A00015D100BF502080F31188BFF34F8FBFF396
:1057B0006F8F00BF4FF0FF3012490860012012497F
:1057C000086000201149086000F072F810E0601CC9
:1057D00008B1012000E0002050B900BF502080F344
:1057E0001188BFF34F8FBFF36F8F00BF00BFFEE77D
:1057F00006B010BD49444C45000000004D4601086C
:1058000064000020600000204C00002044000020C4
:1058100002480068401C0149086070476800002089
:105820001D48006818B101201C49086032E00020C2
:105830001A4908601A480068B0FA80F0C0F11F01E8
:1058400001EB8100174A52F8200008B1012000E066
:10585000002050B900BF502080F31188BFF34F8F54
:10586000BFF36F8F00BF00BFFEE701EB81020D4B5E
:1058700003EB820042685268426000F1080243680C
:10588000934202D14268526842604268D268064B35
:105890001A6000BF7047000068000020540000201C
:1058A00048000020981700203000002070470000BA
:1058B0001CB5524800685249884201D0012000E0DE
:1058C000002050B900BF502080F31188BFF34F8FE4
:1058D000BFF36F8F00BF00BFFEE74848006848492C
:1058E000491E884201D0012000E0002050B900BFCD
:1058F000502080F31188BFF34F8FBFF36F8F00BF2D
:1059000000BFFEE73F49084600780190FF200A46A5
:1059100010700846007800909DF8000000F0F0003C
:105920009DF80020904201D1012000E0002050B9F4
:1059300000BF502080F31188BFF34F8FBFF36F8FEC
:1059400000BF00BFFEE79DF8000000F050002E4AA7
:10595000107007202D4A106009E02C480068401E96
:105960002A4A10609DF800004006000E00909DF845
:10597000000000F080008028EFD024480068C0F1CB
:105980000700042801D1012000E0002050B900BF29
:10599000502080F31188BFF34F8FBFF36F8F00BF8C
:1059A00000BFFEE7194800680002184A1060104660
:1059B000008800F4E0601060124A019810700F48EF
:1059C0002030006840F470000C492031086008461F
:1059D000006840F070400860FFF73EFD00200C4971
:1059E0000860EAF701FC0B48006840F040400949B4
:1059F0000860EAF7E5FB00201CBD000000ED00E0B8
:105A000071C20F4100E400E0A4000020A8000020C3
:105A1000A000002034EF00E02DE9F84380460E4658
:105A200017461D46DDF82090B8F1000F01D0012087
:105A300000E0002050B900BF502080F31188BFF370
:105A40004F8FBFF36F8F00BF00BFFEE70DB1012086
:105A500000E0002050B900BF502080F31188BFF350
:105A60004F8FBFF36F8F00BF00BFFEE707B10EB1CE
:105A7000012000E0002050B900BF502080F31188C1
:105A8000BFF34F8FBFF36F8F00BF00BFFEE707B9B3
:105A90000EB9012000E0002050B900BF502080F373
:105AA0001188BFF34F8FBFF36F8F00BF00BFFEE7BA
:105AB000482000900098482801D1012000E00020F3
:105AC00050B900BF502080F31188BFF34F8FBFF350
:105AD0006F8F00BF00BFFEE700BF2C464CB1012016
:105AE00084F846004B463A46314640460094FEF75D
:105AF000C1FD2046BDE8F88370B505460E462C462C
:105B000054B900BF502080F31188BFF34F8FBFF30B
:105B10006F8F00BF00BFFEE7FFF704FCD4E90F1250
:105B2000206801FB0200A0600020A0632068606084
:105B3000E06B401E226C216800FB0211E160FF2037
:105B400084F8440084F845009EB9206908B9012012
:105B500000E00020A8B904F1100000F073FC80B14F
:105B60004FF0805009490860BFF34F8FBFF36F8F2C
:105B700007E004F11000FFF79FFB04F12400FFF79A
:105B80009BFBFFF7F9FB012070BD000004ED00E076
:105B90002DE9FF4383B0064688461D464FF00009B5
:105BA000344654B900BF502080F31188BFF34F8FA3
:105BB000BFF36F8F00BF00BFFEE7B8F1000F01D148
:105BC000206C08B9012000E0002050B900BF50202F
:105BD00080F31188BFF34F8FBFF36F8F00BF00BFFB
:105BE000FEE7022D02D1E06B012801D1012000E087
:105BF000002050B900BF502080F31188BFF34F8FB1
:105C0000BFF36F8F00BF00BFFEE700F0FDFA08B9D9
:105C1000059808B9012000E0002050B900BF5020CD
:105C200080F31188BFF34F8FBFF36F8F00BF00BFAA
:105C3000FEE700BFFFF776FBA06BE16B884201D364
:105C4000022D28D12A4641462046FEF746FC07464B
:105C5000606A08B9012000E0002068B904F124005E
:105C600000F0F0FB88B14FF0805032490860BFF37C
:105C70004F8FBFF36F8F08E03FB14FF080502D4939
:105C80000860BFF34F8FBFF36F8FFFF775FB0120E5
:105C900007B0BDE8F083059818B9FFF76DFB002049
:105CA000F6E7B9F1000F04D101A8FFF78FFC4FF020
:105CB0000109FFF761FBFFF7ABFDFFF733FB94F939
:105CC0004400401C10B9002084F8440094F94500B9
:105CD000401C10B9002084F84500FFF74DFB05A9D2
:105CE00001A800F05BF9F0B92046FEF7D8FDA0B19D
:105CF00004F110000599FFF7F3FC2046FFF717F8B1
:105D000000F0ECFB002895D14FF080500949086065
:105D1000BFF34F8FBFF36F8F8CE72046FFF707F875
:105D200000F0DCFB86E72046FFF701F800F0D6FB29
:105D30000020ADE704ED00E02DE9F84F07468A4664
:105D400090461E463C4654B900BF502080F311884F
:105D5000BFF34F8FBFF36F8F00BF00BFFEE7BAF1F5
:105D6000000F01D1206C08B9012000E0002050B9DB
:105D700000BF502080F31188BFF34F8FBFF36F8FA8
:105D800000BF00BFFEE7022E02D1E06B012801D167
:105D9000012000E0002050B900BF502080F311889E
:105DA000BFF34F8FBFF36F8F00BF00BFFEE7FFF75A
:105DB00067FB00BF5021EFF3118081F31188BFF31F
:105DC0004F8FBFF36F8F00BF0546A06BE16B88421A
:105DD00001D3022E25D194F945B0A06B0090324634
:105DE00051462046FEF779FB0BF1010088B9606A45
:105DF00008B9012000E0002050B904F1240000F0AF
:105E000021FB28B1B8F1000F02D00120C8F8000032
:105E100004E00BF1010040B284F845004FF00109A5
:105E200001E04FF0000900BF85F3118800BF48462C
:105E3000BDE8F88F2DE9F74183B005460E464FF0D7
:105E400000082C4654B900BF502080F31188BFF3DE
:105E50004F8FBFF36F8F00BF00BFFEE70EB9206CFE
:105E600008B9012000E0002050B900BF502080F3A5
:105E70001188BFF34F8FBFF36F8F00BF00BFFEE7E6
:105E800000F0C2F908B9059808B9012000E0002027
:105E900050B900BF502080F31188BFF34F8FBFF37C
:105EA0006F8F00BF00BFFEE700BFFFF73BFAA76B95
:105EB000F7B131462046FEF7FBFA781EA063206951
:105EC00008B9012000E0002060B904F1100000F0E2
:105ED000B9FA38B14FF080502F490860BFF34F8FA7
:105EE000BFF36F8FFFF748FA012006B0BDE8F081DD
:105EF000059818B9FFF740FA0020F6E7B8F1000F4F
:105F000004D101A8FFF762FB4FF00108FFF734FA54
:105F1000FFF77EFCFFF706FA94F94400401C10B925
:105F2000002084F8440094F94500401C10B900207A
:105F300084F84500FFF720FA05A901A800F02EF823
:105F4000F0B92046FEF79EFCA0B104F124000599AB
:105F5000FFF7C6FB2046FEF7EAFE00F0BFFA002876
:105F6000A3D14FF080500C490860BFF34F8FBFF3AF
:105F70006F8F9AE72046FEF7DAFE00F0AFFA94E75B
:105F80002046FEF7D4FE00F0A9FA2046FEF77AFC80
:105F900000288AD00020A8E704ED00E070B506468E
:105FA0000C4656B900BF502080F31188BFF34F8FC5
:105FB000BFF36F8F00BF00BFFEE754B900BF502092
:105FC00080F31188BFF34F8FBFF36F8F00BF00BF07
:105FD000FEE7FFF7A7F9184802687068131A174818
:105FE000006890F8520030B100201449096881F827
:105FF000520001251CE02068401C08B9002517E06C
:106000000F4930680968884204D07068904201D80E
:1060100001250DE02068984207D92068C01A206049
:106020003046FFF7D3FA002502E00020206001256A
:10603000FFF7A2F9284670BD440000203000002080
:10604000580000202DE9FF4F85B08046894617464D
:10605000DDE912ABB800FEF7A9FE064656B15420A2
:10606000FEF7A4FE04460CB1266304E03046FFF7B9
:10607000A1F900E000248CB1002084F85100CDE9A2
:1060800000ABCDE902403A4649464046089BFEF740
:1060900004FB2046FEF754F9012501E04FF0FF35DF
:1060A000284609B0BDE8F08F2DE9F04F85B00746CE
:1060B000884691469A46DDE90EB6109C0EB1012045
:1060C00000E0002050B900BF502080F31188BFF3DA
:1060D0004F8FBFF36F8F00BF00BFFEE70CB10120F1
:1060E00000E0002050B900BF502080F31188BFF3BA
:1060F0004F8FBFF36F8F00BF00BFFEE754200390A8
:106100000398542801D1012000E0002050B900BFBD
:10611000502080F31188BFF34F8FBFF36F8F00BF04
:1061200000BFFEE700BFB4B1AEB125462C462E63DA
:10613000022085F85100002004A953464A46CDE9C3
:1061400000B1CDE9025041463846FEF7A6FA28468E
:10615000FEF7F6F801E000200490049805B0BDE8D1
:10616000F08F000070B5064607253046EAF7ABFD14
:10617000102801D2012000E0002050B900BF5020BB
:1061800080F31188BFF34F8FBFF36F8F00BF00BF45
:10619000FEE7FFF73DFB00BF6D1E05EB8501154ACD
:1061A00002EB81003146FEF7DFFC044604B101E05A
:1061B000002DF1D100BF2CB931460F480068FEF721
:1061C000D3FC04462CB931460C480068FEF7CCFCE1
:1061D000044624B931460A48FEF7C6FC044624B9F1
:1061E00031460848FEF7C0FC044600F077F9204627
:1061F00070BD0000981700203400002038000020F7
:1062000074180020601800200549096809B90120A8
:1062100005E00449096809B9022000E00020704740
:106220004C00002068000020014908687047000009
:10623000440000202DE9F0414FF000084448006878
:1062400000287CD143480068451C4248056015BBC6
:1062500041480068006808B9012000E0002050B9FA
:1062600000BF502080F31188BFF34F8FBFF36F8FB3
:1062700000BF00BFFEE73848076838480068364965
:1062800008603648076036480068401C344908609A
:10629000FEF73AFC00BF3348006885423CD300BF9C
:1062A0002D480068006808B9012000E0002020B1F6
:1062B0004FF0FF302B4908602DE027480068C06888
:1062C000C4686668B54202D22648066023E0201DF5
:1062D000FEF7B2FFA06A18B104F11800FEF7ACFF98
:1062E00094F82C10012088401F49096808431E4972
:1062F0000860E16A01EB81011C4A02EB8100211D6B
:10630000FFF704F81A49E06A0968C96A8842C7D3E6
:106310004FF00108C4E700BF15480068C06A00EBF1
:106320008000124951F82000012801D94FF00108DE
:106330001048006808B14FF0010805E0FFE70E487B
:106340000068401C0C4908604046BDE8F081000030
:1063500068000020440000203400002038000020A5
:1063600058000020600000204800002098170020FE
:1063700030000020540000205000002070B5054679
:106380002C460026002D55D02B480068844201D1B0
:10639000012000E0002050B900BF502080F3118898
:1063A000BFF34F8FBFF36F8F00BF00BFFEE7A06C3E
:1063B00050B900BF502080F31188BFF34F8FBFF357
:1063C0006F8F00BF00BFFEE7A06C401EA064616C31
:1063D000E06A88422ED0A06C60BB201DFEF72CFF27
:1063E00078B9E06A00EB8000144951F8200040B908
:1063F00094F82C1001208840114909688143104805
:106400000160606CE062E06AC0F10700A06194F88E
:106410002C10012088400A4909680843084908608F
:10642000E16A01EB8101054A02EB8100211DFEF7C3
:106430006DFF0126304670BD300000209817002007
:106440004800002070B50646F068C46854B900BF23
:10645000502080F31188BFF34F8FBFF36F8F00BFC1
:1064600000BFFEE704F11800FEF7E6FE15480068DD
:10647000A8B9201DFEF7E0FE94F82C1001208840FA
:1064800011490968084310490860E16A01EB81017C
:106490000E4A02EB8100211DFEF738FF04E004F1F3
:1064A00018010B48FEF732FF0A49E06A0968C96A19
:1064B000884204D9012501200749086000E0002531
:1064C000284670BD68000020480000209817002072
:1064D0004C180020300000205400002070B500242B
:1064E00000263648006850B900BF502080F311885C
:1064F000BFF34F8FBFF36F8F00BF00BFFEE7FEF704
:1065000011FF2E480068401E2C49086008460068AC
:1065100000284FD12A48006800284BD024E02948A1
:10652000C068C46804F11800FEF786FE201DFEF75F
:1065300083FE94F82C100120884023490968084301
:1065400021490860E16A01EB8101204A02EB8100E8
:10655000211DFEF7DBFE1E49E06A0968C96A884210
:1065600002D301201B4908601648006808B90120C1
:1065700000E000200028D2D00CB1FEF7C5FA164882
:10658000056865B100BFFFF755FE10B10120114944
:1065900008606D1E002DF6D100200F4908600D48DF
:1065A000006838B1012630070C490860BFF34F8FEF
:1065B000BFF36F8FFEF7E0FE304670BD680000202D
:1065C000400000204C1800204800002098170020B0
:1065D00030000020540000205000002004ED00E0B6
:1065E00010B586B00024FDF705FF16480068D0B14D
:1065F00000200590049003AA04A905A8FEF750FE08
:106600000222DDE904100023CDE9002102900EA151
:106610000F48039AFFF748FD0E49086008460068D6
:1066200000B1012400BF54B900BF502080F311888D
:10663000BFF34F8FBFF36F8F00BF00BFFEE7204651
:1066400006B010BD74000020546D722053766300B4
:10665000154D0108780000202DE9FF4704460D463E
:1066600016461F46DDF830804FF0000954B900BFD0
:10667000502080F31188BFF34F8FBFF36F8F00BF9F
:1066800000BFFEE71448006810B30095019602941D
:10669000062D15DAFFF7B8FD022808D1002342467F
:1066A00069460D480068FFF773FA814610E0002341
:1066B0001A46694608480068FFF76AFA814607E00B
:1066C00000233A46694604480068FFF735FB8146D7
:1066D000484604B0BDE8F087740000209C680108BB
:1066E00083510108FEFF0000000000008000000050
:1066F00000000000000000008468010829820008F2
:106700000300000000000000000400000000000082
:10671000000000006C680108BD3B01080200000099
:106720000000000000020000000000000000000067
:106730008C680108394F01080100000000000000CA
:1067400080000000000000000000000060680108F8
:1067500089410108FFFF0000000000000001000067
:1067600000000000000000007868010805510108E1
:106770000100000000000000000200000000000016
:1067800000000000000610160006101600000000B1
:1067900000000000010203040607080900000000D1
:1067A0000102030440AC037D04014103057C0002A7
:1067B0006D0D026D09020B080141090242C0030A76
:1067C0000B0400000000A04100000000CDCC4C3DB7
:1067D0000000803F00000000CDCC4C3D0000004098
:1067E00000000000CDCCCC3D0000803F0000000048
:1067F000CDCC4C3D0000A041CDCCCC3DCDCCCC3D52
:106800000000803F00000000CDCCCC3D0000803F68
:106810000000000000000000000000000000803FB9
:106820000000000000000000000000000000803FA9
:106830000000C844CDCC4C3E000000000000704178
:106840009A99193F0000803F0000F041CDCC4C3DAB
:106850000000803F0000C8420000003FCDCCCC3D8E
:106860006D757369635461736B00000067696D62D5
:10687000616C5461736B000073686F6F7454617363
:106880006B000000696D755461736B0052656D6F2C
:1068900074655F7265635F7461736B0074657374B4
:1068A00000000000C4680108000000203406000059
:1068B000341100089069010834060020ACD30000B0
:1068C0008C31010802230132103928037124F41A93
:1068D000AA010114100DE7416B3A58A08B3A7D04D0
:1068E000017C160240AB0341100905530806580409
:1068F000070F160810820911160A15800B16053CA1
:106900000C18010D021108F201031A803F09711CD5
:1069100008081250C347CDCCCC3D0409531C0C1AB7
:10692000401C461C05180AD7233C09521C0D1BBDF0
:106930003786351CD4247449091310031A803F0983
:10694000721C099E900912106FC842CDCCCC3D0438
:10695000091210C50AD7233C091310D450C34709A4
:106960001E10014F4B82FF015A920842FF5AA208A3
:10697000B9F039080212BF791C091D246920E938D1
:10698000091648091E28A103300101031CC8430051
:040000050800018965
:00000001FF
