:020000040800F2
:10000000C0680024A5030008CDAC0008A582000844
:10001000A5AB0008F90D000885D00008000000001D
:10002000000000000000000000000000E5020008E1
:100030007D2100080000000041030008BDB4000855
:10004000C3030008C3030008C3030008C303000878
:10005000C3030008C3030008C3030008C303000868
:10006000C3030008C3030008C3030008A51C00085D
:10007000B11C0008BD1C0008C3030008C30300082E
:10008000C3030008C3030008C3030008C12300081A
:1000900029240008C3030008C3030008C3030008A1
:1000A000C3030008C3030008C3030008C303000818
:1000B00055B60008C3030008C3030008C3030008C3
:1000C000C3030008C3030008C3030008C3030008F8
:1000D00035B10008B5CA0008C3030008C30300080F
:1000E000C3030008C303000800000000C3030008A6
:1000F000C3030008C3030008C3030008C3030008C8
:10010000C3030008C3030008C3030008C3030008B7
:10011000C303000875BA0008C3030008C30300083E
:10012000C91C0008D51C0008C3030008C30300084D
:10013000C3030008C3030008C3030008C303000887
:1001400000000000000000000000000000000000AF
:10015000C3030008E11C0008C3030008C303000830
:10016000C3030008C3030008C3030008C303000857
:10017000C3030008C3030008C30300080000000015
:10018000C3030008C303000881BA0008C3030008C2
:10019000C3030008C3030008C3030008C303000827
:1001A000C3030008C3030008C303000800000000E5
:1001B000C3030008C3030008C3030008C303000807
:1001C000C3030008C3030008000000000000000093
:1001D0000000000000000000C30300080000000051
:1001E000000000000000000000000000000000000F
:1001F0000000000000000000C3030008C303000863
:10020000C3030008C303000800000000C303000884
:10021000C3030008C3030008C3030008C3030008A6
:10022000C303000800000000C30300080000000032
:10023000C3030008C303000800000000C303000854
:10024000C3030008C3030008C3030008C303000876
:10025000C3030008C3030008C3030008C303000866
:10026000C3030008C3030008C3030008C303000856
:10027000C3030008C3030008C30300080000000014
:10028000C3030008C3030008C3030008C303000836
:1002900000000000C3030008C303000800000000C2
:1002A00000000000C3030008C3030008C3030008E4
:1002B000C3030008C3030008C3030008992400080F
:1002C000C3030008C3030008C3030008DFF810D00D
:1002D00000F0E2FA004800479D070108AFF30080F4
:1002E000C06800242C4B19680868B0E8F04F80F310
:1002F0000988BFF36F8F4FF0000080F311887047BB
:100300000000000008480068006880F308884FF08B
:10031000000080F3148862B661B6BFF34F8FBFF35D
:100320006F8F00DF00BF00BF08ED00E0DFF80C00BA
:10033000016841F470010160704700BF88ED00E082
:10034000EFF30980BFF36F8F134B1A681EF0100F85
:1003500008BF20ED108A20E9F04F106009B44FF07B
:10036000500080F31188BFF34F8FBFF36F8F10F0F1
:10037000DFFF4FF0000080F3118809BC196808689E
:10038000B0E8F04F1EF0100F08BFB0EC108A80F3F9
:100390000988BFF36F8F704730000024EFF30580AA
:1003A00070470000074880470748804707480047D4
:1003B000FEE7FEE7FEE7FEE7FEE7FEE7FEE7FEE715
:1003C000FEE7FEE7452300087DB50008CD020008E2
:1003D0002DE9F05F0546002092469B46884606467A
:1003E000814640241BE0284641464746224600F00D
:1003F0008BF853465A46C01A914110D311461846FD
:10040000224600F016F82D1A67EB01084F462246E7
:100410000120002100F00DF817EB00094E41201ECD
:10042000A4F10104DFDC484631462A464346BDE8D4
:10043000F09F202A04DB203A00FA02F100207047E6
:100440009140C2F1200320FA03F319439040704712
:10045000202A06DBCB17203A41FA02F043EAE07388
:1004600006E041FA02F3D040C2F120029140084375
:100470001946704740EA01039B0703D009E008C909
:10048000121F08C0042AFAD203E011F8013B00F859
:10049000013B521EF9D27047D2B201E000F8012BA5
:1004A000491EFBD270470022F6E710B513460A46F4
:1004B00004461946FFF7F0FF204610BD421C10F815
:1004C000011B0029FBD1801A7047034611F8012B4C
:1004D00000F8012B002AF9D11846704730B50B46B9
:1004E000014600202022012409E021FA02F59D4264
:1004F00005D303FA02F5491B04FA02F52844151E38
:10050000A2F10102F1DC30BD202A04DB203A21FAFD
:1005100002F00021704721FA02F3D040C2F120021C
:1005200091400843194670472DE9FE4F804681EA05
:100530000300C00F0C46009021F0004123F000455D
:10054000B8EB0200A94105D24046214690461C4620
:100550000B46024623F00040104347D0270DC7F357
:100560000A00C3F30A510290401A019040286BDA46
:10057000C3F3130040F4801B0098924620B100237F
:10058000D2EB030A63EB0B0B01985946C0F1400212
:100590005046FFF74EFF06460D4650465946019A13
:1005A000FFF756FF10EB08006141002487EA115263
:1005B00084EAE7731A4340D0009A62B3019A012A91
:1005C0004FEA075215DC001B61EB02014FF00042BD
:1005D00002EA0752CDE90042001C41F58011324683
:1005E0002B4600F07AF903B0BDE8F08F4046214673
:1005F000F9E7001B61EB0201001C41F580130018B4
:100600005B412018A2F5001747EB030140EAD570C3
:10061000B6196D4111E06D084FEA360645EAC0751E
:100620004FEA0752001B61EB0201001C41F58011EB
:1006300049084FEA30000019514132462B4603B0B9
:10064000BDE8F04F00F03AB90098012240000023C5
:10065000D0EB020263EBE073009821464FEAE074AE
:10066000B8EB000061EB0401E9E783F000435BE7CE
:1006700081F0004158E72DE9FE4F81EA030404F0C0
:10068000004421F0004100944FF0000B23F00043A0
:1006900050EA01045ED052EA03045BD0C3F30A546B
:1006A000C1F30A552C44A4F2F3340194A0FB025484
:1006B000C1F3130141F48011C3F3130343F4801316
:1006C00001FB024400FB034E840A970A44EA81546A
:1006D00047EA8357A4FB076802958D0A05FB078547
:1006E0004FEA932C04FB0C542705029D4FEA065851
:1006F00047EA1637B5EB08056EEB070C870E920E2E
:1007000047EA811742EA8312A7FB0201B6EB0B010D
:1007100064EB00042B0D43EA0C335E1844EB1C50D1
:10072000DA465146E7FB0201C5F313044FEA0B33E7
:1007300043EA14534FEA0432019C43EA0603A4F14E
:100740000C040294009CCDE900B400F0C6F803B09C
:10075000BDE8F08F00200146F9E72DE9F04D81EA70
:10076000030404F0004B21F0004514464FF0000A4A
:1007700023F0004150EA050220D054EA01021DD0C6
:10078000C5F30A570246C5F31303C1F31300C1F3BF
:100790000A5640F4801543F48013A7EB0608101B9B
:1007A000D64608F2FD3873EB050002D308F10108C4
:1007B00001E092185B41B8F1000F03DA0020014616
:1007C000BDE8F08D00204FF48011064684460EE00F
:1007D000171B73EB050705D3121B63EB05030643D9
:1007E0004CEA010C49084FEA300092185B4150EA8C
:1007F0000107EDD152EA030012D082EA040083EA35
:100800000501084305D0101BAB4106D2012200238D
:1008100006E000224FF0004302E06FF001025310A7
:100820001AEB06004CEB085110EB0A0041EB0B01F0
:10083000BDE8F04D00F042B8C1F30A52C1F3130114
:1008400040F2FF3341F480119A4202DA002001465F
:10085000704740F233439A42A2F2334202DC5242E2
:10086000FFF752BEFFF7E5BD30B5041E71F100047D
:1008700004DB4FF00044404264EB0101141E73F1AD
:10088000000405DB1C464FF00043524263EB0403B7
:10089000994208BF904230BD064C074D06E0E06823
:1008A00040F0010394E8070098471034AC42F6D3B7
:1008B000FFF710FD80270108A027010810B5141EBE
:1008C00073F1000408DA401C41F1000192185B4109
:1008D0001A4301D120F0010010BD2DE9F04D9246E0
:1008E0009B4611B1B1FA81F202E0B0FA80F22032F7
:1008F0009046FFF79EFD04460F4640EA0A0041EA93
:100900000B0153465A46084313D0114653EA0100DF
:1009100019D0C8F140025046FFF7F6FD05460E46D5
:10092000504659464246FFF784FD084305D0012052
:1009300004E020463946BDE8F08D0020054346EA34
:10094000E0762C4337430A986305E40AA0EB0800DD
:100950000022FD0A44EA47540A3002D5002001462D
:10096000E9E7010510196941DDE908450019694108
:10097000BDE8F04DA2E770B58C1810F8015B15F0DA
:10098000070301D110F8013B2A1106D110F8012B01
:1009900003E010F8016B01F8016B5B1EF9D12B0726
:1009A00005D40023521E0DD401F8013BFAE710F8DC
:1009B000013BCB1A921C03E013F8015B01F8015BC9
:1009C000521EF9D5A142D8D3002070BD1E489FED1C
:1009D0001D1A80ED111A80ED231A80ED351A80ED75
:1009E000471A1A49B0EE000AF8EE000A0978012900
:1009F00003D180ED120AC0ED240A154A1278012AAB
:100A000003D1C0ED360A80ED480A022903D1C0EDBA
:100A1000120AC0ED240A022A03D180ED360A80EDC5
:100A2000480A032903D1C0ED120A80ED240A032AE3
:100A300003D180ED360AC0ED480A80ED591A80EDE9
:100A40006B1A70470000000000010024F609002422
:100A5000F709002401220248114604F0F9B9000008
:100A60000008025800220248012104F0F1B90000F8
:100A7000000802587047000001220248082104F0D3
:100A8000E7B900000008025800220248082104F0DB
:100A9000DFB9000000080258704730B504464FF433
:100AA0007A7502E0284600F004F8641EA4B2F9D278
:100AB00030BD70B500214FF0E0256B69C0EB001030
:100AC0004401AA69A8699042FCD003D2A2EB0002BB
:100AD000114403E0A3EB0006324411440246A14254
:100AE000F0D370BD10B5FFF7C5FFFFF7D5FF0FF0CE
:100AF000EDFA04460FF070FB204310BD2DE9FC41D8
:100B000004460D461646002000900190FFF7AAFF0C
:100B1000922000F0BFF806226946122000F09CF8EF
:100B2000FFF798FF9DF801009DF80010000200B249
:100B30000843484F00EE100AD7ED000AB8EEC00A8D
:100B400020EE200A85ED000A9DF803009DF80210B2
:100B5000000200B2084300EE100AF8EEC00A97ED5A
:100B6000000A60EE800AC5ED010A9DF805009DF8B7
:100B70000410000200B2084300EE900AF8EEE00A0A
:100B800020EE800A85ED020AFFF77EFF0822694603
:100B9000002000F061F8FFF76FFF9DF800000F28BC
:100BA00030D19DF803009DF80210000200B2084306
:100BB00000EE100AD7ED010AB8EEC00A20EE200AB6
:100BC00084ED000A9DF805009DF80410000200B2B3
:100BD000084300EE100AF8EEC00A97ED010A60EE35
:100BE000800AC4ED010A9DF807009DF80610000276
:100BF00000B2084300EE900AF8EEE00A20EE800A08
:100C000084ED020AFFF72EFFA22000F043F8022233
:100C10006946222000F020F8FFF71CFF9DF8000035
:100C20009DF80110C00040EA5110B0F5806F02DB62
:100C3000A0F5006000B200EE100AB4EE001AF8EE63
:100C4000C00AB3EE070A00EE810A86ED000ABDE88D
:100C5000FC810000C00A002470B50D46144640F027
:100C6000800000F017F806E0552000F013F805F8B2
:100C7000010B641EE4B2002CF6D170BD10B50C4619
:100C800040F0800000F006F8552000F003F82070D6
:100C900010BD000001B582B04FF47A7001230090BE
:100CA00001AA034802A906F05BF89DF804000EBDF6
:100CB000CC0F002410B50C46FFF7ECFF2046BDE832
:100CC0001040FFF7E7BF000010B52DED028B424C3E
:100CD00094EDC20AD4EDE00A30EE200ADFED3F0ABF
:100CE00020EE200AF6EE000A20EE208A84ED988A93
:100CF00094ED9A0A04F50B6009F052F838488168BF
:100D000081ED000A416894ED960A81ED000A406881
:100D100080ED018A324808F0D9FC84ED998A94ED7F
:100D20009A0A84ED9B0A94ED930A9FED2E1BB7EE71
:100D3000C00AB0EEC00BB4EEC10BF1EE10FA10D247
:100D4000D4F8BC089FED291A00EE100AB8EE400A4C
:100D500068EE000A94ED960A00EE810A84ED960A88
:100D600003E09FED230A84ED960A00219FED210AFE
:100D7000C1EB011094EDA21A04EBC00201EB41009B
:100D8000D2EDAD0A04EBC00070EE600A70EEC10A4D
:100D9000C0EDEA0AD2EDAE0A94EDA31AF1EE600AB4
:100DA00070EEC10AC0EDEB0AD4ED960AC0EDEC0A74
:100DB000D4ED990AC0EDED0AD4EDA20AC0EDEE0A19
:100DC000D4EDA30AC0EDEF0A491CC9B20229CFD362
:100DD000BDEC028B10BD0000000100248FC2753DE8
:100DE0005055002400000040E17A843F6F12833A9E
:100DF00000000000DB0FC93FFEE700004A780978D9
:100E0000DFED060A42EA012109B200EE101AB8EE3F
:100E1000C00A80EE201A80ED001A704700007A4464
:100E200010B504462DED108BB0EE40EAB0EE60FA3E
:100E300082B0B7EECF0AB0EE40AB0CF039FF9FEDB9
:100E40008F8B20EE080BF7EEC0CBB7EECE0AB0EEDC
:100E5000409B0CF02DFF20EE080BF7EEC0EBB0EE40
:100E60004A0B0CF025FE20EE080BB7EEC0BBB0EE2F
:100E7000490B0CF01DFE20EE080BF7EEC0BB7CEE1C
:100E8000EEAA3BEE6BAA2AEE0A0A0AEEAA0AB7EE0F
:100E9000C00A0DF02FF8B7EEC00BF6EE000A2AEEEE
:100EA00020CA2AEEA0AADFED770AB0EE601A00EEA3
:100EB000001A71EE60AA2CEE0C0A0AEE0A0A0AEE7B
:100EC000EA0AB7EEC00A0DF015F8B7EECA1A30EE0E
:100ED000010B3CEE2A1AB7EEC11A0CF0A9FBB0EEDA
:100EE000001B20EE010BB7EEC0CBB7EECC0AB0EE84
:100EF00040AB0CF0DDFD3BEECB1AB5EE00BBB7EE20
:100F0000C1DA00EE0BDBB0EE4A0B0CF0D1FEB0EE16
:100F1000401B3EEEEC0AB7EEC00A01EE0B0BB0EE42
:100F20004D1B0CF085FBF7EEC0CBB0EE490B0CF07F
:100F3000BFFD20EE08DBB0EE4A0B0CF0B9FD00EE71
:100F40000BDBB7EECDDBB0EE490B0CF0B1FE20EEC3
:100F5000089BB0EE4A0B0CF0ABFE00EE0B9BB7EE1D
:100F6000C99B2DEE0D0A09EE090AB7EEC00A0CF076
:100F7000C1FFB7EEC01B8DED011AB7EECD1AB7EE6B
:100F8000C90A0CF055FBF7EEC0EB3EEEEC0AB7EEEB
:100F9000C0AAB0EE4A0B0CF08BFE20EE089B3EEE92
:100FA0004C0AB7EEC0BAB0EE4B0B0CF081FE29EE46
:100FB00000DB3CEECC0AB7EEC09AB0EE490B0CF069
:100FC00077FE8DEE001BF7EEC1FB3EEECC0AB7EECE
:100FD000C0DAB0EE4D0B0CF06BFE20EE08EB3CEEF1
:100FE000CF0AB7EEC0CAB0EE4C0B0CF061FE2EEE8D
:100FF00000EBB0EE490B0CF05BFE8EEE001BB7EE83
:10100000C1EBB0EE4A0B0CF053FD20EE08ABB0EE96
:101010004B0B0CF04DFE2AEE00BBB0EE490B0CF072
:1010200047FE9DED011AB7EEC1AA20EE0A0B8BEE2A
:10103000001BB7EEC1BBB0EE4D0B0CF039FD20EE3E
:10104000088BB0EE4C0B0CF033FE28EE008BB0EEAC
:10105000490B0CF02DFE20EE0A0B88EE001BB7EEBC
:10106000C10BC4ED00FA84ED01EA84ED02BA84ED0F
:10107000030A02B0BDEC108B10BD0000000000A000
:1010800047E1CA3F0000803D90ED000AD1ED000A23
:10109000524B20EE200A83ED300A90ED010AD1ED8B
:1010A000010A20EE200A83ED310A90ED020AD1ED0B
:1010B000020A20EE200A83ED320A90ED030AD1EDF8
:1010C000030A20EE200A83ED330A90ED040A83ED33
:1010D000340A90ED050AD1ED050A20EE200A83EDD1
:1010E000350A90ED060AD1ED000A20EE200A83EDC4
:1010F000360A90ED070AD1ED010A20EE200A83EDB1
:10110000370A90ED080AD1ED020A20EE200A83ED9D
:10111000380A90ED090AD1ED030A20EE200A83ED8A
:10112000390A90ED0A0AD1ED040A20EE200A83ED77
:101130003A0A90ED0B0AD1ED050A20EE200A83ED64
:101140003B0A90ED000AD1ED000A91ED011A20EE64
:10115000200AD0ED010A00EE810AD0ED020A91EDDD
:10116000021A00EE810AD0ED030A91ED031A00EE97
:10117000810AD0ED040A91ED041A00EE810AD0ED47
:10118000050A91ED051A00EE810A82ED000A90ED44
:10119000060AD1ED000A91ED011A20EE200AD0EDE9
:1011A000070A00EE810AD0ED080A91ED021A00EE5E
:1011B000810AD0ED090A91ED031A00EE810AD0ED03
:1011C0000A0A91ED041A00EE810AD0ED0B0A91EDA6
:1011D000051A00EE810A82ED010A70470009002419
:1011E00090ED001AD0ED022A90ED012AD0ED031AFD
:1011F00021EE001A02EEA01A22EE000A01EEA00A69
:1012000081ED001A81ED010A70470000F0B4DDE9BC
:1012100004560C4C44F8100C44F80C1C170A2776A2
:1012200062761A0AA276E3762A0A22776577320A6C
:10123000A277E67704F11802F0BC89B208230FF018
:101240005FB80000280B00240A48007A0A280ED252
:10125000DFE800F00D0D0705090D0D0D0D0B00F079
:101260009BBC00F099BC00F07FBCFFF7AFBB00F067
:10127000E3BC00000001002410B51E4C94F83800B7
:10128000002808D094F8800028B194F8C80010B164
:1012900094F81001C0B917480C3000F089FF012004
:1012A0000FF0CCFA1348543000F082FF01200FF009
:1012B000C5FA10489C3000F07BFF01200FF0BEFA09
:1012C0000C48E43000F074FF207A032802D1607AE1
:1012D000032802D10848807B48B108484FF4C87100
:1012E000FFF7E1F8002084F8280384F8A003207AAF
:1012F000607210BD00010024EA5400245803002449
:101300002DE9F04F2DED048BB1B00FF0EDF8D44D79
:1013100028600024671E012305F10C001A46B7EE71
:10132000000ACDE900741946804609F0B3FC012398
:1013300005F154001A4602218146B7EE000ACDE9B4
:10134000007409F0A7FC012605F19C003346032137
:101350003246B7EE000ACDE90064824609F09AFCF5
:10136000012305F1E4001A4604218346B7EE000A82
:10137000CDE9006409F08EFC9FEDBA8A00230222B9
:101380000121B0EE480ACDE9007405F5967009F028
:1013900081FC022200231146B0EE480ACDE9006428
:1013A00005F5BA7009F076FC404600F001FF012017
:1013B0000FF044FA484600F0FBFE01200FF03EFA21
:1013C000504600F0F5FE01200FF038FA584600F0C4
:1013D000EFFEA54804700221417003218170C470A2
:1013E0004FF4C87105F51670FFF75DF89C2105F5FF
:1013F000DE70FFF758F885F8284385F8A0432E7271
:101400002EAB9A4CD4E90312A06807C30021F6EE74
:10141000000AB2EE040A2EAA05F5856009F012FD55
:10142000D4E906122BAB606907C30021F7EE000A6E
:10143000B1EE000A2BAA05F26C7009F003FDD4E9A5
:101440000902216ACDE929022891DFED898A00216C
:10145000B2EE040AF0EE680A28AA05F5F76009F072
:10146000F1FCD4E90C1225ABE06A07C30021F0EED1
:10147000680AB2EE040A25AA05F6040009F0E2FCA7
:10148000D4E90F1222ABA06B07C3F0EE680A9FED00
:10149000799A002122AAB0EE490A05F5986009F070
:1014A000D1FC9FED758A05F5806585ED348A0021B4
:1014B000F0EE680AB0EE490A22AA05F5867009F036
:1014C000C1FC85ED478AD4E912121FAB606C07C3DB
:1014D000F0EE680A9FED690A00211FAA05F5227047
:1014E00009F0B0FCD4E915121CAB206D07C3F0EE77
:1014F000680A9FED630A00211CAA05F1740009F037
:10150000A1FCD4E9181219ABE06D07C30021F0EE7D
:10151000680AB1EE040A19AA05F5F87009F092FC00
:101520009FED588A05F58A60B0EE480A08F04CFC39
:10153000B0EE480A05F58B6008F046FCB0EE680A8C
:1015400005F58C6008F040FCB0EE680A05F58D608A
:1015500008F03AFCB0EE680A05F58E6008F034FC3D
:10156000B0EE680A05F58F6008F02EFC9FED468A04
:1015700005F59060B0EE480A08F026FCB0EE480A87
:1015800005F5916008F020FCB0EE680A05F5926060
:1015900008F01AFCDFED3D8A05F59360B0EE680AAD
:1015A00008F012FCB0EE680A05F5946008F00CFC37
:1015B000B0EE480A05F5956008F006FC9FED340A88
:1015C00005F5966008F000FC274802230122194621
:1015D000183007F099FD04F1680015AD0FC80FC56C
:1015E000D4E90001CDE91301D4E92013D4E91E2088
:1015F00010AC0BC40F920BAD1C48803000F10801F9
:101600001EC91EC500F1180107AD1EC91EC5D0E9CF
:101610000B2303AC816A406B0EC4069015AA1D49CA
:101620003CCA88683CC00869DDE913230CC007AADE
:1016300008683CCA3CC00FAAC8693CCA3CC00BAA97
:10164000086A3CCA3CC0DDE905244869DDE90313AA
:10165000C0E902240AC031B0BDEC048BBDE8F08FB4
:10166000000100243C3C7C4138550024141801083A
:101670000000000000007A43CDCC4C3E00008743C0
:10168000000070429A99193F6666663FCDCC4C3F88
:101690003333733F4856002410B50FF053FF0F4CFF
:1016A000D4F8B818401AC4F8BC080FF04BFFC4F8BF
:1016B000B808D4F82404401CC4F824040BF06AFCD5
:1016C0000BF0FEF90BF028FB0BF082FCFFF7FCFAA5
:1016D0000BF018FBBDE810400BF0ACBA0001002481
:1016E0002DE9F0472DED048B0027002000269FED0B
:1016F000D38AF0EE489AD24D2968B1F9022002F15E
:101700001403292B00D31746B1F9042002F1140366
:10171000292B00D31046B1F9081001F11402292A2F
:1017200000D30E46404200EE100AB8EEC00A9FED0C
:10173000C59AF2EE0E0A20EE090A20EE202AB7EE34
:10174000C20AB0EEC00B9FEDC01BDFF80493BC4C87
:10175000B4EEC10B483C99F81700F1EE10FA01DC29
:10176000012801D1012121702178DFEDBA8ADFF84B
:10177000E882E9B300EB4000800000EE100AB8EE0A
:10178000400A30EE020AAE48D4ED060A483890ED21
:10179000071A4830B4EEE00AF1EE10FAD0F8BC08AF
:1017A00011DD01EE900AF8EE611A21EE811A41EE88
:1017B000280AC4ED060AF4EEC00AF1EE10FA14DDB0
:1017C00084ED060A11E010D201EE900AF8EE611ADB
:1017D00021EE811A41EE680AC4ED060AF4EEC00A51
:1017E000F1EE10FA01D284ED060A94ED060A00E04B
:1017F0000FE088ED020AB7EEC00AB7EE001BB0EEAC
:10180000C00BB4EEC10BF1EE10FA1BD20020207019
:1018100018E0D5EDF90A9FED910A0EF09FF89FEDC3
:10182000901ADFED900A0EF04FFEF0EE400A95EDB3
:10183000F90A70EE200A8C4809F04AFAB1EE400A23
:1018400088ED020A2078D8B384ED058A287A032827
:101850007ED009287DD085ED938A85ED948A85ED2B
:10186000958A002101EB410005EBC00080ED838AE1
:1018700080ED848A80ED858A95ED930A80ED860A55
:1018800080ED878A80ED888A491CC9B20229E9D394
:10189000287A9FED761ADFED760A03287DD0092895
:1018A0007BD0C4ED030A94ED030A0EF00DFE84ED27
:1018B000030A85ED8F0A85ED900A29EE890A00E07A
:1018C0000DE0DFED6C0A20EE200A9FED6B1A0EF0A2
:1018D000FBFD85ED7F0ABDEC048BBDE8F08700EED3
:1018E000107AF1EE020AB8EEC00A20EE090A20EEE4
:1018F000200A88ED000A99F81600D8B9B7EEC01A88
:1019000099F8081000EE101AB8EE402BB7EE080B4D
:1019100002EE001BB7EEC11B99F8091002EE101A77
:10192000B8EE422BB7EEC11A02EE401BB7EEC10B68
:1019300088ED000A012818D199F80800D8ED000AAE
:10194000400000EE100AB8EE400A30EE800A01E0D6
:1019500044E04EE099F80900400000EE900AF8EEED
:10196000600A30EE600A88ED000A98ED000AD4EDB6
:10197000050AB4EEE00AF1EE10FA18DDD5F8BC085D
:10198000D4ED041A01EE100AB8EE411A21EE211A24
:1019900041EE280AC4ED050A00E031E0B4EEE00AA9
:1019A000F1EE10FABFF452AF84ED050A4EE7FDD216
:1019B000D5F8BC08D4ED041A01EE100AB8EE411AAD
:1019C00021EE211A41EE680AC4ED050AB4EEE00AE0
:1019D000F1EE10FAEADD84ED050A37E794ED050A29
:1019E00085ED930A85ED948A98ED020A85ED950AB6
:1019F00037E785ED938A85ED948A85ED958A30E702
:101A000000EE106AB8EEC00A60EE091A94ED030AFF
:101A100001EEE80A84ED030A95F92004012807D0B5
:101A2000022808D003287FF43EAFC4ED030A3AE74A
:101A3000C4ED030A37E784ED031A34E70000000021
:101A4000000100240C98C63A000000E04D62503FAF
:101A5000EA5400246F12833A4455002414572FC0CF
:101A60003A46713F3A4671BFF00600243333B33E25
:101A7000295C0F3E9A9999BE9A99993E10B509F042
:101A80000BFCBDE8104009F0C1BC000070B52C4B48
:101A9000012518688189022902D14289022A02D0CF
:101AA000032902D004E01D7221E04289022A07D0F6
:101AB000244A927B012A03D00322012903D005E0A6
:101AC0000221197213E04489022C02D0012902D0AC
:101AD00004E01A720BE04489012C02D0022902D0E2
:101AE00004E01A7203E0418903290BD01D7200241F
:101AF000B0F9060010F5257F07D083F8284383F856
:101B0000A04370BD09211972F1E70021C1EB01105A
:101B100003EBC00090F8282332B1D0F82463322EB2
:101B200002D980F8284306E02AB9D0F82023322AC7
:101B300001D980F82853491CC9B20229E6D370BDE7
:101B400000010024EA54002405480068016841F0BF
:101B50001001016003494FF4C872014806F0A8BAA9
:101B60007C140024A25700240948B8EE000A80ED36
:101B7000120AF0EE000AC0ED240AC0ED360A80ED2C
:101B8000480A9FED040A80ED590A80ED6B0A704700
:101B900000010024000000002DE9F04108F056F893
:101BA00007F028FF234E96EDFC0AB1EE400A86EDC1
:101BB000110A96EDFD0AB1EE400A86ED230A06F5FC
:101BC000806797ED030A86ED350A97ED040A86EDE6
:101BD000470A0024307A02281DD004EBC400B3EE7B
:101BE000041A06EBC005FBEE040A95ED110A0EF08F
:101BF0006BFC85ED110A641CE4B2042CEAD397ED6A
:101C0000000AB1EE400A86ED590A97ED070A86ED03
:101C10006B0ABDE8F08104EBC400B3EE0E1A06EBCC
:101C2000C005FBEE0E0A95ED110A0EF04DFC85ED98
:101C3000110AE0E70001002410B52DED028B184CCD
:101C40009FED168A84ED118A84ED238A84ED358A0E
:101C500084ED478A84ED128A84ED248A84ED368AE5
:101C600084ED488A84ED5A8A84ED6C8A94ED500A9A
:101C7000F0EE480A04F2D46009F02AF884ED5C0A18
:101C800094ED620AF0EE480A04F5E46009F020F8E9
:101C900084ED6E0ABDEC028B10BD00000000000058
:101CA00000010024014801F047BB0000541000244B
:101CB000014801F041BB000094160024014801F0E6
:101CC0003BBB0000CC100024014801F035BB0000F4
:101CD0000C170024014801F02FBB0000A4150024BC
:101CE000014801F029BB00001C16002410B52C4A45
:101CF000016891423AD02A4A1832914236D0284A95
:101D00003032914232D0264A483291422ED0244A73
:101D1000603291422AD0224A7832914226D0204A1B
:101D20009032914222D01E4AA83291421ED01D4AC2
:101D300091421BD01B4A1832914217D0194A3032B7
:101D4000914213D0174A483291420FD0154A60325F
:101D500091420BD0134A7832914207D0114A903207
:101D6000914203D00F4AA832914214D1CAB2103A1C
:101D70001823B2FBF3F20C4C02F00703E35CC365DB
:101D8000032A04D96FF30901091D816506E06FF389
:101D90000901816502E021F0FF018165806D10BDC0
:101DA00010000240100402407817010810B50168C5
:101DB0000123224CCAB2A1421BD0204C1434A142B0
:101DC00017D01E4C2834A14213D01C4C3C34A142E5
:101DD0000FD01A4C5034A1420BD0184C6434A1429D
:101DE00007D0164C7834A14203D0144C8C34A14255
:101DF0000FD1083A1421B2FBF1F1114A02EB810232
:101E000002660F4A8032426601F01F018B408366F2
:101E100010BD103A1824B2FBF4F20A4C2144A82950
:101E200000D80832084901EB820101660649803179
:101E3000416602F01F018B40836610BD08540258B2
:101E400000580258F0FBFDBF000802400279521E04
:101E5000072A31D8194B016899421BD0174B14330C
:101E6000994217D0154B2833994213D0134B3C336A
:101E700099420FD0114B503399420BD00F4B643322
:101E8000994207D00D4B7833994203D00B4B8C33DA
:101E9000994207D10A4901EB8201C16608494031E4
:101EA000016706E0074901EB8201C166054940313F
:101EB00001670121914041677047000008540258B2
:101EC0000059025800090240014610B500208B69F4
:101ED0004FF0C0748A6A002B0ED0B3F5005F1AD0A1
:101EE00062B3012A2AD0022A28D0032A03D1C96A60
:101EF000C90100D5012010BD1AB1012A06D0022A5D
:101F0000F9D1C96AC901F6D5012010BDC96AA1423B
:101F1000FBD1012010BD52B1012A0AD0022A06D0FD
:101F2000032AF7D1C96AA142F4D1012010BD0120D2
:101F300010BDC96AC901FBD5012010BD012010BD2B
:101F40002DE9F04F856D8A4E894FDFF824C2A836FF
:101F5000DFF81C82DFF818920CF1180CDFF810A2E1
:101F600008F13008DFF808B209F1480904680AF1FD
:101F7000600A0BF1780BBC426DD064456BD04445D0
:101F800069D04C4567D0544565D05C4563D0DFF8D7
:101F9000E0E10EF1900E74455DD0B4425BD0DFF805
:101FA000D4E1744557D0DFF8CCE10EF1180E74453A
:101FB00051D0DFF8C0E10EF1300E74454BD0DFF8A0
:101FC000B4E10EF1480E744545D0DFF8A8E10EF1FA
:101FD000600E74453FD0DFF89CE10EF1780E744539
:101FE00039D0DFF890E10EF1900E744533D0DFF870
:101FF00084E10EF1A80E74452DD0DFF87CE1744524
:1020000029D0DFF874E10EF1140E744523D0DFF807
:1020100068E10EF1280E74451DD0DFF85CE10EF189
:102020003C0E744517D0DFF850E10EF1500E7445A8
:1020300011D0DFF844E10EF1640E74450BD0DFF8E7
:1020400038E10EF1780E744505D0DFF82CE10EF181
:102050008C0E744509D1D0E919E4CEF80440C46E61
:102060001CB1D0E91CE4CEF804400468BC422ED078
:1020700064452CD044452AD04C4528D0544526D020
:102080005C4524D03A4F9037BC4220D0B4421ED099
:10209000384EB4421BD0374E1836B44217D0354EA6
:1020A0003036B44213D0334E4836B4420FD0314E9E
:1020B0006036B4420BD02F4E7836B44207D02D4E46
:1020C0009036B44203D02B4EA836B4421BD190F8C0
:1020D0005C4004F01F063F24B440AC6004682568EF
:1020E00025F480252560046863608368402B05D053
:1020F000036899600068C260BDE8F08F03689A6069
:102100000068C160F8E71C4EB4421BD01A4E14366A
:10211000B44217D0184E2836B44213D0164E3C366F
:10212000B4420FD0144E5036B4420BD0124E643627
:10213000B44207D0104E7836B44203D00E4E8C36DF
:10214000B442D9D190F85C4004F01F060124B44099
:102150006C60046863608368402B04D003689960F6
:102160000068C260C8E703689A600068C160C3E79E
:10217000100002401004024008540258704710B585
:102180000446208820810A78487840EA022020808E
:102190008A78C87840EA022060800A79487940EA63
:1021A0000220A0808879A07102F05AFEE06010BD84
:1021B00010B50446204600F0F9FA002805D06289DF
:1021C0002178BDE8104000F0A3B810BD70B50446FA
:1021D0000D46287800F00F00206028780009606024
:1021E0006978A87840EA0120A060E9782A79090195
:1021F00041EA1211E1602A79697902F00F0241EA9D
:10220000022121611021DFED170A9FED170A0EF060
:102210003BFF84ED070AE0680C21DFED140A9FED17
:10222000140A0EF031FF84ED080A20690C21DFED5D
:10223000110A9FED110A0EF027FF84ED090AA87913
:1022400000EE100AB8EE400A84ED0C0AE87900EEC0
:10225000100AB8EE400A84ED0D0A02F001FEA063F8
:1022600070BD0000DA0F4941DA0F49C10000344265
:10227000000034C200005842000058C210B50446A5
:10228000204600F093FA00280ED021789FED070A2F
:1022900094ED0E2ABDE81040F0EE401AB0EE401A60
:1022A000F0EE400A08F080BC10BD00000000000005
:1022B00010B504462DED028BB0EE408A204600F0AA
:1022C00075FA002810D02178D4ED0F0A9FED080A86
:1022D000F0EE481ABDEC028BB0EE402AB0EE401A88
:1022E000BDE8104008F060BCBDEC028B10BD0000E2
:1022F0000000000010B50446204600F057FA002800
:1023000005D062892178BDE8104008F0ADBF10BD4E
:102310000A4B43F8100C0A4443F80C2CFF211976A1
:1023200059769976D976197759779977FC21D977A3
:1023300091B2024A082318320DF0E2BF280B0024A4
:1023400072B6FEE70548016841F0020101600348EA
:10235000083801688904FCD5704700000C48025811
:1023600010B58AB000240294039402200490012046
:1023700005900694079402A9104801F098FF08B14F
:10238000FFF7DEFF02220D4800231146009401F002
:10239000D2FF08B1FFF7D4FF08480022012101F065
:1023A0000DFF08B1FFF7CCFF044802F025FC002820
:1023B00001D0FFF7C5FF0AB010BD0000EC0D0024EE
:1023C000014802F0A9B80000EC0D002410B58AB055
:1023D000002402940394022004900590069407942C
:1023E00002A9104801F063FF08B1FFF7A9FF02221C
:1023F0000C4800231146009401F09DFF08B1FFF73F
:102400009FFF08480022102101F0D8FE08B1FFF715
:1024100097FF044802F0F0FB002801D0FFF790FF7F
:102420000AB010BD8C0E0024014802F075B80000FF
:102430008C0E002410B58AB00024029403940494F6
:10244000012005908002069040F2FF70079011482D
:1024500002A901F02CFF08B1FFF772FF02220D481C
:1024600000231146009401F066FF08B1FFF768FFF2
:1024700008480022012101F0A1FE08B1FFF760FF2A
:10248000044802F0B9FB002801D0FFF759FF0AB059
:1024900010BD00002C0F0024014802F03DB80000E0
:1024A0002C0F002430B5426B036853F8844F4FF66D
:1024B000FC718C4344EA82041C60036853F8844F27
:1024C000058F24F47F0444EA05441C60836B1A449E
:1024D000036853F8884F8C4344EA82041C60036805
:1024E00053F8884F858F24F4FE0444EA05441C60A9
:1024F000C36B02EB4302036853F8A04F8C4344EADA
:1025000082041C60036853F8A04FB0F8405024F4D4
:10251000FE0444EA05441C60D0E9103403FB0422A5
:10252000036853F8B04F8C4344EA82041C6003688C
:1025300053F8B04FB0F8485024F4FE0444EA054480
:102540001C60D0E9123403FB0422036853F8AC4F3B
:102550008C4344EA82041C60D0E9143403FB042257
:10256000036853F8F04F8C4344EA82041C6003680C
:1025700053F8F04FB0F8585024F47C1444EA054462
:102580001C60836D02EB4303026852F8C04F8C431A
:1025900044EA83011160016851F8C02FB0F85C3043
:1025A00022F47C1242EA03420A60016851F8C02F0B
:1025B00090F8603022F07C5242EA03620A60416B7C
:1025C000224A02EB8101C166826B01EB8202026743
:1025D000C36B02EBC3024267D0E91034634302EBE2
:1025E00083028267D0E91234634302EB8302C2673D
:1025F000D0E91434634302EB8302C0F88020836D7A
:1026000002EBC302C0F88420C46D836E5C4302EB0E
:102610008402C0F88820046E5C4302EB8402C0F898
:1026200090200B4B9A4208D99830416841F0200124
:10263000416003210170012030BD002200E004C18F
:10264000D0F890308B42FAD8002030BD00AC00406A
:10265000FCD30040F0B5D1E901650C692C430D684D
:10266000002E1AD045F080452C4391F82070D1E916
:10267000066535434E6946EA076635438E8945EA65
:102680000645D0F88460806E584306EB80031C60DA
:102690005D60083300200B4E0FE044EA8544E4E718
:1026A0001418155CE77845EA0765A77864783F0455
:1026B00047EA0424254320C3001DCC68345D8442CE
:1026C000EED8F0BD8017010870B504460D46DFED69
:1026D0001C0AB5F9020000EE100AB8EEC00A20EE9E
:1026E000200A84ED050A28889FED171A400000EEA5
:1026F000100AF8EE400A9FED130A60EE800A10EE11
:10270000810A84ED070AA87900EE100AB8EE400AA3
:1027100084ED080AB5F9040000EE100AB8EEC00A0C
:1027200084ED090A2888608502F09AFBE968401A5E
:102730000A2802D90120207370BD0020207370BDCB
:102740005077D63DDB0F4940000000390C2901D2FB
:10275000022801D0034870470248103800EB0110EE
:1027600070470000905D002470B504460D4695ED5D
:10277000070A84ED070A95ED080A84ED050A95ED30
:10278000090A84ED060A95ED0C0A84ED080A2879F9
:1027900084F82C0002F064FBA96B401A0A2802D9C5
:1027A0000120207370BD0020207370BD4178012985
:1027B00001D0002070478078012803D0022803D080
:1027C000002070470148704701487047EC0D002415
:1027D0008C0E002460EE000A20EE801ADFED7A1ADB
:1027E00061EE211A9FED792A40EE821A9FED782A38
:1027F00040EE021A9FED772A71EE821AC0ED001AA0
:10280000DFED751A61EE211A9FED742A40EE821AEF
:102810009FED732A40EE021A9FED722A71EE821A22
:10282000C0ED011ADFED701A61EE211A9FED6F2ADB
:1028300040EE821A9FED6E2A40EE021A9FED6D2A3D
:1028400071EE821AC0ED021ADFED6B1A61EE211AE9
:102850009FED6A2A40EE821A9FED692A40EE021A25
:102860009FED682A71EE821AC0ED031ADFED661A39
:1028700061EE211A9FED652A40EE821A9FED642ACF
:1028800040EE021A9FED632A71EE821AC0ED041A1F
:10289000DFED611A61EE211A9FED602A40EE821A87
:1028A0009FED5F2A40EE021A9FED5E2A71EE821ABA
:1028B000C0ED051ADFED5C1A61EE211A9FED5B2A6F
:1028C00040EE821A9FED5A2A40EE021A9FED592AD5
:1028D00071EE821AC0ED061ADFED571A61EE211A69
:1028E0009FED562A40EE821A9FED552A40EE021ABD
:1028F0009FED542A71EE821AC0ED071ADFED521ACD
:1029000061EE211A9FED512A40EE821A9FED502A66
:1029100040EE021A9FED4F2A71EE821AC0ED081A9E
:10292000DFED4D1A61EE211A9FED4C2A40EE821A1E
:102930009FED4B2A40EE021A9FED4A2A71EE821A51
:10294000C0ED091ADFED481A61EE211A9FED472A02
:1029500040EE821A9FED462A40EE021A9FED452A6C
:1029600071EE821AC0ED0A1ADFED431A21EE211A28
:10297000DFED421A00EEA11ADFED410A00EE201A47
:102980009FED400A31EE000A80ED0B0A002919D0B4
:102990003D49097A022915D09FED3C0A80ED000AD5
:1029A00080ED010A80ED020A80ED030A80ED040A41
:1029B00080ED050A80ED080A80ED090A80ED0A0A1B
:1029C00080ED0B0A70470000FA7EFDC1D665BE425D
:1029D000A176A5C250FC58BF098A4141D73413C122
:1029E000F5DB67C0FAEDEBBA211FACBF36CDE14095
:1029F000E561BBC07446543EE561A1BFDE023141D2
:102A000027C21FC105C58F3EF7565B43D0A52AC319
:102A100066F76C40B1E1C841840D914040A40FBFFE
:102A2000E63FA2C0ED9E6840DA109B441BEB98C4C1
:102A30007330A44324A8EA41D6057D42406494C281
:102A40004A0CCC417B14664007EEA042F6687EC279
:102A500088F453406F12FD40FF61E8428B0CAFC217
:102A60007424DFBFC7BA6C415559B743F8527EC4CE
:102A700020CE3944E38721C2DFE05342BA09ECC2D9
:102A8000709FA4426F120CC10001002400000000DE
:102A900010B504462DED0A8BB0EE408AB7EEE00A81
:102AA000B0EE40AB0BF004F99FED479B20EE090B15
:102AB000B7EEC0BBB7EEC80AB0EE408B0BF0F8F82B
:102AC00020EE090BF7EEC0BBB0EE4A0B0AF0F0FFA8
:102AD00020EE090BB7EEC0ABB0EE480B0AF0E8FFF2
:102AE00020EE090BB7EEC00B7BEE6BAA3AEE40AAC4
:102AF0002AEE0A0A0AEEAA0AB7EEC00A0BF0FAF9A1
:102B0000B7EEC00BF6EE000A2AEE20BA6AEEA0AAD3
:102B10009FED2F1AF0EE410A40EE000A30EEC1AAF6
:102B20002BEE0B0A0AEEAA0A0AEE4A0AB7EEC00A10
:102B30000BF0E0F9B7EEEA1A30EE010B3BEE0A1AA1
:102B4000B7EEC11A0AF074FDB0EE001B20EE010BC7
:102B5000B7EEC0ABB0EE480B0AF0AAFF20EE09BBFF
:102B6000B7EECA0AB0EE40AB0AF0A2FFB5EE00CB5A
:102B700000EE0CBBB7EECBBBB0EE480B0BF098F8F9
:102B800020EE098BB0EE4A0B0BF092F800EE0C8BA6
:102B9000B7EEC88B2BEE0B0A08EE080AB7EEC00A98
:102BA0000BF0A8F9F7EEC08BB7EECB1AB7EEC80A58
:102BB0000AF03EFDB7EEC00BC4ED008A84ED010AB9
:102BC000BDEC0A8B10BD0000000000A047E1CA3F29
:102BD0000000803DD0ED001A90ED032AD0ED012ACF
:102BE00090ED023A21EE821A02EEC31AC2EE013AC9
:102BF000B1EE622AC2EE012AB1EE433A83EE012A17
:102C000081EE813A23EE801A02EE201A22EE800A2B
:102C100003EE200A81ED001A81ED010A70470000E1
:102C2000024610B55078002810D001281AD19078AB
:102C3000012817D110780C49401EBDE81040C0EBA8
:102C4000001001EB80011046FFF78EBD1078401E8A
:102C5000C1B29078FFF77AFD01461046BDE81040FA
:102C6000FFF732BD10BD0000905C00240346104603
:102C700010B5002B01D0084C0AE04FF6FF7010BDD4
:102C800013F8012B4240D2B234F8122082EA10200D
:102C9000491E4A1CF4D110BDEC1A010810B5054CB0
:102CA00003E010F8013B5340E25C491E4B1CF8D195
:102CB000104610BDEC190108014890ED690A7047F3
:102CC00038590024014890ED680A704738590024AB
:102CD000014890ED6A0A70473859002490ED001AB7
:102CE000D0ED011A21EE001A01EEA01AD0ED021A61
:102CF00021EE800AD0ED031A01EEA00A81ED001A40
:102D000081ED010A704700002DE9F84F044602F0FA
:102D1000A7F800905CB194F83500022809D0802013
:102D20006065002084F834000120BDE8F88F0120A0
:102D3000FBE7D14ED04FD0491836DFF83C8330370F
:102D4000DFF83493DFF830A308F14808DFF828B340
:102D500009F1600920680AF1780A0BF1900B8842AA
:102D60002ED0B0422CD0B8422AD0404528D0484579
:102D700026D0504524D0584522D0BF4AA832904290
:102D80001ED0BE4A90421BD0BC4A1832904217D087
:102D9000BA4A3032904213D0B84A483290420FD0EB
:102DA000B64A603290420BD0B44A7832904207D093
:102DB000B24A9032904203D0B04AA83290420AD12F
:102DC000026822F01E0202602068426922F080023E
:102DD0004261256804E0026822F00E020260256864
:102DE000206888424DD0B0424BD0B84249D04045CF
:102DF00047D0484545D0504543D0584541D09E4ADC
:102E0000A83290423DD09D4A90423AD09B4A183217
:102E1000904236D0994A3032904232D0974A483266
:102E200090422ED0954A603290422AD0934A78320E
:102E3000904226D0914A9032904222D08F4AA832B6
:102E400090421ED08E4A90421BD08D4A143290423E
:102E500017D08B4A2832904213D0894A3C32904294
:102E60000FD0874A503290420BD0854A643290424C
:102E700007D0834A7832904203D0814A8C32904204
:102E800004D1206E026822F4807202607A492068C0
:102E900088422ED0B0422CD0B8422AD0404528D00B
:102EA000484526D0504524D0584522D07249A831F3
:102EB00088421ED0714988421BD07049183188421F
:102EC00017D06E493031884213D06C49483188425E
:102ED0000FD06A49603188420BD068497831884206
:102EE00007D066499031884203D06449A8318842AE
:102EF00004D1016821F00101016013E0016821F0B3
:102F0000010101600EE001F0ABFF0099401A0528B5
:102F100008D9202034342062032060700020207003
:102F2000012002E72868C007EDD1534A012120683B
:102F300090422ED0B0422CD0B8422AD0404528D062
:102F4000484526D0504524D0584522D04A4BA83376
:102F500098421ED0494B98421BD0484B1833984298
:102F600017D0464B3033984213D0444B48339842E5
:102F70000FD0424B603398420BD0404B783398428D
:102F800007D03E4B9033984203D03C4BA833984235
:102F900008D1A06D94F85C3003F01F053F23AB40CF
:102FA000836007E0A06D94F85C3003F01F0301FA22
:102FB00003F34360206890424DD0B0424BD0B842FA
:102FC00049D0404547D0484545D0504543D0584565
:102FD00041D0294AA83290423DD0284A90423AD066
:102FE000264A1832904236D0244A3032904232D0AB
:102FF000224A483290422ED0204A603290422AD053
:103000001E4A7832904226D01C4A9032904222D0FA
:103010001A4AA83290421ED0194A90421BD0184A30
:103020001432904217D0164A2832904213D0144AD4
:103030003C3290420FD0124A503290420BD0104A8C
:103040006432904207D00E4A7832904203D00C4A44
:103050008C3290420BD1D4E919205060E06E30B12F
:10306000026822F480720260D4E91C20506034347B
:1030700061700020207058E61000024010040240E9
:10308000085402582DE9F05F002808D090F8351058
:10309000022906D0802141650120BDE8F09F012072
:1030A000FBE7A14AA04BA04C18329F4D30339E4EF7
:1030B0004834DFF874B26035DFF870C27836DFF874
:1030C0006C82DFF868920CF1300CDFF860A208F136
:1030D0006008016809F17809944F0AF1900A59458E
:1030E00031D091422FD099422DD0A1422BD0A9426C
:1030F00029D0B14227D0DFF830E20EF1900E7145B1
:1031000021D0DFF824E20EF1A80E71451BD0DFF8C4
:103110001CE2AEF1180E714515D0B94213D0DFF89C
:103120000CE20EF1180E71450DD061450BD0DFF8A1
:10313000FCE10EF1480E714505D0414503D04945EB
:1031400001D0514537D14FF0040E80F835E0594594
:1031500027D0914225D0994223D0A14221D0A94223
:103160001FD0B1421DD070489030814219D06E48B6
:10317000A830814215D06D481838814211D0B9422B
:103180000FD06A48183081420BD0614509D067489A
:103190004830814205D0414503D0494501D05145D1
:1031A00004D1086820F001000860BAE0086820F047
:1031B00001000860B5E0D1F800E02EF00E0EC1F875
:1031C00000E00168DE46594531D091422FD0994246
:1031D0002DD0A1422BD0A94229D0B14227D0DFF86F
:1031E00048B10BF1900B594521D0DFF83CB10BF100
:1031F000A80B59451BD0DFF834B1ABF1180B59457A
:1032000015D0B94213D0DFF824B10BF1180B594592
:103210000DD061450BD0DFF814B10BF1480B5945C7
:1032200005D0414503D0494501D0514506D1D1F8DB
:1032300000B02BF0010BC1F800B005E0D1F800B0F0
:103240002BF0010BC1F800B001684FF0010B714584
:1032500046D0914244D0994242D0A14240D0A942A6
:103260003ED0B1423CD0304A9032914238D02E4AC2
:10327000A832914234D02D4A183A914230D0B94206
:103280002ED02A4A183291422AD0614528D0274AA6
:103290004832914224D0414522D0494520D0514561
:1032A0001ED0234A91421BD0214A1432914217D09A
:1032B0001F4A2832914213D01D4A3C3291420FD00E
:1032C0001B4A503291420BD0194A6432914207D0C6
:1032D000174A7832914203D0154A8C32914218D164
:1032E000016E0A6822F480720A60816D90F85C2099
:1032F00002F01F020BFA02F24A60D0E91921516074
:10330000C16E31B10A6822F480720A60D0E91C21D2
:10331000516080F835B0002180F83410016D01B1A2
:1033200088470020B9E6000010000240280402404F
:1033300008540258406D70472DE9FF5F0446002095
:1033400001904FF41651FD480068B0FBF1F0009079
:10335000A56D2E682968FA4FDFF8E4B3DFF8E08343
:10336000DFF8DC930BF1180BDFF8D4A308F1300879
:10337000206809F148090AF1600AB8423BD05A4670
:10338000904238D0404536D0484534D0504532D0B0
:10339000EB4A783290422ED0E94A903290422AD0BD
:1033A000E74AA832904226D0E64A904223D0E54A26
:1033B000183290421FD0E34B303398421BD0E14B80
:1033C0004833984217D0DFF87CC30CF1600C60459D
:1033D00011D0DFF870C30CF1780C60450BD0DFF82A
:1033E00064C30CF1900C604505D0DFF858E30EF192
:1033F000A80E70457ED194F85C10082301F01F01DF
:1034000003FA01F232424BD0B84232D0584530D0A4
:1034100040452ED048452CD050452AD0C849783157
:10342000884226D0C6499031884222D0C449A8316A
:1034300088421ED0C34988421BD0C24918318842F5
:1034400017D0C0493031884213D0BE494831884234
:103450000FD0BC49603188420BD0BA4978318842DC
:1034600007D0B8499031884203D0B649A831884284
:1034700003D1016801F0040102E0016801F00801D4
:1034800071B1016821F00401016094F85C0000F062
:103490001F0003FA00F2AA60606D40F00100606551
:1034A00094F85C00012100F01F008140314240D0BF
:1034B0002068B84234D0584532D0404530D04845D5
:1034C0002ED050452CD09E4A7832904228D09C4A2B
:1034D0009032904224D09A4AA832904220D0994A01
:1034E00090421DD0974A1832904219D0954A3032F6
:1034F000904200E0D2E113D0924A483290420FD07D
:10350000904A603290420BD08E4A7832904207D077
:103510008C4A9032904203D08A4AA83290427DD1A0
:10352000406910F0800F04D0A960606D40F0020087
:10353000606594F85C00042100F01F008140314276
:103540003ED02068B84232D0584530D040452ED0C9
:1035500048452CD050452AD0794A7832904226D01E
:10356000774A9032904222D0754AA83290421ED0BB
:10357000744A90421BD0734A1832904217D0714A55
:103580003032904213D06F4A483290420FD06D4A89
:10359000603290420BD06B4A7832904207D0694A31
:1035A0009032904203D0674AA83290424ED10068D0
:1035B00010F0020F04D0A960606D40F00400606557
:1035C00094F85C00102100F01F008140314260D06F
:1035D0002068B84234D0584532D0404530D04845B4
:1035E0002ED050452CD0564A7832904228D0544A9A
:1035F0009032904224D0524AA832904220D0514A70
:1036000090421DD04F4A1832904219D04D4A303264
:10361000904215D04B4A4832904200E014E00FD05F
:10362000484A603290420BD0464A7832904207D0E6
:10363000444A9032904203D0424AA832904207D185
:10364000006800F0080006E0006872E70068B7E76D
:10365000006800F0040058B1A960206801684903BF
:103660000CD50068000304D4216C09B120468847BA
:103670000FE0A16C69B1204688470AE00168C905DE
:1036800003D4016821F008010160216C09B12046D2
:10369000884794F85C00202100F01F0081403142EF
:1036A0007BD02068B84232D0584530D040452ED02B
:1036B00048452CD050452AD0214A7832904226D015
:1036C0001F4A9032904222D01D4AA83290421ED00A
:1036D0001C4A90421BD01B4A1832904217D0194AFC
:1036E0003032904213D0174A483290420FD0154AD8
:1036F000603290420BD0134A7832904207D0114A80
:103700009032904203D00F4AA832904203D1006811
:1037100000F0100002E0006800F00200E8B3A960C9
:1037200094F83500042812D02068016849033DD57B
:103730000068000335D4616C79B305E028000024EB
:103740001000024010040240204688473FE02068F5
:10375000016821F0160101602068416921F08001B3
:103760004161206C08B9A06C20B12068016821F08B
:103770000801016094F85C0000F01F013F208840C0
:10378000A860012084F83500002084F83400216D01
:10379000002974D004B0204600E018E0BDE8F05FD6
:1037A0000847E16B99B12046884710E00168C905D8
:1037B00009D4016821F010010160012084F835006E
:1037C000002084F83400E16B09B120468847606D21
:1037D000002854D0606DC00758D0042084F835000C
:1037E0002068B84231D058452FD040452DD04845AB
:1037F0002BD0504529D0B749884226D0B549183139
:10380000884222D0B349303188421ED0B249884222
:103810001BD0B1491831884217D0AF4930318842A6
:1038200013D0AD49483188420FD0AB49603188424E
:103830000BD0A9497831884207D0A74990318842F6
:1038400003D0A549A831884204D1016821F00101C3
:10385000016003E0016821F0010101602168019825
:10386000009A401C0190904202D80868C007F6D127
:103870000868C00704D0032084F8350003E087E01F
:10388000012084F83500002084F83400E16C002920
:103890007ED004B02046BDE8F05F08478F4EB042AE
:1038A0001BD08E4E1436B04217D08C4E2836B04204
:1038B00013D08A4E3C36B0420FD0884E5036B042BC
:1038C0000BD0864E6436B04207D0844E7836B04274
:1038D00003D0824E8C36B0425AD106684FF0040EA7
:1038E00094F85CB00BF01F0B0EFA0BFE1EEA010FF2
:1038F000CDF80CE05ED05FEA467E5BD50398686049
:10390000300411D5F00307D4A16C002940D004B0D5
:103910002046BDE8F05F0847216C002938D004B08C
:103920002046BDE8F05F0847B0063BD42068B842A7
:103930002DD068496039884229D0404527D0484574
:1039400025D0504523D06349884220D061491831A1
:1039500088421CD05F493031884218D05E49884285
:1039600015D0904213D05C49303188420FD0984234
:103970000DD059496031884209D057497831884281
:1039800005D0604503D05449A831884206D100E0F3
:103990007CE0016821F00801016003E0016821F08A
:1039A00004010160216C002970D004B02046BDE8FC
:1039B000F05F08474FF0020E0EFA0BFE1EEA010FF1
:1039C000CDF808E063D05FEA867E60D50298686033
:1039D000300411D5F00307D4616C002978D004B00D
:1039E0002046BDE8F05F0847E16B002970D004B0C5
:1039F0002046BDE8F05F0847B0063FD42068B842D3
:103A00002DD034496039884229D0404527D04845D7
:103A100025D0504523D02F49884220D02D49183138
:103A200088421CD02B493031884218D02A4988421C
:103A300015D0904213D02849303188420FD0984297
:103A40000DD025496031884209D023497831884218
:103A500005D0604503D02049A831884204D10168CF
:103A600021F01401016003E0016821F00A01016006
:103A7000012084F83500002084F83400E16B00292F
:103A800026D004B02046BDE8F05F084720E00822B9
:103A900002FA0BF20A421BD0310719D5016821F056
:103AA0000E01016094F85C0000F01F01012000FA93
:103AB00001F16960606584F83500002084F8340005
:103AC000E16C002904D004B02046BDE8F05F08474F
:103AD000BDE8FF9F880002401004024008540258CD
:103AE0002DE9F05F044601F0BBF90646002C7DD0BD
:103AF000F24F0222DFF8C4830025DFF8C093DFF81D
:103B0000BCA308F13008DFF8B4B309F14809206814
:103B10000AF1600A0BF1780BB84232D0E74918314C
:103B200088422ED040452CD048452AD0504528D038
:103B3000584526D0E1499031884222D0DF49A8314A
:103B400088421ED0DE4988421BD0DD4918318842A8
:103B500017D0DB493031884213D0D94948318842E7
:103B60000FD0D749603188420BD0D549783188428F
:103B700007D0D3499031884203D0D149A831884237
:103B80007ED184F8352084F83450B84234D0CB4903
:103B90001831884230D040452ED048452CD0504571
:103BA0002AD0584528D0C5499031884224D0C349ED
:103BB000A831884220D0C24988421DD0C04918315E
:103BC000884219D0BE493031884215D0BC494831AD
:103BD000884211D0BA49603188420DD0B849783155
:103BE000884209D0B6499031884200E009E003D00C
:103BF000B349A831884207D1016821F00101016071
:103C000013E00120BDE8F09F016821F0010101608F
:103C10000BE001F025F9801B052806D920206065FE
:103C2000032084F835000120ECE720680068C00715
:103C3000EFD122681168A3480140D4E90203184378
:103C4000D4E9043633431843A3691843E36918439E
:103C5000236A18430843616A042903D1D4E90B138A
:103C6000194308436168A1F12903052B0DD9163BBF
:103C7000032B0AD9083B012B07D9083B032B00E093
:103C80002AE002D97439032901D840F48010106069
:103C90002068406920F00701606A40EA01060428B4
:103CA0000DD1A06A0643E06A48B12046FEF70CF940
:103CB00028B140206065012084F83500A2E7206823
:103CC00046612046FEF712F894F85C1001F01F02DE
:103CD0003F219140816066E07B4988421BD07A4B4E
:103CE0001433984217D0784B2833984213D0764B30
:103CF0003C3398420FD0744B503398420BD0724BE8
:103D00006433984207D0704B7833984203D06E4B9F
:103D10008C3398427ED1884211D06B49143188424D
:103D20000DD069492831884209D067493C31884221
:103D300005D065495031884201D06349643184F827
:103D4000352084F83450026860490A40A16840294F
:103D50007ED080297DD00021E36841EAD301236928
:103D600041EAD301636941EAD301A36941EAD3017E
:103D7000E36941EAD301236A41EA13111143016067
:103D800051492068494208441421B0FBF1F08000F9
:103D9000E0652046FDF7AAFF94F85C1001F01F02D1
:103DA0000121914041602068B84256D04349183102
:103DB000884252D0404550D048454ED050454CD016
:103DC00058454AD03D499031884246D03B49A831B8
:103DD000884242D03A4988423FD039491831884216
:103DE0003BD037493031884237D035494831884255
:103DF00033D03349603188422FD0314978318842FD
:103E00002BD02F499031884227D02D49A8318842A4
:103E100023D000E02DE02C4988421ED02A491431DD
:103E200088421AD028492831884216D026493C3188
:103E3000884212D02449503188420ED02249643140
:103E400088420AD020497831884206D01E4901E0D4
:103E50000AE00BE08C31884229D12046FDF7A6FF0D
:103E6000A06880280CD00CE0102175E74FF4804149
:103E700072E740206065032084F835000120C1E628
:103E80006560216E20790860D4E919104860606887
:103E9000401E072808D82046FDF7D8FFE06E0560D1
:103EA000D4E91C10486002E0E56625676567656532
:103EB000012084F835000020A4E600001000024034
:103EC000100402403F8010FE085402580F00FEFF0D
:103ED0002DE9F84F044600200090002C15D094F8EE
:103EE0003400012813D0012084F8340094F83550B0
:103EF0000020012D0DD04FF40061616584F834007D
:103F0000012000900098BDE8F88F0120FBE7022017
:103F1000F9E7022584F835506065A54DA44EA44FFD
:103F20001835DFF88CC23036DFF884824837DFF886
:103F30008092DFF87CA208F16008DFF874B209F122
:103F4000780920680AF1900A0BF1A80B60453BD074
:103F5000A84239D0B04237D0B84235D0404533D0EE
:103F6000484531D050452FD058452DD0DFF844C2B8
:103F7000604529D0DFF83CC20CF1180C604523D015
:103F8000DFF830C20CF1300C60451DD0DFF824C2E0
:103F90000CF1480C604517D0DFF818C20CF1600C2A
:103FA000604511D0DFF80CC20CF1780C60450BD0E5
:103FB000DFF800C20CF1900C604505D0DFF8F4C1C9
:103FC0000CF1A80C604506D1D0F800C02CF0010C13
:103FD000C0F800C005E0D0F800C02CF0010CC0F81B
:103FE00000C02046FDF7ACFF7149206888422CD004
:103FF000A8422AD0B04228D0B84226D0404524D08A
:10400000484522D0504520D058451ED0694A90429C
:104010001BD0684A1832904217D0664A303290421C
:1040200013D0644A483290420FD0624A60329042C4
:104030000BD0604A7832904207D05E4A903290426C
:1040400003D05C4AA83290420DD1026822F01E02D1
:1040500042F016020260206C90B12068026842F0C3
:10406000080202600CE0026822F00E0242F00A022E
:104070000260206C20B12068026842F004020260F5
:10408000206888424BD0A84249D0B04247D0B842BD
:1040900045D0404543D0484541D050453FD0584594
:1040A0003DD0444A90423AD0424A1832904236D0EB
:1040B000404A3032904232D03E4A483290422ED06E
:1040C0003C4A603290422AD03A4A7832904226D016
:1040D000384A9032904222D0364AA83290421ED0BE
:1040E000354A90421BD0344A1432904217D0324A9B
:1040F0002832904213D0304A3C3290420FD02E4AA0
:10410000503290420BD02C4A6432904207D02A4A57
:104110007832904203D0284A8C3290420DD1206EE2
:104120000268D20303D5026842F480720260E06E36
:1041300018B1026842F480720260206888422CD074
:10414000A8422AD0B04228D0B84226D0404524D038
:10415000484522D0504520D058451ED015498842A8
:104160001BD014491831884217D012493031884287
:1041700013D01049483188420FD00E49603188422F
:104180000BD00C497831884207D00A4990318842D7
:1041900003D00849A831884204D1016841F00101E7
:1041A0000160AFE6016841F001010160AAE600008C
:1041B00010000240100402400854025810B590F854
:1041C0009830012B08D0022B06D050F89C1F41F0EC
:1041D00002010160012010BD03689C6D0C4204D1F6
:1041E000DC6D44F00104DC6505E09C6D31EA0404FB
:1041F0001CD00324DC658B0504D5036853F8E04F1D
:1042000014431C604B0504D5036853F8E44F144372
:104210001C600068426D084B0B401A43426507481A
:10422000026842EA91710160002010BDDC6D44F02B
:104230000204DC65DFE70000FFFFCF3F14A8004069
:1042400070B5044694F89800022806D054F89C0FE4
:1042500040F008002060012070BD2068D0F8C03018
:1042600013F07C5F0AD0D0F8C4309B020DD554F80F
:104270009C0F40F400702060012070BD54F89C0F2A
:1042800040F020002060012070BDD0F8C400C0F3D1
:10429000044520462B46FEF7DDF921680120A840A1
:1042A000C1F8D000C4F89400002070BD704710B56C
:1042B00090F89820012A08D0022A06D050F89C1FB6
:1042C00041F002010160012010BDCA680B688BB18A
:1042D000072A0B6943EA42732BD00C7A4A6942EAF7
:1042E00084724968006F00EBC100036042604FF0C8
:1042F000000010BD072A10D00C7A4FEAC2624B6949
:1043000043EA84730C8A42EA044243EA020349689E
:10431000C06E00EB81000360E9E70B8A4FF0605448
:104320008A6942EA0343CA6944EA022243EA020371
:10433000EDE78A69D5E730B5039C90F89850012DD8
:1043400006D050F89C1F41F004010160012030BDEF
:104350000068090141EA820141EA43012143C0F8B2
:104360008010002030BD704770470000F0B5002479
:1043700090F89850022D06D050F89C1F41F008018B
:1043800001600120F0BD40290BD0412936D0056DD8
:104390008D4260D850F89C1F41F02001016001203F
:1043A000F0BD0568D5F8A06016F4FE0F18D0D5F85A
:1043B000A46076061BD0D5F8A460F60105D5D5F823
:1043C000A06016F0004F00D50124D5F8A450C5F325
:1043D00005252C44456C466F654306EB85063FE09A
:1043E00050F89C1F41F0200101600120F0BD50F801
:1043F0009C1F41F4807101600120F0BD0568D5F873
:10440000B06016F4FE0F18D0D5F8B46076061BD055
:10441000D5F8B460F60105D5D5F8B06016F0004FB8
:1044200000D50124D5F8B450C5F305252C44C56C3E
:10443000866F654306EB850612E050F89C1F41F03D
:10444000200101600120F0BD50F89C1F41F48071F3
:1044500001600120F0BD456DC66F4D4306EB85063A
:10446000356805F0804555602DB3356825F0604509
:104470001560356805F000559560356805F0004514
:104480001561B588ADB2D5617568C5F30345D560D2
:10449000756805F480155561756805F4001595611A
:1044A0007568C5F30665156275680836ED0F5562C7
:1044B0000025174F09E03568C5F38A451560D8E730
:1044C00016F805C003F805C06D1CD2F80CC017F82B
:1044D0000CC0AC45F4D8402909D041290BD00122A9
:1044E00020290CD200688A40C0F898200DE00068AE
:1044F000C0F8A84009E00068C0F8B84005E00068CE
:1045000001F01F018A40C0F89C200020F0BD00008F
:1045100080170108704700002DE9FE4F0446B64F92
:1045200038688007391D096800EA817002902068A8
:10453000016D01F47041D0F854A00AEA010A016D3E
:1045400001F00F01D0F854B00BEA010B016D01F03E
:10455000F001426D0A400192016D01F07151D0F8F5
:10456000548008EA0108016D01F06071426D0A4053
:104570000092416D056D4FF00009CE43F10509D45D
:10458000E943C90506D4B9150165C7F8009020466E
:10459000FFF7C0FF700510D4E84340050DD4206834
:1045A000D0F8DC20D0F8E41011404FF480620265AE
:1045B000C7F80090204600F03DFB029858B18F49A3
:1045C00002980840216808650298800F38600299B7
:1045D0002046FFF76BFEBAF1000F0BD02168874829
:1045E0000AEA000008654FEA9A7038605146204692
:1045F00000F022FBBBF1000F0BD021687F480BEAD3
:10460000000008654FEA9B7038605946204600F06C
:10461000D3FA019858B17949019808402168086592
:104620000198800F38600199204600F0DBFA3005D0
:104630000BD4E843000508D421684FF400600865F6
:10464000C7F80090204600F0F8FAB00510D4E8430F
:1046500080050DD42068D0F8D820D0F8E0101140A3
:104660004FF400720265C7F80090204600F0E3FAAC
:1046700030030BD4E843000308D421684FF4002032
:104680000865C7F80090204600F094FAF0030BD4B8
:10469000E843C00308D421684FF480300865C7F8A8
:1046A0000090204600F0C5FA70030BD4E8434003A5
:1046B00008D421684FF480200865C7F80090204690
:1046C00000F0B6FAB0030ED4E84380030BD421689F
:1046D0004FF400300865C7F80090D4F89C0040F013
:1046E0008000C4F89C00009858B1444900980840E4
:1046F000216808650098800F386000992046FFF710
:1047000033FEB8F1000F0DD021683C4808EA0000E4
:1047100008654FEA98703860D4F89C0040EA0800B9
:10472000C4F89C003649206888425BD16068816883
:10473000890757D0016A01F00F02416A1140026AED
:1047400002F03002476A1740026A02F4C072D0F8E1
:10475000248008EA0208026A02F4FC42456A154015
:10476000026A02F4F022466A1640D0F82490D0F88B
:1047700020A019B10162204600F057FA2FB16068FD
:1047800007623946204600F052FA6FEA09004006F7
:104790000ED46FEA0A0040060AD46068C16B090CA7
:1047A000C26B02F03F0240230362204600F03EFA53
:1047B000B8F1000F06D06068C0F82080414620465E
:1047C00000F032FA35B160680562D4F89C002843E5
:1047D000C4F89C0036B160680662D4F89C0030438F
:1047E000C4F89C00D4F89C00002802D02046FFF7B3
:1047F000BAFDBDE8FE8F000010A80040FFFFCF3FCC
:1048000000A000402DE9F04393B004464C229549A6
:104810006846FBF72FFE6CB1934F2068B84202D177
:1048200000F5807060604FF4407994F8980000269D
:1048300020B108E0012013B0BDE8F08384F899604E
:10484000204600F013F92068816921F01001816190
:1048500000F006FB05464FF003080DE000F000FBFA
:10486000401B0A2808D954F89C0F40F00100206032
:1048700004F8048C0120DEE7206880690007EDD48D
:104880002068816941F00101816100F0E9FA054683
:104890000DE000F0E5FA401B0A2808D954F89C0FF7
:1048A00040F00100206004F8048C0120C3E7206878
:1048B0008069C007EDD02068816941F00201816103
:1048C000207C012839D02068816941F04001816154
:1048D000607C012837D02068816921F480418161A2
:1048E000A07C012835D02068816941F48051816124
:1048F00020688169A26821F44071114381612068B8
:10490000816921F0A40181612068016921F0100111
:104910000161E068012822D030B302282BD0206842
:10492000816941F0800181612068016941F01001D5
:104930000161E068032818D022E02068816921F035
:1049400040018161C4E72068816941F4804181614F
:10495000C6E72068816921F480518161C8E7206839
:10496000816941F0040181610AE02068816941F0B8
:104970002001816104E02068816941F020018161AA
:10498000207E401E4106E069401E41EA0020216A67
:10499000491E0843A18A491E40EA01402168C861B6
:1049A000A06848450FD1E16AA06A491E401E40EA4E
:1049B0000121206B401E41EA0011A08C401E41EAFB
:1049C00000402168C860206E28B1206850F8C01FE0
:1049D000626E11430160D4E91701C842694609D0EB
:1049E000206850F8C82FA36E22F0070251F8233038
:1049F0001A430260206C48B1206850F8BC2F636CE9
:104A000022F0070251F823301A430260A06C50B123
:104A1000206850F8BC2FE36C22F0700251F823306C
:104A200042EA03120260206D50B1206850F8BC2F9A
:104A3000636D22F4E06251F8231042EA0121016023
:104A40002068B84204D16068816821F00301816068
:104A500044F8946FA66001202071943C2046FDF735
:104A600021FDE8E69017010800A000402DE9F04183
:104A700086B00446142101A8FBF715FD474B00251D
:104A800022680227464C4FF0090CDFF80C811968A8
:104A90000C3C434E4348491C424527D1196001292B
:104AA00007D1316841F480713160316801F480715F
:104AB0000091216841F008012160216801F008019E
:104AC000009103210191029703950495CDF814C03C
:104AD00001A900F0B3F800220521132000F064FAC8
:104AE000132000F053FA06B0BDE8F081DFF8B8807B
:104AF000424526D11960012907D1306840F4807001
:104B00003060306800F480700090206840F002004F
:104B10002060206800F00200009060200190029761
:104B200003950495CDF814C001A9204800F086F83B
:104B300000220521142000F037FA142000F026FA94
:104B4000D1E7DFF86CC06245CDD11960012907D1EA
:104B5000316841F480713160316801F480710091F5
:104B6000216841F008012160216801F008010091ED
:104B70004FF4405101910297039504950521059149
:104B800001A900F05BF8002205219F2000F00CFA3B
:104B90009F2000F0FBF9A6E700A0004014000024CD
:104BA000EC440258000C025800A4004000040258D3
:104BB00000D400407047000010B50446C8070BD071
:104BC0000648844201D10BF0DFFB0548844203D143
:104BD000BDE810400BF042BC10BD0000EC0D0024FD
:104BE0002C0F0024C90604D50249884201D10BF0DC
:104BF00009BC70478C0E002490F89810012906D04B
:104C000050F89C1F41F0040101600120704702210F
:104C100080F8981001688A6922F001028A610021F7
:104C2000C0F89C100020704770477047704770476D
:104C30007047704770477047704770472DE9F84FCD
:104C40000022784D03264FF001080F274FF0B04C9B
:104C5000E1E008FA02F31C409A46002C7ED00B7962
:104C600003F00303012B01D0022B1BD1D0F80890D5
:104C7000530006FA03FB29EA0B09D1F80CB00BFA32
:104C800003FB4BEA090BC0F808B0436823EA0A03A8
:104C900091F80490C9F3001909FA02F949EA0309E5
:104CA000C0F804900B79DB439B070ED0D0F80C9032
:104CB000530006FA03FA29EA0A09D1F808A00AFA09
:104CC00003FA4AEA090AC0F80CA00B7903F00303BF
:104CD000022B14D1D30800EB8303D3F820A04FEAB2
:104CE00042794FEAD96907FA09FB2AEA0B0AD1F897
:104CF00010B00BFA09FB4BEA0A0BC3F820B0D0F84E
:104D00000090530006FA03FA29EA0A0991F804A070
:104D10000AF0030A0AFA03FA4AEA090AC0F800A0EC
:104D20004B6813F4403F75D03F4BD3F8009049F0E7
:104D30000209C3F800901B6803F00203009322F0FD
:104D4000030909F1B049D9F808B493074FEA137A77
:104D500007FA0AF32BEA030B344B00E05AE09842BF
:104D600001D1002328E0324B984201D1012323E0F6
:104D7000304B984201D102231EE02F4B984201D1C3
:104D8000032319E02D4B984201D1042314E02C4B4E
:104D9000984201D105230FE02A4B984201D1062306
:104DA0000AE0294B984201D1072305E0274B98429E
:104DB00001D1092300E00A2303FA0AF343EA0B03B3
:104DC000C9F80834DCF80030A343D1F804905FEA56
:104DD000C92900D52343CCF80030DCF80430A343C4
:104DE000D1F804905FEA892900D52343CCF8043038
:104DF0006B68A343D1F804905FEA893900D5234357
:104E00006B602B68A343D1F804905FEAC93900D5E1
:104E100023432B60521C0C6834FA02F37FF419AF61
:104E2000BDE8F88F80000058F44402580000025892
:104E30000004025800080258000C025800100258E2
:104E40000014025800180258001C0258002402588E
:104E5000002A01D081617047090481617047000018
:104E600001488068704700001C00002402488168E7
:104E700002781144816070471C00002410B50320A3
:104E800000F0B2F801F03CF90F490A68C2F30323BD
:104E90000E4AD35C03F01F03D840096801F00F01EC
:104EA000515C0B4A01F01F0120FA01F11160094920
:104EB00008600F2000F010F808B1012010BD00F0CC
:104EC00053F8002010BD00001844025804180108CF
:104ED0002C0000242800002410B58AB00446102CB1
:104EE00030D2002221461C2000F05EF81C2000F089
:104EF0004DF8194804601948016841F0010101604A
:104F0000006800F00100009001A902A801F082F8F9
:104F10000798C8B101F0D0F840001149B0FBF1F199
:104F2000491E10484FF08042026040F2E732C260F2
:104F3000416000210161816002F056F938B1012021
:104F40000AB010BD0120FBE701F0B6F8E5E705481F
:104F500002F072F9F4E7000020000024E84402584F
:104F600040420F008417002482B00748016841F0D6
:104F700002010160006800F00200019000220F2190
:104F8000901E02B000F010B8F4440258002809DB6B
:104F9000012100F01F0291404009800000F1E02053
:104FA000C0F8001170470000F0B40D460D4B1B68AF
:104FB000C3F30223C3F10704042C00D90424191DF0
:104FC000072901D2002300E0DB1E012606FA04F1C6
:104FD000491E294099409E40761E16403143F0BC40
:104FE00008F0E7B80CED00E000F00701054A106892
:104FF0004FF6FF03184040EA0120034908431060C0
:10500000704700000CED00E00000FA0570B514498F
:105010000A68D243520708D5096801F007018142A6
:1050200001D0012070BD002070BD0A6822F0070287
:1050300002430A60FFF714FF0446094D4FF47A76E5
:10504000083D06E0FFF70CFF001BB04201D901202C
:1050500070BD2868C0438004F4D4002070BD0000F7
:105060000C48025810B501F005F805490968054AD1
:10507000C1F30211515C01F01F01C84010BD0000D6
:10508000204402580418010810B569490A6802F062
:1050900003020968C1F30531654B1B1D1B68C3F38F
:1050A0000013634C14342468C4F3CC0414FB03F3DE
:1050B00000EE103AB8EE400A002971D09FED5D1A5B
:1050C0005B4BF7EE000A1033F2B39FED5B2A012A27
:1050D0007FD0022A7CD001EE901A1968F8EE611A8E
:1050E000C2EE212AC1F3080101EE901AF8EE611A0E
:1050F00040EE011A31EEA00A22EE800A1968C1F3CF
:10510000462101EE101AB8EE411A31EE201AC0EE17
:10511000011ABCEEE11A80ED001A1968C1F30641CC
:1051200001EE101AB8EE411A31EE201AC0EE011A43
:10513000BCEEE11A80ED011A1968C1F3066101EEB7
:10514000101AB8EE411A00E008E071EE200A80EE75
:10515000201ABCEEC10A80ED020A10BD344A283A7A
:105160001468A4061ED51268C2F3C104334AE24093
:1051700001EE902AF8EE612A01EE901A1968F8EE15
:10518000611A82EEA12AC1F3080101EE901AF8EE2D
:10519000611A40EE011A31EEA00A22EE000AADE7D4
:1051A00041E016E001EE901ADFED252A1968F8EECD
:1051B000611A82EEA12AC1F3080101EE901AF8EEFD
:1051C000611A40EE011A31EEA00A22EE000A95E7BC
:1051D00013E001EE901A1968F8EE611AC2EE212A66
:1051E000C1F3080101EE901AF8EE611A40EE011ABF
:1051F00031EEA00A22EE800A80E701EE901ADFED80
:10520000112A1968F8EE611A82EEA12AC1F3080189
:1052100001EE901AF8EE611A40EE011A31EEA00A82
:1052200022EE000A6AE7002101604160816010BD42
:1052300028440258000000390024744A0090D0032A
:105240000024744C001BB74B10B569490A6802F082
:1052500003020968C1F30551654B1B1D1B68C3F3AD
:105260000023634C1C342468C4F3CC0414FB03F304
:1052700000EE103AB8EE400A002971D09FED5D1A99
:105280005B4BF7EE000A1833F2B39FED5B2A012A5D
:105290007FD0022A7CD001EE901A1968F8EE611ACC
:1052A000C2EE212AC1F3080101EE901AF8EE611A4C
:1052B00040EE011A31EEA00A22EE800A1968C1F30D
:1052C000462101EE101AB8EE411A31EE201AC0EE56
:1052D000011ABCEEE11A80ED001A1968C1F306410B
:1052E00001EE101AB8EE411A31EE201AC0EE011A82
:1052F000BCEEE11A80ED011A1968C1F3066101EEF6
:10530000101AB8EE411A00E008E071EE200A80EEB3
:10531000201ABCEEC10A80ED020A10BD344A283AB8
:105320001468A4061ED51268C2F3C104334AE240D1
:1053300001EE902AF8EE612A01EE901A1968F8EE53
:10534000611A82EEA12AC1F3080101EE901AF8EE6B
:10535000611A40EE011A31EEA00A22EE000AADE712
:1053600041E016E001EE901ADFED252A1968F8EE0B
:10537000611A82EEA12AC1F3080101EE901AF8EE3B
:10538000611A40EE011A31EEA00A22EE000A95E7FA
:1053900013E001EE901A1968F8EE611AC2EE212AA4
:1053A000C1F3080101EE901AF8EE611A40EE011AFD
:1053B00031EEA00A22EE800A80E701EE901ADFEDBE
:1053C000112A1968F8EE611A82EEA12AC1F30801C8
:1053D00001EE901AF8EE611A40EE011A31EEA00AC1
:1053E00022EE000A6AE7002101604160816010BD81
:1053F00028440258000000390024744A0090D00369
:105400000024744C001BB74B2DE9FC5F04460025BB
:105410000026F94F2068DFF8E493C043010104F14E
:105420000800019004F1280000900DD4606EB8B11E
:10543000B0F5801F19D0B0F5001F1CD0B0F5401F8B
:1054400000D00125EDB12E462088C043C00535D4DB
:10545000A06D05282FD2DFE800F01D22282F2F0095
:10546000386840F400303860ECE70198022105F01C
:105470003DFD0546E6E70098022105F0C9FD054619
:10548000E0E7D9F80000616E20F440100843C9F845
:105490000000D9E7386840F4003038600CE001982B
:1054A000002105F023FD054606E00098002105F0E7
:1054B000AFFD054600E00125A5B12E462088DFF8A6
:1054C0004083C04340051FD4D4F8A400B0F5C00FFA
:1054D00018D010DC50B3B0F5001F2CD0B0F5800F01
:1054E0000FD12EE0D9F80000A16D20F0070008438D
:1054F000C9F80000E2E7B0F5000F03D0B0F5200FC7
:1055000000D001251DB32E462088C043000531D4AC
:10551000D4F8A800B0F1407F2AD022DCF0B3B0F17B
:10552000807F4BD0B0F1007F21D14DE0386840F44E
:1055300000303860E6E70198002105F0D7FC054609
:10554000E0E70098002105F063FD0546DAE7D8F8AA
:105550000000D4F8A41020F460000843C8F800004C
:10556000D2E7B0F1806F03D0B0F1A06F00D0012579
:1055700085B32E462068C04380010AD4E06C30B168
:10558000102832D0202836D0302800D001258DB305
:105590002E462088C043C00446D400E009E0E06DF8
:1055A000B0F5005F5CD036DCA0B3B0F5805F38D1D9
:1055B00050E0386840F400303860D9E701980021A5
:1055C00005F094FC0546D3E70098002105F020FD86
:1055D0000546CDE7FFE7D8F80000D4F8A81020F082
:1055E000E0600843C8F80000C4E7386840F40030C1
:1055F0003860CCE705E00198022105F077FC05460C
:10560000C5E77E48001F0168E26C21F030011143BC
:105610000160BEE719E0B0F5405F03D0B0F5804F00
:1056200000D0012515B32E462088C04380042FD416
:10563000206EB0F5403F29D021DC38B3B0F5803F73
:1056400038D0B0F5003F20D13AE0386840F400305F
:105650003860E7E70198002105F048FC0546E1E7DE
:105660000098002105F0D4FC0546DBE7D9F80000DE
:10567000E16D20F4E0400843C9F80000D4E7B0F53C
:10568000802F03D0B0F5A02F00D00125F5B12E4614
:105690002088C04340042BD4D4F8AC00B0F1405F64
:1056A00024D01CDC10B3B0F1805F4FD0B0F1005FAC
:1056B0001BD152E00198012105F018FC0546E5E7F1
:1056C0000098012105F0A4FC0546DFE7D9F80000A9
:1056D000216E20F4E0200843C9F80000D8E7B0F1BB
:1056E000804F03D0B0F1A04F00D00125A5B32E46C6
:1056F0002088C04300040AD4E06E30B1B0F1805F6E
:105700003DD0B0F1005F3FD00125B5B32E462068F3
:10571000C043C0010AD4A06C30B1012843D0022894
:1057200046D0032800D0012545B32E462068C0434B
:1057300040025AD4DFF8CCB0DBF8000040F48070AF
:10574000CBF80000FFF78CFB824648E0019801216E
:1057500005F0CCFB0546C9E705E00098012105F0FE
:1057600057FC0546C2E7D8F80000D4F8AC1020F08A
:10577000E0400843C8F80000BAE70BE01EE03868D4
:1057800040F400303860C0E70198012105F0AEFB1D
:105790000546BAE7D9F80000E16E20F04050084312
:1057A000C9F80000B3E7386840F400303860BBE760
:1057B0000198022105F09AFB0546B5E70F48001F46
:1057C0000168A26C21F0030111430160AEE7FFF70D
:1057D00047FBA0EB0A00642801D9032503E0DBF8AE
:1057E0000000C005F3D58DB12E462078DFF818A053
:1057F000C043C00763D073E02C44025850440258A1
:10580000584402580048025854440258DFF850B433
:10581000DBF80000B4F8B01000F4407001F44071FF
:10582000884211D0DBF8000020F44070DBF8001053
:1058300041F48031CBF80010DBF8001021F4803106
:10584000CBF80010CBF80000D4F8B000B0F5807FA2
:1058500011D1FFF705FB824609E0FFF701FBA0EB42
:105860000A0141F28830814201D9032503E0DBF8C7
:1058700000008007F1D50DB12E46B6E7D4F8B00090
:10588000C0F3012103290FD0F5486038016821F4E5
:105890007C510160DBF80000B4F8B010C1F30B01DB
:1058A0000843CBF80000A0E7ED4960390A68ED4BEA
:1058B00022F47C52184042EA10100860EAE7A06F18
:1058C00018280BD005DC48B1082815D0102804D1C1
:1058D00018E0202802D0282800D00125C5B12E4686
:1058E0002078C04380072BD4606F062825D2DFE8DC
:1058F00000F025181E2525250198012105F0F6FA4E
:105900000546EBE70098012105F082FB0546E5E737
:10591000DAF80000A16F20F038000843CAF8000050
:10592000DEE70198012105F0E1FA054606E000985E
:10593000012105F06DFB054600E001256DB12E4605
:105940002078C043400720D4D4F89000062819D20C
:10595000DFE800F0190C12191919DAF80000616F6C
:1059600020F007000843CAF80000E9E70198012188
:1059700005F0BCFA054606E00098012105F048FB59
:10598000054600E0012595B12E462078C0438006EB
:1059900020D4D4F88C00B0F1405F19D011DCB8B13C
:1059A000B0F1805F28D0B0F1005F10D12AE0D8F8C4
:1059B0000000D4F8901020F007000843C8F8000059
:1059C000E3E7B0F1804F03D0B0F1A04F00D0012544
:1059D000F5B12E462078C04340062CD4D4F8980068
:1059E000B0F5406F25D01DDC18B3B0F5806F34D012
:1059F000B0F5006F1CD136E00198002105F076FA71
:105A00000546E5E70098022105F002FB0546DFE7C1
:105A1000DAF80000D4F88C1020F0E0400843CAF80F
:105A20000000D7E7B0F5805F03D0B0F5A05F00D0ED
:105A30000125F5B12E462078C04300062CD4D4F8B9
:105A40009C00B0F5C04F25D01DDC18B3B0F5005F49
:105A50002CD0B0F5804F1CD12EE00198002105F02C
:105A600045FA0546E5E70098022105F0D1FA05461A
:105A7000DFE7D8F80000D4F8981020F4E05008438D
:105A8000C8F80000D7E7B0F5004F03D0B0F5204FBD
:105A900000D00125B5B12E462078C04300072AD496
:105AA000D4F88000B0F5805F16D01BE0019800218B
:105AB00005F01CFA0546EDE70098022105F0A8FA6A
:105AC0000546E7E7D8F80000D4F89C1020F46040C1
:105AD0000843C8F80000DFE70098022105F098FAB3
:105AE00000B10126DAF80000D4F8801020F440500C
:105AF0000843CAF800002078C043C00613D4D4F885
:105B00009400B0F5807F05D10098022105F080FA5D
:105B100000B10126D8F80000D4F8941020F44070A9
:105B20000843C8F800002068C04300030BD4D4F831
:105B3000A000E8B3B0F5803F7DD0B0F5003F00D0C5
:105B40000125B5B32E462068C04340030DD4D4F8D8
:105B50008400B0F5801F70D0B0F5001F6ED0B0F596
:105B6000401F00D001252DB32E462068C043C0033E
:105B700007D4206DF0B3B0F5803F75D00125D5B3C3
:105B80002E462068C043800005D40098022105F00D
:105B90003FFA00B101262068C043800311D4E06FB2
:105BA00068B1B0F5807F76D0B0F5007F07D002E015
:105BB0005BE066E07BE0B0F5407F00D00125DDB31F
:105BC0002E462068C043C00207D4D9F80000216FD8
:105BD00020F000400843C9F800002068C04380025C
:105BE00007D4D9F80000A16E20F080700843C9F8EE
:105BF000000001E065E06FE02068C04340000AD487
:105C000017486038016821F4004101600168D4F848
:105C1000B420114301602068C04307D410482438E1
:105C20000168626D21F04051114301602068C0435A
:105C300000020DD403E01EE05BE02DE031E0DAF875
:105C40000000D4F8881020F440000843CAF800008F
:105C500020790025C04300F00100284352D057E0CE
:105C600070440258FFFCFF0F30E00198002105F05E
:105C70003DF9054665E70098022105F0C9F905469A
:105C80005FE7D8F80000D4F8A01020F440300843B3
:105C9000C8F8000057E727E0386840F40030386063
:105CA00061E70098012105F0B3F905465BE7DAF8F2
:105CB0000000D4F8841020F440100843CAF8000013
:105CC00053E7386840F40030386058E70198022103
:105CD00005F00CF9054652E72E480168226D21F4C3
:105CE0008031114301604CE7386840F4003038607F
:105CF00065E7DAF80000E16F20F440700843CAF865
:105D000000005EE70198002105F0F0F800B10646BA
:105D10002079C04300F00200284305D101980121F9
:105D200005F0E4F800B106462079C04300F0040015
:105D3000284305D10198022105F0D8F800B10646A4
:105D40002079C04300F00800284305D100980021C5
:105D500005F05EF900B106462079C04300F010005E
:105D6000284305D10098012105F052F900B10646FB
:105D70002079C04300F02000054305D1009802219E
:105D800005F046F900B1064616B10120BDE8FC9FBA
:105D90000020FBE74C4402582DE9F05F04460D4615
:105DA000002C17D0DFF84C82D8F8000000F00F006C
:105DB000A84211D2D8F8000020F00F002843C8F8FC
:105DC0000000D8F8000000F00F00A84204D0012025
:105DD000BDE8F09F0120FBE72078874E40070AD5F9
:105DE0002069316801F07001884204D9316821F0DE
:105DF0007001014331602078804F00070AD5606947
:105E0000396801F07001884204D9396821F07001C5
:105E1000014339602078C0060AD5A069396801F4C9
:105E2000E061884204D9396821F4E06101433960B6
:105E30002078DFF8CC9180060DD5E069D9F8001004
:105E400001F07001884206D9D9F8001021F07001E4
:105E50000143C9F80010207880070AD5E06831684E
:105E600001F00F01884204D9316821F00F0101438C
:105E700031602078C00743D03068A16820F470609A
:105E8000084330605C4960681839022808D003284C
:105E90000BD001280ED00968490710D4012097E7DC
:105EA000096889030BD4012092E70968890106D4A7
:105EB00001208DE70968C90501D4012088E7DFF8D2
:105EC00038A1AAF1080ADAF8001021F0070101430D
:105ED000CAF80010FEF7C4FF834609E0FEF7C0FFD2
:105EE000A0EB0B0141F28830814201D903206FE71A
:105EF000DAF80000616800F03800B0EBC10FEDD1B6
:105F0000207880070AD5E068316801F00F018842E7
:105F100004D2316821F00F0101433160D8F800004C
:105F200000F00F00A8420ED9D8F8000020F00F00B2
:105F30002843C8F80000D8F8000000F00F00A8427D
:105F400001D0012044E7207840070AD52069316854
:105F500001F07001884204D2316821F070010143E0
:105F60003160207800070AD56069396801F0700156
:105F7000884204D2396821F07001014339602078E9
:105F8000C0060AD5A069396801F4E061884204D2EC
:105F9000396821F4E06101433960207880060DD52D
:105FA000E069D9F8001001F07001884206D2D9F8F2
:105FB000001021F070010143C9F8001000F0A0F8B2
:105FC0003168C1F303220F498A5C02F01F02D040FE
:105FD000326802F00F02895C0B4A01F01F0120FABF
:105FE00001F111600949086009480068BDE8F05FE7
:105FF000FEF772BF00200052184402581C44025899
:1060000020440258041801082C0000242800002411
:10601000200000243F220260144A126802F00702A6
:106020004260124A0832136803F470638360136895
:1060300003F00F03C360126802F0700202610B4AA2
:106040000C32136803F070034361126802F4E062DB
:106050008261064A1032126802F07002C26104487E
:10606000006800F00F0008607047000010440258FC
:106070000020005200B500F043F80B490A68C2F353
:1060800003230A4AD35C03F01F03D840096801F0D8
:106090000F01515C064A01F01F0120FA01F1116065
:1060A000044A1060084600BD18440258041801084C
:1060B0002C0000242800002400B5FFF7DBFF054971
:1060C0000968054AC1F30211515C01F01F01C84083
:1060D00000BD00001C4402580418010800B5FFF779
:1060E000C9FF05490968054AC1F30221515C01F065
:1060F0001F01C84000BD00001C44025804180108DC
:1061000030B564480068654C10F03801624808D02A
:10611000021108290DD010290DD018290DD01046D4
:1061200030BD21688906FBD52168C1F3C101C84093
:1061300030BD104630BD5A4830BD564918310A6846
:1061400002F003020968C1F30511524B1C331B68AE
:1061500003F001034F4D24352D68C5F3CC0515FB25
:1061600003F300EE103AB8EE400A002977D0DFEDD5
:106170004D0A484BB7EE001A20333AB39FED4A2A36
:10618000012A58D0022A6CD001EE901A1868F8EE55
:10619000611AC2EE212AC0F3080001EE900AF8EE5F
:1061A000611A40EE201A31EE810A22EE800A186848
:1061B000C0F34620401C00EE900AF8EE600A80EE24
:1061C000201ABCEEC10A10EE100A30BD22689206F9
:1061D0001BD52268C2F3C102D04001EE900A1868B4
:1061E000F8EE612A01EE901AF8EE611A82EEA12A09
:1061F000C0F3080001EE900AF8EE611A40EE201A92
:1062000031EE810A22EE000AD1E701EE901ADFEDAD
:10621000272A1868F8EE611A82EEA12AC0F3080056
:1062200001EE900AF8EE611A40EE201A31EE810A72
:1062300022EE000ABBE701EE901A1868F8EE611A28
:10624000C2EE212AC0F3080001EE900AF8EE611AAE
:1062500040EE201A31EE810A22EE800AA7E716E00E
:10626000FFE701EE901ADFED122A1868F8EE611AC6
:1062700082EEA12AC0F3080001EE900AF8EE611A3E
:1062800040EE201A31EE810A22EE000A8FE700204C
:1062900030BD0000104402580090D0030044025862
:1062A00000366E01000000390024744A0024744C4A
:1062B000001BB74B2DE9F05F0446002C10D020786E
:1062C000DFF8F883FE4EFF4DC0075DD0D8F8000020
:1062D00000F03800316810281FD0182803D006E0DD
:1062E0000120BDE8F09F01F00300022815D060688E
:1062F000B0F5803F18D0E0B1B0F5A02F22D02868CB
:1063000020F480302860286820F4802028606068AD
:1063100060B3FEF7A5FD074624E02868800333D567
:10632000606810BB0120DCE7286840F480302860FA
:10633000EDE7286820F480302860286820F4802069
:106340002860E4E7286840F480202860286840F44A
:1063500080302860DBE7FEF783FDC01B642801D98D
:106360000320BEE728688003F5D50DE0FEF778FD31
:10637000074606E0FEF774FDC01B642801D9032020
:10638000AFE728688003F5D42078800764D5D8F873
:10639000000000F038003168DFF8289309F10409A3
:1063A00070B1182801D188070AD0E068A0B3296825
:1063B00021F0190101432960FEF752FD07462CE048
:1063C0002868400701D5E06848B12868E16820F0F6
:1063D000190008432860FEF743FD074608E0012046
:1063E0007FE7FEF73DFDC01B022801D9032078E7B7
:1063F00028684007F5D5D9F80000217C20F0FE4040
:1064000040EA0160C9F8000026E0FEF729FDC01B44
:10641000022802D9032064E70CE028684007F4D57D
:10642000D9F80000217C20F0FE4040EA0160C9F864
:10643000000011E0286820F001002860FEF710FD40
:10644000074606E0FEF70CFDC01B022801D9032019
:1064500047E728684007F5D42078C00655D5D8F816
:10646000000000F038003168DFF850920828A9F1E8
:1064700004090FD0182803D101F00300012809D026
:10648000E06978B3286840F080002860FEF7E8FCF7
:10649000074619E02868C00504D5E069802801D0C6
:1064A00001201EE7D9F8000094F8201020F07C505D
:1064B00040EA0160C9F8000027E0FEF7D1FCC01BEC
:1064C000022801D903200CE72868C005F5D5D9F8C2
:1064D000000094F8201020F07C5040EA0160C9F8D8
:1064E000000012E0FFE7286820F080002860FEF737
:1064F000B7FC074606E0FEF7B3FCC01B022801D933
:106500000320EEE62868C005F5D42078000730D5D2
:10651000DFF8AC91606909F14C09A8B1D9F8000025
:1065200040F00100C9F80000FEF79AFC074606E0BB
:10653000FEF796FCC01B022801D90320D1E6D9F84A
:1065400000008007F4D514E0D9F8000020F0010025
:10655000C9F80000FEF784FC074606E0FEF780FC61
:10656000C01B022801D90320BBE6D9F80000800730
:10657000F4D42078800626D5A06990B1286840F42C
:1065800080502860FEF76CFC074606E0FEF768FCCA
:10659000C01B022801D90320A3E628688004F5D592
:1065A00011E0286820F480502860FEF759FC074667
:1065B00006E0FEF755FCC01B022801D9032090E637
:1065C00028688004F5D4207840075DD53E4F3868B0
:1065D00040F480703860FEF743FC814607E0FEF728
:1065E0003FFCA0EB0900642801D9032079E6386854
:1065F000C005F4D5324FA0684837012812D0B0B199
:1066000005281DD0386820F001003860386820F077
:1066100004003860A06841F2883930B3FEF720FCEE
:1066200082461EE0386840F001003860F2E73868C2
:1066300020F001003860386820F004003860E9E795
:10664000386840F004003860386840F00100386075
:10665000E0E7FEF705FCA0EB0A00484501D903205E
:106660003FE638688007F4D50EE0FEF7F9FB824676
:1066700007E0FEF7F5FBA0EB0A00484501D903202F
:106680002FE638688007F4D4616AB1B1D8F8000009
:106690004FF6F87BDFF828A00AF1080AC0F3C20021
:1066A00003280AF10409AAF104087CD0022911D0B8
:1066B000286820F08070286008E0E5E01044025867
:1066C000284402580044025800480258FEF7C8FB0C
:1066D000044689E0286820F080702860FEF7C0FB3F
:1066E000074606E0FEF7BCFBC01B022801D90320C9
:1066F000F7E528688001F5D4306840F2F33188432B
:10670000E16A40EA0110A16A08433060208E4FF62A
:10671000FF72616B401E491EC0F3080002EA41216E
:106720000843218F4FF4FE02491E02EA014108434B
:1067300094F83C10491E120202EA01610843CAF8AB
:106740000000D8F8000020F00100C8F80000D9F8D7
:106750000000A16C20EA0B0040EAC100C9F800006B
:10676000D8F80000216C20F00C000843C8F80000A5
:10677000D8F80000616C20F002000843C8F800005F
:10678000D8F8000040F48030C8F80000D8F80000C5
:1067900040F40030C8F80000D8F8000040F4802031
:1067A000C8F8000000E023E0D8F8000040F0010045
:1067B000C8F80000286840F080702860FEF750FBA1
:1067C000044606E0FEF74CFB001B022801D903201B
:1067D00087E528688001F5D556E0FEF741FB001BF0
:1067E000022801D903207CE528688001F5D44BE01C
:1067F0003268DAF80000012921D0A36A02F003010F
:1068000099421CD1E16AC2F30512914217D1216B62
:10681000C0F30802491E8A4211D1616BC0F34622BF
:10682000491E91420BD1A16BC0F30642491E914211
:1068300005D1E16BC0F30660491E814201D0012001
:106840004FE5D9F80000C0F3CC00A16C81421BD009
:10685000D8F8000020F00100C8F80000FEF700FBA7
:106860000546FEF7FDFAA842FBD0D9F80000A16C5E
:1068700020EA0B0040EAC100C9F80000D8F8000087
:1068800040F00100C8F8000000202AE57047000031
:106890002DE9F047044626683169726901EA02056C
:1068A000D6F80890002094F8817006F1300812059F
:1068B0000AD5090708D5B06940F40060B0612046E8
:1068C00000F04DFABDE8F08705F0400105F0200228
:1068D000114308D1690706D5616F20468847216FAB
:1068E00020468847012005F04101012905D16907AB
:1068F00003D4216F20468847012005F02201022998
:1069000005D1690703D4616F20468847012000281C
:10691000D8D128074FF001065DD52068816941F084
:10692000080181612068816941F01001816120685E
:10693000816941F4006181612068016921F00801E9
:1069400001612068806810F4404F22D025E0E068A3
:106950000F2807D92068006B616E0860606E001D0B
:10696000606611E0072807D9B8F80000616E08805A
:10697000606E801C606607E0206890F83000616EF1
:106980000870606E401C6066B4F86A00401EA4F88F
:106990006A00B4F86A000028D9D1204604F0D0FB80
:1069A00084F88160D4F8840018B12046FFF76EFFA8
:1069B00088E7052F07D0042F09D0032F82D1204666
:1069C00000F0AAFB7EE7204600F0A7FB7AE720460E
:1069D00000F0C4F976E715F4587FE9D068060AD5C7
:1069E000D4F8840040F00400C4F884002068816971
:1069F00041F040018161A8050AD5D4F8840040F037
:106A00000100C4F884002068816941F4007181614B
:106A1000E8050AD5D4F8840040F00800C4F88400E2
:106A20002068816941F480718161A8060AD5D4F893
:106A3000840040F08000C4F884002068816941F03F
:106A400020018161D4F884000028B1D02068016859
:106A500021F0010101602068016940F26B3291432D
:106A60000161C9F38130032805D084F88160204694
:106A7000FFF70CFF26E72068816821F44041816020
:106A80000E4DE06F50B10565E06FFCF7FBFA28B1E1
:106A9000D4F8840040F04000C4F88400A06F0028BF
:106AA00086D00565A06FFCF7EDFA00288AD054F86F
:106AB000840F40F04000206004E70000FBB10008B4
:106AC0002DE9F0410446002C12D00025A562DFF824
:106AD00058812068554E564F40450BD0B04209D0E2
:106AE000B84207D0E0680F2804D90120BDE8F08142
:106AF0000120FBE7204604F08CFB0146206840455E
:106B000005D0B04203D0B84201D0082907D840458B
:106B100003D0B04201D0B84203D1102901D90120DD
:106B2000E4E794F8810020B984F88050204600F012
:106B300081F8022084F881002068016821F00101B9
:106B400001602068816801F4F812A169B1F1806FD9
:106B50000ED16168B1F5800F01D1A36B23B139B9B2
:106B6000A16BB1F1805F03D1016841F480510160F4
:106B7000606840020AD5E068072807D320680168EA
:106B8000236D21F480711943016004E020680168DD
:106B900021F480710160A16AE0690843E16B11434F
:106BA0000843E168084321688860616A606BA269F4
:106BB0000843A16B114308432169084361690843F5
:106BC000216A084361680843E16C0843A1680843EF
:106BD000A16C0843A16D08432168C860606868B96A
:106BE0002068816821F4C05141F40061816020680F
:106BF000816821F4C06141F4806181602068016D89
:106C000021F0010101656068400206D52068C16875
:106C1000626D21F000411143C160C4F8845001202D
:106C200084F88100002061E7003001400038004016
:106C3000003C0040F0B5B5B00646142130A8F9F785
:106C400032FCB82102A8F9F72EFC3E493068884290
:106C500075D181140020CDE902100024199402A8F6
:106C6000FEF7D2FB08B1FBF76BFB3748016841F434
:106C700080410160006800F480400190324808388B
:106C8000016841F004010160016801F00401019113
:106C9000016841F002010160006800F0020001900B
:106CA000062030900227319732943394052534958D
:106CB00030A92648FDF7C2FF38033090319732944F
:106CC0003394349530A92248FDF7B8FF224D21486E
:106CD000286027206860AC60EC607F022F616C61E7
:106CE000AC61EC614FF4403028626C622846FCF7DE
:106CF000F7FE08B1FBF724FBF567AE631548164DA8
:106D0000303078352860282068604020A860EC602A
:106D10002F616C61AC61EC61C00228626C62284634
:106D2000FCF7DEFE08B1FBF70BFBB567AE63002294
:106D300005212420FEF738F92420FEF727F935B085
:106D4000F0BD000000380040E84402580008025836
:106D5000000402581000024054100024704770478D
:106D60002DE9FF4F83B0044692461D46109FD4F88C
:106D700000B00BF1200002900BF1300BE06B4009EA
:106D8000401C1FFA80F9FEF76BF880462E4694F8F7
:106D90008100012803D0022007B0BDE8F08F0498DD
:106DA00078B3BAF1000F2DD028002BD094F88000D2
:106DB000012829D001202C3484F85400052084F8BF
:106DC00055000020A065C4F838A0E587A587049980
:106DD0002163E586A5866064A06454F82C0CC16824
:106DE00021F4C021C16054F82C0DC849884205D057
:106DF000C749884202D0C749884207D14FF0100ADC
:106E000006E0FFE70120C7E70220C5E74FF0080AC8
:106E100041686FF30F01294341602068016841F028
:106E2000010101606068B0F5800F04D1206801683D
:106E300041F400710160E0680F2856D94FEA9A0AC0
:106E400041E020684169890710D57EB106EB0A014F
:106E5000A9420BD954F85C1F096801622068001D23
:106E60002060E088401EE080E6885C3C2068416944
:106E7000FDB14269D2070CD0006B54F8641F086062
:106E80002068001D2060E088401EE080E588643CAA
:106E900019E04D450ED209040CD5006B54F8641F5F
:106EA00008602068001D2060E088401EE080E588C2
:106EB000643C08E0FDF7D4FFA0EB0800B84201D322
:106EC000781C04D11FB156EA0500BAD1F3E0204680
:106ED00004F036F98034606840F48070606001200E
:106EE000607000202070032056E7072871D94FEA10
:106EF0005A0A5CE020684069800711D586B106EB2C
:106F00000A00A8420CD954F85C0F0188029801804D
:106F10002068801C2060E088401EE080E6885C3CA1
:106F2000216848693DB34969C9070DD0BBF8000025
:106F300054F8641F08802068801C2060E088401E90
:106F4000E080E588643C32E04D4515D2010413D55C
:106F5000BBF8000054F8641F08802068801C206083
:106F6000BBF8001001802068801C2060E088801E33
:106F7000E080E588643C1AE0012D0FD180040DD536
:106F8000BBF8000054F8641F08802068801C206053
:106F9000E088401EE080E588643C08E0FDF760FF83
:106FA000A0EB0800B84201D3781C04D11FB156EA07
:106FB00005009FD17FE0204604F0C2F8803460686D
:106FC00040F4807060600120607000202070032019
:106FD000E2E650E020684169890711D586B106EBE9
:106FE0000A01A9420CD954F85C1F097880F82010D6
:106FF0002068401C2060E088401EE080E6885C3C01
:1070000020684169BDB34269D2070DD090F83000C5
:1070100054F8641F08702068401C2060E088401EFF
:10702000E080E588643C43E04D4525D20A0423D541
:1070300090F83000616E0870606E401C60662168D8
:1070400091F830100170606E401C6066216891F804
:1070500030100170606E401C6066216891F830103D
:107060000170606E401C6066B4F86A00001FA4F8EE
:107070006A00B4F86A501BE0042D10D211F4C04F1E
:107080000DD090F8300054F8641F08702068401C40
:107090002060E088401EE080E588643C08E0FDF761
:1070A000DFFEA0EB0800B84201D3781C1ED1EFB17F
:1070B00056EA05008ED100223B4608212046CDF835
:1070C000008004F0B0F828B1D4F8840040F020002B
:1070D000C4F88400204604F033F801208034607046
:1070E00000202070606878B1012055E6204604F049
:1070F00027F88034606840F4807060600120607020
:1071000000202070032047E6002045E600300140C3
:1071100000380040003C004070477047024A136846
:1071200083430B4313607047040400587047704753
:1071300070470000F0B590F83C20012A40D00126AD
:1071400080F83C60022280F83D2003685A689C6801
:107150001C4FDFF874C0BB4201D0634503D122F459
:1071600070054A682A4322F070050A682A435A606B
:107170000268BA4219D0B2F1804F16D0134B9A422E
:1071800013D0134B9A4210D0124B9A420DD0624545
:107190000BD0114B9A4208D0104B9A4205D0104B9D
:1071A0009A4202D00F4B9A4204D124F0800389689E
:1071B000194391603C304670002101700020F0BD01
:1071C0000220F0BD00000140000401400004004026
:1071D00000080040000C0040001800400040014042
:1071E00000E0004000E4004010B50446002C03D04D
:1071F00094F83D0010B107E0012010BD002084F894
:107200003C00204600F017F8022084F83D0020687A
:10721000211D04F025FA01203D34E0726070A07059
:10722000E07020716071A071E07120726072A072D4
:107230002070002010BD704790F83D10012901D04A
:1072400001207047022180F83D100168CA6842F0B1
:107250000102CA600068184988421AD0B0F1804F14
:1072600017D01649884214D01549884211D01549C3
:1072700088420ED0144988420BD01449884208D065
:107280001349884205D01349884202D012498842E6
:107290000CD18168114A114006290BD0B1F5803F0D
:1072A00008D0016841F00101016003E0016841F08C
:1072B000010101600020704700000140000400400F
:1072C00000080040000C004000040140001800408D
:1072D0000040014000E0004000E4004007000100E1
:1072E00070472DE9F04104462068C66805694FF0F3
:1072F0000007A90714D5B10712D5F91E01610120B5
:10730000207720688069800703D02046FFF7E8FFD8
:1073100005E0204600F0B6F8204600F08BF927770C
:10732000680717D5700715D521686FF0040008614C
:10733000022020772068806910F4407F03D0204627
:10734000FFF7CEFF05E0204600F09CF8204600F055
:1073500071F92777280716D5300714D521686FF003
:1073600008000861042020772068C069800703D0E6
:107370002046FFF7B5FF05E0204600F083F82046E1
:1073800000F058F92777E80617D5F00615D52168DB
:107390006FF010000861082020772068C06910F4A1
:1073A000407F03D02046FFF79BFF05E0204600F01A
:1073B00069F8204600F03EF92777E80708D0F00783
:1073C00006D021686FF001000861204600F0D2F974
:1073D000280601D4A80408D5300606D521686FF424
:1073E000025008612046FFF7A2FEE80508D53006E6
:1073F00006D521686FF4807008612046FFF796FE7D
:10740000680608D5700606D521686FF0400008614F
:10741000204600F0B6F9A8060AD5B00608D52168BE
:107420006FF0200008612046BDE8F041FFF780BE04
:10743000BDE8F08110B586B00446142101A8F9F723
:1074400032F80D492068884213D10C48016841F098
:1074500002010160006800F002000090022001902B
:107460000290002103910491059001A90448FDF7C1
:10747000E5FB06B010BD000000040040E0440258E7
:1074800000040258704770B504460D46002694F873
:107490003C0001280BD0012084F83C000C2A4FD07E
:1074A00007DC82B1042A22D0082A06D134E0022067
:1074B00070BD102A59D0142A6BD00126002084F800
:1074C0003C00304670BD2068294604F045F920682C
:1074D000816941F0080181612068816921F004011E
:1074E0008161206881692A6911438161E6E720682A
:1074F000294604F081F92068816941F400618161C5
:107500002068816921F480618161206881692A692C
:1075100041EA02218161D1E72068294604F0B6F9E9
:107520002068C16941F00801C1612068C16921F08A
:107530000401C1612068C1692A691143C161BDE7C5
:107540002068294604F0ECF92068C16941F4006123
:10755000C1612068C16921F48061C1612068C1698D
:107560002A6941EA0221C161A8E72068294604F09E
:1075700011FA2068416D41F0080141652068416DB4
:1075800021F0040141652068416D2A69114341657C
:1075900094E72068294604F035FA2068416D41F4EB
:1075A000006141652068416D21F48061416520687A
:1075B000416D2A6941EA022141657FE710B5044621
:1075C000002C03D094F83D0010B107E0012010BD5D
:1075D000002084F83C00204600F018F8022084F8CF
:1075E0003D002068211D04F03BF801203D34E0728D
:1075F0006070A070E07020716071A071E071207205
:107600006072A0722070002010BD000008B50068F4
:107610000649884208D10648016841F0020101602C
:10762000006800F00200009008BD00000004004067
:10763000E84402587047000030B5044600290DD0D8
:1076400004290ED008290FD00C2910D0102911D0F0
:1076500094F84300012810D0012030BD94F83E007A
:10766000F8E794F83F00F5E794F84000F2E794F863
:107670004100EFE794F84200ECE70220F1B304295F
:107680004DD008294ED00C294FD0102950D084F865
:1076900043000122206804F051F82A4A20682A4B4E
:1076A0002A49904209D0984207D0884205D0284DF7
:1076B000A84202D0274DA84203D1456C45F40045AD
:1076C00045642068904218D0B0F1804F15D0224A0E
:1076D000904212D0214A90420FD0214A90420CD0C1
:1076E00098420AD01F4A904207D0884205D01E49CE
:1076F000884202D01D4988421DD100E00CE081681B
:107700001B4A114006291AD0B1F5803F17D00168F5
:1077100041F00101016012E084F83E00B9E784F80D
:107720003F00B6E784F84000B3E784F84100B0E7D3
:1077300084F84200ADE7016841F0010101600020DA
:1077400030BD000000000140000401400040014045
:10775000004401400048014000040040000800408F
:10776000000C00400018004000E0004000E4004031
:10777000070001000068B0F1804F01D1FDF776BB32
:107780007047704790F88410012918D0012180F8C3
:1077900084102421C0F8881001680A680B6823F05F
:1077A00001030B6022F00051002242660368196059
:1077B0002021C0F8881080F8842000207047022023
:1077C000704710B50446D4F88C00202801D0022060
:1077D00010BD51B14AB10120E0660020206720466B
:1077E00005F032F8014611B105E0012010BDE06E50
:1077F000012802D00121084610BD22681020106225
:10780000206850E8002F42F0100240E80023002BCF
:10781000F6D1F0E770B504460025D4F88C00202896
:1078200001D0022070BD69B162B10120E066002084
:107830002067204605F05AF8E06E012804D00125A3
:10784000284670BD012070BD2168102008622068A4
:1078500050E8001F41F0100140E80012002AF6D164
:10786000EEE7000010B50068084A90420DD11229D9
:107870000BD1074912220748FFF7A3FF0449BDE8CF
:107880001040A1F1180009F06DBA10BD0050004081
:10789000D8540024E8130024704770B5044694F8C7
:1078A000840001281DD0012084F884002420C4F81D
:1078B000880020680568026822F0010202602068E2
:1078C000826822F060620A438260204604F0EAF88F
:1078D000206805602020C4F88800002084F8840017
:1078E00070BD022070BD70B5044694F88400012874
:1078F0001DD0012084F884002420C4F8880020686A
:107900000568026822F0010202602068826822F0A5
:1079100060420A438260204604F0C4F82068056093
:107920002020C4F88800002084F8840070BD022064
:1079300070BD7047704770B50446D4F88800D4F81D
:107940008C60216889684FF01005090618D5212838
:1079500016D12068083050E8001F21F0800140E86F
:107960000012002AF5D1E06F38B1FBF7CDF920B154
:10797000E06FFBF7DFFC202809D0204604F054FA22
:107980002068806840061FD5222E04D01CE0C4F871
:107990009050032070BD2068083050E8001F21F08F
:1079A000400140E80012002AF5D1D4F8800040B12F
:1079B000FBF7AAF928B1D4F88000FBF7BBFC20281C
:1079C00004D0204604F0F4F9002070BDC4F89050B3
:1079D000032070BD10B50068074988420AD10749E5
:1079E00012220748FFF7EDFEBDE8104003481221C0
:1079F000F8F759BD10BD000000500040D8540024D5
:107A0000E81300242DE9F04104462368D869196879
:107A10009A6840F60F0500EA0507002F0ED185068B
:107A20000CD501F0200502F08056354306D0616F79
:107A300000297DD02046BDE8F041084700260225F8
:107A4000002F76D0D54FDFF858C3174001EA0C0C51
:107A500057EA0C0C6DD05FEAC07C0CD05FEAC15CC9
:107A600009D54FF0010CC3F820C0D4F8903043F092
:107A70000103C4F89030830709D5D30707D02368E2
:107A80001D62D4F8903043F00403C4F890304307EB
:107A90000AD5D30708D0256804232B62D4F8903088
:107AA00043F00203C4F8903003070CD501F0200323
:107AB0003B4308D0256808232B62D4F8903043F06C
:107AC0000803C4F8903003050BD54B0109D5256890
:107AD0004FF400632B62D4F8903043F02003C4F8D5
:107AE0009030D4F89030002B3CD0800609D501F0BE
:107AF000200002F08051084303D0616F09B1204695
:107B00008847D4F8900021688968490602D410F0AB
:107B1000280F2DD0204604F04BF9206880684006DD
:107B200022D52068083050E8001F21F0400101E014
:107B300018E023E040E80012002AF2D1D4F88000D7
:107B400068B198490165D4F88000FBF79BFA0028DA
:107B500008D0D4F88000016DBDE8F0410847204608
:107B6000FFF738FFBDE8F0812046FFF733FFF9E764
:107B70002046FFF72FFFC4F89060F3E7E76E012F70
:107B80007ED1C7067CD5CF067AD510201862206832
:107B900080684FF02003400673D5D4F880208249D6
:107BA000106888423AD080491831884236D07E49E0
:107BB0003031884232D07C49483188422ED07A49CF
:107BC000603188422AD078497831884226D0764977
:107BD0009031884222D07449A83188421ED073491E
:107BE00088421BD071491831884217D06F49303113
:107BF000884213D06D49483188420FD06B496031BB
:107C000088420BD069497831884207D06749903162
:107C1000884203D06549A831884201D1406800E01C
:107C2000406880B24FF4807760B3B4F85C10814252
:107C300040D9A4F85E00D069B84230D0206850E83E
:107C4000001F21F4807140E80012002AF6D120685C
:107C5000083050E8001F21F0010140E80012002A1E
:107C6000F5D12068083050E8001F21F0400140E8BD
:107C70000012002AF5D1C4F88C30E666206802E0D4
:107C800056E023E016E050E8001F21F0100140E824
:107C90000012002AF2D1D4F88000FBF735F82567EE
:107CA000B4F85C00B4F85E10401A81B22046FFF7C9
:107CB000D9FD57E7B4F85C108142FAD1D069B842D7
:107CC000F7D125672046FFF7CDFD4BE734F85C0F71
:107CD0006188401A81B260885C3C0028E9D00029A4
:107CE000E7D0206850E8002F22F4907240E8002787
:107CF000002FF6D1294FFF432068083050E8002FAD
:107D00003A4040E8002CBCF1000FF5D1C4F88C30AB
:107D1000E6666667206850E8002F22F0100240E80F
:107D20000023002BF6D125672046FFF79BFD19E7BE
:107D3000C50209D5550207D54FF4801018622046B8
:107D4000BDE8F041FFF7F6BD03060CD501F0800356
:107D500002F40002134306D0A16F0029A9D02046E7
:107D6000BDE8F0410847420606D54A0604D520463C
:107D7000BDE8F04104F046B8020206D54A0004D539
:107D80002046BDE8F041FFF7D4BDC00191D50029E0
:107D90008FDA2046BDE8F041FFF77EBD01000010FC
:107DA000200100045FBC00081000024010040240E3
:107DB00010B50446002C03D0D4F8880010B107E0B9
:107DC000012010BD002084F88400204600F028F82F
:107DD0002420C4F888002068016821F001010160B6
:107DE000A06A10B1204603F081FE204604F094FA08
:107DF000012813D02068416821F490414160206837
:107E0000816821F02A0181602068016841F0010148
:107E100001602046BDE8104003F0CCBE012010BD3B
:107E20002DE9F04FB5B00446142130A8F8F73BFB1C
:107E3000B82102A8F8F737FB91490025914E4FF081
:107E400002082068DFF83C92083E0F15884260D196
:107E500002210020CDE902101F9502A8FDF7D4FAF7
:107E600008B1FAF76DFAD9F8000040F48010C9F8AB
:107E70000000D9F8000000F480100190306840F054
:107E800004003060306800F004000190306840F079
:107E900008003060306800F0080001904FF4805016
:107EA0003090CDF8C480329533950826349630A9A9
:107EB0007548FCF7C3FE04203090CDF8C48032959D
:107EC0003395349630A97148FCF7B8FE714E70486E
:107ED000306041207060B560F56037617561B561F3
:107EE0004FF48070F061356275623046FBF7F8FD43
:107EF00008B1FAF725FAC4F88060B46300220521BE
:107F00003520FDF751F83520FDF740F835B0BDE8D4
:107F1000F08F61494FF0070A4FF0400B884262D161
:107F200002210020CDE902101F9502A8FDF76CFA8E
:107F300008B1FAF705FAD9F8000040F08040C9F816
:107F40000000D9F8000000F080400190306840F057
:107F500010003060306800F0100001904FF4C070E5
:107F60003090CDF8C48032953395CDF8D0A030A9AB
:107F70004A48FCF763FE4648464E78307836306013
:107F80004F207060B560F56037617561B561F5616E
:107F9000356275623046FBF7A3FD08B1FAF7D0F9F8
:107FA000C4F88060B4633B4E3D48F03630605020EA
:107FB0007060C6F808B0F56037617561B561F5614C
:107FC000356275623046FBF78BFD08B1FAF7B8F9F8
:107FD000E667B463002205215220FCF7E5FF52203A
:107FE000FCF7D4FF92E72F4988428FD1012100206E
:107FF000CDE90210209502A8FDF706FA08B1FAF7BC
:108000009FF920480830016841F0100101600068C4
:1080100000F010000190306840F0010030603068DE
:1080200000F0010001904FF4C0603090CDF8C480A2
:1080300032953395CDF8D0A030A91B48FCF7FEFD52
:108040001A4E1348183830602A207060C6F808B0FD
:10805000F56037617561B561F5613562756230460D
:10806000FBF73EFD08B1FAF76BF9E667B46300224F
:1080700005212520FCF798FF2520FCF787FF45E721
:1080800000500040E844025800080258000C025812
:1080900028040240A4150024007800400010025873
:1080A0002800024000100140000002580C17002474
:1080B00030B4D0F88C30202B02D0022030BC704776
:1080C000A9B1A2B10023C3660A4C0368A3420BD036
:1080D0005B681B0208D5036853E8004F44F08064D6
:1080E00043E80045002DF6D130BC04F0ADBB0120C3
:1080F000E4E70000000C00587047704770B5044674
:10810000D4F88800202801D0022070BD31B32AB3F2
:1081100044F8501FA280E280002121642120A06346
:10812000E06A503CE0B1164BC363E36F1548186436
:10813000E36F1548D864E06F016513462068E56F6A
:108140002830216D02462846FBF7C2FE40B11020C0
:108150008834A06020202060012070BD012070BD07
:108160002168402008622068083050E8001F41F074
:10817000800140E80012002AF5D1002070BD000007
:1081800063BD0008A5BD00086FBC00080068034976
:10819000884202D102490120087070470010014056
:1081A000180000247047000070B5044600202074B9
:1081B0003B4DA27B616828884243D4F8F400F8F76D
:1081C00059F9A17B288841436068F8F76CF9A07BD6
:1081D00010FB00F128884143D4F81801F8F763F93F
:1081E000207BA17B10FB01F128884143D4F80C01CE
:1081F000F8F759F9002029E0D4F8F41001EB8002D7
:1082000092ED000AB5EEC00AF1EE10FA1CD0227C05
:1082100001EB820181ED000A227C616A8854A16928
:10822000227B01EB8001237C91ED000A6169095CEE
:1082300012FB0311D4F80C21491E02EB810181EDE0
:10824000000A217C491C2174401CC0B2A17B8142E0
:10825000D2D8002010E0636AE26900FB01011B5CD8
:1082600002EB830292ED000AD4F8182102EB81019F
:1082700081ED000A401CC0B2217C8142EBD85C3405
:1082800014F84C0CA08314F8500CE083A084E18413
:10829000A186E186A087E18724F8141C70BD000048
:1082A000F8090024FEE7000010B586B00446D4F8B3
:1082B000EC0090ED000A8DED050A90ED010A8DEDC0
:1082C000040A90ED020A8DED030A90ED030A8DED8C
:1082D000020A9DED050ADDED050A9DED041A20EE6A
:1082E000200ADDED040A00EE810ADDED030A9DEDB2
:1082F000031A00EE810ADDED020A9DED021A00EE7E
:10830000810A08F0FDF88DED010A0020D4F8EC1088
:10831000DDED010A01EB800191ED000A20EE200A5B
:1083200081ED000A401CC0B20428EFD34148F83464
:10833000DDED040A90ED6F0AA16860EE200AB6EE4A
:10834000000A60EE800AC1ED040AD0ED6F0A9DEDCF
:10835000031AA16860EE810A60EE800AC1ED050A89
:10836000D0ED6F0A9DED051AA16820EE811AFEEE90
:10837000000A21EE201A81ED0A1A90ED6F1ADDED48
:10838000021AA16821EE211A21EE001A81ED0B1AC2
:1083900090ED6F1ADDED021AA16821EE211A21EE8F
:1083A000201A81ED101A90ED6F1ADDED051AA16803
:1083B00021EE211A21EE201A81ED111A90ED6F1A8B
:1083C000DDED031AA16821EE211A21EE000A81EDEC
:1083D000160A90ED6F0A9DED041AA16820EE010ABD
:1083E00020EE200A81ED170A2168D0ED740A91ED84
:1083F0001C0A80EE201A81ED1C1A2168D0ED740A47
:1084000091ED230A80EE201A81ED231A54F8F80921
:1084100009499FED0A0A026F8A4201DD80ED1C0ABC
:10842000D4F8F800D0F88C208A4201DD80ED230AD0
:1084300006B010BD3859002400401C4600401C46C0
:1084400070B52DED028B01252C4C257084ED6C0A46
:10845000C4ED6D0A84ED6E1A9FED290A84ED730A4E
:10846000002084F83801D034002121676167A167BA
:10847000E16784ED3B2AD03C11EE900AB7EE008A0A
:10848000B0F17E5F01DDF0EE481AC4ED741A0323EB
:1084900000220621201D00F037FE1A4B0122114652
:1084A000A3F1080007F0DAFB8834606E80ED008AE3
:1084B000606E9FED150A80ED010A606E80ED020A84
:1084C000606E80ED030A1148A0641148E064114811
:1084D00020651148606504F85A5C04F8595C9022E4
:1084E0000E49E06FF7F7C6FF606F90220C49BDECB4
:1084F000028BBDE87040F7F7BDBF0000385900247B
:1085000077CC2B32005B002400000000258500089A
:10851000A982000859850008298A0008CC1801089A
:10852000FC09002410B504460948902254F8F81FAD
:10853000F7F7A0FF07484822616AF7F79BFF054855
:1085400048226169BDE810404830F7F793BF00004A
:10855000FC090024185B00241FB50446B0EE000A95
:1085600054F8EC0FD0ED000A60EE800ACDED030A5E
:10857000D0ED010A60EE800ACDED020AD0ED020ACC
:1085800060EE800ACDED010AD0ED030A20EE800AEC
:108590008DED000A14F8DE0C14F8E01C10FB01F15C
:1085A000234800884143206AF7F77DFF9DED010ACB
:1085B000206AB1EE400A80ED000A206ADDED000A73
:1085C000C0ED010ADDED030A206AF1EE600AC0ED9C
:1085D000020A206ADDED020AC0ED030A206ADDED21
:1085E000020AC0ED060A206ADDED030AC0ED070AA3
:1085F000206ADDED000AC0ED080A206ADDED010AFF
:10860000C0ED090A206ADDED030AC0ED0C0ADDEDBC
:10861000020A206AF1EE600AC0ED0D0A206A80EDC0
:108620000E0A206A9DED000A80ED0F0A1FBD0000B2
:10863000F809002410B52DED048BF0EE619AB0EE30
:10864000429AF0EE628A84B0ED4CD4ED171A30EE07
:10865000610A84ED1A0AD4ED181A70EEE10AC4ED2D
:108660001B0AD4ED191A31EE611A84ED1C1AB6EE0C
:10867000008A60EE081A94ED2E0A61EE801ACDEDA4
:10868000031A60EE880A60EE800ACDED020A61EE00
:10869000080A20EE800A8DED010ADA49902220684E
:1086A000F7F7E8FE9DED030A2068B1EE400A80ED81
:1086B000010ADDED020A2068F1EE600AC0ED020A4F
:1086C0009DED011A2068B1EE411A80ED031A206871
:1086D000DDED031AC0ED061A2068DDED011AC0EDCC
:1086E000081A2068C0ED090A2068DDED020AC0ED15
:1086F0000C0A206880ED0D1A2068DDED030AC0ED3C
:108700000F0A2068DDED010AC0ED120A2068DDEDD8
:10871000020AC0ED130A206880ED140AD4E91101A1
:10872000A4F5827450EA01020BD1C4ED5E9A84ED87
:108730005F9AC4ED608A04F5A472401C41F1000107
:1087400003C294ED5E0A94ED641A94ED6F3A60EE04
:10875000011A33EE010AC1EE800A63EE291A81EE96
:10876000802A70EE821AC4ED5E1AD4ED5F0A20EE04
:10877000812AC2EE000A23EE092AC2EE002A30EE58
:10878000A22A84ED5F2AD4ED600A20EE811AC1EEA0
:10879000000A23EE281AC1EE002A30EEA20A84ED68
:1087A000600A61EEA10A42EE020A40EE000AB1EE52
:1087B000E00A84ED660AF7EE000A80EE801A8DED7D
:1087C000001A9DED000AA06821EE800A80ED000AE3
:1087D00094ED5F0ADDED000AA06820EE200A80ED2E
:1087E000010A94ED600ADDED000AA06820EE200A7F
:1087F00080ED020A94ED5B0A60EE000A94ED5C0ADB
:1088000040EE000A94ED5D0A40EE000AB1EEE00A87
:1088100084ED650A10EE100A7B4988420BDA7B4929
:10882000D4F89801884206DD7949884203DA0120AC
:1088300084F8390102E0002084F8390104F58C74D1
:1088400094ED260AD4ED290A206820EE200A80ED56
:10885000000A94ED260AD4ED290A206820EE200AA9
:1088600080ED070A94ED260AD4ED290A206820EE4F
:10887000200A80ED0E0A94ED260AD4ED290A20681C
:1088800020EE200A80ED150A94ED270AD4ED290A7E
:10889000206820EE200A80ED1C0A94ED270AD4ED12
:1088A000290A206820EE200A80ED230A606894EDF2
:1088B000280A80ED000A606894ED280A80ED040A19
:1088C000606894ED280AA4F58C7480ED080A201DD8
:1088D00000F0FCFE6068D0ED001AC4ED541A90ED73
:1088E000010A84ED550A90ED021A84ED561AD0ED76
:1088F000030AC4ED570AB0EE482A414800EE402A68
:1089000021EE800A9C3001EE200A01EE412AF0EEB1
:10891000420A07F027F894ED680ADFED3E8A20EE60
:10892000280A84ED680A94ED550AD4ED570A94EDAF
:10893000561A20EE200AD4ED540A00EEC10AF8EED1
:10894000000A20EE200A04F0D7FC20EE280A84ED6D
:10895000690A94ED560AD4ED551A94ED571A00EEB3
:10896000408A21EE800AD4ED541A254801EE810A8E
:10897000F0EE480AA43041EE410A06F0F3FF94ED10
:108980006A0A20EE280A84ED6A0A6068D0ED040ABB
:10899000C4ED580AD0ED050AC4ED590ADFED1E0AF0
:1089A000C4ED5A0AD4ED760A1C4970EE600A10EE46
:1089B000900A884205DDB4F8D401401EA4F8D40121
:1089C00009E010EE900A1649884204D9B4F8D4019F
:1089D000401CA4F8D401B4F9D401DFED121A00EE62
:1089E000900AB8EEE01AF0EE400A41EE210AC4ED1A
:1089F0006B0A84ED760A04B0BDEC048B10BD000058
:108A00003C5A0024CC1801089A99993ECDCC1441C7
:108A1000CDCC2441E12E654200000000000034432B
:108A2000000034C30000B4432DE9F04F85B0044684
:108A300004F1780004F180010546049107F0DAFAA8
:108A40006C3484F85C00A089A08734F8120CE087AD
:108A50006C3C04F1A802284604F15801924689466C
:108A600007F05EFA823484F84600E08CE0852088C6
:108A70002086823C04F1B00204999346504607F0E8
:108A80004FFA903484F83800208820826088608211
:108A9000903C04F1A002584604F19001154607F0FD
:108AA000B9F8B03420765946284607F0DBF820762E
:108AB000E06B90ED000A8DED030A90ED010A8DED5B
:108AC000020A90ED020A8DED010A90ED030A8DED88
:108AD000000A34F8380C2081012565819DED020AD9
:108AE000DDED000A9DED011AE06F60EE200A9DEDBC
:108AF000030A40EE410AB0EE000A60EE800AC0EDC3
:108B0000000ADDED030A9DED021ADDED001AE06FAB
:108B100060EE810A9DED011A41EE210A20EE800AE5
:108B200080ED010A9DED030ADDED030A9DED021AB9
:108B3000E06FB03C20EE200ADDED020A00EEC10A33
:108B4000DDED010A9DED011A00EEC10ADDED000A1E
:108B50009DED001A00EE810A80ED020A0027A54E65
:108B6000D4F82C0100EB870090ED000AB0EEC00AAB
:108B700007F00CF806EB870080ED610A7F1CFFB25E
:108B8000032FEDD3B4F84800A4F8C000A4F8C250F5
:108B900004F1C00204F1B801174604F14800884608
:108BA00007F004FAAA34A077E08A24F8020C2580A2
:108BB00052463946584607F0B3F9A077E581E08A76
:108BC00020824146384607F015FAA07751468A4A76
:108BD000404607F0A5F9A077AA3C96ED730AB6EED9
:108BE000001AD6ED720A20EE011AF4EEC10AF1EE77
:108BF00010FA01D286F838510020F4EEC00AF1EEE6
:108C000010FA3CDD96F83811C1B396F8391149B124
:108C100006F5A07106F5A07306C9491C42F10002D1
:108C200006C304E00022C6F84021C6F8442106F538
:108C3000A0724FF0320C00210CCABCEB0202994129
:108C400004D286F8380184F82C003AE06B4E227B7F
:108C5000803430884243D4E91A01F7F70BFC14F84A
:108C6000740C10FB00F230884243D4E91E01F7F780
:108C700001FC04F8545C05B0BDE8F08FFFE79FED00
:108C8000601A20EE011AF4EEC10AF1EE10FA0DDDC1
:108C900096F8381151B170EE600A9FED5A1A20EE25
:108CA000010A80EE801A86ED671A03E0B7EE000A2B
:108CB00086ED670A0022C6F84021C6F8442184F8F0
:108CC0002C006C3434F8140CA087E08AE0875246FC
:108CD0000499484607F024F984F85C006C3C04F1E0
:108CE000980259469146504607F01AF984F8C80090
:108CF00000200DE0D4F81C11D6ED670A01EB8001CD
:108D000091ED000A20EE200A81ED000A401CC0B25D
:108D1000B4F89810B4F89A2051438142EADC042157
:108D20009FED390A00200A1F01EB410C06EB82037C
:108D3000D4F81C210CEB000A93ED611A02EB8A02B5
:108D4000C1EE000A92ED001A60EE810AC2ED000A3F
:108D5000401CC0B20328EBD3491CC9B20629E1D399
:108D600034F8980F2084658442463946484607F017
:108D7000D7F884F83000983C96F8380150B30420B6
:108D8000DFED220A9FED221AD4F8BC1096ED6F0A8F
:108D900001EB800120EE200AD1ED001AF4EEC01A9A
:108DA000F1EE10FA01DD81ED000AD4F8BC1096ED69
:108DB0006F0A01EB800120EE010AD1ED001AF4EEFA
:108DC000C01AF1EE10FA01D281ED000A401CC0B2C7
:108DD0000628D9D3D4F8BC009FED0E0A80ED030A13
:108DE00004F13002414604F1380006F013FF84F824
:108DF000C80040E738590024F85A0024F809002434
:108E0000CDCCCC3D6666663FDA0FC93F0AD7233C1E
:108E10000AD723BC0000000010B50D4C0D48D4ED5E
:108E2000010A94ED050A01F053FF0A4890ED090A82
:108E3000FCEEC00AC4ED040AB5EEC00AF1EE10FA69
:108E400001D200202061044920690968086410BD2E
:108E5000EC0A0024A85B00244411002410B5DFEDC7
:108E6000130ADFED112AF7EE001AB0EE602A9FED2B
:108E7000101AB2EE040AFFF7E3FA104A0021104874
:108E8000DFED0C0A9FED0C0A01F0DCFF9FED0D0AEF
:108E900001F04CFC0C480C21FEF7CEFBF7F722FE4C
:108EA0000028FBD110BD0000000000006F12833AC3
:108EB0008096184B000048430000FA440C0B002435
:108EC000A85B002400007A44441100242DE9F041FD
:108ED0002DED028B002780497E4AA1F10C00F7F7A7
:108EE0000DFE7C4E7C4C143E70789FED7C8A78B9E8
:108EF00001207070F0EE481A94ED021AD4ED010AC8
:108F000094ED000AF0EE612AB0EE612A01F02CFA2D
:108F1000714D30780C3D022802D001287ED0C1E08E
:108F200095ED000AB7EEC00A9FED6D1B30EE410BC8
:108F3000B7EEC00B85ED000AD5ED010AB7EEE01AD9
:108F40009FED692B31EE421BF7EEC10BC5ED010A17
:108F500095ED021AB7EEC11A9FED652B31EE421B5B
:108F6000B7EEC11B85ED021AB0EEC11A11EE100A60
:108F70006149884201DA85ED028AD4ED022A94ED36
:108F8000012AD4ED001A95ED021AFFF753FBB0EE5B
:108F9000483AD4ED022A94ED012AD4ED001A95ED59
:108FA000021AD5ED010A95ED000AB0EE434AF0EE43
:108FB000433A01F059FC01F0D9FBF9F77DFE9FED32
:108FC0004F8AC0EE080AC6ED070AF9F77BFEC0EE2D
:108FD000080AC6ED060AF9F77BFEC0EE080AC6EDE0
:108FE000020A474896ED060A416881ED000A416889
:108FF00096ED070A81ED010A416896ED020A81EDBE
:10900000020A416895ED000A81ED030A416895ED79
:10901000010A81ED040A95ED020A00E012E04168C0
:1090200081ED050A416894ED000A81ED060A416868
:1090300094ED010A81ED070A406894ED020A80ED83
:10904000080A2FE02448D5ED000A183890ED000AF0
:1090500070EE200AC0ED000A90ED010A95ED011AAC
:1090600030EE011A80ED011A90ED020AD5ED021AD8
:1090700030EE210A80ED020AF168491CF160B1F579
:109080007A7F0FD3DFED1F1A80EEA12A80ED002A30
:10909000C1EE210AC0ED010AC0EE210AC0ED020AAC
:1090A000022030700A20B7FBF0F100FB117000289D
:1090B0000BD1FFF7B1FE96ED050AD6ED010A30EEB1
:1090C000600AB0EEC00A10EE100ABDEC028BBDE8DB
:1090D000F0810000000B00240C5C00240000000064
:1090E00012BDBD1FA1FE663F8C95C69F10506DBF7F
:1090F000757FE77FD5CA68BFA69B443BE12E6542DA
:109100000001002400007A442DE9F04704460D4692
:1091100090461E46F74F042038800820788025733B
:1091200084F80D80A6734FF0000984F81090304643
:1091300007F0BEFF60613146F7F7B5F93888704334
:1091400007F0B6FFA06139887143F7F7ACF93888AA
:10915000704307F0ADFFE06139887143F7F7A3F979
:109160003888684307F0A4FF206239886943F7F71D
:109170009AF9304607F09CFF60623146F7F793F9A1
:109180003888684307F094FF206039886943F7F70F
:109190008AF93888704307F08BFF60603988714323
:1091A000F7F781F9388800FB08F007F081FFA0602D
:1091B000398801FB08F1F7F776F93888684307F03A
:1091C00077FFC4F8E80039886943F7F76CF9217B29
:1091D0000122D4F8E83004F1300006F03FFD388871
:1091E000684307F065FFC4F8EC0039886943F7F776
:1091F0005AF9217B0122D4F8EC3004F1380006F052
:109200002DFDB8F1000F13D0388800FB08F007F0EF
:109210004FFFC4F8F000398801FB08F1F7F743F974
:10922000617B0122D4F8F03004F1400006F016FD15
:109230003888704307F03CFFC4F8F4003988714364
:10924000F7F731F9A17B0122D4F8F43004F148009A
:1092500006F004FD38886843684307F029FFC4F826
:10926000F800398869436943F7F71DF9217B04F158
:109270005000D4F8F8300A4606F0F0FC388868430D
:10928000684307F015FFC4F8FC0039886943694357
:10929000F7F709F9217B04F15800D4F8FC300A46AD
:1092A00006F0DCFC38886843684307F001FF883427
:1092B000A06738886843684307F0FAFEE06739889A
:1092C000A06F69436943F7F7EEF83988E06F6943A7
:1092D0006943F7F7E8F814F87C1CA36F883C04F1A5
:1092E00060000A4606F0BAFC217B04F16800D4F85D
:1092F00004310A4606F0B2FCB8F1000F15D03888E8
:10930000684300FB08F007F0D3FEC4F80801398871
:10931000694301FB08F1F7F7C6F8627B04F17000BE
:10932000217BD4F8083106F099FC388870436843F3
:1093300007F0BEFE9434A06738886843704307F096
:10934000B7FEE0673988A06F71436943F7F7ABF860
:109350003988E06F69437143F7F7A5F814F8882C52
:1093600014F8861CA36F943C04F1780006F076FC98
:10937000A27B04F18000217BD4F8103106F06EFC52
:1093800038886843684307F093FEC4F814013988AD
:1093900069436943F7F787F8217B04F18800D4F823
:1093A00014310A4606F05AFC38887043704307F0BF
:1093B0007FFEC4F81801398871437143F7F773F8D9
:1093C000A17B04F19000D4F818310A4606F046FC5F
:1093D00038886843704307F06BFEC4F81C01398875
:1093E00069437143F7F75FF8A27B04F19800217B92
:1093F000D4F81C3106F032FC207B398810FB00F0D9
:10940000484307F055FEC4F82001217B3A8811FB40
:1094100001F15143F7F747F8207B398810FB00F042
:10942000484307F045FEC4F82401217B3A8811FB2C
:1094300001F15143F7F737F8207B398810FB00F032
:10944000484307F035FEC4F82801217B3A8811FB18
:1094500001F15143F7F727F8207B3988484307F09B
:1094600027FEC4F82C01217B3A885143F7F71BF8FB
:10947000207B3988484307F01BFEC4F83001217B6C
:1094800038884143D4F82C01F7F70DF8217B04F11B
:10949000A000D4F820310A4606F0E0FB217B04F15D
:1094A000A800D4F824310A4606F0D8FB217B04F149
:1094B000B000D4F828310A4606F0D0FB217B012207
:1094C000D4F82C3104F1B80006F0C8FB217B01224E
:1094D000D4F8303104F1C00006F0C0FB84F82890C5
:1094E00084F8299084F82A9084F82B9084F82C90A2
:1094F000BDE8F087F809002470B504460F4DE07B05
:10950000002803D02046FEF74FFE0DE0A27B2888FE
:1095100061684243D4F8F400F6F7ACFFA17B2888D9
:1095200041436068F6F7BFFF627B2888A168424329
:10953000D4F8F000BDE87040F6F79CBFF8090024AD
:109540002DE9F041044694F82C00002827D174340A
:10955000A08CA086E188E186A08734F81A0CE08709
:10956000743C04F1A80204F17801154604F1980056
:1095700006F0D6FC84F8C80004F1B00204F15801EA
:1095800016460F46284606F0CBFC84F8C80004F1C6
:1095900050023146384606F009FD84F8C800BDE89F
:1095A000F0812DE9F041044694F8290000282CD1DF
:1095B00004F1680104F160000D46074606F01AFD4B
:1095C00084F8C80004F1580204F1500116463846E8
:1095D00006F0A6FC84F8C800B4F85800A4F8A80067
:1095E000B4F86A00A4F8AA0004F1A80217462946B4
:1095F000304606F095FC84F8C80004F18801324634
:10960000384606F007FB84F8C800BDE8F0812DE974
:10961000F047044694F82A00002855D104F180014F
:1096200004F178000D46074606F0E4FC6C3484F83B
:109630005C00A089A08734F8120CE0876C3C04F130
:10964000A802384604F158011646884606F068FC20
:10965000823484F84600E08CE08520882086823CB5
:1096600004F1B00229461746304606F059FC903402
:1096700084F838002088208260886082903C04F161
:10968000A002384604F19001914606F0C3FAAA34CC
:10969000A0773946484606F0E5FAA07734F8520C30
:1096A00024F8020C34F8280C208032462946404623
:1096B00006F036FCA077AA3C04F198023946304601
:1096C00006F02EFC84F8C800BDE8F08770B50446AB
:1096D0002046FFF711FFD4F8CC1009B12046884787
:1096E000204600F067F8D4F8D01009B1204688472A
:1096F0002046FFF756FFD4F8D41009B1204688471A
:10970000207C2B4DC0B9E07BB0B1227B288842433E
:10971000D4E93A01F6F7AEFE207B10FB00F2288870
:109720004243D4E93E01F6F7A5FED4F8E01009B1B2
:1097300020468847002029E02046FFF768FFD4F83C
:10974000D81009B120468847204600F06DF8D4F8BB
:10975000DC1009B1204688472046FFF7F1FEE4E718
:1097600000FB0101D4F8F82002EB8101226A02EB30
:109770008002D1ED000A92ED000AF4EEC00AF1EE8B
:1097800010FA01D281ED000A401CC0B2217B814257
:10979000E6D8227B2888D4F8E81042432068F6F700
:1097A00069FED4F8E41009B120468847206870BDEE
:1097B000F80900242DE9F041044694F82800002817
:1097C0002AD1627B04F1300104F1600004F1380514
:1097D00022B3227BA4F8B8200126A4F8BA6004F1D1
:1097E000B802174606F09CFB84F8C800207BA4F85A
:1097F000C000A4F8C26004F1C00204F140011646A2
:1098000004F1700006F08CFB04F8C80F2A463146BC
:10981000384606F0FFF92070BDE8F0812A4606F0D0
:109820007FFB84F8C800F7E72DE9F041044694F87F
:109830002B00002836D1B4F87800A4F8B800012530
:10984000A4F8BA5004F1B80204F13801164604F144
:1098500078000F4606F064FBAA34A07734F8620C57
:10986000E0822583AA3C04F1C002314604F148009D
:10987000904606F09BFB983484F8300020882084C2
:109880006584983C04F198003246414606F048FB56
:1098900084F8C80004F130023146384606F0BAF9BF
:1098A00084F8C800BDE8F0818A7D02F001020272EE
:1098B0008A7DC2F340024272CA8AD20B42758A7D07
:1098C000C2F34012C2758A7DC2F300128275CA8A41
:1098D000C2F3002282730A7D02F0010282714A7D86
:1098E00002F00102C271CA890280098A494241809C
:1098F0007047000010B52DED088BB0EE409ADFEDFB
:1099000032AA9FED32BA9FED32AADFED320A9FED07
:10991000321A49EE490A80EE810A03F05BFCF0EE50
:10992000408AB0EE680A06F087FB9FED2C0A30EE05
:10993000680AF0EE409A06F029F9F0EE400A9FED31
:10994000280A9FED281A01EE600A04F006FBB0EE2B
:10995000408AB0EE690ACAEE08BA06F06DFB2BEE3B
:10996000800A03F0C9FC38EEC00AF0EE409A06F017
:109970000DF9F0EE400A9FED1C0A9FED1C1A08EE4F
:10998000080A21EE081A01EE600A04F0E6FAB0EEC9
:1099900040AAB0EE690A06F04FFB6BEE080A20EE13
:1099A000200A20EE090A20EE2A8AB0EE680A06F0A4
:1099B00043FBDFED0F0A20EE200A60EE0A0A88EE74
:1099C000200ABDEC088B10BD00009643B81E853DF3
:1099D0007F6ABC3D1A51DA3D3D0AD73DFDB5454091
:1099E00022ADB13CBD57AD3CDE718A3BB81E053E91
:1099F0003D0A573D2DE9F0412DED028B8C4EA6F12D
:109A00004807307A9FED8B8A032806F580657DD163
:109A1000002496F92004022829D0032830D096F893
:109A20002803E0B387ED108AC4EB041006EBC008EE
:109A300004EB440000EB041098EDB00A06EB800044
:109A400000F59860DFED7C0A01F042F987ED110A1C
:109A5000D7ED100AC4EBC40030EE800AD8EDB80A86
:109A600006EB800030EE600A80EDFA0A5DE09FEDC3
:109A7000730AC4EBC40006EB800080EDFA0A54E0E0
:109A80009FED6F0A87ED100A06EB8400D0ED8F0A78
:109A9000C4EB041006EBC00898EDB00A00E01AE031
:109AA00004EB440000EB041006EB800000F5986026
:109AB00001F00EF987ED110AD7ED100AC4EBC400CE
:109AC00030EE800AD8EDB80A06EB800030EE600A6E
:109AD00080EDFA0A29E097ED010A87ED100A06EBFE
:109AE0008400D0ED8F0AC4EB041006EBC00804EB31
:109AF000440000EB041098EDB00A06EB800000F57E
:109B0000986001F0E5F887ED110A00E053E0D7ED29
:109B1000100AC4EBC40030EE800AD8EDB80A06EB98
:109B2000800030EE600A80EDFA0A641CE4B2022C78
:109B3000FFF46FAF43483446D6ED7F0A96EDA60A90
:109B400001F0C6F894F8280308B185ED268A94F848
:109B5000A00308B185ED268AD4EDFA0A95ED260A10
:109B600070EEC00AC4EDFA0AD5ED010A30EE800AA3
:109B700085ED010A3448D4EDD10A94EDB30A01F021
:109B8000A7F894EDFB0AD5EDF70A30EE600A84EDF4
:109B9000FB0A2D48D4EDB30A4C3094EDD10A01F004
:109BA00097F8294895ED020A4830D0ED0A0A30EEC0
:109BB000600A85ED020A307A022821D1002406F5D8
:109BC000D16887ED108A06EB8400D0ED8F0AC4EBD4
:109BD000041006EBC00090EDB00A404601F078F8A2
:109BE00087ED110AD7ED100AC4EBC40030EE800AED
:109BF00006EB800080EDFA0A641CE4B2022CE0D38C
:109C00001049D6EDFB0A843996EDFA0AA1F1E40079
:109C1000F7F7E6FAD5ED020A95ED010A0949683928
:109C2000BDEC028BA1F18800BDE8F041F7F7D8BA8E
:109C300000010024000000001F856B3E000002436D
:109C40000000484274050024B808002470B594B0A0
:109C50000024504D05F14806C4EB041006EBC0008B
:109C600090EDB00A90F8281308A8F8F7B3FD04EBBC
:109C7000440006EBC00090EDEA0AD0ED830A30EE16
:109C8000600AD5ED080A30EE200A8DED020A90ED4B
:109C9000EB0AD0ED840A30EE600AD5ED090A30EE09
:109CA000200A8DED030A90EDEC0AD0ED850A30EE26
:109CB000600AD5ED0A0A30EE200A8DED040A90ED17
:109CC000ED0AD0ED860A30EE600AD5ED0B0A30EED3
:109CD000200A8DED050A90EDEE0AD0ED870A30EEF0
:109CE000600AD5ED0C0A30EE200A8DED060A90EDE3
:109CF000EF0AD0ED880A30EE600AD5ED0D0A30EE9D
:109D0000200A8DED070A02A96A4608A8F7F7BCF9F0
:109D1000C4EBC4009DED000A06EB800000F58061F5
:109D200081ED000A9DED010A80EDFB0A641CE4B29E
:109D3000022C91D31848D6ED950A96EDA90A00F0A9
:109D4000C7FF15482838D0ED000A90ED130A70EED1
:109D5000C00AC0ED000AD0ED070A30EE800A80ED9F
:109D6000070A00209FED0D0AC0EB001106EBC101B0
:109D700091F8281339B1C0EBC00106EB810101F560
:109D8000806181ED000A401CC0B20228ECD314B0FF
:109D900070BD0000B8000024280500240000000069
:109DA000D0ED000AD0ED011AB7EE002AB0EE401A4D
:109DB00060EEA11A72EE600AB0EE610A00EE810A4E
:109DC00080ED010A7047000080ED000A9FED020A55
:109DD00080ED010A7047000000000000034630B427
:109DE0000020012B04D0022B04D0032B04D004E06C
:109DF000134802E0134800E0134800281ED0DFEDAE
:109E0000130A20EE200ABDEEC00A10EE104A104BD5
:109E100043F8100C43F80C1C150A1D765A76220ADA
:109E20009A76DC7600221A775A779A77DA770823BF
:109E3000074A89B230BC183206F062BA30BC7047AB
:109E4000EC0D00248C0E00242C0F002400007A441A
:109E5000280B002408B52148016841F00201016087
:109E6000016801F002010091016841F00101016007
:109E7000006800F001000090002205210B20FBF794
:109E800093F80B20FBF782F8002205210C20FBF74A
:109E90008BF80C20FBF77AF8002205210D20FBF748
:109EA00083F80D20FBF772F8002205213820FBF71C
:109EB0007BF83820FBF76AF8002205213920FBF7F0
:109EC00073F83920FBF762F8002205214520FBF7E3
:109ED0006BF8BDE808404520FBF758B8D844025855
:109EE00010B517481549016000218160C160012249
:109EF0000274417481740523436182610E24C4613C
:109F0000036243628262C462036341638263C1632A
:109F10000422026442648164C26401654265816511
:109F2000C1650323036641668266FAF76BFC00286D
:109F300003D0BDE81040F8F703BA10BD00A0004000
:109F4000EC0D002410B5184816490160002181600D
:109F5000C1600122027441748174052343618261EE
:109F60000E24C461036243628262C462036340F2EE
:109F7000563343638263C163016404224264826492
:109F8000C264016542658165C1650323036641665C
:109F90008266FAF737FC002803D0BDE81040F8F7D6
:109FA000CFB910BD00A400408C0E002410B5184895
:109FB0001649016000218160C1600174417481749F
:109FC00005224261012383610E24C4610262426260
:109FD0008362C462026340F2AD6242638363C16321
:109FE0000422026442648164C26401654265816541
:109FF000C1650266416608218166FAF703FC002804
:10A0000003D0BDE81040F8F79BB910BD00D4004064
:10A010002C0F002410B5A4B01C221C491DA8F6F773
:10A0200029FA00211DA806F016FC194C20601C22FC
:10A0300016491C3116A8F6F71DFA002116A806F0DD
:10A040000AFC60601C22114938310FA8F6F712FA99
:10A0500000210FA806F0FFFBA0601C220B49543121
:10A0600008A8F6F707FA002108A806F0F4FBE0605C
:10A070001C220649703101A8F6F7FCF9002101A85D
:10A0800006F0E9FB206124B010BD0000EC160108C9
:10A090000000002430B587B0142102A8F6F703FAB7
:10A0A0002948016841F080010160016801F08001E8
:10A0B0000191016841F004010160016801F00401AF
:10A0C0000191016841F002010160016801F00201A3
:10A0D0000191016841F010010160016801F0100177
:10A0E0000191016841F008010160016801F0080177
:10A0F0000191016841F001010160006800F0010078
:10A100000190124D012209212846FAF7A1FE0921EA
:10A11000029101210391002404940321059102A9D5
:10A120002846FAF78BFD4FF4A05002904FF48810A8
:10A130000390049402A90648FAF780FD0021280440
:10A14000FCF7ECFF07B030BDE044025800080258AD
:10A150000010025810B51648144901604FF48001F0
:10A160004160002181600722C2604FF000720261ED
:10A1700052104261920082611201C2610162416229
:10A180008162C16242638163C1630164416481642D
:10A19000C164016541658165FCF792FC002803D02C
:10A1A000BDE81040F8F7CCB810BD00000038004002
:10A1B000CC0F002410B58AB00024079408940994A9
:10A1C0001C216846F6F76FF91648154901601721FA
:10A1D0004160846042F20F71C1600461802181613D
:10A1E000FDF7ECF908B1F8F7ABF80794099407A963
:10A1F0000C48FCF79FFF08B1F8F7A2F86020009028
:10A200000194029404940C2206486946FDF73BF938
:10A2100008B1F8F795F80348FDF70CF90AB010BD3E
:10A22000000400404411002410B51948174901608A
:10A23000184941604FF4805181604900C160C910E4
:10A2400001610C21416100218161C16101624162B2
:10A250008162FDF7ADFD08B1F8F772F80C480021F6
:10A26000FDF741FB08B1F8F76BF809480021FDF74D
:10A2700014FB08B1F8F764F80548FDF783FA0028E5
:10A2800003D0BDE81040F8F75BB810BD00500040A7
:10A29000E8130024A086010010B518481649016093
:10A2A0004FF4E131416000218160C16001610C2205
:10A2B00042618161C161016241628162FDF778FDA5
:10A2C00008B1F8F73DF80D480021FDF70CFB08B187
:10A2D000F8F736F809480021FDF7DFFA08B1F8F77A
:10A2E0002FF80648FDF74EFA002803D0BDE81040CD
:10A2F000F8F726B810BD0000007800407C14002458
:10A3000010B51848164901604FF4E1314160002151
:10A310008160C16001610C2242618161C1610162A1
:10A3200041628162FDF744FD08B1F8F709F80D4874
:10A330000021FDF7D8FA08B1F8F702F80948002122
:10A34000FDF7ABFA08B1F7F7FBFF0648FDF71AFA7D
:10A35000002803D0BDE81040F7F7F2BF10BD0000A1
:10A36000001001401015002410B52DED088BF0EE03
:10A3700040AAF0EE609AB0EE41AAB0EE619AB0EE5B
:10A38000428B2AEEAA0A09EEA90A0AEE0A0A06F088
:10A39000C7F86AEE80AA69EE809A2AEE00AAB5EEA6
:10A3A000C09AF1EE10FA17D0B5EEC08AF1EE10FAAD
:10A3B00012D0F5EEC08AF1EE10FA0DD029EE090A9E
:10A3C00008EE080A08EEA80A06F0AAF829EE009A94
:10A3D00028EE008A68EE808AF0EE4A0AB1EE6A0A38
:10A3E00003F00AFAB0EE40BAF0EE4A0AB0EE690A9B
:10A3F00003F002FAF0EE40AAB0EE6A0A03F0B0FCF5
:10A40000B0EE40AAB0EE6A0A03F0AAFBF0EE409A62
:10A41000B0EE4B0A03F0A4FBF0EE40BAB0EE4B0AEC
:10A4200003F09EFCB5EEC09AF1EE10FA1ED0B5EE28
:10A43000C08AF1EE10FA19D0F5EEC08AF1EE10FAEA
:10A4400014D069EE2B0A28EE001A28EE800A41EE9D
:10A450000A0A40EE290A28EE290A08EECA0AB1EED5
:10A46000400A03F0C9F9B0EE408A01E09FED388A56
:10A47000F6EE009A2AEEA90AF0EE40AA03F070FB6D
:10A48000F0EE408A2BEE290AB0EE40AA03F068FBFA
:10A49000B0EE409A28EE290AB0EE40BA03F060FB15
:10A4A000B0EE408AB0EE6A0A03F05AFCF0EE409A31
:10A4B000B0EE4A0A03F054FCB0EE40AAB0EE4B0AEC
:10A4C00003F04EFC68EE891A69EE8A2A214A21EED1
:10A4D000882A02EE802A82ED022A29EE893A28EEA5
:10A4E0008A1A63EE080A41EE400AC2ED030A21EE21
:10A4F000081A03EE001A82ED041A61EE801A42EE89
:10A50000C81AC2ED051A22EE020A00EEA00A01EEF8
:10A51000010A01EEA10A00F089F9D2ED020A60EE0B
:10A52000800AC2ED020AD2ED030A60EE800AC2ED93
:10A53000030AD2ED040A60EE800AC2ED040AD2EDED
:10A54000050A20EE800A82ED050ABDEC088B10BDDD
:10A55000000000008C0A002410B52DED088BB0EE31
:10A56000408BB0EE419AB0EE61BAF0EE429AB0EE96
:10A5700062AAB5EEC0BAF6EE00BAF1EE10FA694C76
:10A5800009D1F5EEC09AF1EE10FA04D1B5EEC0AAE9
:10A59000F1EE10FA65D02BEE0B0A09EEA90A0AEECD
:10A5A0000A0A05F0BDFF6BEE002A29EE803A2AEE7A
:10A5B000002AD4ED031A94ED050AD4ED020AD4ED75
:10A5C000043A21EE801A00EEE31A60EEA11A43EE7F
:10A5D000801AF0EE6BAA50EEA0AA40EE00AA63EE3D
:10A5E0002A0A42EE610A22EE012A02EEEA2A62EE0D
:10A5F000A11A43EE411A94ED010AB5EEC00AF1EE3C
:10A6000010FA20DD20EE203A94ED091AD4ED062A46
:10A6100043EE012AC4ED062A60EE023A94ED073AB1
:10A6200003EE813A84ED073A60EE213A94ED080A90
:10A6300003EE810A84ED080A38EE228A78EE838AD6
:10A6400039EE009A07E09FED380A84ED060A84EDA2
:10A65000070A84ED080A38EE208A78EE828A39EEFD
:10A66000219A94ED090A20EE2B1A21EE080A61EED8
:10A67000280A21EE091AD4ED021A94ED032AD4ED2A
:10A68000042AB1EE423A63EE003A94ED053A42EE06
:10A69000E03A43EE413A73EEA14AC4ED024A61EE5C
:10A6A000803A42EE813A43EE603A73EE823AC4ED6C
:10A6B000033A21EEA04A02EE414A03EE004A34EE8C
:10A6C000224A84ED044A21EE811A02EE201A02EE9B
:10A6D000C01A71EE030AC4ED050A24EEA40A03EEC3
:10A6E000A30A04EE040A00EEA00A05F019FFD4ED57
:10A6F000020A60EE800AC4ED020AD4ED030A60EE9D
:10A70000800AC4ED030AD4ED040A60EE800AC4EDA9
:10A71000040AD4ED050A20EE800A84ED050ABDEC9A
:10A72000088B10BD8C0A0024000000000E48DFEDED
:10A730000D0AC0ED010AB7EE001A80ED021AC0ED55
:10A74000030AC0ED040AC0ED050AC0ED060AC0ED1B
:10A75000070AC0ED080A00210170C1EE000AC0ED31
:10A76000090A7047000000008C0A002410B52DED86
:10A77000028BF6EE008A2B4CF0EE680A04F12800FA
:10A7800094ED030AD4ED021A94ED041A40EE400A47
:10A7900021EE800AD4ED051A01EE210A41EE410AAC
:10A7A00005F0E0F894ED0A0A9FED1F8A20EE080AF2
:10A7B00084ED0A0A94ED030AD4ED050A94ED041A17
:10A7C00020EE200AD4ED020A00EEC10AF8EE000ADB
:10A7D00020EE200A02F090FD20EE080A84ED0B0A1C
:10A7E00094ED040AD4ED031A94ED051A40EE408A64
:10A7F00021EE800AD4ED021A04F1300001EE810A44
:10A80000F0EE680A41EE410A05F0ACF894ED0C0A4E
:10A8100020EE080A84ED0C0A01202070BDEC028BAA
:10A8200010BD00008C0A0024E12E6542F6EE000AFD
:10A8300060EE200A10EE100A0A49A1EB600000EE5B
:10A84000100AB7EE081A20EE802AF0EE411A42EE06
:10A85000401A21EE800A60EE800A00EEC01A21EE56
:10A86000000A7047DF59375F10B52DED108BB0EE41
:10A87000408BB0EE419AF0EE61BAF0EE429AB0EE43
:10A8800062AAB0EE43CAB0EE63BAF0EE44AA84B056
:10A89000B5EEC0CAF1EE10FA1CD1B5EEC0BAF1EEB9
:10A8A00010FA17D1F5EEC0AAF1EE10FA12D104B0E9
:10A8B000F0EE4A2AB0EE692AF0EE6B1AB0EE491AB1
:10A8C000F0EE680AB0EE480ABDEC108BBDE810400F
:10A8D000FFF742BEF5EEC0BAF6EE00DAF1EE10FA7E
:10A8E000AE4C09D1F5EEC09AF1EE10FA04D1B5EEF6
:10A8F000C0AAF1EE10FA7CD02BEEAB0A09EEA90A41
:10A900000AEE0A0A05F00CFE2BEE80DA29EE80EA48
:10A910006AEE00EA2CEE0C0A0BEE0B0A0AEEAA0A0B
:10A9200005F0FEFD6CEE009A2BEE00AA6AEE80AAFE
:10A93000D4ED021A21EEA12A8DED002A94ED031A1E
:10A9400021EE81BAD4ED040A61EEA0BA94ED050AB5
:10A9500061EE801A21EE013A21EE202A21EE00CA92
:10A9600060EEA0FA60EE80CA20EE00FA7CEE2B0AC0
:10A970003DEEEF0A70EE4F2ACDED032A22EEA90A32
:10A9800072EE612ACDED022A0AEE220A0AEEA00A30
:10A99000F0EE000A60EE200A32EE210A7DEEC31AC4
:10A9A00020EE290A31EECF1ACDED011A0AEE010A86
:10A9B0003CEECB1A0AEE810AB0EE001A20EE010A34
:10A9C00060EEA00A40EE000AB0EE600A03F0C5FA9D
:10A9D0003CEE6B1A7CEE8B1A61EE290A4AEE210AD4
:10A9E000DDED011A71EEEF3AF0EE001A4AEEA30A1D
:10A9F00000E06FE060EEA10A7BEE2C1A9DED002ACC
:10AA000032EE6D2A32EE0F3ADDED032A22EE802A75
:10AA100000EE812ADDED022A62EE802A40EEA12AB4
:10AA20003BEE8C4A24EE000A00EEA30A6EEE030A07
:10AA30004EEEE10A6AEE003A4AEEE23A70EEA30AFE
:10AA40006EEE813A4DEE433A2AEE823A09EEC03A72
:10AA500033EE833A2DEE210A0EEE410A29EEA21AB8
:10AA60000AEE421A30EE011A94ED010AB5EEC00A60
:10AA7000F1EE10FA20DD60EE202AD4ED091A94EDF3
:10AA8000062A02EEA12A84ED062A60EE033AD4EDEE
:10AA9000072A43EEA12AC4ED072A60EE013A94ED9D
:10AAA000080A03EEA10A84ED080A38EE028A78EE5D
:10AAB000A28A39EE009A07E09FED390A84ED060A72
:10AAC00084ED070A84ED080A38EE208A78EE838A3E
:10AAD00039EE019A94ED090A20EE2D1A21EE080AAA
:10AAE00061EE280A21EE091AD4ED021A94ED032A28
:10AAF000D4ED042AB1EE423A63EE003A94ED053A01
:10AB000042EEE03A43EE413A73EEA14AC4ED024A06
:10AB100061EE803A42EE813A43EE603A73EE823A59
:10AB2000C4ED033A21EEA04A02EE414A03EE004A88
:10AB300034EE224A84ED044A21EE811A02EE201AF4
:10AB400002EEC01A71EE030AC4ED050A24EEA40A4F
:10AB500003EEA30A04EE040A00EEA00A05F0E0FCEE
:10AB6000D4ED020A60EE800AC4ED020AD4ED030AB5
:10AB700060EE800AC4ED030AD4ED040A60EE800A98
:10AB8000C4ED040AD4ED050A20EE800A84ED050A1E
:10AB90000020207004B0BDEC108B10BD8C0A002486
:10ABA00000000000FEE700002DE9F0412DED048BD0
:10ABB000B0EE608AF0EE418AB0EE619AF0EE429A11
:10ABC0002B4C44F8100C44F80C1C10209FED291A53
:10ABD000DFED290A05F064FC05460C209FED271ADD
:10ABE000DFED270AB0EE480A05F05AFC06469FED55
:10ABF000268A0C209FED231AF0EE480AB0EE680A70
:10AC000005F04EFC07460C20B1EE041AF0EE480A9F
:10AC1000B0EE490A05F044FC80460C209FED1B1A5B
:10AC2000DFED1B0AB0EE690A05F03AFC0146280A7E
:10AC3000207665763009A076320142EA1720E07668
:10AC400027774FEA181060774FEA081242EA11207E
:10AC5000A077E17704F1180234F80C0C082381B2D4
:10AC600054F8100CBDEC048BBDE8F04105F048BB76
:10AC7000280B0024DA0F4941DA0F49C100003442A1
:10AC8000000034C20000FA430000000000005842F7
:10AC9000000058C230B5DDE9035401708270437082
:10ACA000057280ED010A448101210173064A054BBA
:10ACB000116843F82100491C11601E2901D91E208A
:10ACC000106030BD185C0024480B0024FEE7000033
:10ACD000002814D0D0ED111AC0ED121A90ED101A00
:10ACE00080ED111AC0ED070A80ED080A30EEC00AA7
:10ACF00080ED100A017829B101295CD09CE09FED1C
:10AD0000500A7047D0ED010A20EE802A80ED0A2A11
:10AD1000D0ED0B0AD0ED021A41EE800AC0ED0B0A0D
:10AD2000D0ED0E1AC0ED0F1AD0ED0D1AC0ED0E1AAF
:10AD3000D0ED042A30EE410AB7EE001A62EEA11AF5
:10AD400031EE621A41EE001AC0ED0D1A90ED030AC1
:10AD500020EE211A80ED0C1A90ED060AF4EEC00ADE
:10AD6000F1EE10FA02DD80ED0B0A08E0B1EE400AC8
:10AD7000F4EEC00AF1EE10FA01D280ED0B0A90ED6C
:10AD80000B0A32EE000A30EE010A80ED090AD0ED1E
:10AD9000050AB4EEE00AF1EE10FA02DDC0ED090A90
:10ADA0004AE0F1EE600AB4EEE00AF1EE10FA43D2A6
:10ADB000C0ED090A40E070EE410A90ED012A20EE54
:10ADC000822A80ED0A2AD0ED020A60EE800AC0EDE8
:10ADD0000B0AD0ED0E2AC0ED0F2AD0ED0D2AC0EDE2
:10ADE0000E2AF0EE002A01EE620A30EE210A80ED12
:10ADF0000D0A90ED031A21EE000A80ED0C0A72EEA6
:10AE0000200A30EE800AD0ED090A30EE200A80EDEB
:10AE1000090AD0ED050AB4EEE00AF1EE10FA02DDFF
:10AE2000C0ED090A08E0F1EE600AB4EEE00AF1EEC6
:10AE300010FA01D2C0ED090A90ED090A704700002E
:10AE40000000000000282AD0002A28D0017092EDCE
:10AE5000001A80ED011A92ED011A80ED021A92EDAE
:10AE6000021A80ED031A9FED0E1A80ED041A80ED90
:10AE7000050AC0ED060A80ED0F1A80ED0E1A80ED6E
:10AE80000D1A80ED091A80ED0C1A80ED0B1A80ED79
:10AE90000A1A80ED121A80ED111A80ED101A70470F
:10AEA0000000000000B5AFB0B8216846F5F7FBFA26
:10AEB00000204FF40041CDE9001018200290C82076
:10AEC0000390022004900590069000200790202116
:10AED0000891099008061B906846FAF795FA002831
:10AEE00001D0F7F72DFA2FB000BD00002DE9F04793
:10AEF000044688460027DFF81491D9F80000C043C3
:10AF0000800709D0414D283D286820F080602860E6
:10AF1000F9F7A6FF064609E00120BDE8F087F9F73A
:10AF20009FFF801B022801D90320F6E72868000153
:10AF3000F5D4D9F80000216820F47C3040EA0130D3
:10AF4000C9F80000A0884FF6FF72A168401E491E94
:10AF5000C0F3080002EA41210843A1894FF4FE0230
:10AF6000491E02EA01410843217C1202491E02EAFD
:10AF7000016108432549103108602448001D01681B
:10AF8000626921F0C001114301600168A26921F0EA
:10AF9000200111430160016821F0100101601B498B
:10AFA00014310A684FF6F8739A43E36942EAC30220
:10AFB0000A60016841F010010160B8F1000F0ED085
:10AFC000B8F1010F10D0016841F400110160286848
:10AFD00040F080602860F9F743FF044610E0016804
:10AFE00041F400210160F2E7016841F48011016041
:10AFF000EDE7F9F735FF001B022801D903208CE7A4
:10B0000028680001F5D5384687E700002844025833
:10B010002DE9F047044688460027DFF81491D9F857
:10B020000000C043800709D0414D283D286820F02A
:10B0300080502860F9F714FF064609E00120BDE8BA
:10B04000F087F9F70DFF801B022801D90320F6E7EE
:10B0500028688000F5D4D9F80000218820F07C70A1
:10B0600040EA0150C9F80000A0884FF6FF72A168BD
:10B07000401E491EC0F3080002EA41210843A1898D
:10B080004FF4FE02491E02EA01410843217C1202EC
:10B09000491E02EA01610843254918310860244825
:10B0A000001D0168626921F440611143016001687B
:10B0B000A26921F4007111430160016821F48071DB
:10B0C00001601B491C310A684FF6F8739A43E36923
:10B0D00042EAC3020A60016841F480710160B8F17C
:10B0E000000F0ED0B8F1010F10D0016841F080714F
:10B0F0000160286840F080502860F9F7B1FE0446EE
:10B1000010E0016841F480010160F2E7016841F458
:10B1100000010160EDE7F9F7A3FE001B022801D949
:10B1200003208CE728688000F5D5384687E70000C3
:10B13000284402580148FBF7ABBB0000CC0F0024A9
:10B1400010B502685169936943F00803936102687E
:10B15000936943F0100393610268136823F00103BD
:10B1600013600268136940F26F34A34313610268ED
:10B17000936823F44043936090F88120042A0CD014
:10B180008A060AD5D0F8842042F08002C0F88420D4
:10B190000268936943F02003936190F88120032AA9
:10B1A0000CD04A060AD5D0F8842042F00402C0F838
:10B1B00084200268936943F0400393618A050AD5AD
:10B1C000D0F8842042F00102C0F88420026893691C
:10B1D00043F400739361C9050AD5D0F8841041F097
:10B1E0000801C0F8841001688A6942F480728A619B
:10B1F000002120F8621F018110BD10B5806B002175
:10B200006230018101800121C1776238FBF73EFB8A
:10B2100010BDC16B012202EB5111C068401CC01D62
:10B22000C008484370472DE9F04106460D461746D1
:10B230001C46DDF8188008E0F9F712FEA0EB0800C4
:10B24000A04201D3601C0BD154B13068406935EA8B
:10B25000000007D00020B842EED00020BDE8F08109
:10B260000320FBE70120F6E70A4B43F8100C0A44E1
:10B2700043F80C2CFF21197659769976D9761977EF
:10B2800059779977FE21D97791B2024A082318326B
:10B2900005F036B8280B00242DE9F041584A104635
:10B2A00000F10C04117A00F1540500F19C0602290A
:10B2B00000F1E40726D0032924D0042958D0092915
:10B2C00037D09FED500A82ED110A82ED230A82EDFC
:10B2D000350A82ED470A2046F6F7D0FF012005F037
:10B2E000ADFA2846F6F7CAFF012005F0A7FA304666
:10B2F000F6F7C4FF012005F0A1FA3846BDE8F04199
:10B30000F6F7BCBF2046F6F7B9FF012005F096FA24
:10B310002846F6F7B3FF012005F090FA3046F6F71D
:10B32000ADFF012005F08AFA3846BDE8F041F6F796
:10B33000A5BFB1EE040A2046F6F7BAFF012005F0DA
:10B340007DFAB1EE040A2846F6F7B2FF012005F0B7
:10B3500075FAB1EE040A3046F6F7AAFF012005F0AF
:10B360006DFA3846BDE8F041B1EE040AF6F7A0BF29
:10B37000B1EE000A2046F6F79BFF012005F05EFAC9
:10B38000B1EE000A2846F6F793FF012005F056FAC1
:10B39000B1EE000A3046F6F78BFF012005F04EFAB9
:10B3A000B1EE000A3846F6F783FF174890F82410EC
:10B3B000002922D090F8251000291ED090F82610E0
:10B3C00000291AD090F82700002816D02046F6F75A
:10B3D00091FF012005F032FA2846F6F78BFF012095
:10B3E00005F02CFA3046F6F785FF012005F026FA25
:10B3F0003846BDE8F041F6F77DBFBDE8F0810000BA
:10B4000000010024000000000C5500241CB5174862
:10B4100000224FF40071037A032B07D00023144855
:10B42000009201921A46F5F7F1FE1CBD0F4B90ED0C
:10B43000591A483B93ED0E0AC1EE000AC0ED570AB7
:10B44000D0ED6B1A81EE801A80ED691ABDEEC10A4B
:10B450000092019210EE100ABDEEE00A03B210EE67
:10B46000100A02B20248F5F7D1FE1CBD000100240B
:10B470008C0E0024064C07A094EDFA0AB7EEC00A21
:10B4800053EC102B05F014FA012005F0D7F9F2E780
:10B490000001002425660A00064801210170417060
:10B4A000054C207A092801D105F0E4FC012005F0C3
:10B4B000C5F9F6E7F60900240001002410B5502074
:10B4C00080F31188BFF34F8FBFF36F8F06F040F802
:10B4D00018B104494FF080500860002080F31188B3
:10B4E00010BD000004ED00E010B59CB04C2109A88F
:10B4F000F4F7D9FF202101A8F4F7D5FF0220F9F7CE
:10B5000085FD00241C48016821F440410160016868
:10B5100001F44041009101688904FCD501210991A1
:10B5200008040A9002201290139014902822159279
:10B530001691179018900C2019901A941B9409A832
:10B54000FAF7B8FE08B1F6F7FBFE3F2001900320A2
:10B550000290039408200490402005900690010179
:10B5600007910890032101A8FAF716FC002801D0E2
:10B57000F6F7E6FE1CB010BD1848025810B52D486D
:10B58000016841F4700101602B4A106800F00F005F
:10B59000072804D2106820F00F00C01D1060274952
:10B5A000086840F001000860244B00201033186048
:10B5B0000B68234C23400B60136803F00F03072B29
:10B5C00004D9136823F00F03DB1D13601B4A1832E4
:10B5D0001060121D1060121D1060184B194A28339C
:10B5E0001A601B1D184A1A601B1D184A1A601B1D81
:10B5F00018601B1D1A601B1D18601B1D1A601A1D88
:10B6000010600A6822F480220A600C4960310860E8
:10B610000A48D4300168C9040BD4016841F4805150
:10B6200001600B4A43F2D2011160016821F480519C
:10B63000016010BD88ED00E0002000520044025877
:10B640007FEDF6EA000202020000FF018002010124
:10B65000004000520148FBF744BE0000841700245C
:10B660002DE9F04F02684FF0804A2A4D2A4E2B4FA9
:10B67000A842DFF8ACC02B4B09D0504507D0B042F0
:10B6800005D0B84203D0604501D0984203D122F0E2
:10B6900070044A682243DFF89080DFF89090A84257
:10B6A000DFF88CB015D0504513D0B04211D0B8425D
:10B6B0000FD060450DD098420BD0404509D0484589
:10B6C00007D0584505D01B4CA04202D01A4CA042CE
:10B6D00003D122F44074CA6822434C6922F08002EC
:10B6E00022438C68C4620C688462A84207D09842E6
:10B6F00005D0404503D0484501D0584501D10969DE
:10B700000163016841F004010160012141610260AF
:10B71000BDE8F08F00000140000400400008004038
:10B72000000C004000040140004001400044014082
:10B730000048014000E0004000E4004010B5012353
:10B7400001F01F018B40046A9C430462036A8A4033
:10B750001343036210BD00002DE9F043046A026A3E
:10B7600022F001020262426883691D4D2B4023F0E2
:10B7700003030D681D4324F002048B682343194E14
:10B78000194FDFF868C0B042DFF86480DFF86490DA
:10B7900007D0B84205D0604503D0404501D04845A8
:10B7A00005D123F00804CB68234323F00403B042FF
:10B7B00007D0B84205D0604503D0404501D0484588
:10B7C00007D122F4807222F400724C6914438A6912
:10B7D000224342608561496841630362BDE8F083AA
:10B7E0008FFFFEFF000001400004014000400140C7
:10B7F0000044014000480140F0B5056A026A22F0A9
:10B8000010020262426883691A4C234023F4407399
:10B810000C6843EA042425F020038D6843EA0513ED
:10B82000154D164EA84201D0B04206D123F0800338
:10B83000CF6843EA071323F04003A8420AD0B0427E
:10B8400008D00F4DA84205D00E4DA84202D00E4D93
:10B85000A84209D122F4806222F400624D6942EAD2
:10B8600085028D6942EA850242608461496881638C
:10B870000362F0BDFF8FFFFE0000014000040140A5
:10B88000004001400044014000480140F0B5056A15
:10B89000026A22F4807202624268C3691A4C234031
:10B8A00023F003030C681C4325F400738D6843EAFE
:10B8B0000523164D164EA84201D0B04206D123F4FE
:10B8C0000063CF6843EA072323F48063A8420AD0C9
:10B8D000B04208D00F4DA84205D00F4DA84202D06B
:10B8E0000E4DA84209D122F4805222F400524D6933
:10B8F00042EA05128D6942EA05124260C461496854
:10B90000C1630362F0BD00008FFFFEFF0000014035
:10B910000004014000400140004401400048014053
:10B9200030B5046A026A22F4805202624268C36936
:10B93000124D2B4023F440730D6843EA052324F491
:10B9400000548D6844EA05340D4DA8420BD00D4DCE
:10B95000A84208D00C4DA84205D00C4DA84202D0F8
:10B960000B4DA84204D122F480424D6942EA85126F
:10B970004260C36149680164046230BDFF8FFFFE0D
:10B98000000001400004014000400140004401402B
:10B990000048014030B5056A026A22F48032026232
:10B9A0004268436D114C23400C681C4325F400335E
:10B9B0000D8943EA05430E4DA8420BD00D4DA84218
:10B9C00008D00D4DA84205D00C4DA84202D00C4D18
:10B9D000A84204D122F480324D6942EA0522426035
:10B9E000446549688165036230BD00008FFFFEFF3A
:10B9F00000000140000401400040014000440140BB
:10BA00000048014030B5056A026A22F480120262E1
:10BA10004268436D114C23400C6843EA042425F42A
:10BA200000130D8943EA05530D4DA8420BD00D4D6F
:10BA3000A84208D00C4DA84205D00C4DA84202D017
:10BA40000B4DA84204D122F480224D6942EA85229E
:10BA5000426044654968C165036230BDFF8FFFFEE7
:10BA6000000001400004014000400140004401404A
:10BA7000004801400148FBF7C5BF0000E81300245F
:10BA800010B507480068C169C943C90603D410212D
:10BA9000016201F0F9FABDE810400148FBF7B2BFBE
:10BAA0007C14002430B5416E002917D002689168DB
:10BAB000C1F342619268520F0B4B9C5C250103F16C
:10BAC0000804A25CB5FBF2F2A0F86A205A5C615C43
:10BAD0001201B2FBF1F1A0F8681030BD012168300D
:10BAE0004180018030BD0000F417010890F8281053
:10BAF000090706D501684A68836B22F400421A439D
:10BB00004A6090F82810C90706D001684A68C36ADD
:10BB100022F400321A434A6090F82810890706D5AB
:10BB200001684A68036B22F480321A434A6090F835
:10BB30002810490706D501684A68436B22F4802221
:10BB40001A434A6090F82810C90606D501688A6829
:10BB5000C36B22F480521A438A6090F82810890639
:10BB600006D501688A68036C22F400521A438A6081
:10BB700090F82810490611D501684A68436C22F4F0
:10BB800080121A434A60416CB1F5801F06D10168EA
:10BB90004A68836C22F4C0021A434A6090F8281065
:10BBA000090606D501684A68C06C22F400220243E7
:10BBB0004A6070472DE9F84304460025C4F89050C8
:10BBC000F9F74EF98046206800686FF07E474FF025
:10BBD0002006000716D50022434631042046009770
:10BBE00000F016FF70B1206850E8001F21F08001BE
:10BBF00040E80012002AF6D18434666025700320E4
:10BC0000BDE8F88320680068400720D5002243463D
:10BC10004FF480012046009700F0FAFEB8B120688A
:10BC200050E8001F21F4907140E80012002AF6D17C
:10BC30002068083050E8001F21F0010140E80012A0
:10BC4000002AF5D18434A66025700320D8E76C342F
:10BC5000E66126622560656025760020D0E710B594
:10BC6000806B0021A0F85E10FBF7B4FE10BD70B52C
:10BC7000846BD4F88800D4F88C50216889684FF020
:10BC80000006090606D5212804D1A4F856602046EE
:10BC900000F0CAF820688068400606D5222D04D13D
:10BCA000A4F85E60204600F083F8D4F8900040F0DD
:10BCB0001000C4F890002046FBF78CFE70BD0146D2
:10BCC00010B5886B0023C969B1F5807F2DD0A0F82D
:10BCD0005E30016851E8002F22F4807241E80024B0
:10BCE000002CF6D10168083151E8002F22F0010242
:10BCF00041E80024002CF5D10168083151E8002FFB
:10BD000022F0400241E80024002CF5D12021C0F8A7
:10BD10008C10C16E012908D1016851E8002F22F072
:10BD2000100241E80024002CF6D10367C16E0129FE
:10BD300002D0FCF7E1F910BDB0F85C10FBF792FD02
:10BD400010BD10B5806B01210167C16E012902D0C1
:10BD5000FCF7D3F910BDB0F85C104908FBF782FD81
:10BD600010BD014610B5886BC969B1F5807F16D04A
:10BD70000021A0F856100168083151E8002F22F088
:10BD8000800241E80023002BF5D1016851E8002F23
:10BD900042F0400241E80023002BF6D110BDFCF731
:10BDA000F5F910BD10B5806BFCF7FCF910BD000073
:10BDB00010B5016851E8002F22F4907241E8002389
:10BDC000002BF6D10E4B0168083151E8002F1A40C4
:10BDD00041E80024002CF6D1C16E012908D1016888
:10BDE00051E8002F22F0100241E80023002BF6D189
:10BDF0002021C0F88C100021C166416710BD0000F1
:10BE0000FEFFFFEF10B5016851E8002F22F040025D
:10BE100041E80023002BF6D12021C0F88810002132
:10BE20008167FCF7B3F910BD016851E8002F22F0DB
:10BE3000C00241E80023002BF6D10168083151E827
:10BE4000002F22F4000241E80023002BF5D120212D
:10BE5000C0F888107047000010B5B0F86020D0F826
:10BE60008C300168222B04D0886940F0080088617A
:10BE700010BD496A50F8583F114019800168891C6B
:10BE80000160C188491EC180C18858380029EFD19E
:10BE9000016851E8002F22F4907241E80023002B42
:10BEA000F6D10168083151E8002F22F0010241E883
:10BEB0000023002BF5D12021C0F88C10002444670A
:10BEC0000467164A016891420BD04968090208D5F7
:10BED000016851E8002F22F0806241E80023002B26
:10BEE000F6D1C16E012902D0FCF706F910BDC46677
:10BEF000016851E8002F22F0100241E80023002BD6
:10BF0000F6D10168CA69D243D20601D410220A626E
:10BF1000B0F85C10FBF7A6FC10BD0000000C005848
:10BF20002DE9F0470446B4F860802068C569D0F870
:10BF300000908668D4F88C10222905D0816941F0E0
:10BF400008018161BDE8F087B4F868A0002743E0EC
:10BF50002068406AA16D00EA08000880A06D801C7E
:10BF6000A065B4F85E00401EA4F85E002068C569B4
:10BF700069072ED0E9070AD05FEAC95107D5012128
:10BF80000162D4F8900040F00100C4F89000A807C6
:10BF90000AD5F00708D0216802200862D4F8900082
:10BFA00040F00400C4F8900068070AD5F00708D0F4
:10BFB000216804200862D4F8900040F00200C4F820
:10BFC0009000D4F8900020B12046FBF703FDC4F8A0
:10BFD0009070B4F85E0010B3BAF1000F01D0A8065B
:10BFE000B6D4B4F85E000028ACD0B4F86810814232
:10BFF000A8D92068083050E8001F21F0805140E89F
:10C000000012002AF5D129486067206850E8001F17
:10C0100041F0200140E80012002AF6D192E72068A2
:10C0200050E8001F21F4807140E80012002AF6D188
:10C030001F4A2068083050E8001F114040E80013F4
:10C04000002BF6D12020C4F88C00676727671949B8
:10C05000206888420BD04068000208D5206850E86C
:10C06000001F21F0806140E80012002AF6D1E06E46
:10C07000012803D02046FCF73FF8B2E7E7662068C6
:10C0800050E8001F21F0100140E80012002AF6D10C
:10C090002068C169C943C90601D410210162B4F8FE
:10C0A0005C102046FBF7DEFB9BE7000059BE000852
:10C0B000FEFFFFEF000C005810B5B0F86020D0F87C
:10C0C0008C300168222B04D0886940F00800886118
:10C0D00010BD496A114050F8582F11700168491C71
:10C0E0000160C188491EC180C18858380029EFD13C
:10C0F000016851E8002F22F4907241E80023002BE0
:10C10000F6D10168083151E8002F22F0010241E820
:10C110000023002BF5D12021C0F88C1000244467A7
:10C120000467164A016891420BD04968090208D594
:10C13000016851E8002F22F0806241E80023002BC3
:10C14000F6D1C16E012902D0FBF7D6FF10BDC4663F
:10C15000016851E8002F22F0100241E80023002B73
:10C16000F6D10168CA69D243D20601D410220A620C
:10C17000B0F85C10FBF776FB10BD0000000C005817
:10C180002DE9F0470446B4F860802068C569D0F80E
:10C1900000908668D4F88C10222905D0816941F07E
:10C1A00008018161BDE8F087B4F868A0002743E08A
:10C1B0002068406AA16D00EA08000870A06D401C6C
:10C1C000A065B4F85E00401EA4F85E002068C56952
:10C1D00069072ED0E9070AD05FEAC95107D50121C6
:10C1E0000162D4F8900040F00100C4F89000A80764
:10C1F0000AD5F00708D0216802200862D4F8900020
:10C2000040F00400C4F8900068070AD5F00708D091
:10C21000216804200862D4F8900040F00200C4F8BD
:10C220009000D4F8900020B12046FBF7D3FBC4F86F
:10C230009070B4F85E0010B3BAF1000F01D0A806F8
:10C24000B6D4B4F85E000028ACD0B4F868108142CF
:10C25000A8D92068083050E8001F21F0805140E83C
:10C260000012002AF5D129486067206850E8001FB5
:10C2700041F0200140E80012002AF6D192E7206840
:10C2800050E8001F21F4807140E80012002AF6D126
:10C290001F4A2068083050E8001F114040E8001392
:10C2A000002BF6D12020C4F88C0067672767194956
:10C2B000206888420BD04068000208D5206850E80A
:10C2C000001F21F0806140E80012002AF6D1E06EE4
:10C2D000012803D02046FBF70FFFB2E7E76620688E
:10C2E00050E8001F21F0100140E80012002AF6D1AA
:10C2F0002068C169C943C90601D410210162B4F89C
:10C300005C102046FBF7AEFA9BE70000B9C00008BE
:10C31000FEFFFFEF000C00582DE9F04387B0044604
:10C320000026DFF8FC9320682269A168E3691143C5
:10C3300062691A4311430268FA4B1A400A430260C9
:10C3400020684168E26821F4405111434160A069CE
:10C350002168494501D0226A10438A68F24B1A408D
:10C3600002438A602068C16A626A21F00F011143AA
:10C37000C162EE4A2068EE4990421DD1096801F081
:10C380003801182912D005DC51B108290AD010292A
:10C3900004D109E020290BD028290BD080212DE1E0
:10C3A00001212BE1042129E1082127E1102125E1C8
:10C3B000202123E1402121E1DE4A904217D1096882
:10C3C00001F00701062910D2DFE801F00305070993
:10C3D0000B0D002112E1042110E108210EE11021D2
:10C3E0000CE120210AE1402108E1802106E1D24A46
:10C3F000904217D1096801F00701062910D2DFE841
:10C4000001F0030507090B0D0021F7E00421F5E019
:10C410000821F3E01021F1E02021EFE04021EDE0E0
:10C420008021EBE0C54A904217D1096801F007016D
:10C43000062910D2DFE801F0030507090B0D0021E2
:10C44000DCE00421DAE00821D8E01021D6E0202148
:10C45000D4E04021D2E08021D0E0B94A904217D107
:10C46000096801F00701062910D2DFE801F0030591
:10C4700007090B0D0021C1E00421BFE00821BDE048
:10C480001021BBE02021B9E04021B7E08021B5E0D8
:10C49000AC4A90421DD1096801F03801182912D028
:10C4A00005DC51B108290AD0102904D109E020295E
:10C4B0000BD028290BD08021A0E001219EE004218F
:10C4C0009CE008219AE0102198E0202196E040218C
:10C4D00094E09D4A904217D1096801F007010629AE
:10C4E00010D2DFE801F0030507090B0D002185E0FC
:10C4F000042183E0082181E010217FE020217DE0FC
:10C5000040217BE0802179E0904A904217D1096870
:10C5100001F00701062910D2DFE801F00305070941
:10C520000B0D00216AE0042168E0082166E010217B
:10C5300064E0202162E0402160E080215EE0844AE6
:10C5400090421DD1096801F03801182912D005DC8C
:10C5500051B108290AD0102904D109E020290BD0B3
:10C5600028290BD0802149E0012147E0042145E042
:10C57000082143E0102141E020213FE040213DE03F
:10C58000744A90421DD1096801F03801182912D06F
:10C5900005DC51B108290AD0102904D109E020296D
:10C5A0000BD028290BD0802128E0012126E004218E
:10C5B00024E0082122E0102120E020211EE040217B
:10C5C0001CE0484519D15A49091D096801F00701C5
:10C5D000062910D2DFE801F0030507090B0D02213F
:10C5E0000CE004210AE0082108E0102106E02021E7
:10C5F00004E0402102E0802100E08021564D4C4AB9
:10C600004FF4004C554F4FF000082B11543A484559
:10C6100056D110292BD006DC02291AD004291CD0AF
:10C62000082904D11EE0202929D0402929D000253D
:10C630000126EDB3606A37F81020B5FBF2F06768A9
:10C6400007EB4701814202D8B0EB073F1BD9012617
:10C65000EDE0F8F707FD0546EBE704A8F8F714FD51
:10C66000059DE6E701A8F8F7EFFD029DE1E71068F8
:10C670008006DED51068C0F3C100C540D9E71D466D
:10C68000D7E76546D5E7002328461946F3F7A0FE0D
:10C690000902020241EA1061780810183A460023A4
:10C6A00041EB0801F3F794FE2D4AA0F5407100E03C
:10C6B00058E0914202D82168C860B8E00126B6E08F
:10C6C000E0694FF6EF7960456DD1082958D005DC57
:10C6D00029B301294BD0042906D14CE0102954D0AC
:10C6E00020295AD040295AD000250126D5B3606AA6
:10C6F00037F81000B5FBF0F04100606801EB500125
:10C70000B1FBF0F0A0F1100149454AD84FF6F071A5
:10C710000140C0F3420001432068C16087E022E08D
:10C72000000C0058F369FFCFFFF4FF110010014027
:10C73000544402580044004000480040004C00406F
:10C74000005000400014014000780040007C004090
:10C7500000180140001C01400090D003DC170108C4
:10C76000FFFC0F0061E0F9F7A7FC0546BEE7F9F70B
:10C77000B5FC0546BAE704A8F8F786FC059DB5E7C1
:10C7800001A8F8F761FD029DB0E710688006ADD5FD
:10C790001068C0F3C100C540A8E71D46A6E765467E
:10C7A000A4E7012643E008292ED005DCF9B10129D0
:10C7B00021D0042906D122E010292AD0202930D006
:10C7C000402930D0002501267DB3606A37F810007B
:10C7D000B5FBF0F1606801EB5001B1FBF0F0A0F1A6
:10C7E0001001494522D8216880B2C8601FE0F9F7DE
:10C7F00063FC0546E8E7F9F771FC0546E4E704A8A1
:10C80000F8F742FC059DDFE701A8F8F71DFD029D42
:10C81000DAE710688006D7D51068C0F3C100C540BC
:10C82000D2E71D46D0E76546CEE700E001260120AD
:10C83000683460802080C4F80C80C4F8108007B091
:10C840003046BDE8F083000070B5044644F8581F38
:10C85000A2800021A16322206063A06A583C0028C6
:10C860001DD01F4BC363241D1E48E36F1864E36F84
:10C870001D48D864E06F0165134654F8041CE56F49
:10C88000606D2431241F02462846F7F721FB30B1A2
:10C8900010208C34606020202060012070BD206951
:10C8A00040B1206850E8001F41F4807140E8001258
:10C8B000002AF6D12068083050E8001F41F001013D
:10C8C00040E80012002AF5D12068083050E8001F27
:10C8D00041F0400140E80012002AF5D1002070BD6F
:10C8E000BFBC000843BD00086FBC000870B581657F
:10C8F000A0F85C20A0F85E2000234367FF24816835
:10C900004FF48055A94209D1016911B1A0F86040E6
:10C910000BE040F2FF11A0F8601006E07F26C1B1E5
:10C92000B1F1805F1DD0A0F86030C0F890302221B6
:10C93000C0F88C100168083151E8003F43F0010352
:10C9400041E80034002CF5D1416EB1F1005F11D007
:10C9500034E0016911B1A0F86060E6E7A0F860403A
:10C96000E3E7016919B13F21A0F86010DDE7A0F805
:10C970006060DAE7B0F8681091421FD88168A94278
:10C9800001D10169B9B11E494167016941B101682D
:10C9900051E8002F42F4807241E80023002BF6D1C9
:10C9A0000168083151E8002F42F0805241E800232D
:10C9B000002BF5D121E013494167E6E78168A942E0
:10C9C00001D1016969B110494167016961B101682B
:10C9D00051E8002F42F4907241E80023002BF6D179
:10C9E0000BE00A494167F0E7016851E8002F42F087
:10C9F000200241E80023002BF6D1002070BD00008A
:10CA000081C1000821BF0008B9C0000859BE000854
:10CA10002DE9F04704460D4617469846089E4FF00C
:10CA2000000935E0701C33D0F8F71AFAA0EB0800C3
:10CA3000B04219D8C6B120680168490728D5802DB1
:10CA400026D0402D24D0C169C94309070ED42068DF
:10CA5000082505622046FFF7ABF9C4F8905084F82A
:10CA600084900120BDE8F0870320FBE7C069C04344
:10CA700000050DD421684FF4006008622046FFF7DE
:10CA800097F92020C4F8900084F884900320E9E707
:10CA90002068C06935EA000004D00020B842C1D047
:10CAA0000020DFE70120F9E704F07AFA012003F023
:10CAB000C5FEF9E70148FAF7A5BF000010150024EC
:10CAC00010B52DED088B584C606890ED000A84ED90
:10CAD000A40A90ED030A84EDA50A90ED010A84ED05
:10CAE000A60AD0ED040AC4EDA70AD0ED020AC4EDEF
:10CAF000A80AD0ED050AC4EDA90A04F50960FDF7FE
:10CB00004FF96068D0ED06AA90ED07BAD0ED08BAEB
:10CB100094EDA40A01F024F8F0EE408A94EDA40A02
:10CB200001F01EF9B0EE409A94EDA60A01F018F853
:10CB3000B0EE408A94EDA60A01F012F9B0EE40AAD8
:10CB400094EDA80A01F00CF8F0EE409A94EDA80AD2
:10CB500001F006F9DFED350A6AEE200AC4ED9F0AFE
:10CB60009FED332A29EE021A61EE081AC4EDA01ACD
:10CB700028EE821A21EE081A84EDA11A7AEEE00A54
:10CB8000C4ED9C0A7BEE610AC4ED9D0A3BEEC11A1E
:10CB900084ED9E1A68EE293A69EE0A1A61EEA92A16
:10CBA00048EEC02A28EE8A1A21EE293A09EE003A08
:10CBB00028EE004A61EE801A48EEA91A21EE000A1A
:10CBC00009EE690AB1EE4A1A69EE084A28EE885A57
:10CBD00063EEAA3A42EE8B3A43EE2B3AC4EDAA3A00
:10CBE00064EE2A2A41EE8B2A40EE2B2AC4EDAB2AB2
:10CBF00021EE2A0A04EE8B0A05EE2B0A30EE420AD9
:10CC000084EDAC0A94EDA40AB1EE400A84EDA20AC8
:10CC100094EDA50AB1EE400A84EDA30AC4ED9A0A88
:10CC2000BDEC088B10BD000000010024CDCC1CC160
:10CC3000CDCC1C412DE9F0412D4D01242D4E287AFB
:10CC400004282FD195ED0A0AB7EEC00AB0EEC01B3A
:10CC50009FED290BB4EEC01BF1EE10FA22D295ED38
:10CC60001C1AB7EEC11AB0EEC11BB4EEC01BF1EE38
:10CC700010FA17D295ED2E1AB7EEC11AB0EEC11BFD
:10CC8000B4EEC01BF1EE10FA0CD295ED401AB7EEDF
:10CC9000C11AB0EEC11BB4EEC01BF1EE10FA01D206
:10CCA00086F82840F8F7DCF8297A04291DD10021FC
:10CCB000134F01EBC10205EBC202136A06EB8102BE
:10CCC0005360BB4206DD06EB010C00238CF82430D8
:10CCD000506106E05269821AC82A02D9721882F895
:10CCE0002440491CC9B20429E3D3BDE8F081000007
:10CCF000000100240C550024000000E04D62503F6C
:10CD0000CDCC4C3D034890ED0F0A483080EDF90A38
:10CD100070470000B80000242DE9F0472DED068B88
:10CD200086B000260121934D8C1E204695ED0A0AFF
:10CD3000DFED910A04F00CF985EDBD0A01212046D2
:10CD400095ED1C0ADFED8D0A04F002F985EDBE0AAF
:10CD5000012195ED2E0A0846DFED890A04F0F8F866
:10CD600085EDDB0A012195ED400A0846DFED850AD5
:10CD700004F0EEF885EDDC0A95ED080AB1EE400A04
:10CD800085EDBF0A95ED1A0AB1EE400A85EDC00A9D
:10CD900095ED2C0A85EDDD0A95ED3E0A85EDDE0A5E
:10CDA00095ED090AB1EE400A85EDBB0A95ED1B0A27
:10CDB000B1EE400A85EDBC0A95ED2D0A85EDD90A44
:10CDC00095ED3F0A85EDDA0A95ED500AD5ED4C0A4E
:10CDD000B1EE400A80EE201A85EDC21A95ED620A86
:10CDE000D5ED5E0A80EE201A85EDE01ADFED669A39
:10CDF0009FED669ADFF898A1A5F148094FF0000869
:10CE0000C6EB061005EBC00494EDB1AA94EDAE8A12
:10CE1000D4EDB48AD4EDBE0A94EDBD0A04A8F5F7AA
:10CE200037FE9DED040A84EDB00A9DED050A84ED00
:10CE3000AD0A39EEC00AD5EDA20A30EE600A84EDE3
:10CE4000B30A04F54377D4EDBE0A94EDBD0A384623
:10CE5000F3F7E6FFD4EDC00A94EDBF0A02A9384605
:10CE6000F5F73CFF95EDB00AFCF744FD84EDB80AF8
:10CE70009DED021A84EDB11A9DED030A84EDAE0A10
:10CE8000D5EDA31AF1EE400A70EEE10AC4EDB40A42
:10CE9000D5F8BC0871EE4A1A01EE100AB8EE411A34
:10CEA00021EE092A81EE821A84EDB21AD5F8BC0867
:10CEB00030EE481A00EE100AB8EE400A60EE091A89
:10CEC00081EE210A84EDAF0AD5F8BC0870EEE80ABD
:10CED00000EE100AB8EE400A20EE091A80EE810A30
:10CEE00084EDB50AD4EDBC0A94EDBB0A3846694618
:10CEF000F5F770FE9DED008A84EDB68ADDED018ABE
:10CF0000C4EDB78A99ED020A00F02AFF20EE280A44
:10CF1000D4EDB00AC0EE208A99ED020A00F020FE9E
:10CF200048EE008A94EDB80A38EE800A84EDC70A0C
:10CF300010EE100A504509DAC4F82483D4F820030F
:10CF4000D5F8BC180844C4F8200308E0D4F824033A
:10CF5000D5F8BC180844C4F82403C4F82083761C10
:10CF6000F6B2022EFFF44CAF06B0BDEC068BBDE866
:10CF7000F0870000000100249BE34240D7B74F3DFB
:10CF80008B93434000FE4CBDDB0FC93F6F12833AC9
:10CF90000000204170B500240C4D04EBC40005EBEB
:10CFA000C0000C30F5F73CFE641CE4B2042CF4D352
:10CFB000002404EBC40005EBC00000F59670F5F703
:10CFC0002FFE641CE4B2022CF3D370BD00010024D8
:10CFD00070B5274C0021207A032804D0C4F824140B
:10CFE00084F8201470BD2348407D01281BD0204BBD
:10CFF00094F92004204D0128D3F8C022D3F8383307
:10D0000017D0022820D01A4A0328D2F8242426D088
:10D010000028E7D041F288308242E3D9C4F82414D2
:10D0200084F8201470BDC4F82414012084F820046E
:10D0300070BD124EB242FBDAB342F9DAC4F82414DE
:10D04000285C84F8200470BD0D4EB242FBDDB34273
:10D05000F9DDC4F82414285C84F8200470BDB2F50E
:10D06000967FFBD9C4F82414285C84F8200470BD92
:10D0700000010024EA540024385500240AD7233E36
:10D080003333B33EFEE7000010B50948FAF753FC0E
:10D09000084803F055FA4FF4C87406482146F3F7E0
:10D0A00002FA22460349BDE810400148FBF700B8E8
:10D0B0007C140024A257002430B505460C46002DF0
:10D0C00001D0022C01D8002030BD0A48A11E0288E0
:10D0D0002846F5F7CBFD2919C2B211F8023C9A4255
:10D0E00006D111F8011CB1EB102F01D1012030BD88
:10D0F000002030BDF009002430B505460C46002D57
:10D1000001D0022C01D8002030BDFF222846611E2C
:10D11000F5F7C4FD291911F8011C814201D1012044
:10D1200030BD002030BD00007CB50C001D46164609
:10D13000014601D0601E00E00020CDE90010064B42
:10D140006A462946304601F063FB002C02D0009A63
:10D15000002111707CBD000017EF000803B4019896
:10D160004100009850EAC12018BF04204A0D18BFA2
:10D1700040F0010040F2FF72B2EB515F08BF40F097
:10D180000200012808BF052002B0704741000802D4
:10D1900018BF04200A0E18BF40F001004FF07F4274
:10D1A00032EA010108BF40F00200012808BF052053
:10D1B00070470907090E002804DB00F1E02080F821
:10D1C0000014704700F00F0000F1E02080F8141DFB
:10D1D0007047000010B510EE104A4FF01A402DEDC8
:10D1E000028B00EB4400B0F1C85F4AD84FF0FC401E
:10D1F000B0EB440F22D2B0EEC00ADFED310A30EEC0
:10D20000C00ADFED300A20EE208A18EE100A03F083
:10D2100011FE00EE100A14F0004F1DBF9FED2A1AF8
:10D22000DFED2A0AB1EE400A9FED291A08BFF0EEA1
:10D23000410ADFED281A20EE210A05E020EE008ADF
:10D240009FED251ADFED250ADFED251A9FED252A32
:10D2500070EEC00A20EE080A08EE212ADFED221A3D
:10D2600048EE021A9FED212A08EE212ADFED201A4E
:10D2700048EE021ABDEC028B40EE610A30EE810AE4
:10D2800010BD4FF0CC40B0EB440F82BF9FED190AA8
:10D29000BDEC028B10BD4FF07F40B0EB440F05D2C8
:10D2A000BDEC028BBDE8104001F01AB9012001F07D
:10D2B000E7F9BDEC028BBDE8104001F017B90000A2
:10D2C0000000803F0000003F0000494022AA7D3A54
:10D2D00000000000000000C00000C93F22AAFD3984
:10D2E00024FE1C3DC78AD83C1E67383D1B93993DE0
:10D2F000AFAA2A3EDB0FC93F10B54FF00E402DED0F
:10D30000028BB0EE408A18EE104A00EB4400B0F1F8
:10D31000506F4AD84FF0FC40B0EB440F22D2B0EE31
:10D32000C80ADFED360A30EEC00ADFED350A60EEDE
:10D33000208A18EE900A03F07DFD01EE100A14F029
:10D34000004F1DBFDFED2F0A9FED2F0AB1EE411AEE
:10D35000DFED2E0A08BF9FED2E0ADFED2E1A21EE1B
:10D36000218A05E0DFED2C0A68EE088AB0EE600A3B
:10D370009FED2A1ADFED2A1A30EE080A48EE811ACC
:10D380009FED281A08EEA11ADFED271A48EE811A40
:10D390009FED261A08EEA11A68EE281ABDEC028B42
:10D3A00001EE810A30EE200A10BD4FF0E440B0EBF0
:10D3B000440F0CD918EE100AFFF7E8FE042808BF46
:10D3C00001F09CF8B0EE480ABDEC028B10BD4FF0A6
:10D3D0007F40B0EB440F07D2B0EE480ABDEC028BA1
:10D3E000BDE8104001F07CB8012001F049F9BDEC26
:10D3F000028BBDE8104001F079B800000000803FCA
:10D400000000003F0000C9BF22AAFDB90000C93FCB
:10D4100022AAFD39000000C00000000024FE1C3DCF
:10D42000C78AD83C1E67383D1B93993DAFAA2A3E58
:10D4300070B565482DED020B2DED048B059D25F093
:10D440000044A04218DC6148844202DC0AD10498FE
:10D4500040B19DED040BBDEC048B02B0BDE8704003
:10D4600001F01EB8002DCCBF9FED590B9FED5A0B5C
:10D47000BDEC048B02B070BD5948A04215DD59487F
:10D48000A042D8BF4FF0FF3455DD9DED040B51ECA9
:10D49000100BFFF763FE042808BF01F015F89DED9F
:10D4A000040BBDEC048B02B070BD9DED040B51EC80
:10D4B000100B02F05DFFCDE904014B489FED4C0BD2
:10D4C000A0421CDD4C48A0420BDD9DED042B002446
:10D4D0009FED4B1B12EE010B32EE011B80EE012B78
:10D4E00027E09DED041B9DED042B012431EE401B34
:10D4F00032EE000B81EE002B8DED042B1BE0424839
:10D50000A0420FDD9DED042B02249FED411B9DEDFC
:10D51000043B32EE412B03EE010B82EE001B8DED3E
:10D52000041B08E09DED040B9FED3B1B032481EEE3
:10D53000002B8DED042B9DED040B3948062120EEC8
:10D54000009B29EE098BB0EE480B784400F01CFFDD
:10D5500020EE099B3348B0EE480B0521784400F0DB
:10D5600013FF20EE080B002C0BDA9DED042B39EE97
:10D57000001B9DED040BBDEC048B02B002EE410BD1
:10D5800070BD2948784439EE000B00EBC4009DEDD6
:10D59000042B90ED001B254812EE001B9DED040BA3
:10D5A00031EE400B784400EBC400002D90ED001BE1
:10D5B00031EE400BB8BFB1EE400BBDEC048B02B0B6
:10D5C00070BD000000000000000010440000F07F6B
:10D5D000182D4454FB21F93F182D4454FB21F9BF69
:10D5E0000000DC3F0000203E0000F33F0000000090
:10D5F000000000000000F03F0000E63F00000000D7
:10D600000000000000000040008003400000000017
:10D61000000000000000F83F000000000000F0BF24
:10D620007A50000040500000F84F0000B84F000052
:10D6300070B5614E2DED040B2DED048B82B0DDF83D
:10D6400024C0DDE907235C422CF000411C4341EA81
:10D65000D474069D22F00040B44205D86C422C439D
:10D6600040EAD474B4420BD99DED081B9DED060B26
:10D6700002B0BDEC048B04B0BDE8704000F013BFF5
:10D68000ACF14054A4F17F641C430BD0022404EAA3
:10D69000AC7444EAD27405439FED498B9FED4A2B4D
:10D6A0000DD016E09DED060B51EC100B02F006FDBF
:10D6B00041EC100B02B0BDEC048B04B070BD002C2B
:10D6C00014BF012C9DED060BF4D0022C2ED0032CA0
:10D6D0002FD00B439FED3E1B9FED3F0B0AD0B14275
:10D6E0001DD1B04209D121F0804120F08040099144
:10D6F000079014E0002ADDDA15E0394B7B44002C5A
:10D7000008BF93ED000BD5D0012C04BF93ED000BA7
:10D71000B1EE400BCED0022C08D0032C09D0B04281
:10D720000AD1002AC6DAB0EE410BC3E7B0EE480BCF
:10D73000C0E7B0EE420BBDE7401A00159FED2A9BF3
:10D740003C28C8BF8DED000B15DCBCF1000FBCBF41
:10D7500010F13C0F8DED009B0DDB9DED061B9DED4B
:10D76000082B81EE020B51EC100B02F001FE02F0CF
:10D77000A5FCCDE9000194B1012C0CD09DED001B5E
:10D780009FED1B0B022C31EE400B0CBF38EE400B13
:10D7900030EE480B8EE7019880F0004001909DED3F
:10D7A000000BB4EE490BF1EE10FA04BF022000F0BA
:10D7B00067FF9DED000B7DE70000F07F000000009B
:10D7C000182D4454FB210940182D4454FB2109C055
:10D7D000182D4454FB21F9BF182D4454FB21F93F67
:10D7E000284F0000000000000000000000000000C2
:10D7F000075C143326A6A13C70B54FF068422DEDAE
:10D80000048BF0EE408A18EE900AB0EE608A18EEB3
:10D81000101A02EB4003B3F1654F3CBF02EB41022B
:10D82000B2F1654F7DD200BFC0F3C753C1F3C752F9
:10D830009A1A1B2A09DD10F0004F14BF9FED830ACE
:10D840009FED830ABDEC048B70BD12F11A0F36DA1E
:10D8500011F0004F09D010F0004F0CBF9FED7D0A72
:10D860009FED7D0ABDEC048B70BD88EE889A19EEA1
:10D87000100AFFF78BFC042808BF00F03FFE18EEEB
:10D88000900AFFF783FC054618EE100AFFF77EFCAE
:10D89000044619EE100AFFF779FC042D18BF052D78
:10D8A00008D1042C18BF052C04D1002804BF022085
:10D8B00000F0E6FEB0EE490ABDEC048B70BD4200FC
:10D8C000B2EB410F3AD910F0004F19BFDFED630AF8
:10D8D0009FED630ADFED630A9FED630AB0EE481A1D
:10D8E0000A46B1EE688A80F00041F0EE418A1046A7
:10D8F0000A1A5200B2F1807F34D2484010F0004F33
:10D90000DFED5A1A9FED5A2A1DBF9FED5A1A70EE8D
:10D91000E10A30EE420A9FED581A08BF70EEA10AE4
:10D9200000E040E008BF30EE020AB0EE682A01EEE7
:10D93000482A08EE818AC2EE081A15E011F0004F5D
:10D9400004BF9FED4E0AF0EE400AD1D010F0004F18
:10D9500019BFDFED4B0A9FED4B0ADFED4B0A9FED40
:10D960004B0AC5E7C8EE881A21EEA11A9FED482A96
:10D97000DFED482A41EE022A9FED472A01EE222AD6
:10D98000DFED462A41EE022A9FED452ABDEC048BCD
:10D9900001EE222A21EE811A01EE020A30EE210A5E
:10D9A00030EE200A70BD4FF07F42B2EB400F28BF2F
:10D9B000B2EB410F09D2F0EE480AB0EE680ABDECB6
:10D9C000048BBDE8704000F08EBD40EA01035B00AF
:10D9D00008BF41F0FF410BD0B2EB400F08BFB2EBE4
:10D9E000410F08D120F0804008EE900A21F08041DC
:10D9F00008EE101A18E7B2EB400F12BF5FEA4103BE
:10DA000040F0FF4001F000413FF40EAFB2EB410F98
:10DA100012BF5FEA400200F0004041F0FF413FF4D6
:10DA200003AF4A0092EA40033FF5FEAE002AACBFC6
:10DA30009FED1C0A9FED1C0A68EE808A28EE008A82
:10DA400018EE900A18EE101AEEE60000DB0FC9BFC0
:10DA5000DB0FC93FDB0F4940DB0F49C00000C9BFE6
:10DA600022AAFDB90000C93F22AAFD390060ED3E9F
:10DA7000C30ACE37000000BF0000003F00000000D6
:10DA8000000049C022AA7DBA0000494022AA7D3A7E
:10DA90002DAD65BD8FB8D53D0FB511BE61C84C3EEB
:10DAA000A8AAAABE0000804F0000802F000000003E
:10DAB00010B529499FED261B2DED020B84B005986A
:10DAC00020F000408842D8BF9DED040B2DDD234996
:10DAD000884209D1049840B94FF0010000F0D0FD10
:10DAE00000F0E6FC06B010BD05DB9DED040B30EE4A
:10DAF000000B06B010BD68469DED040B00F04CFA1B
:10DB000010F0030004BF9DED021B9DED000B0CD037
:10DB100001280ED09DED021B9DED000B022810D0B8
:10DB2000012000F069FC06B010BD00F0BDFB06B09E
:10DB300010BD9DED021B9DED000B012000F05CFC73
:10DB400001E000F0B1FB06B0B1EE400B10BD0000EB
:10DB50000000000000000000FB21E93F0000F07F12
:10DB600010EE101A08B5434A6846B2EB410F26D9A9
:10DB70004FF0E640B0EB410F94BF00204FF0FF3074
:10DB800000900098DFED3C0A002860DB10F0010FE8
:10DB900046D060EE000ADFED391A9FED391A10F019
:10DBA000020F00EEE11ADFED371A40EE811A21EE86
:10DBB000A01AF0EE400A40EE010A2ED041E0324BAE
:10DBC00021F0004293423FD911F0004FDFED2F0AC0
:10DBD00020EE201ADFED2E0A19BF31EE601A71EE29
:10DBE000200A31EE201A71EE600ABDEEE01A11EE45
:10DBF000100A9FED281A00F0030000EEC10A9FED05
:10DC0000261A009000EEC10A9FED241A00EEC10A08
:10DC10009FED231A00EEC10AB3E7F1EE600A10E0AF
:10DC200020EE000A9FED1F1ADFED1F1A10F0020F01
:10DC300040EE011A9FED1D1A00EE211A40EE010A76
:10DC4000EBD1B0EE600A08BD00F060FC99E710EE81
:10DC5000100A4000B0F17F4FF3D307D14FF001001D
:10DC600000F00EFDBDE8084000F040BCBDE80840F3
:10DC700000F036BCB61F927E0000803F336D4C39F9
:10DC8000DA82083CA0AA2ABE490E494683F9223FFF
:10DC90000000004B0000C93F00A0FD390020A23366
:10DCA0001A61342CB93AB2BACA9F2A3DDDFFFFBED1
:10DCB00010B529499FED261B2DED020B84B0059868
:10DCC00020F000408842DCBF00209DED040B2EDDDB
:10DCD0002249884209D1049840B94FF0010000F070
:10DCE000CFFC00F0E5FB06B010BD05DB9DED040B9D
:10DCF00030EE000B06B010BD68469DED040B00F041
:10DD00004BF910F003000DD0012814D09DED021B3B
:10DD10009DED000B022816D000F0C6FA06B0B1EE59
:10DD2000400B10BD9DED021B9DED000B012000F08E
:10DD300063FB06B010BD9DED021B9DED000B00F0D6
:10DD4000B3FA06B010BD012000F056FBE6E7000074
:10DD50000000000000000000FB21E93F0000F07F10
:10DD600000B510EE101A2DED028B81B0524A6846B4
:10DD7000B2EB410F2ED94FF0E640B0EB410F94BF0C
:10DD800000204FF0FF3000900098B0EE408A00284D
:10DD90006ADB10F0010F4BD068EE080A9FED471ABE
:10DDA0009FED470A00EE810A9FED461A00EE801AA9
:10DDB0009FED450A10F0020F00EE810A02BF01B08C
:10DDC000BDEC028B00BD00BF01B0B1EE400ABDEC5E
:10DDD000028B00BD3D4B21F00042934241D911F02E
:10DDE000004FDFED3B0A20EE201ADFED3A0A19BFA3
:10DDF00031EE601A71EE200A31EE201A71EE600ADF
:10DE0000BDEEE01A11EE100A9FED331A00F0030088
:10DE100000EEC10A9FED311A009000EEC10A9FED9D
:10DE2000301A00EEC10A9FED2F1A00EEC10AABE7CF
:10DE300028EE080A9FED2C1ADFED2C0A10F0020FD5
:10DE400040EE410A9FED2A1A00EE201A61EE000A08
:10DE5000B0EE480A08EE200AB6D101B0BDEC028B44
:10DE600000BD00F053FB8FE718EE100A4000B0F140
:10DE70007F4F0DD218EE100AFFF788F9042808BF6B
:10DE800000F03CFBB0EE480A01B0BDEC028B00BDD7
:10DE900009D1012000F0F4FB01B0BDEC028B5DF86C
:10DEA00004EB00F023BB01B0B0EE480ABDEC028BDE
:10DEB0005DF804EB00F014BBB61F927EB93AB2BA1B
:10DEC000CA9F2A3DDDFFFFBE0000803F490E494644
:10DED00083F9223F0000004B0000C93F00A0FD393C
:10DEE0000020A2331A61342C336D4C39DA82083C9D
:10DEF000A0AA2ABE00B52DED028BB1EEC08B83B077
:10DF000018EE100A18EE901A8DED008B002818BF3D
:10DF10000120084320F00040C0F17F6000F1E040A4
:10DF2000C00F14D010EE101A10EE900A8DED000BF9
:10DF3000002918BF0121084320F00040C0F17F6094
:10DF400000F1E040C00F04BF012000F099FBB0EEEB
:10DF5000480B03B0BDEC028B00BD10B52DED028B5C
:10DF6000B1EEC08A18EE100A20F00040C0F1FF4068
:10DF7000C00F0AD010EE100A20F00040C0F1FF40A0
:10DF8000C00F04BF012000F07BFBB0EE480ABDECDF
:10DF9000028B10BD000000002DE9F14F04462DED6D
:10DFA000020B2DED048B94B09FED9D0B80ED020BC9
:10DFB000199E9D4826F0004585420ADC9DED180B10
:10DFC000002084ED000B14B0BDEC048B03B0BDE861
:10DFD000F08F96489FED969B9FED978BA84225DD8D
:10DFE00097489FED991B9FED9A2B9DED180B002EE6
:10DFF0000DDD30EE490B854212BF30EE480B30EE9E
:10E00000410B30EE420B84ED000B0120DBE730EEDC
:10E01000090B854212BF30EE080B30EE010B30EEDB
:10E02000020B84ED000B4FF0FF30CCE78A48A8428A
:10E0300053DB9DED180B51EC100B02F099F941ECFC
:10E04000100BB0EE401B9FED862B9FED870B290D2B
:10E05000DFF81CC201EE020B0120FDEEC00B10EE3A
:10E06000903A00EE903AB8EEE02BB0EE410B02EEA3
:10E07000490B22EE081BFC44032830EE411B84EDC3
:10E08000001B1DD011EE902A00EB4015113DC2F38C
:10E090000A528A1A954213DA0CEB0012B0EE403B9A
:10E0A00092ED000B401C20EE021B33EE410B33EED1
:10E0B000403B33EE411B92ED023B12EE031BDBE7CC
:10E0C000002EA8BF1846BFF67EAF94ED000B584255
:10E0D000B1EE400B84ED000B75E7C6F3130040F47E
:10E0E000801EC6F30A50A0F2F530471100F01F055C
:10E0F000C5F12000DDF860B0139000200890099071
:10E1000005200DF1080C5B49002D07EB0002794456
:10E1100008BF51F8221009D051F8223001EB8201DA
:10E12000AB404A68139922FA01F11943A1FB0E266C
:10E13000A1FB0B131A449A4234BF0123002303EBC3
:10E1400006080CEB8003D3E901A60E448E4234BFCF
:10E150000121002192448A4411B1924502D903E081
:10E16000924501D2012100E00021C3E901A641440A
:10E170004CF82010011EA0F10100C4DC04989DEDB4
:10E18000050A00F10050810F04989FED3B4B800081
:10E1900001EE100ADDED060A9DED072AB8EEC13B3F
:10E1A000B8EE401BB8EE600BB8EE422B002021EE1B
:10E1B000041B9FED334B20EE040B9FED334B22EEFF
:10E1C000042B30EE024B34EE014B34EE034B8DED5D
:10E1D000004B00909DED004B199834EE433B10F03E
:10E1E000004F33EE411B31EE400B32EE401B9DEDF4
:10E1F000000B9FED272B20EE020B9FED272B01EE4E
:10E20000020B9DED001B9FED262B01EE020B1CBFA8
:10E210004942B1EE400B84ED000B0846D3E6000006
:10E220000000000000000000FB21E93F7CD9024013
:10E2300000004054FB21F93F3163621A61B4D03DC4
:10E24000FB21F93F000000000000601A61B4D03DDE
:10E250007370032E8A19A33BFB2139410000000093
:10E2600083C8C96D305FE43F000000000000E03F5C
:10E27000B64500004E450000000000000000103EC2
:10E28000000000000000103C000000000000103AF8
:10E290003326A611460B113C182D4454FB21F93DA1
:10E2A00000000054FB21F93D10B52DED040B2DEDC0
:10E2B000068B82B0B0EE41AB09989FED299B20F010
:10E2C0000044B4F1795F0FDA9DED080BBDEEC00B91
:10E2D00010EE100A002801BFB0EE490B02B0BDECF1
:10E2E000068B04B008BF10BD9DED080B1E4806212B
:10E2F00020EE008BB0EE480B784400F045F820EE9D
:10E30000080B9DED081B1C48844228EE000B01EE13
:10E310004A0B9FED171B28EE011BBCBF31EE400BD3
:10E3200039EE400B16DB1548A042BCBF9FED142B05
:10E330008DED002B06DBA4F500100190002000906D
:10E340009DED002B31EE421B39EE422B31EE400B9E
:10E3500032EE400B02B0BDEC068B04B010BD0000E5
:10E36000000000000000F03FFC4200000000000040
:10E37000000000000000E03F3333D33F0000E93FDE
:10E38000000000000000D23F491E00EBC102B0EEC9
:10E39000401B92ED000B31F006020DD0491E00EB40
:10E3A000C102B0EE403B92ED002B31F00602B0EE20
:10E3B000420B03EE010BF1D1022914D004290AD03B
:10E3C000062918BF704790ED0A2B00EE012B90ED47
:10E3D000080B02EE010B90ED062B00EE012B90EDE9
:10E3E000040B02EE010B90ED022B00EE012B90EDE1
:10E3F000000B02EE010B704731B504462DED040B06
:10E400002DED068BB0EE419B07989DED060B20F09D
:10E410000040B0F1795F0DDA51EC100BFEF79EFE73
:10E42000042808BF00F050F89DED060BBDEC068BEC
:10E4300005B030BD20EE008B1348052128EE00AB5F
:10E44000B0EE480B7844FFF79FFF9FED111B8CB196
:10E450009FED112B29EE022B0AEE402B9DED060BB2
:10E4600018EE029B0AEE419B30EE490BBDEC068B89
:10E4700005B030BD08EE001B9DED060B0AEE010B4A
:10E48000BDEC068B05B030BDD0420000000000009E
:10E49000495555555555C5BF000000000000E03FE7
:10E4A00030EE000B704730EE010B704700000000AB
:10E4B0009FED031B81EE010B704700000000000080
:10E4C00000000000000000009FED030B20EE000B99
:10E4D0007047000000000000000000000000001075
:10E4E00030EE000A704730EE200A7047DFED020A76
:10E4F00080EEA00A70470000000000009FED020AB5
:10E5000020EE000A70470000000000102DE9F00125
:10E510004FF07F42B2EB410F9FBF4FF0FF310160E0
:10E52000BDE8F00170474FF0004242EA0123C1F319
:10E53000C752783A551112F01F0C434CCCF120060B
:10E540007C44C1F3C752A2F178024FEA621204EB95
:10E55000820254F8254008BFD2E9015612D055680E
:10E5600004FA0CF425FA06F73C43976805FA0CF513
:10E5700027FA06F8D26807FA0CFCF24045EA0805CB
:10E580004CEA0206A4FB034CA5FB0352A6FB036363
:10E590001D449D4234BF012600261319334416B191
:10E5A000934202D903E0934201D2012200E000220B
:10E5B000624402F1200C9206DC0C42EA443200EE86
:10E5C000102A5B03DFED210AF8EEC01A00EE103AC4
:10E5D0004FEA9C1C11F0004FB8EE400AC0F800C092
:10E5E00020EE201A00EE105ADFED190AB8EE400AAC
:10E5F00020EE200A71EE810A70EE800A10EE902A59
:10E6000002F500626FF30B0200EE902A70EEE11A41
:10E6100031EEC11ADFED101A30EE411A9FED0D0AEE
:10E6200020EE800A01EE210A9FED0C1A00EE810A0D
:10E6300004BFBDE8F0017047CCF180510160BDE836
:10E64000F001B1EE400A7047B4410000000000360E
:10E650000000802C22AAFD29DB0FC92F0000C92F42
:10E6600002E008C8121F08C1002AFAD1704770479B
:10E67000002001E001C1121F002AFBD170470000F9
:10E680000149086070470000940B00242DE9FF5FEA
:10E6900082B00021DDE90430020DDDF840B0034313
:10E6A00018D044F61050A2F2FF32424315141198CC
:10E6B00001281FD0A5EB0B00401C5FEA000A4FF0B9
:10E6C00000064E4FDFF83891B046504615D5CAF1D6
:10E6D000000413E0119801244AA3012801D16FEA34
:10E6E0000B010298119AC0E90031C0E9024206B05C
:10E6F000BDE8F09FCBF10000DFE704460021404A6F
:10E70000491842EB0450CDE9001012E0E00707D0B1
:10E7100032463B4640464946F1F7ADFF80468946C2
:10E7200032463B4610461946F1F7A5FF06460F460E
:10E730006410002CEAD1DDE90401DDE90023BAF11F
:10E74000000F06DAF1F797FF42464B46F1F793FFC9
:10E7500005E0F2F702F842464B46F1F7FEFF0446A9
:10E760000E460022284BF2F77FF803D84FF0FF3017
:10E77000014607E00022254B20463146F1F7D4FE42
:10E78000F2F75AF8102409E0002C0ADB0A220023D1
:10E79000F1F71EFE039B30321A55641E50EA010247
:10E7A000F2D1641C039AC4F111031444119A012A92
:10E7B00003D0012208430DD10AE0084304D0002011
:10E7C0004FF0110B119072E7A3EB0B056D1E0DE0DE
:10E7D0005B4504DD4FF0000205F1010504E003DABA
:10E7E0004FF00002A5F10105002AECD00298119922
:10E7F000C0E90231C0E9004579E70000000014409B
:10E800000000F03F300000000000F0430000E03F57
:10E810002DE9FF4F95B09A46884606460025EEE161
:10E82000252877D100242746F94A0121039400E0E6
:10E83000044316F8013F203B01FA03F01042F7D1E0
:10E8400030782A2811D06FF02F033078A0F13002F1
:10E85000092A16D8039A44F0020402EB820203EB61
:10E8600042021044761C0390EFE758F8042B039201
:10E87000002A03DA504244F40054039044F00204A6
:10E88000761C30782E2816D116F8010F44F00404B7
:10E890002A280DD06FF02F023078A0F13003092B19
:10E8A00009D807EB870302EB4303C718761CF3E78D
:10E8B00058F8047B761C30786C280FD006DC4C2886
:10E8C00017D068280DD06A2814D104E0742810D01D
:10E8D0007A280FD10DE044F400140AE044F48014C7
:10E8E00001E044F440147278824202D104F58014AD
:10E8F000761C761C307866280BD013DC582877D02D
:10E9000009DC002875D04528F6D04628F4D04728E1
:10E910001AD193E118E0632835D0642879D06528AE
:10E9200012D18BE1702873D008DC6728F1D06928F8
:10E930006FD06E280DD06F2806D1ACE073282CD094
:10E94000752874D0782853D05246179990476D1C7B
:10E9500054E1C4F30250022809D003280DD0D8F89E
:10E96000001004280DD00D6008F1040846E1D8F825
:10E970000010EA17C1E90052F6E7D8F800100D8040
:10E98000F2E70D70F0E718F8041B8DF80010002076
:10E990008DF80100EB46012003E058F804BB4FF06E
:10E9A000FF3061074FF0000102D40DE009F10101D1
:10E9B0008946B9420FDA8145F8DB1BF809100029B6
:10E9C000F4D108E009F1010189468142FADB1BF824
:10E9D00009100029F6D103985346A0EB09072146F8
:10E9E0003846179A00F080FA284400EB090507E042
:10E9F00044E008E10DE01BF8010B524617999047DF
:10EA0000B9F10109F7D2534621463846179AF2E088
:10EA100039E00A21C4F302524FF0000B0091022AA0
:10EA200006D058F8040BC117032A09D00AE023E0E6
:10EA300008F1070020F00702F2E80201904605E025
:10EA400000B2C117042A01D140B2C117002906DA69
:10EA50000A460021404261EB02012D2202E022051C
:10EA600004D52B228DF80420012203E0E20701D017
:10EA70002022F7E7914657E00A2100E010214FF0ED
:10EA8000000B00910BE010214FF0000B44F0040448
:10EA90000827009103E008204FF0000B0090C4F31A
:10EAA0000252022A05D058F8040B0021032A08D08C
:10EAB00008E008F1070020F00702F2E802019046A2
:10EAC00003E080B2042A00D1C0B24FF0000922074F
:10EAD0002AD53278702A07D0DDF800C08CF0100CEF
:10EAE0005CEA0B0C05D00EE040228DF804200122D8
:10EAF00008E050EA010306D030238DF804308DF889
:10EB0000052002229146009B83F0080353EA0B0381
:10EB10000AD150EA010201D1620705D530228DF8F1
:10EB200004204FF001097F1E3278582A04D039A200
:10EB30000C920CAA02920BE03BA2F9E75B46009A0A
:10EB4000F1F746FC0C9B9B5C029A521E02921370DA
:10EB500050EA0102F2D1029804A9081A00F1200B30
:10EB6000600702D524F4803400E001275F4502DD10
:10EB7000A7EB0B0000E0002000EB0B0100900398D6
:10EB80004944401A0390E00306D453462146179A9D
:10EB9000039800F0A9F90544002706E001A85246B1
:10EBA000C05D179990476D1C7F1C4F45F6DBE00355
:10EBB0000CD553462146179A039800F095F9054461
:10EBC00004E030205246179990476D1C0099481E6A
:10EBD00000900029F5DC08E002980299524600787E
:10EBE000491C0291179990476D1CBBF10001ABF1D4
:10EBF000010BF1DC5BE100F065F90544761C30782F
:10EC000000287FF40DAE19B02846BDE8F08F000053
:10EC100009280100303132333435363738396162F2
:10EC200063646566000000003031323334353637B6
:10EC3000383941424344454600000000600700D493
:10EC4000062708F1070020F00700F0E802238046BD
:10EC500003F0004C5FEA0C0001D097A009E020050A
:10EC600001D596A005E0E00701D095A001E0AFF244
:10EC70004C001390307823F0004365280CD006DC5C
:10EC8000452809D046281DD047287FD13BE066287B
:10EC900018D067287AD136E00021112F01DB11202E
:10ECA00000E0781CCDE9000104A90CA8FFF7EEFCF8
:10ECB000DDE90D010C9A4FF0000B07F101091092EC
:10ECC00000914EE04FF000400097CDE9011004A9FB
:10ECD0000CA8FFF7DBFCDDE90D020C9B0F994FF050
:10ECE000000B91461093009211B9791C00EB0109B9
:10ECF000B7EB090003D4C0F1FF3B07F10109A9EB11
:10ED00000700019042E0012F00DA01270021112FB6
:10ED100001DD112000E03846CDE9000104A90CA86E
:10ED2000FFF7B4FCDDE90D010C9A00914FF0000BE8
:10ED3000B946109221070FD4009A4A4503DA91464A
:10ED400001E0A9F10109B9F1010F05DD109AA9F15E
:10ED50000101515C3029F4D0B84202DA10F1040FFD
:10ED600003DA0121CDE9011010E0002803DC83441F
:10ED7000A9EB000102E0411C494500DD8946A0EBFA
:10ED80000B00401C01904FF000400290200705D47A
:10ED90000198484502DB4FF0FF30019000208DF8CC
:10EDA0004B0002980DF14B07B0F1004F25D0022027
:10EDB0000C902B200D90029800280CDA4042029013
:10EDC0002D200D9007E00A210298F1F787FB3031E2
:10EDD000029007F8011D0C99481E0C900029F2DCE6
:10EDE00002980028EFD1791E0D980870307800F055
:10EDF000200040F0450007F8020D11A8C01BC01DFF
:10EE000002901398007800B1012000EB09010198ED
:10EE100001EBE071029801440398401A401E0390F0
:10EE2000E00306D453462146179A039800F05CF895
:10EE300005441398007818B15246179990476D1CF5
:10EE4000E00323D553462146179A039800F04CF867
:10EE500005441BE0BBF1000F07DB0098584504DDBB
:10EE60001098179910F80B0001E0179930205246BE
:10EE7000904701980BF1010B401E05F1010501902F
:10EE800004D12E205246179990476D1CB9F100010C
:10EE9000A9F10109DEDC05E017F8010B52461799CC
:10EEA00090476D1C0299481E02900029F4DC5346DD
:10EEB0002146179A03989EE62D0000002B000000C3
:10EEC000200000002DE9F041044600251E461746AB
:10EED000880404D405E039462020B0476D1C641E28
:10EEE000F9D52846BDE8F0812DE9F041044600251A
:10EEF0001E469046C80301D5302700E0202788042D
:10EF000004D505E041463846B0476D1C641EF9D56E
:10EF10002846BDE8F0814A68002A06D00A68531CDA
:10EF20000B6010704868401E4860704770B5002044
:10EF3000924A00230124C0EB001111444C738B73DF
:10EF4000C8730D7C25F007056D1C0D74401C052849
:10EF5000F1DB052007E0C0EB001111440B7C23F02E
:10EF600007030B74401C0528F5DB8549086810F879
:10EF7000032F22F03802083222F00702521C0270DE
:10EF8000028822F4707240320280427822F03C0201
:10EF900010324270B0F8052040F2272363F38C0250
:10EFA000A0F80520C28840F20B1363F34F12C28011
:10EFB00082886FF30902921C8280B0F8092040F227
:10EFC0004D5363F38C02A0F8092042894FF45C731F
:10EFD00063F34F124281486810F8032F22F0380281
:10EFE00022F00702521C0270028822F47072028022
:10EFF000427822F03C02121D4270B0F805204FF416
:10F00000AB6363F38C02A0F80520C288062363F388
:10F010004F12C28082886FF30902921D8280B0F87D
:10F02000092040F2B14363F38C02A0F80920428921
:10F030004FF4CA7363F34F124281886810F8032FAC
:10F0400022F0380222F00702521C0270028822F4D9
:10F0500070720280427822F03C02121D4270B0F8B9
:10F06000052040F2322363F38C02A0F80520827958
:10F0700002F01F02C28082886FF30902921D828013
:10F08000B0F809204FF4337363F38C02A0F8092021
:10F09000428940F2951363F34F124281C86810F819
:10F0A000032F22F0380222F00702521C027002885D
:10F0B00022F470720280427822F03C02121D4270EB
:10F0C000B0F8052040F2CB2363F38C02A0F80520B2
:10F0D000C3884FF4C97262F34F13C38083886FF300
:10F0E00009039B1D8380B0F8093040F2B44464F3F7
:10F0F0008C03A0F80930438962F34F1343810869F8
:10F1000010F8031F21F03801183121F00701491CC4
:10F110000170018821F470710180417821F03C0177
:10F120001C314170B0F8051040F2C13262F38C011D
:10F13000A0F80510C18840F21A2262F34F11C18075
:10F1400081886FF30901491D8180B0F809204C21A5
:10F1500061F38C02A0F80920428961F34F124281C9
:10F16000064801F039FF05495A220648F8F7C6FF5C
:10F17000BDE870401E2001F061BB0000D05D00249E
:10F180004C0B00247C14002410B527480121417346
:10F19000002181730521C173017C21F00701491C05
:10F1A00001742248406910F8031F41F0380121F032
:10F1B0000701491C0170018821F4707101804178B8
:10F1C00021F03C014170B0F8051040F22E2262F3AC
:10F1D0008C01A0F80510C18840F2713262F34F1122
:10F1E000C18081886FF30901891C8180B0F801100A
:10F1F000142262F38E11A0F801104188092262F3F3
:10F20000CF114180C01E0F3009A1F1F75EF9064809
:10F2100001F00AFF04493C220848F8F76FFFBDE8F7
:10F2200010401E2001F00ABB2A5E00244C0B002473
:10F2300041696D2052616E67650000007C140024F6
:10F2400010B5274801214173002181730E21C1733C
:10F25000017C21F00701491C01742248806B10F8E1
:10F26000031F41F0380121F00701491C017001889A
:10F2700021F470710180417821F03C01143141701A
:10F28000B0F8051040F2734262F38C01A0F805104B
:10F29000C1885E2262F34F11C18081886FF309013A
:10F2A000491C8180B0F801100A2262F38E11A0F887
:10F2B00001104188092262F3CF114180C01E0F3036
:10F2C00009A1F1F702F9064801F0AEFE04493C221B
:10F2D0000848F8F713FFBDE810401E2001F0AEBA51
:10F2E000466000244C0B002472696768745F6C658B
:10F2F000670000007C14002410B5274801214173E9
:10F30000002181730F21C173017C21F00701491C89
:10F3100001742248C06B10F8031F41F0380121F03E
:10F320000701491C0170018821F470710180417846
:10F3300021F03C0108314170B0F80510232262F33E
:10F340008C01A0F80510C18840F20A3262F34F1117
:10F35000C18081886FF30901491C8180B0F80110D8
:10F360000C2262F38E11A0F801104188032262F38F
:10F37000CF114180C01E0F3009A1F1F7A6F8064851
:10F3800001F052FE04493C220648F8F7B7FEBDE8FA
:10F3900010401E2001F052BA826000244C0B002461
:10F3A000434150007C14002410B5274801214173CB
:10F3B000002181730621C173017C21F00701491CE2
:10F3C00001742248806910F8031F41F0380121F0D0
:10F3D0000701491C0170018821F470710180417896
:10F3E00021F03C0108314170B0F80510232262F38E
:10F3F0008C01A0F80510C18840F2E12262F34F11A0
:10F40000C18081886FF30901491C8180B0F8011027
:10F410000C2262F38E11A0F801104188042262F3DD
:10F42000CF114180C01E0F3009A1F1F74EF80648F8
:10F4300001F0FAFD04493C220748F8F75FFEBDE8F9
:10F4400010401E2001F0FAB9665E00244C0B002427
:10F450004D4F4445000000007C14002410B527489F
:10F4600001214173002181730721C173017C21F0C7
:10F470000701491C01742248C06910F8031F41F0BC
:10F48000380121F00701491C0170018821F47071D5
:10F490000180417821F03C014170B0F805100A224A
:10F4A00062F38C01A0F80510C18840F2B92262F322
:10F4B0004F11C18081886FF30901891C8180B0F8E8
:10F4C00001100F2262F38E11A0F8011041880C2266
:10F4D00062F3CF114180C01E0F300AA1F0F7F5FF93
:10F4E000064801F0A1FD05493C220A48F8F706FE4E
:10F4F000BDE810401E2001F0A1B90000A25E00246A
:10F500004C0B00246C6F73735F636F6E74726F6C5F
:10F51000000000007C14002410B52848012141732C
:10F52000002181730821C173017C21F00701491C6E
:10F5300001742348006A10F8031F41F0380121F0DC
:10F540000701491C0170018821F470710180417824
:10F5500021F03C0120314170B0F8051040F2FE521C
:10F5600062F38C01A0F80510C18840F2D62262F344
:10F570004F11C18081886FF30901891C8180B0F827
:10F580000110142262F38E11A0F8011041880A22A2
:10F5900062F3CF114180C01E0F300AA1F0F795FF32
:10F5A000064801F041FD05493C220948F8F7A6FD4F
:10F5B000BDE810401E2001F041B90000DE5E0024CD
:10F5C0004C0B00247961775F6F6666657374000089
:10F5D0007C14002410B52748012141730021817358
:10F5E0000921C173017C21F00701491C01742248E3
:10F5F000406A10F8031F41F0380121F00701491C4F
:10F600000170018821F470710180417821F03C0182
:10F6100018314170B0F805101D2262F38C01A0F87A
:10F620000510C18840F28A2262F34F11C18081889F
:10F630006FF30901891C8180B0F801100F2262F379
:10F640008E11A0F801104188032262F3CF1141808E
:10F65000C01E0F3009A1F0F738FF064801F0E4FCA6
:10F6600004493C220648F8F749FDBDE810401E2039
:10F6700001F0E4B81A5F00244C0B002456656C00BE
:10F680007C14002410B527480121417300218173A7
:10F690000A21C173017C21F00701491C0174224831
:10F6A000806A10F8031F41F0380121F00701491C5E
:10F6B0000170018821F470710180417821F03C01D2
:10F6C00018314170B0F805101D2262F38C01A0F8CA
:10F6D0000510C18840F26A2262F34F11C18081880F
:10F6E0006FF30901891C8180B0F801100F2262F3C9
:10F6F0008E11A0F801104188042262F3CF114180DD
:10F70000C01E0F3009A1F0F7E0FE064801F08CFCA6
:10F7100004493C220748F8F7F1FCBDE810401E20E0
:10F7200001F08CB8565F00244C0B0024474F52590F
:10F73000000000007C14002410B52848012141730A
:10F74000002181730B21C173017C21F00701491C49
:10F7500001742348C06A10F8031F41F0380121F0FA
:10F760000701491C0170018821F470710180417802
:10F7700021F03C0120314170B0F8051040F2FE52FA
:10F7800062F38C01A0F80510C18840F2353262F3B3
:10F790004F11C18081886FF30901891C8180B0F805
:10F7A0000110142262F38E11A0F801104188052285
:10F7B00062F3CF114180C01E0F300AA1F0F785FE21
:10F7C000064801F031FC05493C220848F8F796FC50
:10F7D000BDE810401E2001F031B80000925F002407
:10F7E0004C0B002450495443480000007C14002472
:10F7F00010B5274801214173002181730C22C27387
:10F80000017C21F00701491C01742248006B10F8AB
:10F81000031F41F0380121F00701491C01700188E4
:10F8200021F470710180417821F03C010831417070
:10F83000B0F805101F2363F38C01A0F80510C188F0
:10F840004FF44D7363F34F11C18081886FF3090149
:10F85000491C8180B0F8011062F38E11A0F80110EC
:10F860004188062262F3CF114180C01E0F300AA1E9
:10F87000F0F72BFE064801F0D7FB05493C2208486B
:10F88000F8F73CFCBDE810401E2000F0D7BF000098
:10F89000CE5F00244C0B0024564953494F4E0000C4
:10F8A0007C14002410B52748012141730021817385
:10F8B0000D21C173017C21F00701491C017422480C
:10F8C000406B10F8031F41F0380121F00701491C7B
:10F8D0000170018821F470710180417821F03C01B0
:10F8E00014314170B0F8051040F2772262F38C01B8
:10F8F000A0F80510C188652262F34F11C18081888C
:10F900006FF30901491C8180B0F801100A2262F3EB
:10F910008E11A0F801104188082262F3CF114180B6
:10F92000C01E0F3009A1F0F7D0FD064801F07CFBA6
:10F9300004493C220848F8F7E1FBBDE810401E20CE
:10F9400000F07CBF0A6000244C0B00246C656674D8
:10F950005F6C6567000000007C14002430EE600AD4
:10F9600000F052BF10B59FED823AF7EE003A4FF02B
:10F970007E51DFED801ADFED802AF5EEC00A7F4A66
:10F98000F1EE10FA3CDD80EE201A0023B5EEC01A2D
:10F99000F1EE10FA02D20123B1EE411A11EE104A33
:10F9A0008C4214DD83EE810A0121C1F10904F0EEDD
:10F9B000610A02EB840494ED001AF0EE411A40EE65
:10F9C000201A491C0A29F0DB32EEE10A11E001217C
:10F9D000C1F10904F0EE610A02EB840494ED000A1F
:10F9E000F0EE401A41EE201A491C0A29F0DB31EEF4
:10F9F000830A0BB1B1EE400A80ED000A002010BD71
:10FA0000F5EEC00AF1EE10FA7ED29FED5D2AB5EE5A
:10FA1000C00AF1EE10FA3DDD80EE201A0023B5EEAB
:10FA2000C01AF1EE10FA02D20123B1EE411A11EE22
:10FA3000104A8C4214DD83EE810A0121C1F10904D0
:10FA4000F0EE610A02EB840494ED001AF0EE411A24
:10FA500040EE201A491C0A29F0DB32EEE10A11E0DF
:10FA60000121C1F10904F0EE610A02EB840494ED76
:10FA7000000AF0EE401A41EE201A491C0A29F0DB78
:10FA800031EE830A0BB1B1EE400A30EE020A80ED8E
:10FA9000000A4FE0B5EEC00AF1EE10FA3FD280EE58
:10FAA000201A0023B5EEC01AF1EE10FA02D201239B
:10FAB000B1EE411A11EE104A8C4214DD83EE810A38
:10FAC0000121C1F10904F0EE610A02EB840494ED16
:10FAD000001AF0EE411A40EE201A491C0A29F0DB08
:10FAE00032EEE10A13E00121C1F10904F0EE610AEE
:10FAF00002EB840494ED000AF0EE401A41EE201A65
:10FB0000491C0A29F0DB00E016E031EE830A0BB154
:10FB1000B1EE400A30EE420A80ED000A0AE010EE33
:10FB2000101AC90F21B19FED170A80ED000A01E0FC
:10FB300080ED002A002010BDF5EEC00AF1EE10FAAB
:10FB400013D1B5EEC00AF1EE10FA03DDC0ED002AC4
:10FB5000002010BDB5EEC00AF1EE10FA05D29FEDFF
:10FB60000A0A80ED000A002010BD6FF0030010BDEE
:10FB700000000000A59204BDDB0FC93FF02401087E
:10FB8000DB0F4940DB0F49C0DB0FC9BF9FED1E1AD9
:10FB9000F5EE000A40EE010ABDEEE00A10EE100A92
:10FBA000F5EEC00AF1EE10FA00D2401E00EE100A87
:10FBB000B8EEC00A30EEC00ADFED140A20EE200ACB
:10FBC000BCEEC01A11EE100A80B2B0F5007F02D36D
:10FBD000002030EE600A00EE900AF8EE600A70EE47
:10FBE000600A0B4901EB800292ED000A401C01EB18
:10FBF000800090ED001AF7EE001A71EEE01A21EE87
:10FC0000800A00EE810A704783F9223E000000441A
:10FC1000EC1C0108F0B546684C68556803880F88ED
:10FC2000BB4209D140884988884205D111888B425E
:10FC300002D15188884202D06FF00200F0BD4343E8
:10FC400008E0B6EC010AF4EC010A30EE200AA5EC5B
:10FC5000010A5B1E002BF4D10020F0BD0180428020
:10FC6000436070472DE9F04F4A680588B0F802906C
:10FC7000DFEDAA0AB0EE600A4FF0000C4D4505D149
:10FC80000B884C88A34201D19D4202D06FF0020143
:10FC900042E12B46F7EE001A10E0EC1A02E0E2EC2B
:10FCA000010A641E002CFAD1E2EC011A5C1E02E08B
:10FCB000E2EC010A641E002CFAD15B1E002BECD191
:10FCC00098466FF0040A07E14788466807FB0883F7
:10FCD00006EB8303D3ED000A44464246531C12E070
:10FCE00007FB038B06EB8B0B9BED000AB0EEC01AF3
:10FCF000B0EEE02AB4EEC21AF1EE10FA02DD1C46B4
:10FD0000F0EE400A5B1CAB42EAD3F5EEC00AF1EE1E
:10FD100010FA30D044452ED0A7EB080C02FB078325
:10FD200006EB830304FB078706EB8706002708E042
:10FD300093ED000A96ED001AA3EC011AA6EC010A55
:10FD40007F1C6745F4DB4E684F8802FB07F306EB28
:10FD500083037C4306EB8404002608E093ED000A4D
:10FD600094ED001AA3EC011AA4EC010A761CBE4221
:10FD7000F4DB4FF0010CBCF1010F07D0F5EEC00A27
:10FD8000F1EE10FA02D15046BDE8F08F81EEA00AE4
:10FD900044684388A3EB080602FB038304EB830358
:10FDA000002406E0D3ED000A60EE800AE3EC010ACD
:10FDB000641CB442F6DB4B684E8802FB06F403EB8E
:10FDC0008403002406E0D3ED000A60EE800AE3EC31
:10FDD000010A641CB442F6DB00233AE04688476817
:10FDE00006FB038407EB840494ED000AA6EB080BE2
:10FDF00003FB06F407EB840404EB8804564307EB8B
:10FE0000860606EB8807002608E0B7EC011AD4ED59
:10FE1000000A40EE410AE4EC010A761C5E45F4DB80
:10FE20004E68B1F802B003FB0BF406EB840402FB4E
:10FE30000BF706EB8707002608E0B7EC011AD4EDB4
:10FE4000000A40EE410AE4EC010A761C5E45F4DB50
:10FE50005B1C9342C2D3531C3AE04688476806FBBA
:10FE6000038407EB840494ED000AA6EB080B03FB64
:10FE700006F407EB840404EB8804564307EB86067C
:10FE800006EB8807002608E0B7EC011AD4ED000A5B
:10FE900040EE410AE4EC010A761C5E45F4DB4E6854
:10FEA000B1F802B003FB0BF406EB840402FB0BF782
:10FEB00006EB8707002608E0B7EC011AD4ED000A2C
:10FEC00040EE410AE4EC010A761C5E45F4DB5B1C63
:10FED000AB42C2D308F10108C845FFF4F5AE0021DA
:10FEE000BCF1010F18D0B5EEC00AF1EE10FA13D133
:10FEF0004268002005FB09F509E002EB800393ED61
:10FF0000000AB5EEC00AF1EE10FA02D1401C85429B
:10FF1000F3D8854200D15146084635E7000000007D
:10FF20002DE9F04F4768D1F80490D2F804A0B0F85A
:10FF300000C04E88B0F802B04FF000080888834532
:10FF400005D113889C4502D15288964203D06FF0A8
:10FF50000200BDE8F08FDFED141A0AEB8802354687
:10FF60004868B0EE610A3B465C4608E0F3EC010AE3
:10FF700090ED001A00EE810A00EB8600641E002C52
:10FF8000F4D1A2EC010A6D1E701B09EB8000002D5C
:10FF9000E7D1B04407EB8B07ACF1010CBCF1000FCB
:10FFA000DBD10020D5E7000000000000F0B5466876
:10FFB0004C68556803880F88BB4209D1408849883E
:10FFC000884205D111888B4202D15188884202D0E3
:10FFD0006FF00200F0BD434308E0B6EC010AF4EC18
:10FFE000010A30EE600AA5EC010A5B1E002BF4D179
:10FFF0000020F0BDF0B542684E68058847882B4662
:020000040801F1
:1000000000244888854202D109888F4202D06FF0CF
:100010000200F0BD06EB8401384606E0B2EC010AAE
:1000200081ED000A01EB8501401E0028F6D1641C19
:100030005B1E002BEED1F0BDDFED1D0A20EE200A85
:10004000FDEEC00A10EE900AB5EEC00AF1EE10FA0D
:1000500000D2401E00EE900AF8EEE00A30EE600A90
:10006000DFED140A20EE200ABCEEC01A11EE100AD1
:1000700080B2B0F5007F02D3002030EE600A00EEBF
:10008000900AF8EE600A70EE600A0B4901EB8002FC
:1000900092ED000A401C01EB800090ED001AF7EE93
:1000A000001A71EEE01A21EE800A00EE810A704714
:1000B00083F9223E00000044EC1C010810B541EC1D
:1000C000100BFDF7B5F951EC100B10BD2DE9F04107
:1000D0000024F0F7C7FC8020F0F7DCFD5520F0F796
:1000E000D9FD5520F0F7D6FDF0F7B4FC9620F0F7D7
:1000F000E0FCF0F7B7FC8020F0F7CCFD5520F0F7DE
:10010000C9FD5520F0F7C6FDF0F7A4FC9620F0F7E6
:10011000D0FCF0F7A7FCB6217E20F0F7CBFDF0F77E
:1001200099FC5020F0F7B9FCF0F79CFC8020F0F728
:10013000B1FD5520F0F7AEFD5520F0F7ABFDF0F71F
:1001400089FC9620F0F7B5FCF0F78CFC8020F0F7E6
:10015000A1FD5520F0F79EFD5520F0F79BFD0546CB
:10016000F0F778FC9620F0F7A4FC1E2D02D0FF20BB
:10017000BDE8F081174FF0F775FC04EB4405EE196C
:10018000785D7178F0F796FDF0F764FC9620F0F753
:1001900090FCF0F767FC785D40F08000F0F77AFDA6
:1001A0005520F0F777FD5520F0F774FD0546F0F780
:1001B00051FC9620F0F77DFC7078A84204D004EB47
:1001C000440038448078D3E7641CE4B2062CD2D3D0
:1001D0000020CDE7C80A0024F8B5002400200090D4
:1001E000F0F752FC00206946F0F748FDF0F744FCB8
:1001F0009620F0F75EFCF0F747FC00206946F0F728
:100200003DFDF0F739FC9620F0F753FCF0F73CFC8D
:10021000B6211420F0F74EFDF0F72EFC5020F0F739
:100220003CFCF0F731FC00206946F0F727FDF0F7C1
:1002300023FC9620F0F73DFCF0F726FC00206946F1
:10024000F0F71CFDF0F718FC9620F0F732FC9DF853
:1002500000000F2801D0FF20F8BD154FF0F714FC67
:1002600004EB4405EE19785D7178F0F723FDF0F7A3
:1002700003FC9620F0F71DFCF0F706FC785D69465C
:10028000F0F7FCFCF0F7F8FB9620F0F712FC707822
:100290009DF80010884204D004EB44003844807874
:1002A000F8BD641CE4B2062CD8D30020F8BD0000D1
:1002B000DA0A0024024610B54FF6FF70002A0CD06F
:1002C000064C07E012F8013B4340DBB234F8133030
:1002D00083EA1020491E4B1CF4D110BDEC1A010812
:1002E00010B5FF22054C03E010F8013B5340E25CDF
:1002F000491E4B1CF8D1104610BD0000EC19010836
:1003000000B589B0009100210191029103930491FD
:1003100005910691079108916946F3F791FF10B195
:10032000012009B000BD0020FBE700004FF49670EB
:1003300000F08AFFF0F7E4FF0C4C40F25555F1F75E
:10034000ABF9F0F799FFF1F7A1FBF1F7C9F9F0F775
:100350007BFFF1F793FBD4F875002946B4F95920D7
:1003600000EE100A0320F9F739FDE8E7845600246F
:1003700082B0CDE9000121F0004001909DED000B1D
:1003800002B051EC100B704710B58AB01A4B1B48E5
:1003900040216A46F3F7EAFF00282BD1164C00985B
:1003A000A41F80B220800399082923D8A0F580716A
:1003B000013903D11248A11DF1F708FF2088B0F5DB
:1003C000817F04D10E480C493C30F1F7FFFE2088B4
:1003D000A0F58071033904D1094807497830F1F755
:1003E000F5FE2088B0F5827F04D105480249B4307B
:1003F000F1F7ECFE0AB010BD9E000024EC0D0024C5
:10040000905C002410B58AB0114B124841216A4615
:10041000F3F7ACFF002819D10D4C00980E3C80B2C8
:1004200060800399082911D8A0F50071023903D121
:1004300007490948F1F7A3FE6088A0F5007101396A
:1004400004D1054802491030F1F799FE0AB010BDF9
:10045000A60000248C0E0024805D002400B58BB023
:100460000C4B0D48402101AAF3F780FF00280FD163
:1004700008490198163980B288800499082907D85C
:10048000A0F5C061663903D102490448F0F7B6FC13
:100490000BB000BDAE0000242C0F0024F40000249B
:1004A00031EE601A012170EE600A8140491E00EEB3
:1004B000101AB8EEC00A20EE800AC0EE010ABDEEA6
:1004C000E00A10EE100A7047B4EEE00AF1EE10FAFE
:1004D00002D2B0EE600A7047B4EEC10AF1EE10FA33
:1004E000F9DDB0EE410A704700487047C05400245F
:1004F000F8F7B4FCF8F7EAFC012000F09FF9F9E7FF
:1005000008B5F7EE000ACDED000AB1EEC01ADDED38
:10051000000A80EE810A8DED000A9DED000A08BDFB
:1005200008B5F7EE000ACDED000AB1EEC01ADDED18
:10053000000A80EE810A8DED000A9DED000A08BDDB
:100540002DE9F0410446804D804E0027F0E0052162
:10055000FCF7D2FD01286ED1B6F801106888093188
:100560002044FCF7A9FD0128F5D168882118B1F8CD
:100570000520F280225C521C2254B6F8012009307A
:100580001044A880F38840F2062C6345A3F20620AD
:1005900079D025DCB3F5827F54D00EDC032B3ED01E
:1005A00004DC012B2FD0022B32D132E0A3F5807373
:1005B000013B3AD0012B2BD13EE040F2022C6345A7
:1005C000A3F2022050D006DCA3F58073053B3FD098
:1005D000FC2B1DD142E001284BD0022818D153E05A
:1005E00006287FD006DC062812D2DFE800F09759F3
:1005F0005F656C7207287BD008287FD0FB2870D0FD
:10060000FE2805D185E05148C91D0830EFF732FFBB
:1006100084E04E48C91D1330EFF72CFF7EE04B48B5
:10062000C91D1430EFF726FF78E04848C91D343063
:10063000EFF720FF72E079E04448C91D3830EFF74A
:1006400019FF6BE04148C91D3C30EFF713FF65E02F
:100650003E48C91D3F30EFF70DFF5FE03B48C91D25
:100660004230EFF707FF59E03848C91D4F30EFF728
:1006700001FF6888B6F8012021183448C91D5F3091
:10068000EFF7F8FE4AE005E03048C91D6B30EFF7A0
:10069000F1FE43E02D48C91D7130EFF7EBFE3DE060
:1006A0002A48C91D7230EFF7E5FE37E02748C91D1B
:1006B0007930EFF7DFFE31E02448C91D7F30EFF7D6
:1006C000D9FE2BE00EE02148C91D8330EFF7D2FEA2
:1006D00024E01E48C91D8930EFF7CCFE1EE007E07C
:1006E0000CE011E01948C91DB130EFF7C3FE15E069
:1006F0001648C91DB730EFF7BDFE0FE01348C91DFE
:10070000BB30EFF7B7FE09E01148C91DEFF7B2FEA5
:1007100004E00F48C91D4638EFF7ACFEA888688092
:10072000B0F5C87F04D96F80BDE8F0816F80FBE72A
:100730006888204401683160017931713178A529D8
:100740003FF405AFF2E70000F009002484560024CE
:1007500086570024B4EEE01AF1EE10FA0ED371EED3
:10076000601AB4EEC10AF1EE10FA02DC07E030EED6
:10077000610AB4EEC10AF1EE10FAF8DC7047B4EE8B
:10078000E00AF1EE10FA02D3704730EE210AB4EE1F
:10079000E00AF1EE10FAF8D370470000F4F76EFBB0
:1007A000FAF7A2FEFAF77EFBF9F774FCF9F752FBB1
:1007B000F9F796FBF9F7C6FBF9F7F8FBF9F7CAFC6E
:1007C000F9F7F8FCF9F730FDF9F79AFDF9F764FD50
:1007D000F1F7C6FDF1F7FAFDF1F72CFE05491222FB
:1007E0000548F7F717F8F1F7AFF9F9F713FC00F040
:1007F0002DF8FEE7D8540024E81300240146002019
:10080000842900D0C81C70470A48DFED090A01E0BE
:1008100030EE600A10EE101A8142F9DC064901E060
:1008200030EE200A10EE100A8842F9D87047000016
:10083000DB0FC940DB0F4940DB0F49C010B5002872
:1008400000D1012000F000FD002010BD10B500F027
:1008500023FD002010BD7FB504460D466169B4F943
:100860000800002910D0A16971B1FFF7C7FFD4E9D2
:1008700005212B46CDE9012100902269D4E9001021
:1008800000F032FE039010E0FFF7B8FF03A92B46FB
:10089000CDE90001208A82B2D4E9001000F0F2FD17
:1008A000012802D0002004B070BD0398FBE70000CF
:1008B0000FB470B50B4C20780028FCD005AB0A486B
:1008C000049A40F25921FCF72FFC05460026064900
:1008D000AAB201F56070F7F711FC2670284670BCCB
:1008E0005DF814FB18000024901100242DE9F0415C
:1008F00004460F46174EF5683068001D00F0DAFB1D
:1009000038B9306890F82C10012088403169814353
:100910003161601C07D137B13168BDE8F0410E4844
:10092000091D00F00BBC2C4430684460AC4206D278
:100930003168B06B091DBDE8F04100F0E7BB3168DC
:10094000706B091D00F0E2FBB06A844200D2B46211
:10095000BDE8F08130000024AC18002470B50446D6
:1009600000F0F8FB1C4DA868401CA860286810B176
:10097000686938B10CE02C60A868012808D100F043
:10098000F3F805E02868E16AC06A884200D82C6064
:10099000686A401C6862E06A01212A69814011434B
:1009A00029610E4900EB800001EB8000211D00F061
:1009B000C5FB00F0EFFB686900280CD02868E16AED
:1009C000C06A884207D206494FF080500860BFF3E2
:1009D0004F8FBFF36F8F70BD30000024D0170024FD
:1009E00004ED00E070B50C4D0C4E11E000F0B2FBD0
:1009F000F068C468201D00F05DFBA868401EA86078
:100A00006868401E686000F0C5FB204600F008F8EA
:100A100068680028EAD170BD3000002498180024CE
:100A200010B5044694F8510000280BD0012811D0CD
:100A3000022814D0502080F31188BFF34F8FBFF3EA
:100A40006F8FFEE7206B00F0BBFB2046BDE8104037
:100A500000F0B6BB2046BDE8104000F0B1BB10BDB1
:100A60004FF470510F48420706D0C01D20F0070018
:100A70000C49411AC1F570510B4A106000235360B4
:100A80000144083921F00701183A11604B600B60EE
:100A90000B1A436001604068906050604FF0004066
:100AA00050617047C018002484000024074E4FF0A6
:100AB0008054074DFFF796FF30680128FAD92C6063
:100AC000BFF34F8FBFF36F8FF4E70000D017002400
:100AD00004ED00E02DE9F04782469946DDE908582B
:100AE0000A9C521E206B00EB820020F00706700764
:100AF00007D0502080F31188BFF34F8FBFF36F8F63
:100B0000FEE7002761B1002023180A5C83F8342037
:100B10000A5C12B1401C1028F6D384F8437001E03F
:100B200084F83470072D00D30625E5626564A76458
:100B3000201D00F0E8FA04F1180000F0E4FA246146
:100B4000C5F10700A0616462E76484F850704A460A
:100B50005146304600F0F4F82060B8F1000F01D0A3
:100B6000C8F80040BDE8F08770B50024124D04EBD2
:100B7000840005EB800000F0BBFA641C072CF6D360
:100B80000D488C3000F0B4FA0B48A03000F0B0FAF9
:100B90000948B43000F0ACFA0748C83000F0A8FAB1
:100BA0000548DC3000F0A4FA044803498C31416365
:100BB0001431816370BD0000D01700243000002480
:100BC00030B5134900E011460A688242FBD34B68F6
:100BD0005C18844203D140681844486008460D6898
:100BE00044682318AB420DD1094B183B1B689A424D
:100BF00006D05268224442600A681268026002E02D
:100C0000036000E00260814200D0086030BD000057
:100C1000840000240748416B0968002905D0416B16
:100C2000C968C9684968816270474FF0FF318162C5
:100C3000704700003000002409484068401C07D07D
:100C4000502080F31188BFF34F8FBFF36F8FFEE703
:100C5000502080F31188BFF34F8FBFF36F8FFEE7F3
:100C60008C0000242DE9F0410546002600F058FBD9
:100C7000324F386808B9FFF7F3FE786905424DD165
:100C80008DB1083568070ED005F00700C0F10800E7
:100C90000544680707D0502080F31188BFF34F8FB9
:100CA000BFF36F8FFEE7CDB37868854236D823490E
:100CB00018310846046801E0214604466068A842ED
:100CC00002D220680028F7D13868844226D00E6806
:100CD0000836206808606068411B10290ED9601929
:100CE000420707D0502080F31188BFF34F8FBFF326
:100CF0006F8FFEE741606560FFF762FF61687868AB
:100D0000401A7860BA68904200D2B86078690143AE
:100D1000616000202060F868401CF86000F080FCF2
:100D2000700707D0502080F31188BFF34F8FBFF3B7
:100D30006F8FFEE73046BDE8F08100006C000024B4
:100D400024384FF08073036221F00101C16104492E
:100D5000816142606FF0020140F820197047000085
:100D6000390C0108034600B500295FD0002B5DD087
:100D70004A78087840EA0220C0F30A0018804878D0
:100D80008A78C00840EA4210C0F30A005880887888
:100D9000CA78800940EA82000A7940EA8220C0F3DA
:100DA0000A00988008794A79400840EAC210C0F3E6
:100DB0000A00D8804879C0F3011058814879800929
:100DC0009881CA79887940EA0220D8814A7A087ADB
:100DD00040EA02201882CA7A887A40EA02205882C1
:100DE000087B1875487B5875CA7B887B40EA0220CF
:100DF000D882087C497C40EA012018810C481946B9
:100E0000F8F752FD1888A0F5806018805888A0F582
:100E1000806058809888A0F580609880D888A0F578
:100E20008060D8801889A0F58060188100BD00001E
:100E3000EA54002410B500EE100A2DED028BB1EE3D
:100E4000C08A18EE100A20F00040C0F1FF40C00F29
:100E50000AD010EE100A20F00040C0F1FF40C00F91
:100E600004BF0120FDF70CFC18EE100ABDEC028B4C
:100E700010BD00002DE9F0412E4A02262F4903271C
:100E80002D4D4FF0010CB6EE000B10784FF000081E
:100E90000B7A4C7A012810D0022814D0032823D0D2
:100EA00082F800805078012825D0022829D0032814
:100EB00038D082F80180BDE8F081D1F8C002A842A4
:100EC000F0DD1670EEE791EDAD1A9FED1D2BB7EE3C
:100ED000C11A31EE401BB0EEC11BB4EEC21BF1EEE5
:100EE00010FADFD21770DDE7092BDBD1092CD9D03E
:100EF00082F800C0D6E7D1F83803A842DBDB567091
:100F0000D9E791EDCB1AB7EEC11A31EE400B9FED48
:100F10000E1BB0EEC00BB4EEC10BF1EE10FACAD24C
:100F20005770C8E7092BC6D1092CC4D082F801C07C
:100F3000C1E70000F6090024295C8F3E000100246F
:100F4000000000A09999B93F9A9999999999B93F48
:100F5000B0EE604A00EE901A9FED0D2B9FED0E3B18
:100F6000B8EE601B00EE901A21EE021BB8EE602B6B
:100F700022EE032BB7EEC11B70EE041A00EE100A2E
:100F8000F7EEC20BB8EEC00A21EE800AFFF7E2BB13
:100F9000FCDEA63FFB210940FCDEA63FFB2109C089
:100FA00010B5FDF7C3FFFEF7EFF8FEF7FDF9FEF70A
:100FB00055FAFEF7B1FAFEF70DFBFEF763FBFEF7FD
:100FC000BBFBFEF715FCFEF76DFCFEF739F9BDE83B
:100FD0001040FEF791B9000030B50446A5202070FE
:100FE0005120A4F801000F4D2878E070401C2870B3
:100FF00004212046FFF774F9641D04F8010C40F247
:101000000130208040F203106080A888A08000F5A5
:101010008070E080641F58212046FFF74BF9A4F848
:10102000580030BD8C0B002470B50446A5202070FC
:101030003320A4F80100134D2878E070401C28707C
:1010400004212046FFF74CF9641D04F8010C40F21E
:10105000013020804FF488706080A888A08000F55F
:101060008070E080641F04F11C00EFF727FA618AAA
:1010700060F3CF1161823A212046FFF71BF96087A8
:1010800070BD00008C0B002470EEC00A01EE100A47
:101090000120B8EEC11A8840401E21EE201A00EE51
:1010A000900AF8EEE01AC1EE210A30EE800A70478D
:1010B000FFF7D8BD0169D0E901329A60D0E9012378
:1010C0005A604A68824201D182684A600022026105
:1010D0000868401E0860086870470000034B036002
:1010E00003F154000860802010607047980B0024C2
:1010F00000F1080141604FF0FF328260C160016180
:1011000000210160704700210161704730B50C6813
:10111000621C02D000F1080202E0026904E01A46F3
:1011200053681D68A542FAD953684B6099608A607C
:10113000516008610168491C016030BD42684A6025
:1011400093688B6093685960916008610168491CDD
:1011500001607047502080F31188BFF34F8FBFF3B9
:101160006F8F0A494868401C486001280CD1084824
:10117000006810F0FF0F07D0502080F31188BFF3F4
:101180004F8FBFF36F8FFEE7704700008C00002485
:1011900004ED00E009494868002806D0401E486078
:1011A000002801D180F311887047502080F3118806
:1011B000BFF34F8FBFF36F8FFEE700008C0000245A
:1011C00070B500282AD008380446154D6068696952
:1011D000084207D1502080F31188BFF34F8FBFF32F
:1011E0006F8FFEE722683AB1502080F31188BFF379
:1011F0004F8FBFF36F8FFEE78843606000F090F879
:1012000060686968084468602046FFF7D9FC28696F
:10121000401C2861BDE8704000F002BA70BD0000BB
:101220006C0000244FF0E0200021016181614FF447
:101230007A7204490968B1FBF2F1491E4161072144
:101240000161704728000024024610B50020002AE2
:1012500012D00F48006B38B1502080F31188BFF3D3
:101260004F8FBFF36F8FFEE700F05AF80021104652
:10127000FFF73CFB00F0D4F9002807D105494FF0F7
:1012800080500860BFF34F8FBFF36F8F10BD000019
:101290003000002404ED00E010B586B00024059471
:1012A000049403AA04A905A8FFF718FFDDE90410B8
:1012B000039A002302901848CDE9004114A100F0E0
:1012C00013F91649C86208B1012000E00020012886
:1012D00009D0401C19D1502080F31188BFF34F8FE3
:1012E000BFF36F8FFEE7502080F31188BFF34F8F5D
:1012F000BFF36F8F4FF0FF30886201204861CC60F0
:1013000006B0BDE8104000F043B806B010BD0000C4
:1013100049444C4500000000AD0A0108300000249B
:101320000248016B491C0163704700003000002433
:10133000154A106B002802D00120D06170470020B0
:10134000D0611069B0FA80F0C0F11F000F4900EBC6
:10135000800051F8203073B101EB8000416849688A
:10136000416000F10803994201D149684160406839
:10137000C06810607047502080F31188BFF34F8F12
:10138000BFF36F8FFEE7000030000024D017002469
:101390001CB537480168374A914207D1502080F385
:1013A0001188BFF34F8FBFF36F8FFEE7006831499D
:1013B000491E884207D1502080F31188BFF34F8F18
:1013C000BFF36F8FFEE72C4908780190FF2008706B
:1013D000087800909DF800009DF8002000F0F000D3
:1013E000904207D0502080F31188BFF34F8FBFF396
:1013F0006F8FFEE79DF80000204C00F05000207039
:101400000720A06006E0A068401EA0609DF80000D4
:10141000400000909DF800000006F4D4A068032866
:1014200007D0502080F31188BFF34F8FBFF36F8F29
:10143000FEE74FF44070A060019808700C4820301F
:10144000016841F470010160016841F07041016080
:10145000FFF7E8FE00206060EEF768FF08480168CB
:1014600041F040410160EEF74DFF00201CBD00003F
:1014700000ED00E071C20F4100E400E08C000024A8
:1014800034EF00E02DE9FF5F81468A4616469B4611
:10149000DDE90E78B000FFF7E5FB054628000AD02D
:1014A0005420FFF7DFFB04460CB1256304E0284617
:1014B000FFF786FE00E000249CB1002084F8510074
:1014C000CDE900785B463246CDE9024051464846B8
:1014D000FFF700FB2046FFF741FA012004B0BDE80A
:1014E000F09F4FF0FF30F9E7F0B585B00746DDE932
:1014F0000A600C9C002815D0E4B1542503952063A4
:10150000022084F85100002004ADCDE90240CDE96D
:1015100000653846FFF7DEFA2046FFF71FFA049809
:1015200005B0F0BD502080F31188BFF34F8FBFF39B
:101530006F8FFEE7502080F31188BFF34F8FBFF30A
:101540006F8FFEE70148C06870470000300000243C
:101550002DE9F0410026304F386B002805D0B869DE
:10156000401CB8613046BDE8F081FD686D1CFD602F
:101570009DB9786B006838B1502080F31188BFF3B3
:101580004F8FBFF36F8FFEE7786BB96B7963B863EA
:10159000386A401C3862FFF73DFBB86ADFF87C8090
:1015A00085420DD3786B006838B1786BC068C46829
:1015B0006068854212D2B86202E04FF0FF30B86234
:1015C0003868C06A00EB800058F82000012800D974
:1015D0000126F8690028C5D00126C3E7201DFFF7C2
:1015E00069FDA06A18B104F11800FFF763FDE06A15
:1015F00001213A6981401143396100EB8000211DCE
:1016000008EB8000FFF79AFDE06A3968C96A8842F2
:10161000C8D30126C6E7000030000024D0170024FC
:101620002DE9F041002400272D4D286B002807D01C
:10163000FFF790FD286B401E2863286B40B14AE0FD
:10164000502080F31188BFF34F8FBFF36F8FFEE7F9
:10165000A868E8B3DFF88C8001261EE0D8F80C00FB
:10166000C46804F11800FFF725FD201DFFF722FDD7
:10167000E06A2A6906FA00F111432961194900EB71
:101680008000B43901EB8000211DFFF757FDE06AAF
:101690002968C96A884200D3EE61D8F800000028A2
:1016A000DCD10CB1FFF7B6FAAC6944B1FFF750FFDB
:1016B00000B1EE61641E002CF8D10020A861E86939
:1016C00030B10127084938070860BFF34F8F00E0A9
:1016D00001E0BFF36F8FFFF75DFD3846BDE8F08195
:1016E000300000248418002404ED00E0682701087D
:1016F00075B40008FEFF000000000000800000003C
:101700000000000000000000582701082D03010818
:1017100001000000000000000002000000000000C6
:101720000000000074270108F10401080300000014
:1017300000000000000400000000000000000000A5
:101740004027010899B400080000000000000000D4
:101750008000000000000000000000004C2701088D
:10176000A9CA0008000000000000000000020000FC
:101770000000000000000000000610160006101611
:101780000001020304050607080C1014182030405D
:101790000000000000000000000000000000000049
:1017A0000000000001000000020000000300000033
:1017B0000400000000000000050000000000000020
:1017C0000000000000000000060000000000000013
:1017D00000000000000000000700000001000200FF
:1017E0000400060008000A000C0010002000400061
:1017F0008000000101010103070100000804020448
:1018000008010101000000000102030401020304B9
:1018100006070809B5FE9636A69B443B000000402B
:10182000CDCC4C3D000020410000404100000000B4
:101830000000484300002A43000000000080BB4431
:1018400000002A43000000000080BB4400803B45AC
:101850000000000000A00C460000964400000000BC
:101860000000C84200007A44000000000080BB4431
:101870000000004100000000000020410000803F07
:10188000A69B443B000000000000803FCDCCCC3D37
:1018900000000000000000000000003F0000003FCA
:1018A0000000000000000000000020410050C3477D
:1018B00000000000000000000050C3470000803F0F
:1018C00000000000000000000000803F0000803F9A
:1018D0000000000000000000000000000000000008
:1018E00000000000000000000000803F0000000039
:1018F00000000000000000000000000000000000E8
:10190000000000000000803F000000000000000018
:1019100000000000000000000000000000000000C7
:101920000000803F000000000000000000000000F8
:101930000000000000000000000000000000803FE8
:101940000000000000000000000000000000000097
:1019500000000000000000000000803F0050C3476E
:10196000CDCCCC3DCDCCCC3DCDCCCC3DCDCCCC3DEF
:10197000CDCCCC3DCDCCCC3D0050C347CDCCCC3D27
:10198000CDCCCC3DCDCCCC3DCDCCCC3DCDCCCC3DCF
:10199000CDCCCC3D0050C347CDCCCC3DCDCCCC3D07
:1019A000CDCCCC3DCDCCCC3DCDCCCC3DCDCCCC3DAF
:1019B0000050C347CDCCCC3DCDCCCC3DCDCCCC3DE7
:1019C000CDCCCC3DCDCCCC3DCDCCCC3D0000C84227
:1019D000CDCCCC3DCDCCCC3DCDCCCC3DCDCCCC3D7F
:1019E000CDCCCC3DCDCCCC3D0000C842005EBCE2AD
:1019F000613FDD83C29C7E20A3FD1F419DC3217FEB
:101A0000FCA2401E5F01E3BD3E6082DC237D9FC1DE
:101A1000421CFEA0E1BF5D0380DE3C62BEE0025CD2
:101A2000DF81633D7C22C09E1D43A1FF4618FAA4BE
:101A300027799BC584DA3866E5BB5907DB856739AA
:101A4000BAE406581947A5FB7826C49A653BD9879E
:101A5000045AB8E6A7F91B45C6987A24F8A6441A92
:101A600099C7257B3A6486D85B05E7B98CD2306E7E
:101A7000EDB3510F4E10F2AC2F7193CD114FADF36A
:101A8000702ECC92D38D6F31B2EC0E50AFF1134D5E
:101A9000CE90722C6D33D18F0C52B0EE326C8ED052
:101AA000530DEFB1F0AE4C1291CF2D73CA9476283E
:101AB000ABF517490856B4EA6937D58B5709EBB52A
:101AC00036688AD495CB2977F4AA4816E9B7550B1E
:101AD00088D6346A2B7597C94A14F6A8742AC89612
:101AE000154BA9F7B6E80A54D7896B350000891160
:101AF00012239B322446AD573665BF74488CC19D76
:101B00005AAFD3BE6CCAE5DB7EE9F7F88110080155
:101B100093331A22A5562C47B7753E64C99C408D55
:101B2000DBBF52AEEDDA64CBFFF976E802218B30F1
:101B3000100299132667AF763444BD554AADC3BC35
:101B4000588ED19F6EEBE7FA7CC8F5D983310A2015
:101B500091121803A7772E66B5543C45CBBD42AC15
:101B6000D99E508FEFFB66EAFDD874C904428D53AD
:101B700016619F702004A9153227BB364CCEC5DFF5
:101B80005EEDD7FC6888E1997AABF3BA85520C43D5
:101B900097711E60A1142805B3373A26CDDE44CFD5
:101BA000DFFD56ECE9986089FBBB72AA06638F7271
:101BB00014409D512225AB343006B9174EEFC7FEB5
:101BC0005CCCD5DD6AA9E3B8788AF19B87730E6295
:101BD00095501C41A3352A24B1163807CFFF46EE95
:101BE000DDDC54CDEBB962A8F99A708B088481953D
:101BF0001AA793B62CC2A5D33EE1B7F04008C91985
:101C0000522BDB3A644EED5F766DFF7C8994008544
:101C10009BB712A6ADD224C3BFF136E0C118480964
:101C2000D33B5A2AE55E6C4FF77D7E6C0AA583B4E0
:101C3000188691972EE3A7F23CC0B5D14229CB3844
:101C4000500AD91B666FEF7E744CFD5D8BB502A404
:101C500099961087AFF326E2BDD034C1C3394A2824
:101C6000D11A580BE77F6E6EF55C7C4D0CC685D79C
:101C70001EE597F42880A1913AA3B3B2444ACD5B04
:101C80005669DF78600CE91D722FFB3E8DD604C7C4
:101C90009FF516E4A9902081BBB332A2C55A4C4BE4
:101CA000D7795E68E11C680DF33F7A2E0EE787F660
:101CB0001CC495D52AA1A3B03882B193466BCF7AC4
:101CC0005448DD59622DEB3C700EF91F8FF706E684
:101CD0009DD414C5ABB122A0B9923083C77B4E6AA4
:101CE000D5585C49E33D6A2CF11E780F00000000D6
:101CF000920E493CB10AC93C2BC3163D2EFB483D10
:101D0000752B7B3D04A9963D80B6AF3D36BDC83DE1
:101D10002FBCE13D73B2FA3D87CF093E8340163EAA
:101D2000B5AB223EA2102F3ECF6E3B3EC2C5473E12
:101D30000115543E135C603E7F9A6C3ECCCF783EDA
:101D4000C07D823E938E883E229A8E3E32A0943E83
:101D500086A09A3EE59AA03E128FA63ED47CAC3E69
:101D6000EF63B23E2A44B83E491DBE3E15EFC33E66
:101D700053B9C93ECA7BCF3E4136D53E80E8DA3EF4
:101D80004F92E03E7533E63EBBCBEB3EEA5AF13E66
:101D9000CBE0F63E275DFC3EE4E7003F3D9C033F81
:101DA000824B063F9BF5083F6B9A0B3FDA390E3F9B
:101DB000CDD3103F2A68133FD9F6153FC07F183F97
:101DC000C6021B3FD17F1D3FCBF61F3F9967223FC5
:101DD00025D2243F5636273F1594293F4AEB2B3F07
:101DE000DE3B2E3FBB85303FC9C8323FF304353F51
:101DF000233A373F4268393F3B8F3B3FF9AE3D3F87
:101E000067C73F3F70D8413F01E2433F03E4453F8E
:101E100065DE473F12D1493FF8BB4B3F029F4D3F24
:101E2000207A4F3F3D4D513F4918533F31DB543FDE
:101E3000E595563F5348583F6AF2593F1A945B3F25
:101E4000532D5D3F05BE5E3F2146603F97C5613F14
:101E50005A3C633F59AA643F880F663FD86B673F7F
:101E60003CBF683FA7096A3F0C4B6B3F5E836C3FEA
:101E700093B26D3F9ED86E3F73F56F3F0809713F77
:101E80005213723F4714733FDD0B743F0BFA743FDC
:101E9000C6DE753F07BA763FC58B773FF853783F6C
:101EA0009812793F9DC7793F02737A3FBE147B3FFA
:101EB000CDAC7B3F283B7C3FC9BF7C3FAC3A7D3FEC
:101EC000CCAB7D3F23137E3FB0707E3F6DC47E3F21
:101ED000580E7F3F6D4E7F3FAB847F3F0FB17F3FFA
:101EE00097D37F3F43EC7F3F11FB7F3F0000803F54
:101EF00011FB7F3F43EC7F3F97D37F3F0FB17F3F85
:101F0000AB847F3F6D4E7F3F580E7F3F6DC47E3F59
:101F1000B0707E3F23137E3FCCAB7D3FAC3A7D3F1C
:101F2000C9BF7C3F283B7C3FCDAC7B3FBE147B3F91
:101F300002737A3F9DC7793F9812793FF853783FF3
:101F4000C58B773F07BA763FC6DE753F0BFA743F05
:101F5000DD0B743F4714733F5213723F0809713F02
:101F600073F56F3F9ED86E3F93B26D3F5E836C3FBB
:101F70000C4B6B3FA7096A3F3CBF683FD86B673F7C
:101F8000880F663F59AA643F5A3C633F97C5613F3B
:101F90002146603F05BE5E3F532D5D3F1A945B3F77
:101FA0006AF2593F5348583FE595563F31DB543F5D
:101FB0004918533F3D4D513F207A4F3F029F4D3FBF
:101FC000F8BB4B3F12D1493F65DE473F03E4453F35
:101FD00001E2433F70D8413F67C73F3FF9AE3D3F05
:101FE0003B8F3B3F4268393F233A373FF304353F4D
:101FF000C9C8323FBB85303FDE3B2E3F4AEB2B3F0B
:102000001594293F5636273F25D2243F9967223F12
:10201000CBF61F3FD17F1D3FC6021B3FC07F183F3D
:10202000D9F6153F2A68133FCDD3103FDA390E3F5A
:102030006B9A0B3F9BF5083F824B063F3D9C033F4D
:10204000E4E7003F275DFC3ECBE0F63EEA5AF13E76
:10205000BBCBEB3E7533E63E4F92E03E80E8DA3E86
:102060004136D53ECA7BCF3E53B9C93E15EFC33E7C
:10207000491DBE3E2A44B83EEF63B23ED47CAC3E1E
:10208000128FA63EE59AA03E86A09A3E32A0943ECC
:10209000229A8E3E938E883EC07D823ECCCF783E83
:1020A0007F9A6C3E135C603E0115543EC2C5473EAC
:1020B000CF6E3B3EA2102F3EB5AB223E8340163E74
:1020C00087CF093E73B2FA3D2FBCE13D36BDC83D16
:1020D00080B6AF3D04A9963D752B7B3D2EFB483D58
:1020E0002BC3163DB10AC93C920E493C00000000CA
:1020F000920E49BCB10AC9BC2BC316BD2EFB48BD0C
:10210000752B7BBD04A996BD80B6AFBD36BDC8BDDD
:102110002FBCE1BD73B2FABD87CF09BE834016BEA6
:10212000B5AB22BEA2102FBECF6E3BBEC2C547BE0E
:10213000011554BE135C60BE7F9A6CBECCCF78BED6
:10214000C07D82BE938E88BE229A8EBE32A094BE7F
:1021500086A09ABEE59AA0BE128FA6BED47CACBE65
:10216000EF63B2BE2A44B8BE491DBEBE15EFC3BE62
:1021700053B9C9BECA7BCFBE4136D5BE80E8DABEF0
:102180004F92E0BE7533E6BEBBCBEBBEEA5AF1BE62
:10219000CBE0F6BE275DFCBEE4E700BF3D9C03BF7D
:1021A000824B06BF9BF508BF6B9A0BBFDA390EBF97
:1021B000CDD310BF2A6813BFD9F615BFC07F18BF93
:1021C000C6021BBFD17F1DBFCBF61FBF996722BFC1
:1021D00025D224BF563627BF159429BF4AEB2BBF03
:1021E000DE3B2EBFBB8530BFC9C832BFF30435BF4D
:1021F000233A37BF426839BF3B8F3BBFF9AE3DBF83
:1022000067C73FBF70D841BF01E243BF03E445BF8A
:1022100065DE47BF12D149BFF8BB4BBF029F4DBF20
:10222000207A4FBF3D4D51BF491853BF31DB54BFDA
:10223000E59556BF534858BF6AF259BF1A945BBF21
:10224000532D5DBF05BE5EBF214660BF97C561BF10
:102250005A3C63BF59AA64BF880F66BFD86B67BF7B
:102260003CBF68BFA7096ABF0C4B6BBF5E836CBFE6
:1022700093B26DBF9ED86EBF73F56FBF080971BF73
:10228000521372BF471473BFDD0B74BF0BFA74BFD8
:10229000C6DE75BF07BA76BFC58B77BFF85378BF68
:1022A000981279BF9DC779BF02737ABFBE147BBFF6
:1022B000CDAC7BBF283B7CBFC9BF7CBFAC3A7DBFE8
:1022C000CCAB7DBF23137EBFB0707EBF6DC47EBF1D
:1022D000580E7FBF6D4E7FBFAB847FBF0FB17FBFF6
:1022E00097D37FBF43EC7FBF11FB7FBF000080BF50
:1022F00011FB7FBF43EC7FBF97D37FBF0FB17FBF81
:10230000AB847FBF6D4E7FBF580E7FBF6DC47EBF55
:10231000B0707EBF23137EBFCCAB7DBFAC3A7DBF18
:10232000C9BF7CBF283B7CBFCDAC7BBFBE147BBF8D
:1023300002737ABF9DC779BF981279BFF85378BFEF
:10234000C58B77BF07BA76BFC6DE75BF0BFA74BF01
:10235000DD0B74BF471473BF521372BF080971BFFE
:1023600073F56FBF9ED86EBF93B26DBF5E836CBFB7
:102370000C4B6BBFA7096ABF3CBF68BFD86B67BF78
:10238000880F66BF59AA64BF5A3C63BF97C561BF37
:10239000214660BF05BE5EBF532D5DBF1A945BBF73
:1023A0006AF259BF534858BFE59556BF31DB54BF59
:1023B000491853BF3D4D51BF207A4FBF029F4DBFBB
:1023C000F8BB4BBF12D149BF65DE47BF03E445BF31
:1023D00001E243BF70D841BF67C73FBFF9AE3DBF01
:1023E0003B8F3BBF426839BF233A37BFF30435BF49
:1023F000C9C832BFBB8530BFDE3B2EBF4AEB2BBF07
:10240000159429BF563627BF25D224BF996722BF0E
:10241000CBF61FBFD17F1DBFC6021BBFC07F18BF39
:10242000D9F615BF2A6813BFCDD310BFDA390EBF56
:102430006B9A0BBF9BF508BF824B06BF3D9C03BF49
:10244000E4E700BF275DFCBECBE0F6BEEA5AF1BE72
:10245000BBCBEBBE7533E6BE4F92E0BE80E8DABE82
:102460004136D5BECA7BCFBE53B9C9BE15EFC3BE78
:10247000491DBEBE2A44B8BEEF63B2BED47CACBE1A
:10248000128FA6BEE59AA0BE86A09ABE32A094BEC8
:10249000229A8EBE938E88BEC07D82BECCCF78BE7F
:1024A0007F9A6CBE135C60BE011554BEC2C547BEA8
:1024B000CF6E3BBEA2102FBEB5AB22BE834016BE70
:1024C00087CF09BE73B2FABD2FBCE1BD36BDC8BD12
:1024D00080B6AFBD04A996BD752B7BBD2EFB48BD54
:1024E0002BC316BDB10AC9BC920E49BC00000080C6
:1024F000000000000100803FC90CC0B7E565AABE1E
:10250000435690BB3C695D3EEBFCA9BC08B732BEAC
:10251000E745093EA59204BD00000000FEFFFF7FD5
:10252000B60100008E1555D56364030017F68519B2
:10253000AE9219007F3AD5EE4552F1F8A4A31522C8
:1025400004B0FAE02548DD0C54C0DBFD0000FF7F3D
:10255000FFFF67D570FFAD1B58FDA9E92911DBFB13
:102560004FBB610567ACDD3F182D4454FB21E93FAB
:102570009BF681D20B73EF3F182D4454FB21F93F9A
:10258000E2652F227F2B7A3C075C143326A6813C20
:10259000BDCBF07A8807703C075C143326A6913CCB
:1025A000C4EB98999999C9BF711623FEC671BCBF37
:1025B0006D9A74AFF2B0B3BF9AFDDE522DDEADBF9F
:1025C0002F6C6A2C44B4A2BF0D5555555555D53FB7
:1025D000FF8300922449C23F6E204CC5CD45B73FD2
:1025E000513DD0A0660DB13FEB0D76244B7BA93F4A
:1025F00011DA22E33AAD903F4C5555555555A53F5C
:102600007751C1166CC156BF9015CB19A001FA3E87
:10261000AD529C804F7E92BEC4B1B4BD9EEE213EB1
:10262000D43888BEE9FAA8BD000000000000000010
:1026300000004054FB21F93F3163621A61B4D03D80
:102640000000601A61B4D03D7370032E8A19A33B59
:102650000000002E8A19A33BC14920259A837B39AB
:1026600000000000000000006E83F9A22915444E0E
:10267000D15727FCC0DD34F5999562DB4190433C8E
:10268000AB6351FE61C5BBDE3A6E24B7E0D24D426A
:10269000EA2E49061C92D1091CEB1DFE3EA729B16A
:1026A000F53582E88444BB2E26709CE9417E5FB4F8
:1026B00039D69139F43953838B5F849C3B28F9BD1B
:1026C000FF97F81F0F9805DE8B112FEF1F6D0A5A29
:1026D000CF7E366DB709CB27663F464F2DEA5F9E0A
:1026E000C7BA27757BF1E5EBF739073DEA92528AC5
:1026F000B15FFB6B085D8D1F000000006E83F9A2C7
:102700002915444ED15727FCC0DD34F5999562DB7D
:102710004190433CAB6351FEA6F810111111813F6B
:10272000D561C119A0012ABF7DFEB157E31DC73E87
:10273000EB9C2B8AE6E55ABE7CD5CF5A3AD9E53DCB
:1027400053746174655F636865636B004D595F55D1
:10275000495F5461736B0000436861737369735F11
:102760005461736B0000000064656661756C74549D
:1027700061736B00494D555F7461736B000000001D
:10278000A027010800000024980B0000760900082B
:102790006C280108980B0024285D000070E60008F2
:1027A00001185A010482103C90D00304015F1AAA58
:1027B00001012A43B44225713D0A3EA3D0400318CB
:1027C00078410D160789DC39F001FF01FF01FF0197
:1027D000FF01FF01FF01FF01FF01ECB3FFFF08084C
:1027E0001250C347CDCCCC3D0409531C110B1AC861
:1027F000421C0134100DE7416B3A58A08B3A7D041E
:10280000017C160240AB0341100905530806580429
:10281000070F160810820911160A15800B16560CA0
:1028200018010D020A19206823C8441A482009100B
:102830002402230813DD5D1B24EC041AFB04130A95
:102840005E1B2419041A37041A73041AAF041AEB16
:102850000413275F1B2463041A9F041ADB04131755
:0C286000601B2453041A8F044172030013
:04000005080002CD20
:00000001FF
