:020000040800F2
:10000000B8690024A50300085DC00008019300083A
:1000100019BF00080D140008E5E500080000000005
:10002000000000000000000000000000E5020008E1
:10003000C52D0008000000004103000801C90008A8
:10004000C3030008C3030008C3030008C303000878
:10005000C3030008C3030008C3030008C303000868
:10006000C3030008C3030008C3030008E128000815
:10007000ED280008F928000805290008C303000836
:10008000C3030008C3030008C3030008ED2F0008E2
:1000900055300008C3030008C3030008C303000869
:1000A000C3030008C3030008C3030008C303000818
:1000B000C3030008C303000899CA0008C30300086B
:1000C000C3030008C3030008C3030008C3030008F8
:1000D0005DC500083DE00008C3030008C303000835
:1000E000C3030008C303000800000000C3030008A6
:1000F000C3030008C3030008C3030008C3030008C8
:10010000C3030008C3030008C3030008C3030008B7
:10011000C3030008ADCF0008A5CA0008C303000848
:10012000112900081D290008C3030008C3030008A3
:10013000C3030008C3030008C3030008C303000887
:1001400000000000000000000000000000000000AF
:10015000C303000829290008C3030008C3030008DB
:10016000C3030008C3030008C3030008C303000857
:10017000C3030008C3030008C30300080000000015
:10018000C3030008C3030008B9CF0008C303000875
:10019000C3030008C3030008C3030008C303000827
:1001A000C3030008C3030008C303000800000000E5
:1001B000C3030008C3030008C3030008C303000807
:1001C000C3030008C3030008000000000000000093
:1001D0000000000000000000C30300080000000051
:1001E000000000000000000000000000000000000F
:1001F0000000000000000000C3030008C303000863
:10020000C3030008C303000800000000C303000884
:10021000C3030008C3030008C3030008C3030008A6
:10022000C303000800000000C30300080000000032
:10023000C3030008C303000800000000C303000854
:10024000C3030008C3030008C3030008C303000876
:10025000C3030008C3030008C3030008C303000866
:10026000C3030008C3030008C3030008C303000856
:10027000C3030008C3030008C30300080000000014
:10028000C3030008C3030008C3030008C303000836
:1002900000000000C3030008C303000800000000C2
:1002A00000000000C3030008C3030008C3030008E4
:1002B00019E00008C3030008C3030008C5300008A4
:1002C000C3030008C3030008C3030008DFF810D00D
:1002D00000F0DAFA00480047AD240108AFF30080CF
:1002E000B86900242C4B19680868B0E8F04F80F317
:1002F0000988BFF36F8F4FF0000080F311887047BB
:100300000000000008480068006880F308884FF08B
:10031000000080F3148862B661B6BFF34F8FBFF35D
:100320006F8F00DF00BF00BF08ED00E0DFF80C00BA
:10033000016841F470010160704700BF88ED00E082
:10034000EFF30980BFF36F8F134B1A681EF0100F85
:1003500008BF20ED108A20E9F04F106009B44FF07B
:10036000500080F31188BFF34F8FBFF36F8F12F0EF
:1003700067FF4FF0000080F3118809BC1968086816
:10038000B0E8F04F1EF0100F08BFB0EC108A80F3F9
:100390000988BFF36F8F704738000024EFF30580A2
:1003A00070470000074880470748804707480047D4
:1003B000FEE7FEE7FEE7FEE7FEE7FEE7FEE7FEE715
:1003C000FEE7FEE7712F0008C1C90008CD02000852
:1003D0002DE9F05F0546002092469B46884606467A
:1003E000814640241BE0284641464746224600F00D
:1003F00082F853465A46C01A914110D31146184606
:10040000224600F016F82D1A67EB01084F462246E7
:100410000120002100F00DF817EB00094E41201ECD
:10042000A4F10104DFDC484631462A464346BDE8D4
:10043000F09F202A04DB203A00FA02F100207047E6
:100440009140C2F1200320FA03F319439040704712
:10045000202A06DBCB17203A41FA02F043EAE07388
:1004600006E041FA02F3D040C2F120029140084375
:100470001946704740EA01039B0703D009E008C909
:10048000121F08C0042AFAD203E011F8013B00F859
:10049000013B521EF9D27047D2B201E000F8012BA5
:1004A000491EFBD270470022F6E710B513460A46F4
:1004B00004461946FFF7F0FF204610BD421C10F815
:1004C000011B0029FBD1801A704730B50B4601464D
:1004D00000202022012409E021FA02F59D4205D3E3
:1004E00003FA02F5491B04FA02F52844151EA2F18D
:1004F0000102F1DC30BD202A04DB203A21FA02F0AF
:100500000021704721FA02F3D040C2F1200291404D
:100510000843194670472DE9FE4F804681EA0300E3
:10052000C00F0C46009021F0004123F00045B8EBCD
:100530000200A94105D24046214690461C460B4682
:10054000024623F00040104347D0270DC7F30A00AE
:10055000C3F30A510290401A019040286BDAC3F3AA
:10056000130040F4801B0098924620B10023D2EB88
:10057000030A63EB0B0B01985946C0F14002504649
:10058000FFF757FF06460D4650465946019AFFF7BA
:100590005FFF10EB08006141002487EA115284EAF2
:1005A000E7731A4340D0009A62B3019A012A4FEAD6
:1005B000075215DC001B61EB02014FF0004202EA1A
:1005C0000752CDE90042001C41F5801132462B460E
:1005D00000F07BF903B0BDE8F08F40462146F9E713
:1005E000001B61EB0201001C41F5801300185B4108
:1005F0002018A2F5001747EB030140EAD570B619A1
:100600006D4111E06D084FEA360645EAC0754FEAC4
:100610000752001B61EB0201001C41F580114908E3
:100620004FEA30000019514132462B4603B0BDE875
:10063000F04F00F03BB90098012240000023D0EBBE
:10064000020263EBE073009821464FEAE074B8EBD6
:10065000000061EB0401E9E783F000435BE781F010
:10066000004158E72DE9FE4F81EA030404F00044FD
:1006700021F0004100944FF0000B23F0004350EABA
:1006800001045ED052EA03045BD0C3F30A54C1F301
:100690000A552C44A4F2F3340194A0FB0254C1F394
:1006A000130141F48011C3F3130343F4801301FBDE
:1006B000024400FB034E840A970A44EA815447EA45
:1006C0008357A4FB076802958D0A05FB07854FEA4F
:1006D000932C04FB0C542705029D4FEA065847EA69
:1006E0001637B5EB08056EEB070C870E920E47EA3E
:1006F000811742EA8312A7FB0201B6EB0B0164EB00
:1007000000042B0D43EA0C335E1844EB1C50DA4610
:100710005146E7FB0201C5F313044FEA0B3343EAEA
:1007200014534FEA0432019C43EA0603A4F10C047B
:100730000294009CCDE900B400F0C7F803B0BDE816
:10074000F08F00200146F9E72DE9F04D81EA03041E
:1007500004F0004B21F0004514464FF0000A23F04E
:10076000004150EA050220D054EA01021DD0C5F331
:100770000A570246C5F31303C1F31300C1F30A5627
:1007800040F4801543F48013A7EB0608101BD646EF
:1007900008F2FD3873EB050002D308F1010801E00F
:1007A00092185B41B8F1000F03DA00200146BDE862
:1007B000F08D00204FF48011064684460EE0171B92
:1007C00073EB050705D3121B63EB050306434CEAE5
:1007D000010C49084FEA300092185B4150EA0107CA
:1007E000EDD152EA030012D082EA040083EA050147
:1007F000084305D0101BAB4106D20122002306E0BE
:1008000000224FF0004302E06FF0010253101AEB98
:1008100006004CEB085110EB0A0041EB0B01BDE860
:10082000F04D00F043B8C1F30A52C1F3130140F296
:10083000FF3341F480119A4202DA002001467047EA
:1008400040F233439A42A2F2334202DC5242FFF7B3
:1008500052BEFFF7EEBD000030B5041E71F100047A
:1008600004DB4FF00044404264EB0101141E73F1BD
:10087000000405DB1C464FF00043524263EB0403C7
:10088000994208BF904230BD064C074D06E0E06833
:1008900040F0010394E8070098471034AC42F6D3C7
:1008A000FFF718FD405801086058010810B5141EE4
:1008B00073F1000408DA401C41F1000192185B4119
:1008C0001A4301D120F0010010BD2DE9F04D9246F0
:1008D0009B4611B1B1FA81F202E0B0FA80F2203207
:1008E0009046FFF7A6FD04460F4640EA0A0041EA9B
:1008F0000B0153465A46084313D0114653EA0100F0
:1009000019D0C8F140025046FFF7F5FD05460E46E6
:10091000504659464246FFF78CFD084305D001205A
:1009200004E020463946BDE8F08D0020054346EA44
:10093000E0762C4337430A986305E40AA0EB0800ED
:100940000022FD0A44EA47540A3002D5002001463D
:10095000E9E7010510196941DDE908450019694118
:10096000BDE8F04DA2E770B58C1810F8015B15F0EA
:10097000070301D110F8013B2A1106D110F8012B11
:1009800003E010F8016B01F8016B5B1EF9D12B0736
:1009900005D40023521E0DD401F8013BFAE710F8EC
:1009A000013BCB1A921C03E013F8015B01F8015BD9
:1009B000521EF9D5A142D8D3002070BD30B50546EE
:1009C0000C46002D0CD0022C0AD90648A11E028824
:1009D000284603F039F8291901F8020D000A487079
:1009E00030BD0000F80B002430B505460C46002D44
:1009F00009D0022C07D9FF222846611E03F03CF8DB
:100A0000291901F8010C30BD2DE9F05F2DED068BA1
:100A1000C24FD7F8800800EE100AB8EE400ADFEDAA
:100A2000C00A60EE200AA7F15C044FF0010A00231F
:100A300004F14409618804F14C0B002918D1A4F891
:100A400002A0A36304F1540197EDAD0A81ED000A01
:100A500097EDCB1A81ED011A89ED000A89ED011A93
:100A600097EDB00A8BED000A97EDCE0A8BED010AE7
:100A7000A16B4218A263B1EE040AB7EE001A20EE91
:100A8000200A61EE200ADFEDA72AC7ED592AC7ED3B
:100A90006B2A60884FF4FA659FEDA33A012808D0CD
:100AA0009FEDA28A022837D0032866D0042832D1CD
:100AB0000BE19FED9F1A0126002071EE401A09EB11
:100AC0008001D1ED000AF4EEE10AF1EE10FA05D250
:100AD00070EE800AC1ED000A00260EE031EE002A19
:100AE000F4EEC20AF1EE10FA05DD70EEC00AC1EDB7
:100AF000000A002601E081ED001A401CC0B2022865
:100B0000DDD30EB9AA4202D902206080A363C7EDEB
:100B1000592A87ED6B3A68E00126002038EE601A0A
:100B20000BEB800191ED000AB4EEC10AF1EE10FA70
:100B300005D230EE200A81ED000A00260EE078EEA4
:100B4000201AB4EEE10AF1EE10FA05DD30EE600A8B
:100B500081ED000A002601E081ED008A401CC0B250
:100B60000228DDD30EB9AA4202D903206080A36314
:100B7000C7ED592A87ED6B3A37E001260020DFEDFB
:100B80006D2A72EEC01AB0EE621A09EB8001D1ED47
:100B9000000AF4EEE10AF1EE10FA05D270EE800AD6
:100BA000C1ED000A00260EE031EE002AF4EEC20A82
:100BB000F1EE10FA05DD70EEC00AC1ED000A002664
:100BC00001E081ED001A401CC0B20228DBD39FED8A
:100BD0005A0A87ED590A9FED590A87ED6B0A0EB93B
:100BE000AA4202D904206080A3630024DFED548A66
:100BF0009FED549ADFED549A9FED54AA4FF0FF38C1
:100C00000BEB8400D0ED000AC4EB041007EBC00628
:100C100004EB440000EB041096EDB00A07EB8000F3
:100C200000F2C4400BF01CFAB0EE408A96EDB00A18
:100C300009F0BAFE38EE400A09EB840096EDAD1AD1
:100C4000D0ED000A70EEC10A96EDAE1AF1EE411A2F
:100C500068EEA00A49EE210AC4EBC40007EB800548
:100C600085EDFB0AC5EDFC0A05F57D7106F54370BF
:100C700000F028FE95EDFD0AB0EE691AF0EE4A0A82
:100C800010F088FA85EDFD0A95EDFE0AB0EE691ABE
:100C9000F0EE4A0A10F07EFA85EDFE0AD5EDFD0A67
:100CA000002C21D04FF0010000EE100A04EBC4002C
:100CB000B8EEC00A07EB001020EE800A80ED110AA2
:100CC000D5EDFE0A12D1404612E023706380204821
:100CD0000BF080FA1E484C300BF07CFA84ED048A4D
:100CE000BDEC068BBDE8F09F4046DDE74FF001000C
:100CF00000EE100A0AEB4400B8EEC00A00EBC00098
:100D000007EBC00020EE800A80ED110A04F1010417
:100D1000E4B2022CFFF474AFE2E700002C010024DF
:100D20006F12833A0000000000000080713D0A3E0F
:100D30009A99993EDB0FC93FCDCC4C3ECDCC4CBEF1
:100D4000000070423333934000002042000020C274
:100D5000F005002401220248114604F067BF00009C
:100D60000008025800220248012104F05FBF000081
:100D7000000802587047000001220248082104F0D0
:100D800055BF00000008025800220248082104F064
:100D90004DBF000000080258704730B504464FF4BC
:100DA0007A7502E0284600F004F8641EA4B2F9D275
:100DB00030BD70B500214FF0E0256B69C0EB00102D
:100DC0004401AA69A8699042FCD003D2A2EB0002B8
:100DD000114403E0A3EB0006324411440246A14251
:100DE000F0D370BD10B5FFF7C5FFFFF7D5FF0FF0CB
:100DF00077FF04460FF0FAFF204310BD2DE9FC41B8
:100E000004460D461646002000900190FFF7AAFF09
:100E1000922000F0BFF806226946122000F09CF8EC
:100E2000FFF798FF9DF801009DF80010000200B246
:100E30000843484F00EE100AD7ED000AB8EEC00A8A
:100E400020EE200A85ED000A9DF803009DF80210AF
:100E5000000200B2084300EE100AF8EEC00A97ED57
:100E6000000A60EE800AC5ED010A9DF805009DF8B4
:100E70000410000200B2084300EE900AF8EEE00A07
:100E800020EE800A85ED020AFFF77EFF0822694600
:100E9000002000F061F8FFF76FFF9DF800000F28B9
:100EA00030D19DF803009DF80210000200B2084303
:100EB00000EE100AD7ED010AB8EEC00A20EE200AB3
:100EC00084ED000A9DF805009DF80410000200B2B0
:100ED000084300EE100AF8EEC00A97ED010A60EE32
:100EE000800AC4ED010A9DF807009DF80610000273
:100EF00000B2084300EE900AF8EEE00A20EE800A05
:100F000084ED020AFFF72EFFA22000F043F8022230
:100F10006946222000F020F8FFF71CFF9DF8000032
:100F20009DF80110C00040EA5110B0F5806F02DB5F
:100F3000A0F5006000B200EE100AB4EE001AF8EE60
:100F4000C00AB3EE070A00EE810A86ED000ABDE88A
:100F5000FC8100001C0B002470B50D46144640F0C7
:100F6000800000F017F806E0552000F013F805F8AF
:100F7000010B641EE4B2002CF6D170BD10B50C4616
:100F800040F0800000F006F8552000F003F82070D3
:100F900010BD000001B582B04FF47A7001230090BB
:100FA00001AA034802A906F0C9FD9DF804000EBD80
:100FB0003410002410B50C46FFF7ECFF2046BDE8C6
:100FC0001040FFF7E7BF000010B5394C37482060EC
:100FD000042161609FED371AB5EEC00AF1EE10FAF8
:100FE00001D2B0EE410A10EE101A334A914201DDEF
:100FF0009FED320AF5EEC00AF1EE10FA01D2F0EEE2
:10100000410A10EE901AB7EE001AB1F17E5F01DDD1
:10101000F0EE410A84ED020AC4ED030A01680A6A8F
:1010200041F211131A4207D10A6A9B101A4203D1E6
:101030000A6822F001020A60026800215162B5EEDE
:10104000C00AF1EE10FA06D80368EF22DA62C26035
:10105000026891631BE09FED1A2AC2EE001A31EE7E
:10106000C10A30EE011A61EE200AB6EE001A60EEF7
:10107000810ABCEEC00A026810EE101AD16280ED3F
:10108000030ABCEEE00A026810EE101A9163012117
:1010900007F032F8D4E9000107F012FA206800687E
:1010A000016841F00101016010BD000044120024FC
:1010B000C00000240000000000409C4600409C4608
:1010C0000024744970B505460C4600F013F8284614
:1010D00011F03CFB9FED060AF0EE400A00F00AF822
:1010E000002C04D02046BDE8704011F02FBB70BD2D
:1010F0000000000070B59FED5A1AB5EEC00AF1EE7F
:1011000010FA01D2B0EE410A10EE100A5549884299
:1011100001DD9FED550AF5EEC00AF1EE10FA01D29D
:10112000F0EE410A10EE900AF7EE001AB0F17E5F81
:1011300001DDF0EE610A4D4C84ED020AC4ED030AB4
:10114000206801680A6A41F211131A4207D10A6A3B
:101150009B101A4203D10A6822F001020A6001685A
:1011600000224A624149B5EEC00AF1EE10FA496820
:1011700004D9F5EEC00AF1EE10FA1ED80568EF2387
:10118000EB62C36051B104290BD008290CD00C29A3
:101190000DD010290ED00168CA6533E001684A639A
:1011A00030E001688A632DE00168CA632AE00168C3
:1011B0000A6427E001688A6524E09FED2D2A82EE0B
:1011C000001A31EE611A31EE210A20EE200AF6EE05
:1011D000000A20EE200AFCEEC10A036810EE902AF5
:1011E000DA62C0ED030AB9B104291CD0082921D064
:1011F0000C2926D010292BD0BCEEC00A026810EEB4
:10120000101AD165012106F077FF20680068016897
:1012100041F00101016070BDBCEEC00A026810EE31
:10122000101A5163EEE7BCEEC00A026810EE101A05
:101230009163E7E7BCEEC00A026810EE101AD163B2
:10124000E0E7BCEEC00A026810EE101A1164D9E79C
:10125000BCEEC00A026810EE101A9165D2E70000D9
:101260000000000000409C4600409C46C000002456
:101270000024744970B52DED048B5D4C94EDB30AD8
:101280000FF08EFA94EDB01AD4EDB40A21EE201AC4
:1012900020EE018A94EDC20A30EE600AD4EDA30A72
:1012A00030EE200A9FED539A00EE098A94EDB30ABE
:1012B0000FF0CCFCD4EDB10A00EE808A94EDD10A97
:1012C0000FF06EFA94EDCE1AD4EDD20A21EE201A68
:1012D00060EE018A94EDE00A30EE600AD4EDA30AD4
:1012E00030EE200A40EE098A94EDD10A0FF0AEFCF0
:1012F000D4EDCF0A40EE808AF6EE000A38EE280AD6
:1013000020EE208A84ED988A94ED9A0A04F66C0007
:1013100009F03CFE384D686880ED008A04F50060F5
:1013200090ED1C0A686880ED010AD4F880089FEDF2
:10133000338A00EE100AD5F80001B8EE400A20EE1C
:10134000080A80ED010A284609F0EEF9D5F8E80010
:1013500090ED002A84ED992A90ED010A84ED9B0A14
:1013600094ED930A9FED261BB7EEC00AB0EEC00BBA
:10137000B4EEC10BF1EE10FA0ED2D4F8800800EEF4
:10138000100AB8EE400A62EE000A94ED960A00EEEA
:10139000880A84ED960A03E09FED1B0A84ED960A05
:1013A0000021C1EB011004EBC00201EB410092ED02
:1013B000B30A04EBC00080EDEA0A92EDB40A80EDB6
:1013C000EB0A94ED960A80EDEC0A94ED990A80ED13
:1013D000ED0A94EDA20A80EDEE0A94EDA30A80EDE9
:1013E000EF0A491CC9B20229DBD3BDEC048B70BDE6
:1013F0002C0100248FC2753D5C5700246F12833A84
:10140000000000E04D62503F00000000FEE70000D9
:101410002DE9F04105460E4617462DED028BF0EE04
:10142000408A002D2AD0002E28D000249FED158A56
:1014300022E000EE107A05EBC403B8EE400AD3EDCB
:10144000010A20EE800ABCEEC00A10EE100A93EDED
:10145000000AB5EEC00AF1EE10FA07D8B0EE480A5D
:101460000021F0EE400AFFF72DFE04E00021F0EE2F
:10147000680AFFF727FE641CB442DAD3BDEC028B86
:10148000BDE8F081000000000348C822B7EE000A62
:101490004FF4C471FFF7BCBF5C37010830B4029D44
:1014A0000B4C44F8100C44F80C1C227663761A0A94
:1014B000A276E5762A0A227700226277A277E2777F
:1014C00004F1180230BC89B208230FF0FDBC000003
:1014D000840B00240B784A78DFED090A42EA0322E4
:1014E00012B200EE102AB8EEC00A80EE201A80ED8B
:1014F000001A8A780273CA78427309798173704737
:1015000000007A4410B504462DED108BB0EE40EA91
:10151000B0EE60FA82B0B7EECF0AB0EE40AB0DF09D
:10152000EFFE9FED8F8B20EE080BF7EEC0CBB7EEF2
:10153000CE0AB0EE409B0DF0E3FE20EE080BF7EE76
:10154000C0EBB0EE4A0B0DF0DBFD20EE080BB7EE62
:10155000C0BBB0EE490B0DF0D3FD20EE080BF7EE4B
:10156000C0BB7CEEEEAA3BEE6BAA2AEE0A0A0AEE9C
:10157000AA0AB7EEC00A0DF0E5FFB7EEC00BF6EE13
:10158000000A2AEE20CA2AEEA0AADFED770AB0EE02
:10159000601A00EE001A71EE60AA2CEE0C0A0AEE38
:1015A0000A0A0AEEEA0AB7EEC00A0DF0CBFFB7EE60
:1015B000CA1A30EE010B3CEE2A1AB7EEC11A0DF032
:1015C0005FFBB0EE001B20EE010BB7EEC0CBB7EE19
:1015D000CC0AB0EE40AB0DF093FD3BEECB1AB5EE6E
:1015E00000BBB7EEC1DA00EE0BDBB0EE4A0B0DF03C
:1015F00087FEB0EE401B3EEEEC0AB7EEC00A01EEED
:101600000B0BB0EE4D1B0DF03BFBF7EEC0CBB0EE7D
:10161000490B0DF075FD20EE08DBB0EE4A0B0DF026
:101620006FFD00EE0BDBB7EECDDBB0EE490B0DF03E
:1016300067FE20EE089BB0EE4A0B0DF061FE00EE57
:101640000B9BB7EEC99B2DEE0D0A09EE090AB7EE0A
:10165000C00A0DF077FFB7EEC01B8DED011AB7EE93
:10166000CD1AB7EEC90A0DF00BFBF7EEC0EB3EEE5C
:10167000EC0AB7EEC0AAB0EE4A0B0DF041FE20EE28
:10168000089B3EEE4C0AB7EEC0BAB0EE4B0B0DF025
:1016900037FE29EE00DB3CEECC0AB7EEC09AB0EE86
:1016A000490B0DF02DFE8DEE001BF7EEC1FB3EEE5B
:1016B000CC0AB7EEC0DAB0EE4D0B0DF021FE20EEF5
:1016C00008EB3CEECF0AB7EEC0CAB0EE4C0B0DF003
:1016D00017FE2EEE00EBB0EE490B0DF011FE8EEE74
:1016E000001BB7EEC1EBB0EE4A0B0DF009FD20EE8A
:1016F00008ABB0EE4B0B0DF003FE2AEE00BBB0EED4
:10170000490B0DF0FDFD9DED011AB7EEC1AA20EECB
:101710000A0B8BEE001BB7EEC1BBB0EE4D0B0DF00C
:10172000EFFC20EE088BB0EE4C0B0DF0E9FD28EE3F
:10173000008BB0EE490B0DF0E3FD20EE0A0B88EEB6
:10174000001BB7EEC10BC4ED00FA84ED01EA84ED95
:1017500002BA84ED030A02B0BDEC108B10BD00008C
:10176000000000A047E1CA3F0000803D90ED000A64
:10177000D1ED000A524B20EE200A83ED210A90EDB4
:10178000010AD1ED010A20EE200A83ED220A90ED34
:10179000020AD1ED020A20EE200A83ED230A90ED21
:1017A000030AD1ED030A20EE200A83ED240A90ED0E
:1017B000040A83ED250A90ED050AD1ED050A20EE15
:1017C000200A83ED260A90ED060AD1ED000A20EEEC
:1017D000200A83ED270A90ED070AD1ED010A20EED9
:1017E000200A83ED280A90ED080AD1ED020A20EEC6
:1017F000200A83ED290A90ED090AD1ED030A20EEB3
:10180000200A83ED2A0A90ED0A0AD1ED040A20EE9F
:10181000200A83ED2B0A90ED0B0AD1ED050A20EE8C
:10182000200A83ED2C0A90ED000AD1ED000A91ED1B
:10183000011A20EE200AD0ED010A00EE810AD0ED57
:10184000020A91ED021A00EE810AD0ED030A91ED31
:10185000031A00EE810AD0ED040A91ED041A00EE9D
:10186000810AD0ED050A91ED051A00EE810A82ED9C
:10187000000A90ED060AD1ED000A91ED011A20EE62
:10188000200AD0ED070A00EE810AD0ED080A91ED9A
:10189000021A00EE810AD0ED090A91ED031A00EE5A
:1018A000810AD0ED0A0A91ED041A00EE810AD0ED0A
:1018B0000B0A91ED051A00EE810A82ED010A7047CC
:1018C0002C09002490ED001AD0ED022A90ED012A97
:1018D000D0ED031A21EE001A02EEA01A22EE000A41
:1018E00001EEA00A81ED001A81ED010A70470000A7
:1018F000F0B4DDE904560C4C44F8100C44F80C1C10
:10190000170A277662761A0AA276E3762A0A2277DF
:101910006577320AA277E67704F11802F0BC89B243
:1019200008230FF0D1BA0000840B00240848007A85
:1019300002280BD0032801D000F0B6BF04485C3861
:10194000007808B1FFF760B800F04EBF00F04CBF60
:101950002C01002470B5304C304D94F8380000282C
:101960000BD094F8800040B194F8C80028B194F8E6
:10197000100110B1287D01281BD127480C3001F03F
:101980003BFA012010F0E2FE2348543001F034FA13
:10199000012010F0DBFE20489C3001F02DFA0120E0
:1019A00010F0D4FE1C48E43001F026FA012010F0BB
:1019B000CDFE207A032802D1617A032906D1A97BC2
:1019C00021B9022812D1607A02280FD014484FF4AE
:1019D000CA71FEF768FD002084F8280384F8A0038C
:1019E0000D489FED100A5C3880ED040A0E480F4D3B
:1019F000407B48B10E48042106F062FD286811F0D2
:101A000035FB207A607270BD0948042106F0F6FDAE
:101A1000286811F0AFFBF4E72C010024F6560024EF
:101A200084030024713D0A3E4C5700241800002412
:101A3000441200242DE9F04F2DED048BAFB00FF0D0
:101A4000C7FBB74E30600024671E012306F10C006F
:101A50001A46B7EE000ACDE90074194680460AF02E
:101A6000D3FA012306F154001A4602218146B7EE4B
:101A7000000ACDE900740AF0C7FA012506F19C00BE
:101A80002B4603212A46B7EE000ACDE900548246D0
:101A90000AF0BAFA012306F1E4001A46042183464B
:101AA000B7EE000ACDE900540AF0AEFA9FED9D8A28
:101AB000002302220121B0EE480ACDE9007406F5A8
:101AC00096700AF0A1FA022200231146B0EE480AED
:101AD000CDE9005406F5BA700AF096FA404601F0D6
:101AE0008BF9012010F032FE484601F085F9012003
:101AF00010F02CFE504601F07FF9012010F026FE78
:101B0000584601F079F98848047002214170032198
:101B10008170C4704FF4CA7106F51670FEF7C3FCED
:101B20009C2106F5DE70FEF7BEFC86F8284386F899
:101B3000A04335722CAB7D4C94E8070007C3DFED62
:101B40007C8A0021B1EE040AF0EE680A2CAA06F2A3
:101B50002C400AF05FFBD4E9041229ABE06807C30C
:101B60000021F7EE000AB1EE000A29AA06F5EE60A0
:101B70000AF050FBD4E9071226ABA06907C3002185
:101B8000F0EE680AB2EE0E0A26AA06F2BC700AF05F
:101B900041FBD4E90A02616A2391CDE924020021C4
:101BA000F0EE680AB2EE0E0A23AA06F608000AF062
:101BB00031FBD4E90D1220AB206B07C3F0EE680AAD
:101BC0009FED5C9A002120AAB0EE490A06F2C440BB
:101BD0000AF020FB9FED588A06F5806686ED358A6F
:101BE0000021F0EE680AB0EE490A20AA06F58870D6
:101BF0000AF010FB86ED488AD4E91002E16B1D91D2
:101C0000CDE91E02F0EE680A9FED4C0A00211DAAE4
:101C100006F523700AF0FEFAD4E913121AABA06C91
:101C200007C3F0EE680A9FED460A00211AAA06F1E2
:101C300078000AF0EFFAD4E9161217AB606D07C30B
:101C40000021F0EE680AB2EE000A17AA06F5FA7053
:101C50000AF0E0FA9FED3B8A06F25440B0EE480AE3
:101C600009F0A8F9B0EE480A06F25C4009F0A2F9C2
:101C7000B0EE480A06F2644009F09CF9B0EE480A5A
:101C800006F26C4009F096F99FED2F0A06F27440B7
:101C900009F090F92448022300221946343008F054
:101CA00061FAD4E91A13D4E9182014AE0BC61392C2
:101CB00070340FCC0FAC0FC41C480BAE803090E8D2
:101CC0001E001EC600F1100107AE1EC91EC6D0E9D7
:101CD000092303AC016AC06A0EC4069013AA1B490B
:101CE0005CCA88685CC003AA08685CCA5CC00FAAAA
:101CF000C8695CCA5CC00BAA086A5CCA5CC0486957
:101D000007A91EC91EC00848183005703C218180F3
:101D10002D2141802FB0BDEC048BBDE8F08F000079
:101D20002C0100243C3C7C4128570024C448010875
:101D30000000000000002A43CDCC4C3E0000AF4321
:101D4000000034436666663FCDCCCC3E5458002438
:101D500010B511F07FFB0E4CD4F87C18401AC4F873
:101D6000800811F077FBC4F87C08D4F82804401CE4
:101D7000C4F828040CF06EFB0CF066F90CF022FAA3
:101D80000CF086FBFFF776FABDE810400CF00EBAB7
:101D90002C0100242DE9F0472DED088B4FF00008B1
:101DA000002500219FEDFE8AFE4F3868B0F9022021
:101DB00002F11403292B00D39046B0F9082002F158
:101DC0001403292B00D31546B0F9002002F11403A7
:101DD000292B00D31146494200EE101AB8EEC00A72
:101DE000DFEDF19A20EE29BAF04CF14AE17D0129AC
:101DF00003D0B0F90630934202D1012387F8E833CB
:101E000097F8E8339FEDEBAADFEDEBAA9FEDEB9A95
:101E1000E44EDFF8AC935C3E012B12D0D7EDF90A0B
:101E2000B0EE4A0A0EF0A4FBF0EE408AD7EDF90AB4
:101E3000B0EE6A0A0EF09CFBB0EE402AA07CC8B35C
:101E40006EE0B0F9060001EB410303EBC1019042E3
:101E500001D1012000E0002000EB400202EBC000B5
:101E60000844A17D00EB810000EE100AB8EE400AA4
:101E700086ED070ACB49D6ED080A5C39C94891EDD1
:101E8000091AB4EEE00AD0F88008F1EE10FA12DD7B
:101E900001EE900AF8EE611A21EE811A41EE090A6C
:101EA000C6ED080AF4EEC00AF1EE10FA15DD86ED73
:101EB000080A12E026E010D201EE900AF8EE611A4C
:101EC00021EE811A41EE490AC6ED080AF4EEC00A75
:101ED000F1EE10FA01D286ED080A96ED080A89EDB6
:101EE000020AB7EEC00AB0EEC00B9FEDB61BB4EE0F
:101EF000C10BF1EE10FA34D286ED0A8A002087F881
:101F0000E8032EE0B7EEC20AB7EEE81AB0EEC00B57
:101F1000B0EEC11BB4EEC10BF1EE10FA78FE828A6E
:101F200097EDF90A70EE280AA8480AF099F8B1EE80
:101F3000400AB7EECB1AB1EE062BB4F90000B7EEAB
:101F4000C00A01EE020B01EE100AB8EEC11B9FEDB4
:101F5000A02B01EE420BB7EEC00B86ED070A89ED10
:101F6000020A97F8E80300287DD1D7EDF90AB0EE10
:101F70004A0A0EF0FDFAF0EE408AD7EDF90AB0EE0B
:101F80006A0A0EF0F5FAB0EE401A0120A17C69B998
:101F9000B7EEE80AB7EEC11AB0EEC00BB0EEC11B47
:101FA000B4EEC10BF1EE10FA00D3801E00EE108AE1
:101FB000F1EE000AB8EEC00A20EE290A60EE200A0F
:101FC00000EE100AB8EEC00A20EE800A89ED000A81
:101FD000D7EDB00A97EDCE1AB6EE002B70EE810A5F
:101FE000B7EEE01A21EE021B9FED7B2BB4EEC21B75
:101FF000F1EE10FA26DDB7EEC01A217A00EE101AC3
:10200000B8EE402B9FED760B03EE100A22EE002B6C
:10201000B8EEC33B02EE031BB7EEC11B617A02EEC2
:10202000101AB8EE422BB7EEC11A22EE000B02EEE8
:10203000100AB8EEC22B00EE421BB7EEC10B89EDC1
:10204000000A2AE0A17D012946D0B7EEC01A217A04
:1020500000EE101AB8EE402B9FED630B03EE100A52
:1020600022EE002B00E036E0B8EEC33B02EE031B8D
:10207000B7EEC11B617A02EE101AB8EE422BB7EE32
:10208000C11A22EE000B02EE100AB8EEC22B00EECF
:10209000421BB7EEC10B89ED000A99ED000AD6ED9F
:1020A000060AB4EEE00AF1EE10FA3CDDD7F880083B
:1020B000D6ED051A01EE100AB8EE411A21EE211AEA
:1020C00041EE090AC6ED060AB4EEE00AF1EE10FA96
:1020D0003FD286ED060A3CE0B7EEC01A217A03EE45
:1020E000100A00EE101AB8EEC33BB8EE402BB0EE6B
:1020F000040B22EE002B02EE031BB7EEC11B617A2C
:1021000002EE101AB8EE422BB7EEC11A22EE000B07
:1021100002EE100AB8EEC22B00EE421BB7EEC10B66
:1021200089ED000AB9E714D2D7F88008D6ED051A70
:1021300001EE100AB8EE411A21EE211A41EE490AC9
:10214000C6ED060AB4EEE00AF1EE10FA01DD86ED06
:10215000060A96ED050AD6ED091A254AB068254902
:1021600090420DDA097821B1F6EE000A20EE200A3D
:102170000FE0DFED210A20EE200A61EEA01A08E050
:102180001E4B984205DA0978E1B3DFED1D0A20EE17
:10219000200A99ED001AF0EEC12AD6ED060A32E0C7
:1021A000000000002C0100240C98C63AF6560024CA
:1021B0006CFDFFFFCC772C4078C0E4BE6F12833AF1
:1021C00034570024000000403333D33F200700245D
:1021D00079E9263108AC9C3F7B14AE47E17AD43FC5
:1021E000CDCCCCCCCCCCEC3F666666666666FE3F5A
:1021F0009A99993E1C570024CDCCCC3DCDCC4C3F78
:102200006666663F0FE0B0EEE02AF4EEC22AF1EE19
:1022100010FA06D321EE202AB5EEC02AF1EE10FA0C
:1022200008D2012107E0DFED900A20EE200A61EEDE
:10223000A01AAEE70021B1B130EE802AB4EEC21A86
:10224000F1EE10FA02DD86ED062A3DE030EEC00A1E
:10225000B4EEC01AF1EE10FA02D286ED060A33E0AF
:1022600086ED061A30E0904218DAF4EEC00AF1EE7C
:1022700010FA04DD30EEC00A86ED060A24E0B1EE65
:10228000401AF4EEC10AF1EE10FA04D230EE800AE0
:1022900086ED060A18E086ED068A15E030EE802A03
:1022A000B4EEC21AF1EE10FA02DD86ED062A0BE05A
:1022B00030EEC00AB4EEC01AF1EE10FA02D286ED8A
:1022C000060A01E086ED061AD6ED080A99ED020A23
:1022D00030EEA11AB4EEC10AF1EE10FA02DD86ED7D
:1022E000081A0BE070EEE10AB4EEE00AF1EE10FA23
:1022F00002D2C6ED080A01E086ED080AD6ED060A0C
:1023000096ED080A89ED020A387A032835D087ED60
:10231000938A87ED948A87ED958A002101EB41002D
:1023200007EBC00080ED838A80ED848A80ED858A8A
:1023300097ED930A80ED860A80ED878A80ED888A82
:10234000491CC9B20229E9D3387ADFED480A9FED6A
:10235000481A032818D09FED470A86ED040A96ED27
:10236000040A0EF017FF86ED040A87ED8F0A87ED49
:10237000900ABDEC088BBDE8F087C7ED930A87EDA6
:10238000948A87ED950AC8E700EE105AB8EEC00AA5
:1023900060EE291A96ED040A01EEC90A86ED040AD8
:1023A000607B9FED352BA8B1DFED351A31EEC04AC9
:1023B000B7EEC43AB0EEC33BB4EEC23BF1EE10FA56
:1023C00006DDDFED301A04EE210A86ED040A01E095
:1023D000C6ED041A207BC8B1D6ED041A30EEE10A2E
:1023E0009FED294BB7EEC03AB0EEC33BB4EEC43B11
:1023F000F1EE10FA06DD9FED263A40EE031AC6ED27
:10240000041A03E0B0EE600A86ED040AE07BB8B17E
:102410009FED200A96ED044A70EE441AB7EEE13AB9
:10242000B0EEC33BB4EEC23BF1EE10FA06DD9FED19
:102430001A0A01EE804A86ED044A01E086ED040A9C
:1024400097F92404012808D0022809D0032886D14E
:102450009FED120A86ED040A81E7C6ED040A7EE7C5
:1024600086ED041A7BE700003333333F713D0A3EAB
:10247000B4C8B63E295C0F3E000000E04D62503FFC
:10248000AE47613E4260E53B000000402AA9433F61
:102490000AD7233C5C8FC23E0AD7A33BE27A143EA4
:1024A00010B50AF0F5F8BDE810400AF0ADB900002B
:1024B00030B52F4B012418688189022902D1428945
:1024C000022A02D0032902D004E01C7219E04289DA
:1024D000022A06D0274A927B012A02D0012903D082
:1024E00005E0022018720CE04289022A02D002297B
:1024F00003D005E00320187203E0408903281CD0B4
:102500001C720020C0EB001103EBC10191F82823DD
:10251000B2B1D1F824531E2D12D9002281F82823FC
:1025200000EB400101EB00119FED130A03EB810169
:1025300001F5806181ED360A15E004201872E0E7AC
:102540008AB9D1F820231E2A0DD981F8284300EB3F
:10255000400101EB00119FED090A03EB810101F538
:10256000806181ED360A401CC0B20228CAD330BD5A
:102570002C010024F656002400002A430000F042FB
:1025800070B505462DED088BB0EE40ABF0EE419AEC
:10259000B0EE61BA7F4C2078002805D084ED032A84
:1025A000C4ED042A00202070D4ED030A9FED7A0ABE
:1025B00020EE801ADFED790A02EE201A84ED031A6C
:1025C00094ED041A21EE000A02EEA00A84ED040A3A
:1025D0007349B1F84C0000EE100AB8EE400A84EDE1
:1025E000020A704A927A642A07D91E3000EE100A55
:1025F000B8EE400A84ED020A05E000EE100AB8EEDB
:10260000400A84ED020AB1F8570000EE100AF8EE15
:10261000408A94ED020ADFED640AB5EEC00AF1EEDD
:1026200010FA01D1C4ED020A9FED601A94ED020A7E
:102630000EF0B0FD84ED020AF7EE00BAB0EE6B9A30
:1026400018EE900A5A49884202DD9FED5A9A02E03C
:1026500018EE900A584960EE098AD4ED030AB0EEEC
:102660004A0A09F02BFE84ED050AD4ED040AB0EE07
:10267000690A09F023FE84ED060AD4ED050A30EE5E
:10268000800A84ED070A3AEE2A0AD4ED030A09F01B
:1026900015FE84ED080A39EE8B0AD4ED040A09F020
:1026A0000DFE84ED090AD4ED080A30EE802A84ED8F
:1026B0000A2AB0EE6B8ADFED410AB4EEE82AF1EEA9
:1026C00010FA1CD994ED070AB4EEC02AF1EE10FA04
:1026D00015D3B4EEE80AF1EE10FA02DBB0EE608A30
:1026E0000DE038EEC01A32EE400A354910EE100AFD
:1026F000884202DD81EE008A01E0B0EE608A18EEC9
:10270000100AB0F17E5F01DDB0EE6B8AB5EEC08AD3
:10271000F1EE10FA01D2B0EE608A94ED010AB4EE47
:10272000C08AF1EE10FA02D285ED008A0DE0DFEDED
:10273000250A30EE200AB4EEC80AF1EE10FA02D2F1
:1027400085ED000A01E085ED008AD5ED000AB0EEC6
:102750004A0A00EEAA0AD4ED030A09F0AFFD84ED9F
:102760000B0AD5ED000AB0EE690A00EE8B0AD4ED33
:10277000040A09F0A3FD84ED0C0AD4ED0B0A30EE37
:10278000800A84ED0D0A95ED000A84ED010ABDEC86
:10279000088B70BDE80900249A99593F9A99193E0F
:1027A000905800241C5700240000344200001643B7
:1027B0000000F0416666A63F0000204100000000D6
:1027C00017B7D1380AD7A33B05480068016841F024
:1027D0001001016003494FF4C872014806F096BC2D
:1027E0007C150024AE5900242DE9F0412DED028B1B
:1027F00008F0ACFA08F058F9284E96EDFD0AB1EE53
:10280000400A86ED110A96EDFE0AB1EE400A86ED09
:10281000230A06F5806797ED040A86ED350A97EDE1
:10282000050A86ED470A00249FED1D8ADFED1D8A0B
:10283000307A022802D003280FD01CE004EBC40039
:10284000B0EE481A06EBC005F0EE680A95ED110AE5
:102850000EF0A0FC85ED110A0DE004EBC400B0EE13
:10286000481A06EBC005F0EE680A95ED110A0EF065
:1028700091FC85ED110A641CE4B2042CD8D397EDC9
:10288000010AB1EE400A86ED590A97ED080A86ED75
:102890006B0ABDEC028BBDE8F08100002C01002426
:1028A00000002042000020C20C489FED0B0A80ED82
:1028B000110A80ED230A80ED350A80ED470A80ED8C
:1028C000120A80ED240A80ED360A80ED480A80ED78
:1028D0005A0A80ED6C0A7047000000002C010024A9
:1028E000014801F017BC0000BC100024014801F0B1
:1028F00011BC000028180024014801F00BBC0000A6
:1029000034110024014801F005BC0000181900240E
:10291000014801F0FFBB0000A0180024014801F0AD
:10292000F9BB000038170024014801F0F3BB000098
:10293000B017002410B52C4A016891423AD02A4AB7
:102940001832914236D0284A3032914232D0264A4B
:10295000483291422ED0244A603291422AD0224AF3
:102960007832914226D0204A9032914222D01E4A9B
:10297000A83291421ED01D4A91421BD01B4A1832E8
:10298000914217D0194A3032914213D0174A483237
:1029900091420FD0154A603291420BD0134A7832DF
:1029A000914207D0114A9032914203D00F4AA83287
:1029B000914214D1CAB2103A1823B2FBF3F20C4C74
:1029C00002F00703E35CC365032A04D96FF309012E
:1029D000091D816506E06FF30901816502E021F0C0
:1029E000FF018165806D10BD10000240100402409F
:1029F000C036010810B501680123224CCAB2A142B9
:102A00001BD0204C1434A14217D01E4C2834A142B4
:102A100013D01C4C3C34A1420FD01A4C5034A1426C
:102A20000BD0184C6434A14207D0164C7834A14224
:102A300003D0144C8C34A1420FD1083A1421B2FBBC
:102A4000F1F1114A02EB810202660F4A80324266BE
:102A500001F01F018B40836610BD103A1824B2FBB1
:102A6000F4F20A4C2144A82900D80832084901EBA5
:102A70008201016606498031416602F01F018B40E8
:102A8000836610BD0854025800580258F0FBFDBF81
:102A9000000802400279521E072A31D8194B0168FA
:102AA00099421BD0174B1433994217D0154B28333A
:102AB000994213D0134B3C3399420FD0114B5033F2
:102AC00099420BD00F4B6433994207D00D4B7833AA
:102AD000994203D00B4B8C33994207D10A4901EB41
:102AE0008201C16608494031016706E0074901EBF0
:102AF0008201C1660549403101670121914041676A
:102B0000704700000854025800590258000902405A
:102B1000014610B500208B694FF0C0748A6A002B03
:102B20000ED0B3F5005F1AD062B3012A2AD0022A70
:102B300028D0032A03D1C96AC90100D5012010BDDC
:102B40001AB1012A06D0022AF9D1C96AC901F6D5FB
:102B5000012010BDC96AA142FBD1012010BD52B1B4
:102B6000012A0AD0022A06D0032AF7D1C96AA14253
:102B7000F4D1012010BD012010BDC96AC901FBD5E7
:102B8000012010BD012010BD2DE9F04F856D8A4E4A
:102B9000894FDFF824C2A836DFF81C82DFF81892CC
:102BA0000CF1180CDFF810A208F13008DFF808B2B9
:102BB00009F1480904680AF1600A0BF1780BBC427C
:102BC0006DD064456BD0444569D04C4567D05445C1
:102BD00065D05C4563D0DFF8E0E10EF1900E7445FE
:102BE0005DD0B4425BD0DFF8D4E1744557D0DFF854
:102BF000CCE10EF1180E744551D0DFF8C0E10EF1B2
:102C0000300E74454BD0DFF8B4E10EF1480E744538
:102C100045D0DFF8A8E10EF1600E74453FD0DFF833
:102C20009CE10EF1780E744539D0DFF890E10EF199
:102C3000900E744533D0DFF884E10EF1A80E744590
:102C40002DD0DFF87CE1744529D0DFF874E10EF176
:102C5000140E744523D0DFF868E10EF1280E744598
:102C60001DD0DFF85CE10EF13C0E744517D0DFF8A3
:102C700050E10EF1500E744511D0DFF844E10EF131
:102C8000640E74450BD0DFF838E10EF1780E744510
:102C900005D0DFF82CE10EF18C0E744509D1D0E996
:102CA00019E4CEF80440C46E1CB1D0E91CE4CEF89F
:102CB00004400468BC422ED064452CD044452AD040
:102CC0004C4528D0544526D05C4524D03A4F903707
:102CD000BC4220D0B4421ED0384EB4421BD0374E36
:102CE0001836B44217D0354E3036B44213D0334E76
:102CF0004836B4420FD0314E6036B4420BD02F4E1E
:102D00007836B44207D02D4E9036B44203D02B4EC5
:102D1000A836B4421BD190F85C4004F01F063F2453
:102D2000B440AC600468256825F4802525600468FB
:102D300063608368402B05D0036899600068C260B7
:102D4000BDE8F08F03689A600068C160F8E71C4E28
:102D5000B4421BD01A4E1436B44217D0184E28363F
:102D6000B44213D0164E3C36B4420FD0144E5036F7
:102D7000B4420BD0124E6436B44207D0104E7836AF
:102D8000B44203D00E4E8C36B442D9D190F85C4098
:102D900004F01F060124B4406C600468636083681B
:102DA000402B04D0036899600068C260C8E70368DC
:102DB0009A600068C160C3E710000240100402403E
:102DC00008540258704710B50446208820810A78BC
:102DD000487840EA022020808A78C87840EA0220B9
:102DE00060800A79487940EA0220A0808879A07141
:102DF00002F024FFE06010BD10B50446204600F04C
:102E0000EBFA002805D062892178BDE8104000F077
:102E100095B810BD70B504460D46287800F00F0037
:102E200020602878000960606978A87840EA01206D
:102E3000A060E9782A79090141EA1211E1602A7952
:102E4000697902F00F0241EA022121611021DFEDD0
:102E5000170A9FED170A10F001F884ED070AE068E1
:102E60000C21DFED140A9FED140A0FF0F7FF84ED3B
:102E7000080A20690C21DFED110A9FED110A0FF0FD
:102E8000EDFF84ED090AA87900EE100AB8EE400AB9
:102E900084ED0C0AE87900EE100AB8EE400A84EDE1
:102EA0000D0A02F0CBFEA06370BD0000DA0F4941AD
:102EB000DA0F49C100003442000034C20000584219
:102EC000000058C210B50446204600F085FA0028DC
:102ED0000ED021789FED070A94ED0E2ABDE8104030
:102EE000F0EE401AB0EE401AF0EE400A09F016B8C3
:102EF00010BD00000000000010B504462DED028B4F
:102F0000B0EE408A204600F067FA002810D0217801
:102F1000D4ED0F0A9FED080AF0EE481ABDEC028BC3
:102F2000B0EE402AB0EE401ABDE8104008F0F6BFFF
:102F3000BDEC028B10BD0000000000000A4B43F8FE
:102F4000100C0A4443F80C2CFF2119765976997617
:102F5000D976197759779977FC21D97791B2024AB6
:102F6000082318320DF0B0BF840B002472B6FEE7C0
:102F70000548016841F00201016003480838016812
:102F80008904FCD5704700000C48025810B58AB07F
:102F900000240294039402200490012005900694DA
:102FA000079402A9104802F070F808B1FFF7DEFF9D
:102FB00002220D4800231146009402F0AAF808B13D
:102FC000FFF7D4FF08480022012101F0E5FF08B116
:102FD000FFF7CCFF044802F0FDFC002801D0FFF70A
:102FE000C5FF0AB010BD0000540E0024014802F0D5
:102FF00081B90000540E002410B58AB00024029458
:1030000003940220049005900694079402A91048A6
:1030100002F03BF808B1FFF7A9FF02220C48002399
:103020001146009402F075F808B1FFF79FFF0848B9
:103030000022102101F0B0FF08B1FFF797FF04480C
:1030400002F0C8FC002801D0FFF790FF0AB010BDC5
:10305000F40E0024014802F04DB90000F40E0024E3
:1030600010B58AB0002402940394049401200590C2
:103070008002069040F2FF700790114802A902F00A
:1030800004F808B1FFF772FF02220D480023114631
:10309000009402F03EF808B1FFF768FF08480022EC
:1030A000012101F079FF08B1FFF760FF044802F049
:1030B00091FC002801D0FFF759FF0AB010BD0000B5
:1030C000940F0024014802F015B90000940F002469
:1030D00030B5426B036853F8844F4FF6FC718C4354
:1030E00044EA82041C60036853F8844F058F24F47B
:1030F0007F0444EA05441C60836B1A44036853F858
:10310000884F8C4344EA82041C60036853F8884F5C
:10311000858F24F4FE0444EA05441C60C36B02EB73
:103120004302036853F8A04F8C4344EA82041C60B6
:10313000036853F8A04FB0F8405024F4FE0444EA6A
:1031400005441C60D0E9103403FB0422036853F8E3
:10315000B04F8C4344EA82041C60036853F8B04FBC
:10316000B0F8485024F4FE0444EA05441C60D0E959
:10317000123403FB0422036853F8AC4F8C4344EA37
:1031800082041C60D0E9143403FB0422036853F862
:10319000F04F8C4344EA82041C60036853F8F04FFC
:1031A000B0F8585024F47C1444EA05441C60836D44
:1031B00002EB4303026852F8C04F8C4344EA830198
:1031C0001160016851F8C02FB0F85C3022F47C1215
:1031D00042EA03420A60016851F8C02F90F860305B
:1031E00022F07C5242EA03620A60416B224A02EBFF
:1031F0008101C166826B01EB82020267C36B02EB45
:10320000C3024267D0E91034634302EB8302826752
:10321000D0E91234634302EB8302C267D0E914346D
:10322000634302EB8302C0F88020836D02EBC3028C
:10323000C0F88420C46D836E5C4302EB8402C0F846
:103240008820046E5C4302EB8402C0F890200B4B94
:103250009A4208D99830416841F020014160032129
:103260000170012030BD002200E004C1D0F8903090
:103270008B42FAD8002030BD00AC0040FCD30040A7
:10328000F0B5D1E901650C692C430D68002E1AD008
:1032900045F080452C4391F82070D1E9066535430F
:1032A0004E6946EA076635438E8945EA0645D0F8F9
:1032B0008460806E584306EB80031C605D600833B9
:1032C00000200B4E0FE044EA8544E4E71418155C37
:1032D000E77845EA0765A77864783F0447EA04245D
:1032E000254320C3001DCC68345D8442EED8F0BD78
:1032F000C836010870B504460D46DFED1C0AB5F965
:10330000020000EE100AB8EEC00A20EE200A84ED9A
:10331000050A28889FED171A400000EE100AF8EE03
:10332000400A9FED130A60EE800A10EE810A84EDD8
:10333000070AA87900EE100AB8EE400A84ED080AE0
:10334000B5F9040000EE100AB8EEC00A84ED090ACF
:103350002888608502F072FCE968401A0A2802D9C0
:103360000120207370BD0020207370BD5077D63DC2
:10337000DB0F4940000000390C2901D2022801D09E
:10338000034870470248103800EB011070470000F6
:10339000D060002470B504460D4695ED070A84ED13
:1033A000070A95ED080A84ED050A95ED090A84EDF2
:1033B000060A95ED0C0A84ED080A287984F82C0099
:1033C00002F03CFCA96B401A0A2802D901202073A4
:1033D00070BD0020207370BD4178012901D000200C
:1033E00070478078012803D0022803D0002070475E
:1033F0000148704701487047540E0024F40E002421
:1034000060EE000A20EE801AC64B1A7A022A02D019
:10341000032A7DD06AE1DFEDC41A61EE211A9FED27
:10342000C32A40EE821A9FEDC22A40EE021A9FED97
:10343000C12A71EE821AC0ED001ADFEDBF1A61EEEB
:10344000211A9FEDBE2A40EE821A9FEDBD2A40EE62
:10345000021A9FEDBC2A71EE821AC0ED011ADFED4F
:10346000BA1A61EE211A9FEDB92A40EE821A9FED39
:10347000B82A40EE021A9FEDB72A71EE821AC0ED0B
:10348000021ADFEDB51A61EE211A9FEDB42A40EE63
:10349000821A9FEDB32A40EE021A9FEDB22A71EE16
:1034A000821AC0ED031ADFEDB01A61EE211A9FED0A
:1034B000AF2A40EE821A9FEDAE2A40EE021A9FED2F
:1034C000AD2A71EE821AC0ED041ADFEDAB1A61EE7F
:1034D000211A9FEDAA2A40EE821A9FEDA92A40EEFA
:1034E000021A9FEDA82A71EE821AC0ED051ADFEDCF
:1034F000A61A61EE211A9FEDA52A40EE821A9FEDD1
:10350000A42A40EE021A9FEDA32A71EE821A00E06F
:1035100014E0C0ED061ADFEDA01A21EE211ADFED4E
:103520009F1A00EEA11ADFED9E0A00EE201A9FED11
:103530009D0A31EE000A80ED070AD7E0DFED9A1A06
:1035400061EE211A9FED992A40EE821A9FED982A8A
:1035500040EE021A9FED972A71EE821AC0ED001A12
:10356000DFED951A61EE211A9FED942A40EE821A42
:103570009FED932A40EE021A9FED922A71EE821A75
:10358000C0ED011ADFED901A61EE211A9FED8F2A2E
:1035900040EE821A9FED8E2A40EE021A9FED8D2A90
:1035A00071EE821AC0ED021ADFED8B1A61EE211A5C
:1035B0009FED8A2A40EE821A9FED892A40EE021A78
:1035C0009FED882A71EE821AC0ED031ADFED861A8C
:1035D00061EE211A9FED852A40EE821A9FED842A22
:1035E00040EE021A9FED832A71EE821AC0ED041A92
:1035F000DFED811A61EE211A9FED802A40EE821ADA
:103600009FED7F2A40EE021A9FED7E2A71EE821A0C
:10361000C0ED051ADFED7C1A61EE211A9FED7B2AC1
:1036200040EE821A9FED7A2A40EE021A9FED792A27
:1036300071EE821AC0ED061ADFED771A61EE211ADB
:103640009FED762A40EE821A9FED752A40EE021A0F
:103650009FED742A71EE821AC0ED071ADFED721A1F
:1036600061EE211A9FED712A40EE821A9FED702AB9
:1036700040EE021A9FED6F2A71EE821AC0ED081A11
:10368000DFED6D1A61EE211A9FED6C2A40EE821A71
:103690009FED6B2A40EE021A9FED6A2A71EE821AA4
:1036A000C0ED091ADFED681A61EE211A9FED672A55
:1036B00040EE821A9FED662A40EE021A9FED652ABF
:1036C00071EE821AC0ED0A1ADFED631A21EE211A9B
:1036D000DFED621A00EEA11ADFED610A00EE201A9A
:1036E0009FED600A31EE000A80ED0B0A002918D028
:1036F000197A032915D19FED5C0A80ED000A80ED4F
:10370000010A80ED020A80ED030A80ED040A80EDD3
:10371000050A80ED080A80ED090A80ED0A0A80EDAD
:103720000B0A70472C010024778D46C3C297704363
:10373000AFA5F5C28E06C2C06ABC943E1D5A143FA6
:10374000341107C1F931A6BEBE3095C111B6B741DB
:10375000FE4325C1E414ADBFB1BF42C15F878841BC
:10376000265314C13E792CC09FFC8BC2C482FC42FC
:103770001E56AFC2355EE34110FAA7C1E403E7412C
:103780007FFB82C180489F4081E50D432D0396C297
:10379000410204C246D41242F2D253410E4F4AC1F2
:1037A000BADA2A4072F927409FCD76C0E977BB424A
:1037B000FCE9C2C238F8B2BF7A368141BA4936C193
:1037C0003333A9C08FC2F5BC8CDB54401AC07B4098
:1037D00054E3BDC0355E3ABD54E3EF40E0BEB440B3
:1037E0000B4624C1CDCCCCBE955DB9438E5D98C34C
:1037F0001F855741EEBC224201DEE8C0D6563C414F
:10380000B7D116C1CC7F7C40811AD144ACC5B8C4B5
:10381000649D3443B0431143C4220643004F17C391
:10382000B81E2D4214AE12413C3D02436ACDD6C2B1
:1038300060E5B2400D715B41152CA642424FF1C1CB
:10384000413157C23E390B4217E964C3AD1C84C4F1
:103850008FF19244637F65C1A127B1426BAB0CC36A
:10386000A3A1A542E258C3C00000000010B5044661
:103870002DED0A8BB0EE408AB7EEE00AB0EE40AB19
:103880000BF03EFD9FED479B20EE090BB7EEC0BB52
:10389000B7EEC80AB0EE408B0BF032FD20EE090BFC
:1038A000F7EEC0BBB0EE4A0B0BF02AFC20EE090B82
:1038B000B7EEC0ABB0EE480B0BF022FC20EE090BCC
:1038C000B7EEC00B7BEE6BAA3AEE40AA2AEE0A0ACC
:1038D0000AEEAA0AB7EEC00A0BF034FEB7EEC00B30
:1038E000F6EE000A2AEE20BA6AEEA0AA9FED2F1A81
:1038F000F0EE410A40EE000A30EEC1AA2BEE0B0AB0
:103900000AEEAA0A0AEE4A0AB7EEC00A0BF01AFE3D
:10391000B7EEEA1A30EE010B3BEE0A1AB7EEC11A07
:103920000BF0AEF9B0EE001B20EE010BB7EEC0AB12
:10393000B0EE480B0BF0E4FB20EE09BBB7EECA0A71
:10394000B0EE40AB0BF0DCFBB5EE00CB00EE0CBBF9
:10395000B7EECBBBB0EE480B0BF0D2FC20EE098BE0
:10396000B0EE4A0B0BF0CCFC00EE0C8BB7EEC88B24
:103970002BEE0B0A08EE080AB7EEC00A0BF0E2FDC8
:10398000F7EEC08BB7EECB1AB7EEC80A0BF078F99A
:10399000B7EEC00BC4ED008A84ED010ABDEC0A8BC2
:1039A00010BD0000000000A047E1CA3F0000803DBC
:1039B000D0ED001A90ED032AD0ED012A90ED023AE5
:1039C00021EE821A02EEC31AC2EE013AB1EE622A69
:1039D000C2EE012AB1EE433A83EE012A81EE813A2A
:1039E00023EE801A02EE201A22EE800A03EE200A4D
:1039F00081ED001A81ED010A70470000024610B502
:103A00005078002810D001281AD19078012817D1B9
:103A100010780C49401EBDE81040C0EB001001EBCF
:103A200080011046FFF7B6BC1078401EC1B29078F6
:103A3000FFF7A2FC01461046BDE81040FFF75ABC54
:103A400010BD0000D05F00240346104610B5002BC7
:103A500001D0084C0AE04FF6FF7010BD13F8012B9F
:103A60004240D2B234F8122082EA1020491E4A1C89
:103A7000F4D110BD944B010810B5054C03E010F8CB
:103A8000013B5340E25C491E4B1CF8D1104610BD6F
:103A9000944A0108014890ED690A7047785C002457
:103AA000014890ED680A7047785C0024014890ED69
:103AB0006A0A7047785C002490ED001AD0ED011A74
:103AC00021EE001A01EEA01AD0ED021A21EE800AB2
:103AD000D0ED031A01EEA00A81ED001A81ED010A72
:103AE000704700002DE9F84F044602F0A7F8009057
:103AF0005CB194F83500022809D080206065002070
:103B000084F834000120BDE8F88F0120FBE7D14E96
:103B1000D04FD0491836DFF83C833037DFF8349384
:103B2000DFF830A308F14808DFF828B309F160098D
:103B300020680AF1780A0BF1900B88422ED0B0422F
:103B40002CD0B8422AD0404528D0484526D05045F0
:103B500024D0584522D0BF4AA83290421ED0BE4A37
:103B600090421BD0BC4A1832904217D0BA4A303229
:103B7000904213D0B84A483290420FD0B64A6032D1
:103B800090420BD0B44A7832904207D0B24A903279
:103B9000904203D0B04AA83290420AD1026822F083
:103BA0001E0202602068426922F08002426125689C
:103BB00004E0026822F00E02026025682068884254
:103BC0004DD0B0424BD0B84249D0404547D048458F
:103BD00045D0504543D0584541D09E4AA8329042E6
:103BE0003DD09D4A90423AD09B4A1832904236D0FE
:103BF000994A3032904232D0974A483290422ED081
:103C0000954A603290422AD0934A7832904226D028
:103C1000914A9032904222D08F4AA83290421ED0D0
:103C20008E4A90421BD08D4A1432904217D08B4A54
:103C30002832904213D0894A3C3290420FD0874AB2
:103C4000503290420BD0854A6432904207D0834A6A
:103C50007832904203D0814A8C32904204D1206E57
:103C6000026822F4807202607A49206888422ED06D
:103C7000B0422CD0B8422AD0404528D0484526D062
:103C8000504524D0584522D07249A83188421ED0D0
:103C9000714988421BD070491831884217D06E494B
:103CA0003031884213D06C49483188420FD06A497C
:103CB000603188420BD068497831884207D0664924
:103CC0009031884203D06449A831884204D1016808
:103CD00021F00101016013E0016821F001010160A0
:103CE0000EE001F0ABFF0099401A052808D920200A
:103CF000343420620320607000202070012002E72D
:103D00002868C007EDD1534A0121206890422ED087
:103D1000B0422CD0B8422AD0404528D0484526D0C1
:103D2000504524D0584522D04A4BA83398421ED043
:103D3000494B98421BD0484B1833984217D0464BFA
:103D40003033984213D0444B483398420FD0424B03
:103D5000603398420BD0404B7833984207D03E4BAB
:103D60009033984203D03C4BA833984208D1A06DC1
:103D700094F85C3003F01F053F23AB40836007E0FD
:103D8000A06D94F85C3003F01F0301FA03F3436065
:103D9000206890424DD0B0424BD0B84249D0404507
:103DA00047D0484545D0504543D0584541D0294A91
:103DB000A83290423DD0284A90423AD0264A183242
:103DC000904236D0244A3032904232D0224A483291
:103DD00090422ED0204A603290422AD01E4A783239
:103DE000904226D01C4A9032904222D01A4AA832E1
:103DF00090421ED0194A90421BD0184A1432904269
:103E000017D0164A2832904213D0144A3C329042BE
:103E10000FD0124A503290420BD0104A6432904276
:103E200007D00E4A7832904203D00C4A8C3290422E
:103E30000BD1D4E919205060E06E30B1026822F451
:103E400080720260D4E91C2050603434617000201C
:103E5000207058E610000240100402400854025836
:103E60002DE9F05F002808D090F83510022906D01F
:103E7000802141650120BDE8F09F0120FBE7A14AB8
:103E8000A04BA04C18329F4D30339E4E4834DFF883
:103E900074B26035DFF870C27836DFF86C82DFF814
:103EA00068920CF1300CDFF860A208F1600801683C
:103EB00009F17809944F0AF1900A594531D091429D
:103EC0002FD099422DD0A1422BD0A94229D0B14266
:103ED00027D0DFF830E20EF1900E714521D0DFF8E7
:103EE00024E20EF1A80E71451BD0DFF81CE2AEF102
:103EF000180E714515D0B94213D0DFF80CE20EF15F
:103F0000180E71450DD061450BD0DFF8FCE10EF1C4
:103F1000480E714505D0414503D0494501D0514572
:103F200037D14FF0040E80F835E0594527D0914243
:103F300025D0994223D0A14221D0A9421FD0B1421D
:103F40001DD070489030814219D06E48A83081420F
:103F500015D06D481838814211D0B9420FD06A4847
:103F6000183081420BD0614509D067484830814202
:103F700005D0414503D0494501D0514504D10868D9
:103F800020F001000860BAE0086820F00100086035
:103F9000B5E0D1F800E02EF00E0EC1F800E00168A7
:103FA000DE46594531D091422FD099422DD0A142C1
:103FB0002BD0A94229D0B14227D0DFF848B10BF16C
:103FC000900B594521D0DFF83CB10BF1A80B5945B6
:103FD0001BD0DFF834B1ABF1180B594515D0B942FD
:103FE00013D0DFF824B10BF1180B59450DD0614502
:103FF0000BD0DFF814B10BF1480B594505D0414502
:1040000003D0494501D0514506D1D1F800B02BF07D
:10401000010BC1F800B005E0D1F800B02BF0010BA6
:10402000C1F800B001684FF0010B714546D09142D4
:1040300044D0994242D0A14240D0A9423ED0B142A0
:104040003CD0304A9032914238D02E4AA832914228
:1040500034D02D4A183A914230D0B9422ED02A4A53
:10406000183291422AD0614528D0274A48329142DD
:1040700024D0414522D0494520D051451ED0234A65
:1040800091421BD0214A1432914217D01F4A283244
:10409000914213D01D4A3C3291420FD01B4A5032FC
:1040A00091420BD0194A6432914207D0174A7832B4
:1040B000914203D0154A8C32914218D1016E0A68A0
:1040C00022F480720A60816D90F85C2002F01F0279
:1040D0000BFA02F24A60D0E919215160C16E31B188
:1040E0000A6822F480720A60D0E91C21516080F8CD
:1040F00035B0002180F83410016D01B188470020EF
:10410000B9E600001000024028040240085402589A
:10411000406D70472DE9FF5F0446002001904FF489
:104120001651FD480068B0FBF1F00090A56D2E68B7
:104130002968FA4FDFF8E4B3DFF8E083DFF8DC93B7
:104140000BF1180BDFF8D4A308F13008206809F14F
:1041500048090AF1600AB8423BD05A46904238D02A
:10416000404536D0484534D0504532D0EB4A7832BD
:1041700090422ED0E94A903290422AD0E74AA832A3
:10418000904226D0E64A904223D0E54A1832904227
:104190001FD0E34B303398421BD0E14B4833984259
:1041A00017D0DFF87CC30CF1600C604511D0DFF84C
:1041B00070C30CF1780C60450BD0DFF864C30CF1D0
:1041C000900C604505D0DFF858E30EF1A80E70455D
:1041D0007ED194F85C10082301F01F0103FA01F26C
:1041E00032424BD0B84232D0584530D040452ED024
:1041F00048452CD050452AD0C8497831884226D02D
:10420000C6499031884222D0C449A83188421ED084
:10421000C34988421BD0C2491831884217D0C049CF
:104220003031884213D0BE49483188420FD0BC4952
:10423000603188420BD0BA497831884207D0B849FA
:104240009031884203D0B649A831884203D1016831
:1042500001F0040102E0016801F0080171B1016898
:1042600021F00401016094F85C0000F01F0003FAE3
:1042700000F2AA60606D40F00100606594F85C0097
:10428000012100F01F008140314240D02068B84237
:1042900034D0584532D0404530D048452ED05045D6
:1042A0002CD09E4A7832904228D09C4A903290423C
:1042B00024D09A4AA832904220D0994A90421DD0E8
:1042C000974A1832904219D0954A3032904200E015
:1042D000D2E113D0924A483290420FD0904A6032D5
:1042E00090420BD08E4A7832904207D08C4A90325E
:1042F000904203D08A4AA83290427DD1406910F0A2
:10430000800F04D0A960606D40F00200606594F8F1
:104310005C00042100F01F00814031423ED0206843
:10432000B84232D0584530D040452ED048452CD0E8
:1043300050452AD0794A7832904226D0774A903236
:10434000904222D0754AA83290421ED0744A9042C0
:104350001BD0734A1832904217D0714A30329042C3
:1043600013D06F4A483290420FD06D4A603290426B
:104370000BD06B4A7832904207D0694A9032904213
:1043800003D0674AA83290424ED1006810F0020F65
:1043900004D0A960606D40F00400606594F85C0092
:1043A000102100F01F008140314260D02068B842E7
:1043B00034D0584532D0404530D048452ED05045B5
:1043C0002CD0564A7832904228D0544A90329042AB
:1043D00024D0524AA832904220D0514A90421DD057
:1043E0004F4A1832904219D04D4A3032904215D07F
:1043F0004B4A4832904200E014E00FD0484A603205
:1044000090420BD0464A7832904207D0444A9032CC
:10441000904203D0424AA832904207D1006800F08F
:10442000080006E0006872E70068B7E7006800F07F
:10443000040058B1A9602068016849030CD50068E0
:10444000000304D4216C09B1204688470FE0A16C19
:1044500069B1204688470AE00168C90503D40168AC
:1044600021F008010160216C09B12046884794F8C9
:104470005C00202100F01F00814031427BD0206889
:10448000B84232D0584530D040452ED048452CD087
:1044900050452AD0214A7832904226D01F4A903285
:1044A000904222D01D4AA83290421ED01C4A90420F
:1044B0001BD01B4A1832904217D0194A3032904212
:1044C00013D0174A483290420FD0154A60329042BA
:1044D0000BD0134A7832904207D0114A9032904262
:1044E00003D00F4AA832904203D1006800F01000B8
:1044F00002E0006800F00200E8B3A96094F835001B
:10450000042812D02068016849033DD500680003E3
:1045100035D4616C79B305E030000024100002400E
:1045200010040240204688473FE02068016821F0DF
:10453000160101602068416921F080014161206C11
:1045400008B9A06C20B12068016821F00801016061
:1045500094F85C0000F01F013F208840A860012013
:1045600084F83500002084F83400216D002974D0CF
:1045700004B0204600E018E0BDE8F05F0847E16BBA
:1045800099B12046884710E00168C90509D401683F
:1045900021F010010160012084F83500002084F82A
:1045A0003400E16B09B120468847606D002854D083
:1045B000606DC00758D0042084F835002068B842E8
:1045C00031D058452FD040452DD048452BD05045AF
:1045D00029D0B749884226D0B5491831884222D01F
:1045E000B349303188421ED0B24988421BD0B1490C
:1045F0001831884217D0AF493031884213D0AD49C5
:10460000483188420FD0AB49603188420BD0A9496C
:104610007831884207D0A7499031884203D0A54914
:10462000A831884204D1016821F00101016003E052
:10463000016821F00101016021680198009A401C85
:104640000190904202D80868C007F6D10868C007F8
:1046500004D0032084F8350003E087E0012084F8CB
:104660003500002084F83400E16C00297ED004B0CD
:104670002046BDE8F05F08478F4EB0421BD08E4EFB
:104680001436B04217D08C4E2836B04213D08A4E22
:104690003C36B0420FD0884E5036B0420BD0864EDA
:1046A0006436B04207D0844E7836B04203D0824E92
:1046B0008C36B0425AD106684FF0040E94F85CB0C4
:1046C0000BF01F0B0EFA0BFE1EEA010FCDF80CE0EB
:1046D0005ED05FEA467E5BD503986860300411D5F2
:1046E000F00307D4A16C002940D004B02046BDE8F7
:1046F000F05F0847216C002938D004B02046BDE89F
:10470000F05F0847B0063BD42068B8422DD0684916
:104710006039884229D0404527D0484525D05045AA
:1047200023D06349884220D06149183188421CD087
:104730005F493031884218D05E49884215D0904296
:1047400013D05C49303188420FD098420DD059497E
:104750006031884209D057497831884205D0604598
:1047600003D05449A831884206D100E07CE00168BA
:1047700021F00801016003E0016821F004010160FB
:10478000216C002970D004B02046BDE8F05F0847D6
:104790004FF0020E0EFA0BFE1EEA010FCDF808E0F4
:1047A00063D05FEA867E60D502986860300411D5D8
:1047B000F00307D4616C002978D004B02046BDE82E
:1047C000F05F0847E16B002970D004B02046BDE8D7
:1047D000F05F0847B0063FD42068B8422DD0344976
:1047E0006039884229D0404527D0484525D05045DA
:1047F00023D02F49884220D02D49183188421CD01F
:104800002B493031884218D02A49884215D090422D
:1048100013D02849303188420FD098420DD0254915
:104820006031884209D023497831884205D06045FB
:1048300003D02049A831884204D1016821F0140135
:10484000016003E0016821F00A010160012084F8A1
:104850003500002084F83400E16B002926D004B034
:104860002046BDE8F05F084720E0082202FA0BF27C
:104870000A421BD0310719D5016821F00E010160F1
:1048800094F85C0000F01F01012000FA01F169605A
:10489000606584F83500002084F83400E16C00295C
:1048A00004D004B02046BDE8F05F0847BDE8FF9F94
:1048B0008800024010040240085402582DE9F05FBD
:1048C000044601F0BBF90646002C7DD0F24F0222CF
:1048D000DFF8C4830025DFF8C093DFF8BCA308F13C
:1048E0003008DFF8B4B309F1480920680AF1600A1A
:1048F0000BF1780BB84232D0E749183188422ED0FC
:1049000040452CD048452AD0504528D0584526D07F
:10491000E1499031884222D0DF49A83188421ED037
:10492000DE4988421BD0DD491831884217D0DB4967
:104930003031884213D0D949483188420FD0D74905
:10494000603188420BD0D5497831884207D0D349AD
:104950009031884203D0D149A83188427ED184F871
:10496000352084F83450B84234D0CB4918318842CD
:1049700030D040452ED048452CD050452AD05845FF
:1049800028D0C5499031884224D0C349A8318842F3
:1049900020D0C24988421DD0C0491831884219D060
:1049A000BE493031884215D0BC494831884211D0C7
:1049B000BA49603188420DD0B8497831884209D06F
:1049C000B6499031884200E009E003D0B349A831EC
:1049D000884207D1016821F00101016013E0012044
:1049E000BDE8F09F016821F0010101600BE001F0DA
:1049F00025F9801B052806D920206065032084F84E
:104A000035000120ECE720680068C007EFD122687C
:104A10001168A3480140D4E902031843D4E90436DD
:104A200033431843A3691843E3691843236A1843BF
:104A30000843616A042903D1D4E90B1319430843DD
:104A40006168A1F12903052B0DD9163B032B0AD967
:104A5000083B012B07D9083B032B00E02AE002D9D1
:104A60007439032901D840F480101060206840692F
:104A700020F00701606A40EA010604280DD1A06A0F
:104A80000643E06A48B12046FEF742F828B14020CC
:104A90006065012084F83500A2E720684661204661
:104AA000FDF748FF94F85C1001F01F023F21914090
:104AB000816066E07B4988421BD07A4B1433984270
:104AC00017D0784B2833984213D0764B3C3398421A
:104AD0000FD0744B503398420BD0724B64339842D2
:104AE00007D0704B7833984203D06E4B8C3398428A
:104AF0007ED1884211D06B49143188420DD069496A
:104B00002831884209D067493C31884205D065493F
:104B10005031884201D06349643184F8352084F8EB
:104B20003450026860490A40A16840297ED080293B
:104B30007DD00021E36841EAD301236941EAD30132
:104B4000636941EAD301A36941EAD301E36941EA18
:104B5000D301236A41EA13111143016051492068CE
:104B6000494208441421B0FBF1F08000E065204682
:104B7000FDF7E0FE94F85C1001F01F020121914066
:104B800041602068B84256D043491831884252D01B
:104B9000404550D048454ED050454CD058454AD05D
:104BA0003D499031884246D03B49A831884242D0A5
:104BB0003A4988423FD03949183188423BD0374979
:104BC0003031884237D035494831884233D0334973
:104BD000603188422FD03149783188422BD02F491B
:104BE0009031884227D02D49A831884223D000E057
:104BF0002DE02C4988421ED02A49143188421AD00F
:104C000028492831884216D026493C31884212D0A2
:104C10002449503188420ED02249643188420AD05A
:104C200020497831884206D01E4901E00AE00BE0B5
:104C30008C31884229D12046FDF7DCFEA06880280F
:104C40000CD00CE0102175E74FF4804172E7402052
:104C50006065032084F835000120C1E66560216E9F
:104C600020790860D4E9191048606068401E072860
:104C700008D82046FDF70EFFE06E0560D4E91C1051
:104C8000486002E0E566256765676565012084F890
:104C900035000020A4E6000010000240100402408D
:104CA0003F8010FE085402580F00FEFF2DE9F84F18
:104CB000044600200090002C15D094F83400012800
:104CC00013D0012084F8340094F835500020012DD1
:104CD0000DD04FF40061616584F83400012000902C
:104CE0000098BDE8F88F0120FBE70220F9E70225D4
:104CF00084F835506065A54DA44EA44F1835DFF8F3
:104D00008CC23036DFF884824837DFF88092DFF8D3
:104D10007CA208F16008DFF874B209F17809206814
:104D20000AF1900A0BF1A80B60453BD0A84239D09C
:104D3000B04237D0B84235D0404533D0484531D065
:104D400050452FD058452DD0DFF844C2604529D0BA
:104D5000DFF83CC20CF1180C604523D0DFF830C2FC
:104D60000CF1300C60451DD0DFF824C20CF1480C6A
:104D7000604517D0DFF818C20CF1600C604511D007
:104D8000DFF80CC20CF1780C60450BD0DFF800C2E4
:104D90000CF1900C604505D0DFF8F4C10CF1A80CC3
:104DA000604506D1D0F800C02CF0010CC0F800C05E
:104DB00005E0D0F800C02CF0010CC0F800C020467F
:104DC000FDF7E2FE7149206888422CD0A8422AD023
:104DD000B04228D0B84226D0404524D0484522D001
:104DE000504520D058451ED0694A90421BD0684A91
:104DF0001832904217D0664A3032904213D0644A3B
:104E0000483290420FD0624A603290420BD0604AE2
:104E10007832904207D05E4A9032904203D05C4A8A
:104E2000A83290420DD1026822F01E0242F0160212
:104E30000260206C90B12068026842F008020260B3
:104E40000CE0026822F00E0242F00A020260206CBE
:104E500020B12068026842F00402026020688842A3
:104E60004BD0A84249D0B04247D0B84245D0404587
:104E700043D0484541D050453FD058453DD0444AA5
:104E800090423AD0424A1832904236D0404A3032AC
:104E9000904232D03E4A483290422ED03C4A603254
:104EA00090422AD03A4A7832904226D0384A9032FC
:104EB000904222D0364AA83290421ED0354A9042C3
:104EC0001BD0344A1432904217D0324A28329042D2
:104ED00013D0304A3C3290420FD02E4A503290428A
:104EE0000BD02C4A6432904207D02A4A7832904242
:104EF00003D0284A8C3290420DD1206E0268D20332
:104F000003D5026842F480720260E06E18B1026854
:104F100042F480720260206888422CD0A8422AD0D5
:104F2000B04228D0B84226D0404524D0484522D0AF
:104F3000504520D058451ED0154988421BD01449F1
:104F40001831884217D012493031884213D01049A5
:104F5000483188420FD00E49603188420BD00C494D
:104F60007831884207D00A499031884203D00849F5
:104F7000A831884204D1016841F001010160AFE627
:104F8000016841F001010160AAE600001000024042
:104F9000100402400854025810B590F89830012BC4
:104FA00008D0022B06D050F89C1F41F0020101608E
:104FB000012010BD03689C6D0C4204D1DC6D44F0EF
:104FC0000104DC6505E09C6D31EA04041CD0032477
:104FD000DC658B0504D5036853F8E04F14431C606F
:104FE0004B0504D5036853F8E44F14431C60006874
:104FF000426D084B0B401A4342650748026842EA7B
:1050000091710160002010BDDC6D44F00204DC658C
:10501000DFE70000FFFFCF3F14A8004070B5044653
:1050200094F89800022806D054F89C0F40F008002D
:105030002060012070BD2068D0F8C03013F07C5F84
:105040000AD0D0F8C4309B020DD554F89C0F40F420
:1050500000702060012070BD54F89C0F40F02000CB
:105060002060012070BDD0F8C400C0F30445204684
:105070002B46FEF705F921680120A840C1F8D000B1
:10508000C4F89400002070BD704710B590F89820C7
:10509000012A08D0022A06D050F89C1F41F00201D4
:1050A0000160012010BDCA680B688BB1072A0B692B
:1050B00043EA42732BD00C7A4A6942EA8472496807
:1050C000006F00EBC100036042604FF0000010BDB4
:1050D000072A10D00C7A4FEAC2624B6943EA847304
:1050E0000C8A42EA044243EA02034968C06E00EBBC
:1050F00081000360E9E70B8A4FF060548A6942EA55
:105100000343CA6944EA022243EA0203EDE78A69DB
:10511000D5E730B5039C90F89850012D06D050F893
:105120009C1F41F004010160012030BD00680901AD
:1051300041EA820141EA43012143C0F88010002086
:1051400030BD704770470000F0B5002490F89850CB
:10515000022D06D050F89C1F41F00801016001208B
:10516000F0BD40290BD0412936D0056D8D4260D865
:1051700050F89C1F41F0200101600120F0BD05683E
:10518000D5F8A06016F4FE0F18D0D5F8A460760606
:105190001BD0D5F8A460F60105D5D5F8A06016F0AF
:1051A000004F00D50124D5F8A450C5F305252C44A3
:1051B000456C466F654306EB85063FE050F89C1F43
:1051C00041F0200101600120F0BD50F89C1F41F426
:1051D000807101600120F0BD0568D5F8B06016F45B
:1051E000FE0F18D0D5F8B46076061BD0D5F8B460A1
:1051F000F60105D5D5F8B06016F0004F00D50124B2
:10520000D5F8B450C5F305252C44C56C866F6543AD
:1052100006EB850612E050F89C1F41F0200101606A
:105220000120F0BD50F89C1F41F480710160012005
:10523000F0BD456DC66F4D4306EB8506356805F03C
:10524000804555602DB3356825F06045156035689B
:1052500005F000559560356805F000451561B58885
:10526000ADB2D5617568C5F30345D560756805F4C1
:1052700080155561756805F4001595617568C5F36D
:105280000665156275680836ED0F55620025174FE3
:1052900009E03568C5F38A451560D8E716F805C0FA
:1052A00003F805C06D1CD2F80CC017F80CC0AC4553
:1052B000F4D8402909D041290BD0012220290CD251
:1052C00000688A40C0F898200DE00068C0F8A84047
:1052D00009E00068C0F8B84005E0006801F01F016F
:1052E0008A40C0F89C200020F0BD0000C8360108AC
:1052F000704700002DE9FE4F0446B64F386880071E
:10530000391D096800EA817002902068016D01F47E
:105310007041D0F854A00AEA010A016D01F00F01B2
:10532000D0F854B00BEA010B016D01F0F001426DB1
:105330000A400192016D01F07151D0F8548008EAE1
:105340000108016D01F06071426D0A400092416DEB
:10535000056D4FF00009CE43F10509D4E943C905B5
:1053600006D4B9150165C7F800902046FFF7C0FFC5
:10537000700510D4E84340050DD42068D0F8DC2037
:10538000D0F8E41011404FF480620265C7F8009035
:10539000204600F03DFB029858B18F490298084022
:1053A000216808650298800F386002992046FFF74F
:1053B0006BFEBAF1000F0BD0216887480AEA0000A3
:1053C00008654FEA9A7038605146204600F022FB8B
:1053D000BBF1000F0BD021687F480BEA0000086585
:1053E0004FEA9B7038605946204600F0D3FA019886
:1053F00058B1794901980840216808650198800FE3
:1054000038600199204600F0DBFA30050BD4E84300
:10541000000508D421684FF400600865C7F80090C3
:10542000204600F0F8FAB00510D4E84380050DD40A
:105430002068D0F8D820D0F8E01011404FF4007266
:105440000265C7F80090204600F0E3FA30030BD461
:10545000E843000308D421684FF400200865C7F82A
:105460000090204600F094FAF0030BD4E843C00308
:1054700008D421684FF480300865C7F800902046B2
:1054800000F0C5FA70030BD4E843400308D4216848
:105490004FF480200865C7F80090204600F0B6FA67
:1054A000B0030ED4E84380030BD421684FF40030DE
:1054B0000865C7F80090D4F89C0040F08000C4F85C
:1054C0009C00009858B1444900980840216808653C
:1054D0000098800F386000992046FFF733FEB8F13E
:1054E000000F0DD021683C4808EA000008654FEA2B
:1054F00098703860D4F89C0040EA0800C4F89C001A
:105500003649206888425BD160688168890757D036
:10551000016A01F00F02416A1140026A02F0300292
:10552000476A1740026A02F4C072D0F8248008EA81
:105530000208026A02F4FC42456A1540026A02F45B
:10554000F022466A1640D0F82490D0F820A019B175
:105550000162204600F057FA2FB1606807623946B1
:10556000204600F052FA6FEA090040060ED46FEAB6
:105570000A0040060AD46068C16B090CC26B02F0D5
:105580003F0240230362204600F03EFAB8F1000FCC
:1055900006D06068C0F820804146204600F032FA0C
:1055A00035B160680562D4F89C002843C4F89C00BB
:1055B00036B160680662D4F89C003043C4F89C00A1
:1055C000D4F89C00002802D02046FFF7BAFDBDE8C1
:1055D000FE8F000010A80040FFFFCF3F00A000405A
:1055E0002DE9F04393B004464C2295496846FAF7FA
:1055F00041FF6CB1934F2068B84202D100F5807032
:1056000060604FF4407994F89800002620B108E0DB
:10561000012013B0BDE8F08384F89960204600F0C3
:1056200013F92068816921F01001816100F006FB07
:1056300005464FF003080DE000F000FB401B0A2870
:1056400008D954F89C0F40F00100206004F8048C45
:105650000120DEE7206880690007EDD420688169B9
:1056600041F00101816100F0E9FA05460DE000F02A
:10567000E5FA401B0A2808D954F89C0F40F00100B5
:10568000206004F8048C0120C3E720688069C0070B
:10569000EDD02068816941F002018161207C012800
:1056A00039D02068816941F040018161607C012826
:1056B00037D02068816921F480418161A07C012874
:1056C00035D02068816941F4805181612068816909
:1056D000A26821F44071114381612068816921F041
:1056E000A40181612068016921F010010161E06875
:1056F000012822D030B302282BD02068816941F0E4
:10570000800181612068016941F010010161E06858
:10571000032818D022E02068816921F040018161CE
:10572000C4E72068816941F480418161C6E720684F
:10573000816921F480518161C8E72068816941F065
:10574000040181610AE02068816941F020018161E2
:1057500004E02068816941F020018161207E401EC3
:105760004106E069401E41EA0020216A491E0843C3
:10577000A18A491E40EA01402168C861A0684845E5
:105780000FD1E16AA06A491E401E40EA0121206B48
:10579000401E41EA0011A08C401E41EA00402168F1
:1057A000C860206E28B1206850F8C01F626E114397
:1057B0000160D4E91701C842694609D0206850F851
:1057C000C82FA36E22F0070251F823301A4302605B
:1057D000206C48B1206850F8BC2F636C22F007029F
:1057E00051F823301A430260A06C50B1206850F881
:1057F000BC2FE36C22F0700251F8233042EA03120E
:105800000260206D50B1206850F8BC2F636D22F407
:10581000E06251F8231042EA012101602068B84299
:1058200004D16068816821F00301816044F8946FBD
:10583000A66001202071943C2046FDF749FCE8E673
:10584000D836010800A000402DE9F04186B004469A
:10585000142101A8FAF727FE474B002522680227EA
:10586000464C4FF0090CDFF80C8119680C3C434E94
:105870004348491C424527D11960012907D13168A5
:1058800041F480713160316801F4807100912168C8
:1058900041F008012160216801F008010091032115
:1058A0000191029703950495CDF814C001A900F069
:1058B000B3F800220521132000F064FA132000F051
:1058C00053FA06B0BDE8F081DFF8B880424526D132
:1058D0001960012907D1306840F480703060306869
:1058E00000F480700090206840F002002060206882
:1058F00000F002000090602001900297039504954B
:10590000CDF814C001A9204800F086F80022052136
:10591000142000F037FA142000F026FAD1E7DFF85F
:105920006CC06245CDD11960012907D1316841F4BD
:1059300080713160316801F480710091216841F01B
:1059400008012160216801F0080100914FF44051E5
:1059500001910297039504950521059101A900F095
:105960005BF8002205219F2000F00CFA9F2000F038
:10597000FBF9A6E700A000401C000024EC440258FC
:10598000000C025800A400400004025800D400405B
:105990007047000010B50446C8070BD00648844283
:1059A00001D10BF04DFB0548844203D1BDE8104006
:1059B0000BF0BABB10BD0000540E0024940F00245D
:1059C000C90604D50249884201D10BF077BB704764
:1059D000F40E002490F89810012906D050F89C1F6E
:1059E00041F00401016001207047022180F8981005
:1059F00001688A6922F001028A610021C0F89C10C6
:105A00000020704770477047704770477047704775
:105A100070477047704770472DE9F84F0022784D66
:105A200003264FF001080F274FF0B04CE1E008FAD1
:105A300002F31C409A46002C7ED00B7903F003033E
:105A4000012B01D0022B1BD1D0F80890530006FA8D
:105A500003FB29EA0B09D1F80CB00BFA03FB4BEA64
:105A6000090BC0F808B0436823EA0A0391F80490D0
:105A7000C9F3001909FA02F949EA0309C0F80490C8
:105A80000B79DB439B070ED0D0F80C90530006FA3D
:105A900003FA29EA0A09D1F808A00AFA03FA4AEA3D
:105AA000090AC0F80CA00B7903F00303022B14D1F0
:105AB000D30800EB8303D3F820A04FEA42794FEAE2
:105AC000D96907FA09FB2AEA0B0AD1F810B00BFAD8
:105AD00009FB4BEA0A0BC3F820B0D0F80090530042
:105AE00006FA03FA29EA0A0991F804A00AF0030A5F
:105AF0000AFA03FA4AEA090AC0F800A04B6813F44C
:105B0000403F75D03F4BD3F8009049F00209C3F8ED
:105B100000901B6803F00203009322F0030909F1CF
:105B2000B049D9F808B493074FEA137A07FA0AF391
:105B30002BEA030B344B00E05AE0984201D10023DA
:105B400028E0324B984201D1012323E0304B9842A8
:105B500001D102231EE02F4B984201D1032319E00B
:105B60002D4B984201D1042314E02C4B984201D1D3
:105B700005230FE02A4B984201D106230AE0294B66
:105B8000984201D1072305E0274B984201D1092310
:105B900000E00A2303FA0AF343EA0B03C9F80834C6
:105BA000DCF80030A343D1F804905FEAC92900D59E
:105BB0002343CCF80030DCF80430A343D1F8049040
:105BC0005FEA892900D52343CCF804306B68A343EE
:105BD000D1F804905FEA893900D523436B602B68C4
:105BE000A343D1F804905FEAC93900D523432B6061
:105BF000521C0C6834FA02F37FF419AFBDE8F88F39
:105C000080000058F4440258000002580004025872
:105C100000080258000C02580010025800140258E4
:105C200000180258001C025800240258002A01D013
:105C300081617047090481617047000001488068F4
:105C40007047000024000024024881680278114453
:105C5000816070472400002410B5032000F0B2F8E2
:105C600001F03CF90F490A68C2F303230E4AD35CE2
:105C700003F01F03D840096801F00F01515C0B4A83
:105C800001F01F0120FA01F11160094908600F209D
:105C900000F010F808B1012010BD00F053F800200A
:105CA00010BD0000184402584C370108340000248D
:105CB0003000002410B58AB00446102C2FD20022E8
:105CC00021461E2000F05EF81E2000F04DF8184816
:105CD00004601848016841F004010160006800F0A8
:105CE0000400009001A902A801F082F80798C0B151
:105CF00001F0D0F840001049B0FBF1F1491E104806
:105D00000E4A026040F2E732C26041600021016148
:105D1000816002F057F938B101200AB010BD0120AE
:105D2000FBE701F0B7F8E6E7054802F091F9F4E780
:105D300028000024E844025840420F0000080040B8
:105D40009019002482B00748016841F00201016007
:105D5000006800F00200019000220F21901E02B0A6
:105D600000F010B8F4440258002809DB012100F0CB
:105D70001F0291404009800000F1E020C0F80011AE
:105D800070470000F0B40D460D4B1B68C3F30223AF
:105D9000C3F10704042C00D90424191D072901D2DA
:105DA000002300E0DB1E012606FA04F1491E29400B
:105DB00099409E40761E16403143F0BC08F01FBD4E
:105DC0000CED00E000F00701054A10684FF6FF03F4
:105DD000184040EA01200349084310607047000062
:105DE0000CED00E00000FA0570B514490A68D243D2
:105DF000520708D5096801F00701814201D001204E
:105E000070BD002070BD0A6822F0070202430A60DC
:105E1000FFF714FF0446094D4FF47A76083D06E07B
:105E2000FFF70CFF001BB04201D9012070BD2868AC
:105E3000C0438004F4D4002070BD00000C48025818
:105E400010B501F005F805490968054AC1F30211CA
:105E5000515C01F01F01C84010BD000020440258F1
:105E60004C37010810B569490A6802F00302096855
:105E7000C1F30531654B1B1D1B68C3F30013634C55
:105E800014342468C4F3CC0414FB03F300EE103A7A
:105E9000B8EE400A002971D09FED5D1A5B4BF7EE1A
:105EA000000A1033F2B39FED5B2A012A7FD0022A49
:105EB0007CD001EE901A1968F8EE611AC2EE212A20
:105EC000C1F3080101EE901AF8EE611A40EE011AD2
:105ED00031EEA00A22EE800A1968C1F3462101EED4
:105EE000101AB8EE411A31EE201AC0EE011ABCEEBB
:105EF000E11A80ED001A1968C1F3064101EE101A8B
:105F0000B8EE411A31EE201AC0EE011ABCEEE11AC9
:105F100080ED011A1968C1F3066101EE101AB8EE9E
:105F2000411A00E008E071EE200A80EE201ABCEE73
:105F3000C10A80ED020A10BD344A283A1468A4064A
:105F40001ED51268C2F3C104334AE24001EE902A22
:105F5000F8EE612A01EE901A1968F8EE611A82EEE5
:105F6000A12AC1F3080101EE901AF8EE611A40EE81
:105F7000011A31EEA00A22EE000AADE741E016E078
:105F800001EE901ADFED252A1968F8EE611A82EE0B
:105F9000A12AC1F3080101EE901AF8EE611A40EE51
:105FA000011A31EEA00A22EE000A95E713E001EE95
:105FB000901A1968F8EE611AC2EE212AC1F308019D
:105FC00001EE901AF8EE611A40EE011A31EEA00AC5
:105FD00022EE800A80E701EE901ADFED112A19689F
:105FE000F8EE611A82EEA12AC1F3080101EE901ABF
:105FF000F8EE611A40EE011A31EEA00A22EE000A14
:106000006AE7002101604160816010BD28440258A8
:10601000000000390024744A0090D0030024744C1E
:10602000001BB74B10B569490A6802F00302096802
:10603000C1F30551654B1B1D1B68C3F30023634C63
:106040001C342468C4F3CC0414FB03F300EE103AB0
:10605000B8EE400A002971D09FED5D1A5B4BF7EE58
:10606000000A1833F2B39FED5B2A012A7FD0022A7F
:106070007CD001EE901A1968F8EE611AC2EE212A5E
:10608000C1F3080101EE901AF8EE611A40EE011A10
:1060900031EEA00A22EE800A1968C1F3462101EE12
:1060A000101AB8EE411A31EE201AC0EE011ABCEEF9
:1060B000E11A80ED001A1968C1F3064101EE101AC9
:1060C000B8EE411A31EE201AC0EE011ABCEEE11A08
:1060D00080ED011A1968C1F3066101EE101AB8EEDD
:1060E000411A00E008E071EE200A80EE201ABCEEB2
:1060F000C10A80ED020A10BD344A283A1468A40689
:106100001ED51268C2F3C104334AE24001EE902A60
:10611000F8EE612A01EE901A1968F8EE611A82EE23
:10612000A12AC1F3080101EE901AF8EE611A40EEBF
:10613000011A31EEA00A22EE000AADE741E016E0B6
:1061400001EE901ADFED252A1968F8EE611A82EE49
:10615000A12AC1F3080101EE901AF8EE611A40EE8F
:10616000011A31EEA00A22EE000A95E713E001EED3
:10617000901A1968F8EE611AC2EE212AC1F30801DB
:1061800001EE901AF8EE611A40EE011A31EEA00A03
:1061900022EE800A80E701EE901ADFED112A1968DD
:1061A000F8EE611A82EEA12AC1F3080101EE901AFD
:1061B000F8EE611A40EE011A31EEA00A22EE000A52
:1061C0006AE7002101604160816010BD28440258E7
:1061D000000000390024744A0090D0030024744C5D
:1061E000001BB74B2DE9FC5F044600250026F94F44
:1061F0002068DFF8E493C043010104F10800019036
:1062000004F1280000900DD4606EB8B1B0F5801F85
:1062100019D0B0F5001F1CD0B0F5401F00D00125EB
:10622000EDB12E462088C043C00535D4A06D0528A9
:106230002FD2DFE800F01D22282F2F00386840F40D
:1062400000303860ECE70198022106F063F805465B
:10625000E6E70098022106F0EFF80546E0E7D9F8F6
:106260000000616E20F440100843C9F80000D9E72F
:10627000386840F4003038600CE00198002106F0E6
:1062800049F8054606E00098002106F0D5F80546D5
:1062900000E00125A5B12E462088DFF84083C043E9
:1062A00040051FD4D4F8A400B0F5C00F18D010DCFE
:1062B00050B3B0F5001F2CD0B0F5800F0FD12EE0F9
:1062C000D9F80000A16D20F007000843C9F80000CC
:1062D000E2E7B0F5000F03D0B0F5200F00D00125A4
:1062E0001DB32E462088C043000531D4D4F8A80041
:1062F000B0F1407F2AD022DCF0B3B0F1807F4BD0E8
:10630000B0F1007F21D14DE0386840F400303860B2
:10631000E6E70198002105F0FDFF0546E0E700985B
:10632000002106F089F80546DAE7D8F80000D4F82D
:10633000A41020F460000843C8F80000D2E7B0F1D0
:10634000806F03D0B0F1A06F00D0012585B32E4639
:106350002068C04380010AD4E06C30B1102832D0EC
:10636000202836D0302800D001258DB32E46208835
:10637000C043C00446D400E009E0E06DB0F5005F22
:106380005CD036DCA0B3B0F5805F38D150E038681F
:1063900040F400303860D9E70198002105F0BAFFD9
:1063A0000546D3E70098002106F046F80546CDE7FC
:1063B000FFE7D8F80000D4F8A81020F0E060084308
:1063C000C8F80000C4E7386840F400303860CCE713
:1063D00005E00198022105F09DFF0546C5E77E48CE
:1063E000001F0168E26C21F0300111430160BEE73B
:1063F00019E0B0F5405F03D0B0F5804F00D0012523
:1064000015B32E462088C04380042FD4206EB0F5EB
:10641000403F29D021DC38B3B0F5803F38D0B0F50B
:10642000003F20D13AE0386840F400303860E7E7B8
:106430000198002105F06EFF0546E1E70098002174
:1064400005F0FAFF0546DBE7D9F80000E16D20F41E
:10645000E0400843C9F80000D4E7B0F5802F03D02E
:10646000B0F5A02F00D00125F5B12E462088C043FD
:1064700040042BD4D4F8AC00B0F1405F24D01CDC35
:1064800010B3B0F1805F4FD0B0F1005F1BD152E08C
:106490000198012105F03EFF0546E5E7009801213E
:1064A00005F0CAFF0546DFE7D9F80000216E20F4A9
:1064B000E0200843C9F80000D8E7B0F1804F03D0CE
:1064C000B0F1A04F00D00125A5B32E462088C043CF
:1064D00000040AD4E06E30B1B0F1805F3DD0B0F17D
:1064E000005F3FD00125B5B32E462068C043C001F0
:1064F0000AD4A06C30B1012843D0022846D003282A
:1065000000D0012545B32E462068C04340025AD42E
:10651000DFF8CCB0DBF8000040F48070CBF800006E
:10652000FFF78CFB824648E00198012105F0F2FE5E
:106530000546C9E705E00098012105F07DFF054605
:10654000C2E7D8F80000D4F8AC1020F0E0400843CF
:10655000C8F80000BAE70BE01EE0386840F40030ED
:106560003860C0E70198012105F0D4FE0546BAE77E
:10657000D9F80000E16E20F040500843C9F800004F
:10658000B3E7386840F400303860BBE70198022177
:1065900005F0C0FE0546B5E70F48001F0168A26C74
:1065A00021F0030111430160AEE7FFF747FBA0EBC9
:1065B0000A00642801D9032503E0DBF80000C005C8
:1065C000F3D58DB12E462078DFF818A0C043C00760
:1065D00063D073E02C440258504402585844025887
:1065E0000048025854440258DFF850B4DBF8000069
:1065F000B4F8B01000F4407001F44071884211D03A
:10660000DBF8000020F44070DBF8001041F480312A
:10661000CBF80010DBF8001021F48031CBF800102B
:10662000CBF80000D4F8B000B0F5807F11D1FFF7AF
:1066300005FB824609E0FFF701FBA0EB0A0141F2EE
:106640008830814201D9032503E0DBF80000800790
:10665000F1D50DB12E46B6E7D4F8B000C0F3012154
:1066600003290FD0F5486038016821F47C5101609E
:10667000DBF80000B4F8B010C1F30B010843CBF80D
:106680000000A0E7ED4960390A68ED4B22F47C5226
:10669000184042EA10100860EAE7A06F18280BD0F3
:1066A00005DC48B1082815D0102804D118E02028AE
:1066B00002D0282800D00125C5B12E462078C0433D
:1066C00080072BD4606F062825D2DFE800F025185C
:1066D0001E2525250198012105F01CFE0546EBE746
:1066E0000098012105F0A8FE0546E5E7DAF800006C
:1066F000A16F20F038000843CAF80000DEE70198D7
:10670000012105F007FE054606E00098012105F08D
:1067100093FE054600E001256DB12E462078C0436A
:10672000400720D4D4F89000062819D2DFE800F002
:10673000190C12191919DAF80000616F20F007001E
:106740000843CAF80000E9E70198012105F0E2FDDD
:10675000054606E00098012105F06EFE054600E0C2
:10676000012595B12E462078C043800620D4D4F868
:106770008C00B0F1405F19D011DCB8B1B0F1805F8E
:1067800028D0B0F1005F10D12AE0D8F80000D4F88A
:10679000901020F007000843C8F80000E3E7B0F1CC
:1067A000804F03D0B0F1A04F00D00125F5B12E46A7
:1067B0002078C04340062CD4D4F89800B0F5406F40
:1067C00025D01DDC18B3B0F5806F34D0B0F5006F64
:1067D0001CD136E00198002105F09CFD0546E5E757
:1067E0000098022105F028FE0546DFE7DAF80000F0
:1067F000D4F88C1020F0E0400843CAF80000D7E736
:10680000B0F5805F03D0B0F5A05F00D00125F5B1F1
:106810002E462078C04300062CD4D4F89C00B0F556
:10682000C04F25D01DDC18B3B0F5005F2CD0B0F5FB
:10683000804F1CD12EE00198002105F06BFD05462C
:10684000E5E70098022105F0F7FD0546DFE7D8F8F7
:106850000000D4F8981020F4E0500843C8F8000075
:10686000D7E7B0F5004F03D0B0F5204F00D0012599
:10687000B5B12E462078C04300072AD4D4F8800052
:10688000B0F5805F16D01BE00198002105F042FDB5
:106890000546EDE70098022105F0CEFD0546E7E745
:1068A000D8F80000D4F89C1020F460400843C8F8E1
:1068B0000000DFE70098022105F0BEFD00B10126CF
:1068C000DAF80000D4F8801020F440500843CAF8E9
:1068D00000002078C043C00613D4D4F89400B0F56B
:1068E000807F05D10098022105F0A6FD00B10126A8
:1068F000D8F80000D4F8941020F440700843C8F889
:1069000000002068C04300030BD4D4F8A000E8B313
:10691000B0F5803F7DD0B0F5003F00D00125B5B384
:106920002E462068C04340030DD4D4F88400B0F54F
:10693000801F70D0B0F5001F6ED0B0F5401F00D0A2
:1069400001252DB32E462068C043C00307D4206D17
:10695000F0B3B0F5803F75D00125D5B32E46206841
:10696000C043800005D40098022105F065FD00B108
:1069700001262068C043800311D4E06F68B1B0F5F0
:10698000807F76D0B0F5007F07D002E05BE066E064
:106990007BE0B0F5407F00D00125DDB32E462068B6
:1069A000C043C00207D4D9F80000216F20F0004096
:1069B0000843C9F800002068C043800207D4D9F812
:1069C0000000A16E20F080700843C9F8000001E0CB
:1069D00065E06FE02068C04340000AD41748603883
:1069E000016821F4004101600168D4F8B42011432A
:1069F00001602068C04307D4104824380168626DE4
:106A000021F04051114301602068C04300020DD4C1
:106A100003E01EE05BE02DE031E0DAF80000D4F89E
:106A2000881020F440000843CAF8000020790025AF
:106A3000C04300F00100284352D057E07044025890
:106A4000FFFCFF0F30E00198002105F063FC0546D4
:106A500065E70098022105F0EFFC05465FE7D8F8EE
:106A60000000D4F8A01020F440300843C8F800001B
:106A700057E727E0386840F40030386061E7009855
:106A8000012105F0D9FC05465BE7DAF80000D4F8EF
:106A9000841020F440100843CAF8000053E7386817
:106AA00040F40030386058E70198022105F032FCCC
:106AB000054652E72E480168226D21F480311143CA
:106AC00001604CE7386840F40030386065E7DAF878
:106AD0000000E16F20F440700843CAF800005EE750
:106AE0000198002105F016FC00B106462079C0434C
:106AF00000F00200284305D10198012105F00AFCAD
:106B000000B106462079C04300F00400284305D1B7
:106B10000198022105F0FEFB00B106462079C04332
:106B200000F00800284305D10098002105F084FCFE
:106B300000B106462079C04300F01000284305D17B
:106B40000098012105F078FC00B106462079C04389
:106B500000F02000054305D10098022105F06CFCEF
:106B600000B1064616B10120BDE8FC9F0020FBE7FE
:106B70004C4402582DE9F05F04460D46002C17D016
:106B8000DFF84C82D8F8000000F00F00A84211D2C4
:106B9000D8F8000020F00F002843C8F80000D8F80B
:106BA000000000F00F00A84204D00120BDE8F09FD3
:106BB0000120FBE72078874E40070AD5206931681D
:106BC00001F07001884204D9316821F0700101435D
:106BD00031602078804F00070AD56069396801F07C
:106BE0007001884204D9396821F07001014339608D
:106BF0002078C0060AD5A069396801F4E0618842AE
:106C000004D9396821F4E061014339602078DFF864
:106C1000CC9180060DD5E069D9F8001001F0700123
:106C2000884206D9D9F8001021F070010143C9F853
:106C30000010207880070AD5E068316801F00F0164
:106C4000884204D9316821F00F0101433160207876
:106C5000C00743D03068A16820F4706008433060FA
:106C60005C4960681839022808D003280BD0012835
:106C70000ED00968490710D4012097E709688903F5
:106C80000BD4012092E70968890106D401208DE721
:106C90000968C90501D4012088E7DFF838A1AAF105
:106CA000080ADAF8001021F007010143CAF80010C1
:106CB000FEF7C4FF834609E0FEF7C0FFA0EB0B011F
:106CC00041F28830814201D903206FE7DAF80000F1
:106CD000616800F03800B0EBC10FEDD1207880077B
:106CE0000AD5E068316801F00F01884204D23168AA
:106CF00021F00F0101433160D8F8000000F00F00CF
:106D0000A8420ED9D8F8000020F00F002843C8F898
:106D10000000D8F8000000F00F00A84201D00120C8
:106D200044E7207840070AD52069316801F07001F6
:106D3000884204D2316821F070010143316020782B
:106D400000070AD56069396801F07001884204D2F1
:106D5000396821F07001014339602078C0060AD5F6
:106D6000A069396801F4E061884204D2396821F4ED
:106D7000E06101433960207880060DD5E069D9F8DB
:106D8000001001F07001884206D2D9F8001021F0FD
:106D900070010143C9F8001000F0A0F83168C1F398
:106DA00003220F498A5C02F01F02D040326802F0D1
:106DB0000F02895C0B4A01F01F0120FA01F11160FA
:106DC0000949086009480068BDE8F05FFEF772BF36
:106DD00000200052184402581C4402582044025813
:106DE0004C3701083400002430000024280000241F
:106DF0003F220260144A126802F007024260124AFF
:106E00000832136803F470638360136803F00F03A0
:106E1000C360126802F0700202610B4A0C32136800
:106E200003F070034361126802F4E0628261064A73
:106E30001032126802F07002C2610448006800F06B
:106E40000F000860704700001044025800200052F4
:106E500000B500F043F80B490A68C2F303230A4A5D
:106E6000D35C03F01F03D840096801F00F01515CA7
:106E7000064A01F01F0120FA01F11160044A106076
:106E8000084600BD184402584C370108340000245D
:106E90003000002400B5FFF7DBFF05490968054A0B
:106EA000C1F30211515C01F01F01C84000BD000098
:106EB0001C4402584C37010800B5FFF7C9FF0549CB
:106EC0000968054AC1F30221515C01F01F01C84065
:106ED00000BD00001C4402584C37010830B564481E
:106EE0000068654C10F03801624808D0021108298A
:106EF0000DD010290DD018290DD0104630BD2168B5
:106F00008906FBD52168C1F3C101C84030BD1046D8
:106F100030BD5A4830BD564918310A6802F00302A4
:106F20000968C1F30511524B1C331B6803F00103C0
:106F30004F4D24352D68C5F3CC0515FB03F300EE4A
:106F4000103AB8EE400A002977D0DFED4D0A484BE1
:106F5000B7EE001A20333AB39FED4A2A012A58D0DF
:106F6000022A6CD001EE901A1868F8EE611AC2EE8F
:106F7000212AC0F3080001EE900AF8EE611A40EEF3
:106F8000201A31EE810A22EE800A1868C0F34620EA
:106F9000401C00EE900AF8EE600A80EE201ABCEE6B
:106FA000C10A10EE100A30BD226892061BD5226875
:106FB000C2F3C102D04001EE900A1868F8EE612ACF
:106FC00001EE901AF8EE611A82EEA12AC0F30800D1
:106FD00001EE900AF8EE611A40EE201A31EE810AB5
:106FE00022EE000AD1E701EE901ADFED272A186899
:106FF000F8EE611A82EEA12AC0F3080001EE900AB1
:10700000F8EE611A40EE201A31EE810A22EE000AF3
:10701000BBE701EE901A1868F8EE611AC2EE212A59
:10702000C0F3080001EE900AF8EE611A40EE201A53
:1070300031EE810A22EE800AA7E716E0FFE701EEB3
:10704000901ADFED122A1868F8EE611A82EEA12A72
:10705000C0F3080001EE900AF8EE611A40EE201A23
:1070600031EE810A22EE000A8FE7002030BD0000D9
:10707000104402580090D0030044025800366E01BC
:10708000000000390024744A0024744C001BB74BE4
:107090002DE9F05F0446002C10D02078DFF8F8834B
:1070A000FE4EFF4DC0075DD0D8F8000000F038005C
:1070B000316810281FD0182803D006E00120BDE851
:1070C000F09F01F00300022815D06068B0F5803F02
:1070D00018D0E0B1B0F5A02F22D0286820F480307D
:1070E0002860286820F480202860606860B3FEF77C
:1070F000A5FD074624E02868800333D5606810BBEF
:107100000120DCE7286840F480302860EDE728683B
:1071100020F480302860286820F480202860E4E78C
:10712000286840F480202860286840F48030286077
:10713000DBE7FEF783FDC01B642801D90320BEE70F
:1071400028688003F5D50DE0FEF778FD074606E0D8
:10715000FEF774FDC01B642801D90320AFE728683F
:107160008003F5D42078800764D5D8F8000000F0BB
:1071700038003168DFF8289309F1040970B1182844
:1071800001D188070AD0E068A0B3296821F019016D
:1071900001432960FEF752FD07462CE028684007AE
:1071A00001D5E06848B12868E16820F0190008437B
:1071B0002860FEF743FD074608E001207FE7FEF761
:1071C0003DFDC01B022801D9032078E7286840074D
:1071D000F5D5D9F80000217C20F0FE4040EA01609E
:1071E000C9F8000026E0FEF729FDC01B022802D9DD
:1071F000032064E70CE028684007F4D5D9F80000C4
:10720000217C20F0FE4040EA0160C9F8000011E056
:10721000286820F001002860FEF710FD074606E010
:10722000FEF70CFDC01B022801D9032047E72868A0
:107230004007F5D42078C00655D5D8F8000000F0F6
:1072400038003168DFF850920828A9F104090FD0FE
:10725000182803D101F00300012809D0E06978B3B0
:10726000286840F080002860FEF7E8FC074619E037
:107270002868C00504D5E069802801D001201EE7F8
:10728000D9F8000094F8201020F07C5040EA01600A
:10729000C9F8000027E0FEF7D1FCC01B022801D985
:1072A00003200CE72868C005F5D5D9F8000094F84C
:1072B000201020F07C5040EA0160C9F8000012E084
:1072C000FFE7286820F080002860FEF7B7FC07463B
:1072D00006E0FEF7B3FCC01B022801D90320EEE64E
:1072E0002868C005F5D42078000730D5DFF8AC91C8
:1072F000606909F14C09A8B1D9F8000040F001001B
:10730000C9F80000FEF79AFC074606E0FEF796FC77
:10731000C01B022801D90320D1E6D9F8000080075C
:10732000F4D514E0D9F8000020F00100C9F80000FD
:10733000FEF784FC074606E0FEF780FCC01B02282F
:1073400001D90320BBE6D9F800008007F4D42078E7
:10735000800626D5A06990B1286840F48050286046
:10736000FEF76CFC074606E0FEF768FCC01B02282F
:1073700001D90320A3E628688004F5D511E0286828
:1073800020F480502860FEF759FC074606E0FEF71F
:1073900055FCC01B022801D9032090E62868800410
:1073A000F5D4207840075DD53E4F386840F48070B2
:1073B0003860FEF743FC814607E0FEF73FFCA0EB98
:1073C0000900642801D9032079E63868C005F4D59E
:1073D000324FA0684837012812D0B0B105281DD01F
:1073E000386820F001003860386820F00400386008
:1073F000A06841F2883930B3FEF720FC82461EE0D7
:10740000386840F001003860F2E7386820F0010089
:107410003860386820F004003860E9E7386840F0E8
:1074200004003860386840F001003860E0E7FEF79B
:1074300005FCA0EB0A00484501D903203FE6386867
:107440008007F4D50EE0FEF7F9FB824607E0FEF771
:10745000F5FBA0EB0A00484501D903202FE6386868
:107460008007F4D4616AB1B1D8F800004FF6F87B18
:10747000DFF828A00AF1080AC0F3C20003280AF1C5
:107480000409AAF104087CD0022911D0286820F050
:107490008070286008E0E5E0104402582844025853
:1074A0000044025800480258FEF7C8FB044689E031
:1074B000286820F080702860FEF7C0FB074606E0D1
:1074C000FEF7BCFBC01B022801D90320F7E52868A2
:1074D0008001F5D4306840F2F3318843E16A40EA34
:1074E0000110A16A08433060208E4FF6FF72616B75
:1074F000401E491EC0F3080002EA41210843218FC3
:107500004FF4FE02491E02EA0141084394F83C1080
:10751000491E120202EA01610843CAF80000D8F8C5
:10752000000020F00100C8F80000D9F80000A16CAC
:1075300020EA0B0040EAC100C9F80000D8F80000BA
:10754000216C20F00C000843C8F80000D8F80000B7
:10755000616C20F002000843C8F80000D8F8000071
:1075600040F48030C8F80000D8F8000040F4003043
:10757000C8F80000D8F8000040F48020C8F80000E7
:1075800000E023E0D8F8000040F00100C8F8000057
:10759000286840F080702860FEF750FB044606E043
:1075A000FEF74CFB001B022801D9032087E5286861
:1075B0008001F5D556E0FEF741FB001B022801D9FA
:1075C00003207CE528688001F5D44BE03268DAF8C6
:1075D0000000012921D0A36A02F0030199421CD1C5
:1075E000E16AC2F30512914217D1216BC0F3080280
:1075F000491E8A4211D1616BC0F34622491E914255
:107600000BD1A16BC0F30642491E914205D1E16B3B
:10761000C0F30660491E814201D001204FE5D9F830
:107620000000C0F3CC00A16C81421BD0D8F8000050
:1076300020F00100C8F80000FEF700FB0546FEF749
:10764000FDFAA842FBD0D9F80000A16C20EA0B009B
:1076500040EAC100C9F80000D8F8000040F001007D
:10766000C8F8000000202AE5704700002DE9F04727
:10767000044626683169726901EA0205D6F8089065
:10768000002094F8817006F1300812050AD5090728
:1076900008D5B06940F40060B061204600F04DFAB2
:1076A000BDE8F08705F0400105F02002114308D144
:1076B000690706D5616F20468847216F20468847B5
:1076C000012005F04101012905D1690703D4216F8B
:1076D00020468847012005F02201022905D16907CB
:1076E00003D4616F2046884701200028D8D128079D
:1076F0004FF001065DD52068816941F00801816184
:107700002068816941F0100181612068816941F43C
:10771000006181612068016921F008010161206830
:10772000806810F4404F22D025E0E0680F2807D988
:107730002068006B616E0860606E001D606611E07D
:10774000072807D9B8F80000616E0880606E801CB9
:10775000606607E0206890F83000616E0870606E27
:10776000401C6066B4F86A00401EA4F86A00B4F8D1
:107770006A000028D9D1204604F0F6FE84F8816022
:10778000D4F8840018B12046FFF76EFF88E7052F74
:1077900007D0042F09D0032F82D1204600F0AAFB86
:1077A0007EE7204600F0A7FB7AE7204600F0C4F908
:1077B00076E715F4587FE9D068060AD5D4F8840036
:1077C00040F00400C4F884002068816941F0400161
:1077D0008161A8050AD5D4F8840040F00100C4F8FE
:1077E00084002068816941F400718161E8050AD54F
:1077F000D4F8840040F00800C4F88400206881694F
:1078000041F480718161A8060AD5D4F8840040F063
:107810008000C4F884002068816941F02001816102
:10782000D4F884000028B1D02068016821F001015B
:1078300001602068016940F26B3291430161C9F334
:107840008130032805D084F881602046FFF70CFFC3
:1078500026E72068816821F4404181600E4DE06F89
:1078600050B10565E06FFCF7FBFA28B1D4F884004D
:1078700040F04000C4F88400A06F002886D0056561
:10788000A06FFCF7EDFA00288AD054F8840F40F07E
:107890004000206004E7000023C600082DE9F04105
:1078A0000446002C12D00025A562DFF8588120681C
:1078B000554E564F40450BD0B04209D0B84207D084
:1078C000E0680F2804D90120BDE8F0810120FBE722
:1078D000204604F0B2FE01462068404505D0B04283
:1078E00003D0B84201D0082907D8404503D0B042A0
:1078F00001D0B84203D1102901D90120E4E794F85E
:10790000810020B984F88050204600F081F80220E0
:1079100084F881002068016821F00101016020687D
:10792000816801F4F812A169B1F1806F0ED161682C
:10793000B1F5800F01D1A36B23B139B9A16BB1F1BE
:10794000805F03D1016841F48051016060684002AA
:107950000AD5E068072807D320680168236D21F461
:1079600080711943016004E02068016821F480718E
:107970000160A16AE0690843E16B11430843E168D3
:10798000084321688860616A606BA2690843A16B43
:10799000114308432169084361690843216A084388
:1079A00061680843E16C0843A1680843A16C08437F
:1079B000A16D08432168C860606868B92068816863
:1079C00021F4C05141F4006181602068816821F494
:1079D000C06141F4806181602068016D21F0010186
:1079E00001656068400206D52068C168626D21F0BB
:1079F00000411143C160C4F88450012084F8810023
:107A0000002061E70030014000380040003C0040A9
:107A1000F0B5B5B00646142130A8F8F744FDB821FA
:107A200002A8F8F740FD3E493068884275D18114BC
:107A30000020CDE902100024199402A8FEF7D2FB21
:107A400008B1FBF793FA3748016841F480410160BF
:107A5000006800F48040019032480838016841F025
:107A600004010160016801F004010191016841F025
:107A700002010160006800F00200019006203090D1
:107A800002273197329433940525349530A926483E
:107A9000FDF7C2FF38033090319732943394349518
:107AA00030A92248FDF7B8FF224D21482860272041
:107AB0006860AC60EC607F022F616C61AC61EC616E
:107AC0004FF4403028626C622846FCF7F7FE08B19C
:107AD000FBF74CFAF567AE631548164D3030783534
:107AE0002860282068604020A860EC602F616C61ED
:107AF000AC61EC61C00228626C622846FCF7DEFED5
:107B000008B1FBF733FAB567AE63002205212420E4
:107B1000FEF738F92420FEF727F935B0F0BD000054
:107B200000380040E8440258000802580004025897
:107B300010000240BC100024704770472DE9FF4F31
:107B400083B0044692461D46109FD4F800B00BF156
:107B5000200002900BF1300BE06B4009401C1FFA33
:107B600080F9FEF76BF880462E4694F881000128D4
:107B700003D0022007B0BDE8F08F049878B3BAF1C3
:107B8000000F2DD028002BD094F88000012829D098
:107B900001202C3484F85400052084F8550000207E
:107BA000A065C4F838A0E587A58704992163E58618
:107BB000A5866064A06454F82C0CC16821F4C0212F
:107BC000C16054F82C0DC849884205D0C749884285
:107BD00002D0C749884207D14FF0100A06E0FFE7FC
:107BE0000120C7E70220C5E74FF0080A41686FF39C
:107BF0000F01294341602068016841F001010160E3
:107C00006068B0F5800F04D12068016841F400710C
:107C10000160E0680F2856D94FEA9A0A41E02068CF
:107C20004169890710D57EB106EB0A01A9420BD93B
:107C300054F85C1F096801622068001D2060E0881C
:107C4000401EE080E6885C3C20684169FDB14269E5
:107C5000D2070CD0006B54F8641F08602068001D28
:107C60002060E088401EE080E588643C19E04D45D6
:107C70000ED209040CD5006B54F8641F086020680C
:107C8000001D2060E088401EE080E588643C08E03C
:107C9000FDF7D4FFA0EB0800B84201D3781C04D153
:107CA0001FB156EA0500BAD1F3E0204604F05CFCAF
:107CB0008034606840F48070606001206070002053
:107CC0002070032056E7072871D94FEA5A0A5CE072
:107CD00020684069800711D586B106EB0A00A842EA
:107CE0000CD954F85C0F0188029801802068801C30
:107CF0002060E088401EE080E6885C3C216848699E
:107D00003DB34969C9070DD0BBF8000054F8641FA2
:107D100008802068801C2060E088401EE080E588A4
:107D2000643C32E04D4515D2010413D5BBF8000088
:107D300054F8641F08802068801C2060BBF8001085
:107D400001802068801C2060E088801EE080E5883B
:107D5000643C1AE0012D0FD180040DD5BBF8000062
:107D600054F8641F08802068801C2060E088401E52
:107D7000E080E588643C08E0FDF760FFA0EB0800C8
:107D8000B84201D3781C04D11FB156EA05009FD137
:107D90007FE0204604F0E8FB8034606840F48070A7
:107DA000606001206070002020700320E2E650E057
:107DB00020684169890711D586B106EB0A01A942FD
:107DC0000CD954F85C1F097880F820102068401CFA
:107DD0002060E088401EE080E6885C3C20684169C5
:107DE000BDB34269D2070DD090F8300054F8641F3B
:107DF00008702068401C2060E088401EE080E58814
:107E0000643C43E04D4525D20A0423D590F8300068
:107E1000616E0870606E401C6066216891F83010D9
:107E20000170606E401C6066216891F8301001702E
:107E3000606E401C6066216891F830100170606EC1
:107E4000401C6066B4F86A00001FA4F86A00B4F829
:107E50006A501BE0042D10D211F4C04F0DD090F8E1
:107E6000300054F8641F08702068401C2060E088CF
:107E7000401EE080E588643C08E0FDF7DFFEA0EBF3
:107E80000800B84201D3781C1ED1EFB156EA0500B4
:107E90008ED100223B4608212046CDF8008004F018
:107EA000D6FB28B1D4F8840040F02000C4F8840048
:107EB000204604F059FB01208034607000202070BF
:107EC000606878B1012055E6204604F04DFB80340F
:107ED000606840F480706060012060700020207055
:107EE000032047E6002045E600300140003800400E
:107EF000003C004070477047024A136883430B43BD
:107F000013607047040400587047704770470000C2
:107F1000F0B590F83C20012A40D0012680F83C6062
:107F2000022280F83D2003685A689C681C4FDFF8E5
:107F300074C0BB4201D0634503D122F470054A6886
:107F40002A4322F070050A682A435A600268BA423E
:107F500019D0B2F1804F16D0134B9A4213D0134B65
:107F60009A4210D0124B9A420DD062450BD0114B61
:107F70009A4208D0104B9A4205D0104B9A4202D038
:107F80000F4B9A4204D124F0800389681943916011
:107F90003C304670002101700020F0BD0220F0BD91
:107FA00000000140000401400004004000080040BF
:107FB000000C0040001800400040014000E000407C
:107FC00000E4004010B50446002C03D094F83D00B6
:107FD00010B107E0012010BD002084F83C002046CD
:107FE00000F018F8022084F83D002068211D04F0FC
:107FF0005FFD01203D34E0726070A070E070207180
:108000006071A071E07120726072A0722070002017
:1080100010BD000008B500680B49884212D10B481A
:10802000016841F010010160006800F0100000904C
:10803000002205213620FDF7A5FEBDE808403620C8
:10804000FDF792BE08BD000000100040E844025851
:1080500090F83D10012901D001207047022180F8DD
:108060003D100168CA6842F00102CA600068184900
:1080700088421AD0B0F1804F17D01649884214D0E8
:108080001549884211D0154988420ED014498842BA
:108090000BD01449884208D01349884205D01349AF
:1080A000884202D0124988420CD18168114A11409D
:1080B00006290BD0B1F5803F08D0016841F00101DD
:1080C000016003E0016841F0010101600020704798
:1080D000000001400004004000080040000C004087
:1080E00000040140001800400040014000E0004052
:1080F00000E400400700010090F83C20012A0CD069
:10810000012200F83C2F0223437050F83C3C596197
:1081100042700021017000207047022070477047B4
:108120002DE9F04104462068C66805694FF0000754
:10813000A90714D5B10712D5F91E016101202077D6
:1081400020688069800703D02046FFF7E8FF05E03C
:10815000204600F0CDF8204600F0B0F927776807F8
:1081600017D5700715D521686FF00400086102204B
:1081700020772068806910F4407F03D02046FFF705
:10818000CEFF05E0204600F0B3F8204600F096F957
:108190002777280716D5300714D521686FF0080017
:1081A0000861042020772068C069800703D020463A
:1081B000FFF7B5FF05E0204600F09AF8204600F0F2
:1081C0007DF92777E80617D5F00615D521686FF0F9
:1081D00010000861082020772068C06910F4407FF3
:1081E00003D02046FFF79BFF05E0204600F080F813
:1081F000204600F063F92777E80708D0F00706D09B
:1082000021686FF001000861204600F04FFA28064F
:1082100001D4A80408D5300606D521686FF40250B1
:1082200008612046FFF771FEE80508D5300606D53F
:1082300021686FF4807008612046FFF765FE6806CC
:1082400008D5700606D521686FF040000861204609
:1082500000F036FAA8060AD5B00608D521686FF0F6
:10826000200008612046BDE8F041FFF74FBEBDE8A1
:10827000F081000030B587B00446142102A8F8F759
:1082800012F9174D022221680024164B1648A94204
:1082900011D1196841F002011960196801F0020159
:1082A00001910292039204940594069202A9FDF7AB
:1082B000B3FB07B030BD0D4DA942FAD1196841F0AA
:1082C00002011960196801F002010191E91302919C
:1082D000039204940594069202A9FDF79DFBE8E73A
:1082E00000040040E0440258000402580018004016
:1082F000704770B504460D46002694F83C000128EE
:108300000BD0012084F83C000C2A4FD007DC82B14E
:10831000042A22D0082A06D134E0022070BD102A97
:1083200059D0142A6BD00126002084F83C00304636
:1083300070BD2068294604F037FC2068816941F04F
:10834000080181612068816921F004018161206850
:1083500081692A6911438161E6E72068294604F0B2
:1083600073FC2068816941F4006181612068816942
:1083700021F480618161206881692A6941EA0221D2
:108380008161D1E72068294604F0A8FC2068C16912
:1083900041F00801C1612068C16921F00401C16197
:1083A0002068C1692A691143C161BDE72068294677
:1083B00004F0DEFC2068C16941F40061C1612068FD
:1083C000C16921F48061C1612068C1692A6941EAFB
:1083D0000221C161A8E72068294604F003FD206856
:1083E000416D41F0080141652068416D21F00401B3
:1083F00041652068416D2A691143416594E7206811
:10840000294604F027FD2068416D41F40061416573
:108410002068416D21F4806141652068416D2A69C1
:1084200041EA022141657FE710B50446002C03D0E4
:1084300094F83D0010B107E0012010BD002084F841
:108440003C00204600F018F8022084F83D00206827
:10845000211D04F02DFB01203D34E0726070A070FE
:10846000E07020716071A071E07120726072A07282
:108470002070002010BD000008B500680C4A0D49AE
:10848000904208D1086840F002000860086800F0D7
:108490000200009008BD084A9042FBD1086840F0F5
:1084A00040000860086800F04000009008BD00002F
:1084B00000040040E84402580018004070470000E3
:1084C00030B5044600290DD004290ED008290FD05C
:1084D0000C2910D0102911D094F84300012810D095
:1084E000012030BD94F83E00F8E794F83F00F5E72E
:1084F00094F84000F2E794F84100EFE794F8420066
:10850000ECE70220F1B304294DD008294ED00C2904
:108510004FD0102950D084F843000122206804F085
:1085200035FB2A4A20682A4B2A49904209D09842B2
:1085300007D0884205D0284DA84202D0274DA84236
:1085400003D1456C45F4004545642068904218D03D
:10855000B0F1804F15D0224A904212D0214A904269
:108560000FD0214A90420CD098420AD01F4A904224
:1085700007D0884205D01E49884202D01D49884252
:108580001DD100E00CE081681B4A114006291AD079
:10859000B1F5803F17D0016841F00101016012E0A0
:1085A00084F83E00B9E784F83F00B6E784F840005D
:1085B000B3E784F84100B0E784F84200ADE7016812
:1085C00041F001010160002030BD000000000140C9
:1085D00000040140004001400044014000480140C7
:1085E0000004004000080040000C0040001800405B
:1085F00000E0004000E400400700010030B5044600
:108600000D4600222946206804F0C0FA41F21112FA
:1086100021492068931088420BD02049884208D015
:108620001F49884205D01F49884202D01E4988420E
:1086300009D1016A114206D1016A194203D1416C84
:1086400021F4004141642068016A114206D1016AA7
:10865000194203D1016821F00101016001205DB1DF
:10866000042D0CD0082D0DD00C2D0ED0102D0FD0B8
:1086700084F84300002030BD84F83E00FAE784F817
:108680003F00F7E784F84000F4E784F84100F1E7A1
:1086900084F84200EEE700000000014000040140C1
:1086A0000040014000440140004801400068034987
:1086B000884201D1FDF7C8BA7047000000080040A9
:1086C000704790F88410012918D0012180F8841097
:1086D0002421C0F8881001680A680B6823F00103A0
:1086E0000B6022F0005100224266036819602021CD
:1086F000C0F8881080F8842000207047022070475E
:1087000010B50446D4F88C00202801D0022010BDFA
:1087100051B14AB10120E06600202067204605F0F3
:108720002FFB014611B105E0012010BDE06E0128CC
:1087300002D00121084610BD226810201062206876
:1087400050E8002F42F0100240E80023002BF6D141
:10875000F0E770B504460025D4F88C00202801D03D
:10876000022070BD69B162B10120E066002020677F
:10877000204605F057FBE06E012804D0012528466D
:1087800070BD012070BD216810200862206850E88B
:10879000001F41F0100140E80012002AF6D1EEE778
:1087A00010B50068084A90420DD112290BD1074933
:1087B00012220748FFF7A4FF0449BDE81040A1F1C9
:1087C00018000AF09BBA10BD00500040E456002487
:1087D000E8140024704770B5044694F8840001281A
:1087E0001DD0012084F884002420C4F8880020686B
:1087F0000568026822F0010202602068826822F0A7
:1088000060620A438260204604F0E8FB206805604D
:108810002020C4F88800002084F8840070BD022065
:1088200070BD70B5044694F8840001281DD0012065
:1088300084F884002420C4F8880020680568026851
:1088400022F0010202602068826822F060420A433E
:108850008260204604F0C2FB206805602020C4F836
:108860008800002084F8840070BD022070BD70472D
:10887000704770B50446D4F88800D4F88C6021683D
:1088800089684FF01005090618D5212816D12068EF
:10889000083050E8001F21F0800140E80012002A53
:1088A000F5D1E06F38B1FBF71DF920B1E06FFBF7B0
:1088B0002FFC202809D0204604F052FD2068806853
:1088C00040061FD5222E04D01CE0C4F8905003208F
:1088D00070BD2068083050E8001F21F0400140E8DA
:1088E0000012002AF5D1D4F8800040B1FBF7FAF865
:1088F00028B1D4F88000FBF70BFC202804D02046D8
:1089000004F0F2FC002070BDC4F89050032070BD4C
:1089100010B50068074988420AD107491222074862
:10892000FFF7EEFEBDE8104003481221F7F7BBBD8C
:1089300010BD000000500040E4560024E81400245C
:108940002DE9F04104462368D86919689A6840F611
:108950000F0500EA0507002F0ED185060CD501F0A2
:10896000200502F08056354306D0616F00297DD086
:108970002046BDE8F041084700260225002F76D0AA
:10898000D54FDFF858C3174001EA0C0C57EA0C0C1E
:108990006DD05FEAC07C0CD05FEAC15C09D54FF0B6
:1089A000010CC3F820C0D4F8903043F00103C4F8A0
:1089B0009030830709D5D30707D023681D62D4F808
:1089C000903043F00403C4F8903043070AD5D3072E
:1089D00008D0256804232B62D4F8903043F00203BA
:1089E000C4F8903003070CD501F020033B4308D0B6
:1089F000256808232B62D4F8903043F00803C4F8AC
:108A0000903003050BD54B0109D525684FF4006361
:108A10002B62D4F8903043F02003C4F89030D4F89F
:108A20009030002B3CD0800609D501F0200002F0E8
:108A30008051084303D0616F09B120468847D4F8BC
:108A4000900021688968490602D410F0280F2DD0C3
:108A5000204604F049FC20688068400622D5206842
:108A6000083050E8001F21F0400101E018E023E049
:108A700040E80012002AF2D1D4F8800068B1984989
:108A80000165D4F88000FBF7EBF9002808D0D4F892
:108A90008000016DBDE8F04108472046FFF738FF30
:108AA000BDE8F0812046FFF733FFF9E72046FFF7E6
:108AB0002FFFC4F89060F3E7E76E012F7ED1C70661
:108AC0007CD5CF067AD510201862206880684FF0D8
:108AD0002003400673D5D4F880208249106888426C
:108AE0003AD080491831884236D07E4930318842A8
:108AF00032D07C49483188422ED07A496031884250
:108B00002AD078497831884226D0764990318842F7
:108B100022D07449A83188421ED0734988421BD0A4
:108B200071491831884217D06F493031884213D0CB
:108B30006D49483188420FD06B49603188420BD073
:108B400069497831884207D067499031884203D01B
:108B50006549A831884201D1406800E0406880B290
:108B60004FF4807760B3B4F85C10814240D9A4F828
:108B70005E00D069B84230D0206850E8001F21F470
:108B8000807140E80012002AF6D12068083050E8D1
:108B9000001F21F0010140E80012002AF5D12068F1
:108BA000083050E8001F21F0400140E80012002A80
:108BB000F5D1C4F88C30E666206802E056E023E088
:108BC00016E050E8001F21F0100140E80012002AD2
:108BD000F2D1D4F88000FAF785FF2567B4F85C007D
:108BE000B4F85E10401A81B22046FFF7D9FD57E76E
:108BF000B4F85C108142FAD1D069B842F7D1256748
:108C00002046FFF7CDFD4BE734F85C0F6188401A32
:108C100081B260885C3C0028E9D00029E7D0206858
:108C200050E8002F22F4907240E80027002FF6D180
:108C3000294FFF432068083050E8002F3A4040E8B1
:108C4000002CBCF1000FF5D1C4F88C30E6666667E5
:108C5000206850E8002F22F0100240E80023002B8B
:108C6000F6D125672046FFF79BFD19E7C50209D518
:108C7000550207D54FF4801018622046BDE8F04138
:108C8000FFF7F6BD03060CD501F0800302F40002E5
:108C9000134306D0A16F0029A9D02046BDE8F041BA
:108CA0000847420606D54A0604D52046BDE8F041ED
:108CB00004F044BB020206D54A0004D52046BDE8B4
:108CC000F041FFF7D4BDC00191D500298FDA2046CD
:108CD000BDE8F041FFF77EBD010000102001000457
:108CE00097D10008100002401004024010B504465D
:108CF000002C03D0D4F8880010B107E0012010BD8B
:108D0000002084F88400204600F028F82420C4F8CD
:108D100088002068016821F001010160A06A10B19B
:108D2000204604F07FF9204604F092FD012813D07C
:108D30002068416821F4904141602068816821F0F9
:108D40002A0181602068016841F00101016020462C
:108D5000BDE8104004F0CAB9012010BD2DE9F04F64
:108D6000B5B00446142130A8F7F79DFBB82102A83E
:108D7000F7F799FBD84A0226D84D002021684FF01A
:108D80000809DFF85883083D17154FF0040A91428F
:108D90006AD102220021CDE9022183461F9002A858
:108DA000FDF720FA08B1FAF7E1F8D8F8000040F42E
:108DB0008010C8F80000D8F8000000F4801001907E
:108DC000286840F004002860286800F00400019042
:108DD000286840F008002860286800F0080001902A
:108DE0004FF4805030903196CDF8C8B0CDF8CCB06B
:108DF000CDF8D09030A9BA48FCF70EFECDF8C0A04F
:108E00003196CDF8C8B0CDF8CCB0CDF8D09030A91F
:108E1000B448FCF701FEB54DB348286041206860B6
:108E2000C5F808B0C5F80CB02F61C5F814B0C5F886
:108E300018B04FF48070E861C5F820B0C5F824B0D0
:108E40002846FBF73BFD08B1FAF790F8C4F88050CC
:108E5000AC63002205213520FCF794FF3520FCF798
:108E600083FF35B0BDE8F08FA14A4FF0070B914268
:108E700072D102220021CDE9022181461F9002A871
:108E8000FDF7B0F908B1FAF771F8D8F8000040F032
:108E90008040C8F80000D8F8000000F08040019041
:108EA000286840F010002860286800F01000019049
:108EB0004FF4C07030903196CDF8C890CDF8CC907A
:108EC000CDF8D0B030A98B48FCF7A6FD8648874D79
:108ED0007830783528604F206860C5F80890C5F86C
:108EE0000C902F61C5F81490C5F81890C5F81C9027
:108EF000C5F82090C5F824902846FBF7DFFC08B1A0
:108F0000FAF734F8C4F88050AC63784D7A48F035FD
:108F10002860502068604020A860C5F80C902F6140
:108F2000C5F81490C5F81890C5F81C90C5F82090A5
:108F3000C5F824902846FBF7C1FC08B1FAF716F8EB
:108F4000E567AC63002205215220FCF71BFF52208D
:108F5000FCF70AFF85E7FFE7684ADFF88081914266
:108F600008F1080852D101210022CDE90212814600
:108F7000209002A8FDF736F908B1F9F7F7FFD8F805
:108F8000000040F01000C8F80000D8F8000000F021
:108F900010000190286840F001002860286800F067
:108FA000010001904FF4C06030903196CDF8C89028
:108FB000CDF8CC90CDF8D0B030A95148FCF72CFDBD
:108FC000504D4948183828602A2068604020A86021
:108FD000C5F80C902F61C5F81490C5F81890C5F825
:108FE0001C90C5F82090C5F824902846FBF766FC35
:108FF00008B1F9F7BBFFE567AC6300220521252026
:10900000FCF7C0FE2520FCF7AFFE2AE73E4A91425E
:10901000A0D101210022CDE902128346209002A8AE
:10902000FDF7E0F808B1F9F7A1FFD8F8000040F02B
:109030008000C8F80000D8F8000000F0800001901F
:10904000286840F010002860286800F010000190A7
:10905000CDF8C0A03196CDF8C8B0CDF8CCB0CDF8E1
:10906000D0A030A9234D2846FCF7D6FCCDF8C090FF
:109070003196CDF8C8B0CDF8CCB00B20349030A9E3
:109080002846FCF7C9FC1C481E4D30307835286056
:1090900076206860C5F808B0C5F80CB02F61C5F837
:1090A00014B0C5F818B0C5F81CB04FF48030286271
:1090B000C5F824B02846FBF701FC08B1F9F756FFC4
:1090C000C4F88050AC63002205219C20FCF75AFEB6
:1090D0009C20FCF749FEC4E600500040E8440258DA
:1090E00000080258000C02582804024038170024D7
:1090F0000078004000100258280002400010014093
:1091000000000258A0180024001C014030B4D0F820
:109110008C30202B02D0022030BC7047A9B1A2B104
:109120000023C3660A4C0368A3420BD05B681B0292
:1091300008D5036853E8004F44F0806443E80045D5
:10914000002DF6D130BC04F01BBE0120E4E7000086
:10915000000C00587047704770B50446D4F888007A
:10916000202801D0022070BD31B32AB344F8501F2B
:10917000A280E280002121642120A063E06A503CAB
:10918000E0B1164BC363E36F15481864E36F1548ED
:10919000D864E06F016513462068E56F2830216DC3
:1091A00002462846FBF782FD40B110208834A060BB
:1091B00020202060012070BD012070BD216840206A
:1091C00008622068083050E8001F41F0800140E844
:1091D0000012002AF5D1002070BD00009BD20008CB
:1091E000DDD20008A7D1000800680349884202D1F7
:1091F000024901200870704700100140200000243F
:109200007047000070B50446002020743B4DA27BDF
:10921000616828884243D4F8F400F7F72BF9A17B62
:10922000288841436068F7F73EF9A07B10FB00F106
:1092300028884143D4F81801F7F735F9207BA17B42
:1092400010FB01F128884143D4F80C01F7F72BF902
:10925000002029E0D4F8F41001EB800292ED000A1E
:10926000B5EEC00AF1EE10FA1CD0227C01EB8201AF
:1092700081ED000A227C616A8854A169227B01EB9E
:109280008001237C91ED000A6169095C12FB0311E6
:10929000D4F80C21491E02EB810181ED000A217CEA
:1092A000491C2174401CC0B2A17B8142D2D800204D
:1092B00010E0636AE26900FB01011B5C02EB8302C0
:1092C00092ED000AD4F8182102EB810181ED000A29
:1092D000401CC0B2217C8142EBD85C3414F84C0CA9
:1092E000A08314F8500CE083A084E184A186E18679
:1092F000A087E18724F8141C70BD0000540A0024E4
:10930000FEE7000010B586B00446D4F8EC0090EDFE
:10931000000A8DED050A90ED010A8DED040A90ED2D
:10932000020A8DED030A90ED030A8DED020A9DED10
:10933000050ADDED050A9DED041A20EE200ADDED9B
:10934000040A00EE810ADDED030A9DED031A00EE2A
:10935000810ADDED020A9DED021A00EE810A07F096
:1093600069FF8DED010A0020D4F8EC10DDED010A53
:1093700001EB800191ED000A20EE200A81ED000A48
:10938000401CC0B20428EFD34148F834DDED040A94
:1093900090ED6F0AA16860EE200AB6EE000A60EE5A
:1093A000800AC1ED040AD0ED6F0A9DED031AA16891
:1093B00060EE810A60EE800AC1ED050AD0ED6F0A09
:1093C0009DED051AA16820EE811AFEEE000A21EE3D
:1093D000201A81ED0A1A90ED6F1ADDED021AA168CC
:1093E00021EE211A21EE001A81ED0B1A90ED6F1A71
:1093F000DDED021AA16821EE211A21EE201A81ED7D
:10940000101A90ED6F1ADDED051AA16821EE211AF0
:1094100021EE201A81ED111A90ED6F1ADDED031A7D
:10942000A16821EE211A21EE000A81ED160A90EDC5
:109430006F0A9DED041AA16820EE010A20EE200AB1
:1094400081ED170A2168D0ED740A91ED1C0A80EEB7
:10945000201A81ED1C1A2168D0ED740A91ED230ABF
:1094600080EE201A81ED231A54F8F80909499FED7E
:109470000A0A026F8A4201DD80ED1C0AD4F8F80066
:10948000D0F88C208A4201DD80ED230A06B010BDA1
:10949000785C002400401C4600401C4670B52DED51
:1094A000028B01252C4C257084ED6C0AC4ED6D0AED
:1094B00084ED6E1A9FED290A84ED730A002084F86A
:1094C0003801D034002121676167A167E16784ED2D
:1094D0003B2AD03C11EE900AB7EE008AB0F17E5FD5
:1094E00001DDF0EE481AC4ED741A032300220621B0
:1094F000201D00F037FE1A4B01221146A3F108008F
:1095000007F0B6F98834606E80ED008A606E9FEDDA
:10951000150A80ED010A606E80ED020A606E80ED32
:10952000030A1148A0641148E064114820651148FD
:10953000606504F85A5C04F8595C90220E49E06FAB
:10954000F6F798FF606F90220C49BDEC028BBDE8E6
:109550007040F6F78FBF0000785C002477CC2B3288
:10956000405E00240000000081950008059300087B
:10957000B5950008859A000874490108580A002426
:1095800010B504460948902254F8F81FF6F772FF08
:1095900007484822616AF6F76DFF0548482261696D
:1095A000BDE810404830F6F765BF0000580A0024B7
:1095B000585E00241FB50446B0EE000A54F8EC0FC4
:1095C000D0ED000A60EE800ACDED030AD0ED010A6D
:1095D00060EE800ACDED020AD0ED020A60EE800A4C
:1095E000CDED010AD0ED030A20EE800A8DED000AD0
:1095F00014F8DE0C14F8E01C10FB01F1234800887D
:109600004143206AF6F74FFF9DED010A206AB1EE53
:10961000400A80ED000A206ADDED000AC0ED010A73
:10962000DDED030A206AF1EE600AC0ED020A206A4D
:10963000DDED020AC0ED030A206ADDED020AC0ED8D
:10964000060A206ADDED030AC0ED070A206ADDED97
:10965000000AC0ED080A206ADDED010AC0ED090A22
:10966000206ADDED030AC0ED0C0ADDED020A206A76
:10967000F1EE600AC0ED0D0A206A80ED0E0A206A44
:109680009DED000A80ED0F0A1FBD0000540A002462
:1096900010B52DED048BF0EE619AB0EE429AF0EE2B
:1096A000628A84B0ED4CD4ED171A30EE610A84ED75
:1096B0001A0AD4ED181A70EEE10AC4ED1B0AD4EDB3
:1096C000191A31EE611A84ED1C1AB6EE008A60EEAA
:1096D000081A94ED2E0A61EE801ACDED031A60EEA1
:1096E000880A60EE800ACDED020A61EE080A20EEDB
:1096F000800A8DED010ADA4990222068F6F7BAFE59
:109700009DED030A2068B1EE400A80ED010ADDED0F
:10971000020A2068F1EE600AC0ED020A9DED011A0E
:109720002068B1EE411A80ED031A2068DDED031ABE
:10973000C0ED061A2068DDED011AC0ED081A206898
:10974000C0ED090A2068DDED020AC0ED0C0A2068B0
:1097500080ED0D1A2068DDED030AC0ED0F0A2068C8
:10976000DDED010AC0ED120A2068DDED020AC0ED50
:10977000130A206880ED140AD4E91101A4F582745B
:1097800050EA01020BD1C4ED5E9A84ED5F9AC4EDFC
:10979000608A04F5A472401C41F1000103C294EDFB
:1097A0005E0A94ED641A94ED6F3A60EE011A33EE9E
:1097B000010AC1EE800A63EE291A81EE802A70EE5A
:1097C000821AC4ED5E1AD4ED5F0A20EE812AC2EE41
:1097D000000A23EE092AC2EE002A30EEA22A84ED06
:1097E0005F2AD4ED600A20EE811AC1EE000A23EE52
:1097F000281AC1EE002A30EEA20A84ED600A61EE5A
:10980000A10A42EE020A40EE000AB1EEE00A84ED3F
:10981000660AF7EE000A80EE801A8DED001A9DEDC3
:10982000000AA06821EE800A80ED000A94ED5F0A2C
:10983000DDED000AA06820EE200A80ED010A94ED1B
:10984000600ADDED000AA06820EE200A80ED020A21
:1098500094ED5B0A60EE000A94ED5C0A40EE000AAB
:1098600094ED5D0A40EE000AB1EEE00A84ED650A6F
:1098700010EE100A7B4988420BDA7B49D4F8980134
:10988000884206DD7949884203DA012084F83901EB
:1098900002E0002084F8390104F58C7494ED260A66
:1098A000D4ED290A206820EE200A80ED000A94ED0C
:1098B000260AD4ED290A206820EE200A80ED070A46
:1098C00094ED260AD4ED290A206820EE200A80EDC6
:1098D0000E0A94ED260AD4ED290A206820EE200A0B
:1098E00080ED150A94ED270AD4ED290A206820EEB0
:1098F000200A80ED1C0A94ED270AD4ED290A20687D
:1099000020EE200A80ED230A606894ED280A80ED9D
:10991000000A606894ED280A80ED040A606894EDFE
:10992000280AA4F58C7480ED080A201D00F0FCFEC6
:109930006068D0ED001AC4ED541A90ED010A84ED70
:10994000550A90ED021A84ED561AD0ED030AC4EDC3
:10995000570AB0EE482A414800EE402A21EE800A1C
:109960009C3001EE200A01EE412AF0EE420A06F098
:1099700003FE94ED680ADFED3E8A20EE280A84EDAE
:10998000680A94ED550AD4ED570A94ED561A20EE64
:10999000200AD4ED540A00EEC10AF8EE000A20EEC7
:1099A000200A04F0CFFF20EE280A84ED690A94ED26
:1099B000560AD4ED551A94ED571A00EE408A21EE5E
:1099C000800AD4ED541A254801EE810AF0EE480AC7
:1099D000A43041EE410A06F0CFFD94ED6A0A20EE74
:1099E000280A84ED6A0A6068D0ED040AC4ED580ABA
:1099F000D0ED050AC4ED590ADFED1E0AC4ED5A0A7E
:109A0000D4ED760A1C4970EE600A10EE900A884286
:109A100005DDB4F8D401401EA4F8D40109E010EE2D
:109A2000900A1649884204D9B4F8D401401CA4F81D
:109A3000D401B4F9D401DFED121A00EE900AB8EEA9
:109A4000E01AF0EE400A41EE210AC4ED6B0A84ED03
:109A5000760A04B0BDEC048B10BD00007C5D0024D0
:109A6000744901089A99993ECDCC1441CDCC24413A
:109A7000E12E65420000000000003443000034C3C2
:109A80000000B4432DE9F04F85B0044604F178009E
:109A900004F180010546049107F0B6F86C3484F8AF
:109AA0005C00A089A08734F8120CE0876C3C04F1BC
:109AB000A802284604F158019246894607F03AF870
:109AC000823484F84600E08CE08520882086823C41
:109AD00004F1B00204999346504607F02BF89034F5
:109AE00084F838002088208260886082903C04F1ED
:109AF000A002584604F19001154606F095FEB034D8
:109B000020765946284606F0B7FE2076E06B90EDA9
:109B1000000A8DED030A90ED010A8DED020A90ED29
:109B2000020A8DED010A90ED030A8DED000A34F86A
:109B3000380C2081012565819DED020ADDED000ACA
:109B40009DED011AE06F60EE200A9DED030A40EEE4
:109B5000410AB0EE000A60EE800AC0ED000ADDEDB9
:109B6000030A9DED021ADDED001AE06F60EE810A36
:109B70009DED011A41EE210A20EE800A80ED010AD6
:109B80009DED030ADDED030A9DED021AE06FB03C86
:109B900020EE200ADDED020A00EEC10ADDED010A29
:109BA0009DED011A00EEC10ADDED000A9DED001ADF
:109BB00000EE810A80ED020A0027A54ED4F82C01A0
:109BC00000EB870090ED000AB0EEC00A06F0E8FD59
:109BD00006EB870080ED610A7F1CFFB2032FEDD3F7
:109BE000B4F84800A4F8C000A4F8C25004F1C002C0
:109BF00004F1B801174604F14800884606F0E0FF7A
:109C0000AA34A077E08A24F8020C2580524639460F
:109C1000584606F08FFFA077E581E08A2082414612
:109C2000384606F0F1FFA07751468A4A404606F0D2
:109C300081FFA077AA3C96ED730AB6EE001AD6ED26
:109C4000720A20EE011AF4EEC10AF1EE10FA01D206
:109C500086F838510020F4EEC00AF1EE10FA3CDD2F
:109C600096F83811C1B396F8391149B106F5A071CB
:109C700006F5A07306C9491C42F1000206C304E0C0
:109C80000022C6F84021C6F8442106F5A0724FF024
:109C9000320C00210CCABCEB0202994104D286F8B6
:109CA000380184F82C003AE06B4E227B80343088F7
:109CB0004243D4E91A01F6F7DDFB14F8740C10FBEB
:109CC00000F230884243D4E91E01F6F7D3FB04F8D2
:109CD000545C05B0BDE8F08FFFE79FED601A20EE01
:109CE000011AF4EEC10AF1EE10FA0DDD96F8381102
:109CF00051B170EE600A9FED5A1A20EE010A80EE13
:109D0000801A86ED671A03E0B7EE000A86ED670A4F
:109D10000022C6F84021C6F8442184F82C006C3497
:109D200034F8140CA087E08AE0875246049948462C
:109D300006F000FF84F85C006C3C04F19802594680
:109D40009146504606F0F6FE84F8C80000200DE06B
:109D5000D4F81C11D6ED670A01EB800191ED000AE1
:109D600020EE200A81ED000A401CC0B2B4F8981021
:109D7000B4F89A2051438142EADC04219FED390A6C
:109D800000200A1F01EB410C06EB8203D4F81C21D2
:109D90000CEB000A93ED611A02EB8A02C1EE000A95
:109DA00092ED001A60EE810AC2ED000A401CC0B2BA
:109DB0000328EBD3491CC9B20629E1D334F8980F24
:109DC0002084658442463946484606F0B3FE84F84E
:109DD0003000983C96F8380150B30420DFED220A99
:109DE0009FED221AD4F8BC1096ED6F0A01EB8001AA
:109DF00020EE200AD1ED001AF4EEC01AF1EE10FAAE
:109E000001DD81ED000AD4F8BC1096ED6F0A01EB7C
:109E1000800120EE010AD1ED001AF4EEC01AF1EE35
:109E200010FA01D281ED000A401CC0B20628D9D335
:109E3000D4F8BC009FED0E0A80ED030A04F1300255
:109E4000414604F1380006F0EFFC84F8C80040E712
:109E5000785C0024385E0024540A0024CDCCCC3D2C
:109E60006666663FDA0FC93F0AD7233C0AD723BC90
:109E70000000000010B50D4C0D48D4ED010A94ED22
:109E8000050A02F0EDF80A4890ED090AFCEEC00A56
:109E9000C4ED040AB5EEC00AF1EE10FA01D20020BA
:109EA0002061044920690968086410BD480B00243A
:109EB000E85E0024AC11002410B5DFED130ADFEDDD
:109EC000112AF7EE001AB0EE602A9FED101AB2EEDA
:109ED000040AFFF7E3FA104A00211048DFED0C0AEC
:109EE0009FED0C0A02F096F99FED0D0A01F0D8FDE6
:109EF0000C480C21FEF7E4FAF6F774FF0028FBD1BA
:109F000010BD0000000000006F12833A8096184BCD
:109F1000000048430000FA44680B0024E85E002477
:109F200000007A44AC1100242DE9F0412DED028BA4
:109F3000002780497E4AA1F10C00F6F75FFF7C4EB6
:109F40007C4C143E70789FED7C8A78B9012070704B
:109F5000F0EE481A94ED021AD4ED010A94ED000ACD
:109F6000F0EE612AB0EE612A01F0B8FB714D307855
:109F70000C3D022802D001287ED0C1E095ED000AF8
:109F8000B7EEC00A9FED6D1B30EE410BB7EEC00B74
:109F900085ED000AD5ED010AB7EEE01A9FED692BB9
:109FA00031EE421BF7EEC10BC5ED010A95ED021A29
:109FB000B7EEC11A9FED652B31EE421BB7EEC11B08
:109FC00085ED021AB0EEC11A11EE100A61498842FD
:109FD00001DA85ED028AD4ED022A94ED012AD4ED4E
:109FE000001A95ED021AFFF753FBB0EE483AD4ED94
:109FF000022A94ED012AD4ED001A95ED021AD5ED4E
:10A00000010A95ED000AB0EE434AF0EE433A01F042
:10A01000E5FD01F065FDF9F73DFD9FED4F8AC0EECE
:10A02000080AC6ED070AF9F73BFDC0EE080AC6EDBF
:10A03000060AF9F73BFDC0EE080AC6ED020A4748DA
:10A0400096ED060A416881ED000A416896ED070A1F
:10A0500081ED010A416896ED020A81ED020A41682C
:10A0600095ED000A81ED030A416895ED010A81ED45
:10A07000040A95ED020A00E012E0416881ED050A4C
:10A08000416894ED000A81ED060A416894ED010AE9
:10A0900081ED070A406894ED020A80ED080A2FE07E
:10A0A0002448D5ED000A183890ED000A70EE200A19
:10A0B000C0ED000A90ED010A95ED011A30EE011A8B
:10A0C00080ED011A90ED020AD5ED021A30EE210A58
:10A0D00080ED020AF168491CF160B1F57A7F0FD377
:10A0E000DFED1F1A80EEA12A80ED002AC1EE210AC1
:10A0F000C0ED010AC0EE210AC0ED020A0220307054
:10A100000A20B7FBF0F100FB117000280BD1FFF71C
:10A11000B1FE96ED050AD6ED010A30EE600AB0EE0A
:10A12000C00A10EE100ABDEC028BBDE8F081000001
:10A130005C0B00244C5F00240000000012BDBD1F1A
:10A14000A1FE663F8C95C69F10506DBF757FE77F5F
:10A15000D5CA68BFA69B443BE12E65422C01002472
:10A1600000007A442DE9F04704460D4690461E460D
:10A17000F74F0420388008207880257384F80D80FC
:10A18000A6734FF0000984F81090304608F07AFE6C
:10A1900060613146F6F787F93888704308F072FE3F
:10A1A000A06139887143F6F77EF93888704308F06A
:10A1B00069FEE06139887143F6F775F938886843BC
:10A1C00008F060FE206239886943F6F76CF9304682
:10A1D00008F058FE60623146F6F765F93888684342
:10A1E00008F050FE206039886943F6F75CF938883A
:10A1F000704308F047FE606039887143F6F753F901
:10A20000388800FB08F008F03DFEA060398801FBAB
:10A2100008F1F6F748F93888684308F033FEC4F8C7
:10A22000E80039886943F6F73EF9217B0122D4F82A
:10A23000E83004F1300006F01BFB3888684308F072
:10A2400021FEC4F8EC0039886943F6F72CF9217B2C
:10A250000122D4F8EC3004F1380006F009FBB8F123
:10A26000000F13D0388800FB08F008F00BFEC4F88C
:10A27000F000398801FB08F1F6F715F9617B01223E
:10A28000D4F8F03004F1400006F0F2FA3888704358
:10A2900008F0F8FDC4F8F40039887143F6F703F9C3
:10A2A000A17B0122D4F8F43004F1480006F0E0FA72
:10A2B00038886843684308F0E5FDC4F8F800398839
:10A2C00069436943F6F7EFF8217B04F15000D4F8B5
:10A2D000F8300A4606F0CCFA38886843684308F03C
:10A2E000D1FDC4F8FC00398869436943F6F7DBF80F
:10A2F000217B04F15800D4F8FC300A4606F0B8FA85
:10A3000038886843684308F0BDFD8834A067388802
:10A310006843684308F0B6FDE0673988A06F694379
:10A320006943F6F7C0F83988E06F69436943F6F787
:10A33000BAF814F87C1CA36F883C04F160000A464C
:10A3400006F096FA217B04F16800D4F804310A463D
:10A3500006F08EFAB8F1000F15D03888684300FB7C
:10A3600008F008F08FFDC4F808013988694301FB43
:10A3700008F1F6F798F8627B04F17000217BD4F8BD
:10A38000083106F075FA38887043684308F07AFDA2
:10A390009434A06738886843704308F073FDE06721
:10A3A0003988A06F71436943F6F77DF83988E06F0B
:10A3B00069437143F6F777F814F8882C14F8861C73
:10A3C000A36F943C04F1780006F052FAA27B04F1EA
:10A3D0008000217BD4F8103106F04AFA38886843AF
:10A3E000684308F04FFDC4F8140139886943694394
:10A3F000F6F759F8217B04F18800D4F814310A46A5
:10A4000006F036FA38887043704308F03BFDC4F814
:10A410001801398871437143F6F745F8A17B04F1BF
:10A420009000D4F818310A4606F022FA38886843BA
:10A43000704308F027FDC4F81C0139886943714353
:10A44000F6F731F8A27B04F19800217BD4F81C3197
:10A4500006F00EFA207B398810FB00F0484308F024
:10A4600011FDC4F82001217B3A8811FB01F1514311
:10A47000F6F719F8207B398810FB00F0484308F004
:10A4800001FDC4F82401217B3A8811FB01F15143FD
:10A49000F6F709F8207B398810FB00F0484308F0F4
:10A4A000F1FCC4F82801217B3A8811FB01F15143EA
:10A4B000F5F7F9FF207B3988484308F0E3FCC4F83E
:10A4C0002C01217B3A885143F5F7EDFF207B398839
:10A4D000484308F0D7FCC4F83001217B3888414359
:10A4E000D4F82C01F5F7DFFF217B04F1A000D4F8AC
:10A4F00020310A4606F0BCF9217B04F1A800D4F80B
:10A5000024310A4606F0B4F9217B04F1B000D4F8F6
:10A5100028310A4606F0ACF9217B0122D4F82C310F
:10A5200004F1B80006F0A4F9217B0122D4F83031FF
:10A5300004F1C00006F09CF984F8289084F8299072
:10A5400084F82A9084F82B9084F82C90BDE8F0874A
:10A55000540A002470B504460F4DE07B002803D058
:10A560002046FEF74FFE0DE0A27B2888616842433B
:10A57000D4F8F400F5F77EFFA17B2888414360689A
:10A58000F5F791FF627B2888A1684243D4F8F00078
:10A59000BDE87040F5F76EBF540A00242DE9F04184
:10A5A000044694F82C00002827D17434A08CA0868F
:10A5B000E188E186A08734F81A0CE087743C04F146
:10A5C000A80204F17801154604F1980006F0B2FAE9
:10A5D00084F8C80004F1B00204F1580116460F4691
:10A5E000284606F0A7FA84F8C80004F15002314664
:10A5F000384606F0E5FA84F8C800BDE8F0812DE998
:10A60000F041044694F8290000282CD104F1680197
:10A6100004F160000D46074606F0F6FA84F8C8001B
:10A6200004F1580204F150011646384606F082FA49
:10A6300084F8C800B4F85800A4F8A800B4F86A0078
:10A64000A4F8AA0004F1A80217462946304606F0ED
:10A6500071FA84F8C80004F188013246384606F0E1
:10A66000E3F884F8C800BDE8F0812DE9F04704461E
:10A6700094F82A00002855D104F1800104F17800F3
:10A680000D46074606F0C0FA6C3484F85C00A089D9
:10A69000A08734F8120CE0876C3C04F1A80238461D
:10A6A00004F158011646884606F044FA823484F8CC
:10A6B0004600E08CE08520882086823C04F1B002D0
:10A6C00029461746304606F035FA903484F83800AB
:10A6D0002088208260886082903C04F1A002384685
:10A6E00004F19001914606F09FF8AA34A07739460C
:10A6F000484606F0C1F8A07734F8520C24F8020C52
:10A7000034F8280C208032462946404606F012FADA
:10A71000A077AA3C04F198023946304606F00AFABE
:10A7200084F8C800BDE8F08770B504462046FFF7FE
:10A7300011FFD4F8CC1009B120468847204600F01C
:10A7400067F8D4F8D01009B1204688472046FFF7B3
:10A7500056FFD4F8D41009B120468847207C2B4DF1
:10A76000C0B9E07BB0B1227B28884243D4E93A01EA
:10A77000F5F780FE207B10FB00F228884243D4E9E5
:10A780003E01F5F777FED4F8E01009B1204688477E
:10A79000002029E02046FFF768FFD4F8D81009B15F
:10A7A00020468847204600F06DF8D4F8DC1009B147
:10A7B000204688472046FFF7F1FEE4E700FB010151
:10A7C000D4F8F82002EB8101226A02EB8002D1ED7D
:10A7D000000A92ED000AF4EEC00AF1EE10FA01D27E
:10A7E00081ED000A401CC0B2217B8142E6D8227B69
:10A7F0002888D4F8E81042432068F5F73BFED4F8E7
:10A80000E41009B120468847206870BD540A00242E
:10A810002DE9F041044694F8280000282AD1627BF3
:10A8200004F1300104F1600004F1380522B3227B09
:10A83000A4F8B8200126A4F8BA6004F1B8021746BB
:10A8400006F078F984F8C800207BA4F8C000A4F8CA
:10A85000C26004F1C00204F14001164604F1700028
:10A8600006F068F904F8C80F2A463146384605F064
:10A87000DBFF2070BDE8F0812A4606F05BF984F822
:10A88000C800F7E72DE9F041044694F82B000028B2
:10A8900036D1B4F87800A4F8B8000125A4F8BA506D
:10A8A00004F1B80204F13801164604F178000F46AD
:10A8B00006F040F9AA34A07734F8620CE0822583D0
:10A8C000AA3C04F1C002314604F14800904606F06B
:10A8D00077F9983484F83000208820846584983C87
:10A8E00004F198003246414606F024F984F8C80085
:10A8F00004F130023146384605F096FF84F8C8006E
:10A90000BDE8F081F0B58A7D02F0010202728A7D15
:10A91000C2F3400242728A7DC2F3800282728A7D53
:10A92000C2F3C002C2728A7DC2F3001282758A7DB0
:10A93000C2F34012C2758B7DC3F3801505738B7D06
:10A94000C3F3C0134373CB8AC3F300238373CB8A4F
:10A95000C3F34023C373CB8AC3F380230374CC8A2D
:10A96000C4F3C0244474CE8AC6F300368674CE8AFB
:10A97000C6F34036C674CE8AC6F380360675CE8AD4
:10A98000F60B4675CF8907800F8A7F4247804F8A32
:10A9900087800F7D8771497DC1710576C376047705
:10A9A00046778277F0BD000010B52DED088BB0EE34
:10A9B000409ADFED32AA9FED32BA9FED32AADFED69
:10A9C000320A9FED321A49EE490A80EE810A03F0FD
:10A9D00027FFF0EE408AB0EE680A06F037F99FEDE7
:10A9E0002C0A30EE680AF0EE409A05F0D9FEF0EE3F
:10A9F000400A9FED280A9FED281A01EE600A04F034
:10AA0000D4FDB0EE408AB0EE690ACAEE08BA06F08C
:10AA10001DF92BEE800A03F095FF38EEC00AF0EE28
:10AA2000409A05F0BDFEF0EE400A9FED1C0A9FED36
:10AA30001C1A08EE080A21EE081A01EE600A04F05A
:10AA4000B4FDB0EE40AAB0EE690A06F0FFF86BEE76
:10AA5000080A20EE200A20EE090A20EE2A8AB0EE2B
:10AA6000680A06F0F3F8DFED0F0A20EE200A60EE28
:10AA70000A0A88EE200ABDEC088B10BD0000C8430E
:10AA8000B81E853D7F6ABC3D1A51DA3D3D0AD73D6F
:10AA9000FDB5454022ADB13CBD57AD3CDE718A3BB2
:10AAA000B81E053E3D0A573D2DE9F0412DED028BC4
:10AAB0009D4F97ED8F0A9FED9D8AB0EE481ADFED0E
:10AAC0009C8AF0EE680A06F065FB87ED8F0A97ED29
:10AAD000900AB0EE481AF0EE680A06F05BFB87EDCC
:10AAE000900A387AA7F15C0807F5806503287BD1C6
:10AAF000002497F92404022805D003280CD0397AC1
:10AB0000032932D087E09FED8B0AC4EBC40007EB2A
:10AB1000800080EDFB0A7EE0BBEE040A88ED0F0AA0
:10AB200007EB8400D0ED8F0AC4EB041007EBC006DE
:10AB300004EB440000EB041096EDB00A07EB800034
:10AB400000F2C44001F08CFA88ED100AD8ED0F0A2B
:10AB5000C4EBC40030EE800AD6EDB80A07EB8000E3
:10AB600030EE600A80EDFB0A55E0E0BB98ED010A8B
:10AB700088ED0F0AC4EB041007EBC006D6F82403D7
:10AB8000B0F5FA6F12D907EB840096EDB00AD0ED5C
:10AB90008F0A04EB440000EB041007EB800000F286
:10ABA000C44001F05DFA88ED100A24E007EB840050
:10ABB00096EDB00AD0ED8F0A04EB440000EB0410D0
:10ABC00007EB800000F2C44001F04AFAB0EE408A80
:10ABD00096EDB10AD8ED0C0A20EE200A9FED561A28
:10ABE000DFED560A01E016E05FE006F0D3FA38EE3A
:10ABF000400A88ED100A98ED0F0AD8ED100AC4EB50
:10AC0000C40030EE200AD6EDB80A07EB800030EE23
:10AC1000600A80EDFB0A641CE4B2022CFFF469AF09
:10AC200047483C46D7ED7F0A97EDA60A01F018FA8F
:10AC300094F8280330B194F8A00318B19FED410AAD
:10AC400085ED270AD4EDFB0A95ED270A70EEC00AC0
:10AC5000C4EDFB0AD5ED020A30EE800A85ED020A4A
:10AC600094EDB30AD4EDD10A30EE601A84EDE91AFE
:10AC7000354801F0F5F994EDFC0AD5EDF80A30EE0F
:10AC8000600A84EDFC0A3048D4EDB30A4C3094EDF0
:10AC9000D10A01F0E5F92C4895ED030A4430D0EDD6
:10ACA0000B0A30EE600A85ED030A387A022823D1B8
:10ACB0000024BBEE0E8A07F28C6688ED0F8A07EB44
:10ACC0008400D0ED8F0AC4EB041007EBC00090EDB8
:10ACD000B00A304601F0C4F988ED100AD8ED0F0A29
:10ACE000C4EBC40030EE800A07EB800080EDFB0A65
:10ACF000641CE4B2022CE0D31149D7EDFC0A84397C
:10AD000097EDFB0AA1F1E800F6F7DCFDD5ED030AAB
:10AD100095ED020A0A496839BDEC028BA1F18C005D
:10AD2000BDE8F041F6F7CEBD2C010024B4C8B63E14
:10AD3000713D0A3E000020430000C8420000C8C226
:10AD4000A405002400000000E80800242DE9F041DB
:10AD50002DED048B9AB0002006900790049005908A
:10AD6000029003900024804D06AE04AF0DF1080858
:10AD7000C4EB041005EBC00090EDB00A90F8281366
:10AD80000EA8F8F73DFB04EB440005EBC00090ED86
:10AD9000EA0AD0ED830A30EE600A8DED080A90EDE4
:10ADA000EB0AD0ED840A30EE600A8DED090A90EDD1
:10ADB000EC0AD0ED850A30EE600A8DED0A0A90EDBE
:10ADC000ED0AD0ED860A30EE600A8DED0B0A90EDAB
:10ADD000EE0AD0ED870A30EE600A8DED0C0A90ED98
:10ADE000EF0AD0ED880A30EE600A8DED0D0A08A951
:10ADF0006A460EA8F6F7BAFC9DED000A06EB840041
:10AE000080ED000AC4EBC400DDED010A05EB800013
:10AE1000C0EDFC0ADDED110A9DED0B1A07EB840075
:10AE200060EE810AC0ED000A30EE600A08EB840093
:10AE300080ED000A641CE4B2022C99D34B48D5ED96
:10AE4000950A95EDA90A01F00BF9484C2C3C94EDBC
:10AE5000010AD4ED140A30EE600A84ED010A94ED83
:10AE6000080A30EE200A84ED080A9FED418A95ED2C
:10AE7000B00A95EDCE1AB6EE002B30EE010AB7EE11
:10AE8000C01A21EE021B9FED3B2BB4EEC21BF1EE6C
:10AE900010FA07DDB7EEE00A9FED381B20EE010B3C
:10AEA000F7EEC00B304E9DED021A5C3E96ED0B2A7C
:10AEB00081EE020ADDED031A81EE821ADDED041A3D
:10AEC00071EEE08ADDED051A31EEA09AC8EE820A35
:10AED000C9EE021AD5ED502A9FED2A3A82EE832A56
:10AEE000D5ED623AC3EE832AB7EE003A86ED023A18
:10AEF000287A032803D106F10800F7F741FBDDEDBE
:10AF0000020A96ED020A40EE280AC4ED010ADDEDC0
:10AF1000030A40EE090AC4ED080A00201A4AC0EBF1
:10AF2000001105EBC10191F8281359B900EB40015C
:10AF300002EBC101097D032904D0022902D0297A3C
:10AF4000022907D1C0EBC00105EB810101F5806149
:10AF500081ED018A401CC0B20228E0D31AB0BDECDA
:10AF6000048BBDE8F08100002C010024580500246A
:10AF70000000000048E17A14AE47D13F9A999999B0
:10AF80009999D93F5077D63D405B0024D0ED000A17
:10AF9000D0ED011AB7EE002AB0EE401A60EEA11A09
:10AFA00072EE600AB0EE610A00EE810A80ED010ADD
:10AFB0007047000080ED000A9FED020A80ED010A53
:10AFC0007047000000000000F0B40446049E00201A
:10AFD000012C04D0022C04D0032C04D004E015482A
:10AFE00002E0154800E01548002821D0DFED140AE2
:10AFF00020EE200ABDEEC00A10EE105A114C44F8A3
:10B00000100C44F80C1C170A277662762A0AA276DE
:10B01000E5761A0A22776377A6770B4A92F8E82337
:10B02000E27704F11802F0BC89B2082305F04CBFA6
:10B03000F0BC7047540E0024F40E0024940F00243A
:10B0400000007A44840B00242C01002408B5254814
:10B05000016841F002010160016801F00201009104
:10B06000016841F001010160006800F001000090FA
:10B07000002205210B20FAF785FE0B20FAF774FE5B
:10B08000002205210C20FAF77DFE0C20FAF76CFE59
:10B09000002205210D20FAF775FE0D20FAF764FE57
:10B0A000002205210E20FAF76DFE0E20FAF75CFE55
:10B0B000002205213820FAF765FE3820FAF754FE01
:10B0C000002205213920FAF75DFE3920FAF74CFEFF
:10B0D000002205214520FAF755FEBDE8084045202D
:10B0E000FAF742BED844025810B517481549016016
:10B0F00000218160C16001220274417481740523C2
:10B10000436182610E24C461036243628262C4624D
:10B11000036341638263C163042202644264816405
:10B12000C264016542658165C165032303664166AA
:10B130008266FAF755FA002803D0BDE81040F7F709
:10B1400015BF10BD00A00040540E002410B51848D3
:10B150001649016000218160C160012202744174BE
:10B1600081740523436182610E24C46103624362DA
:10B170008262C462036340F2563343638263C163F5
:10B180000164042242648264C2640165426581658F
:10B19000C1650323036641668266FAF721FA002837
:10B1A00003D0BDE81040F7F7E1BE10BD00A4004099
:10B1B000F40E002410B51848164901600021816082
:10B1C000C16001744174817405224261012383616D
:10B1D0000E24C461026242628362C462026340F26E
:10B1E000AD6242638363C16304220264426481648A
:10B1F000C264016542658165C165026641660821D8
:10B200008166FAF7EDF9002803D0BDE81040F7F7A2
:10B21000ADBE10BD00D40040940F002410B5B2B0F4
:10B220001C2227492BA8F5F725F900212BA807F0A8
:10B230009AFA244C20601C2221491C3124A8F5F7DD
:10B2400019F9002124A807F08EFA60601C221C491D
:10B2500038311DA8F5F70EF900211DA807F083FA73
:10B26000A0601C221649543116A8F5F703F90021F5
:10B2700016A807F078FAE0601C22114970310FA877
:10B28000F5F7F8F800210FA807F06DFA20611C22ED
:10B290000B498C3108A8F5F7EDF8002108A807F054
:10B2A00062FA60611C220649A83101A8F5F7E2F8AC
:10B2B000002101A807F057FAA06132B010BD0000CC
:10B2C000FC3501080000002470B586B0142101A8E7
:10B2D000F5F7E9F83148016841F0100101600168B3
:10B2E00001F010010091016841F004010160016862
:10B2F00001F004010091016841F0800101600168E2
:10B3000001F080010091016841F0020101600168D3
:10B3100001F002010091016841F00801016001683B
:10B3200001F008010091016841F00101016000682D
:10B3300000F0010000901A4E4FF400440022214614
:10B340003046FAF773FC012230460921FAF76EFC09
:10B3500001940125029500240394049401A9304628
:10B36000FAF75AFB092001900295039403200490F8
:10B3700001A93046FAF750FB4FF4A05001904FF46A
:10B3800088100290039401A90648FAF745FB0021B2
:10B39000E806FCF7B1FD06B070BD0000E0440258BD
:10B3A000000802580010025810B5164814490160F0
:10B3B0004FF480014160002181600722C2604FF09C
:10B3C0000072026152104261920082611201C261F8
:10B3D000016241628162C16242638163C16301644F
:10B3E00041648164C164016541658165FCF756FA79
:10B3F000002803D0BDE81040F7F7B8BD10BD00002D
:10B40000003800403410002410B58AB0002407949E
:10B41000089409941C216846F5F745F81648154923
:10B4200001601C21416084604FF6FF71C1600461BE
:10B430008461FCF7F9FF08B1F7F798FD07940994C8
:10B4400007A90D48FCF764FD08B1F7F78FFD6020F0
:10B450000090019402940494042207486946FCF782
:10B4600048FF08B1F7F782FD0348FCF703FF0AB075
:10B4700010BD0000001800404412002410B58AB02E
:10B4800000240794089409941C216846F5F70BF8EA
:10B4900016481549016017214160846042F20F711E
:10B4A000C160046180218161FCF7BEFF08B1F7F73C
:10B4B0005DFD0794099407A90C48FCF729FD08B124
:10B4C000F7F754FD602000900194029404940C223C
:10B4D00006486946FCF70DFF08B1F7F747FD03483A
:10B4E000FCF7C8FE0AB010BD00040040AC110024F7
:10B4F0003EB500240094019402940D480B4901606C
:10B500007721416084607C21C1608461FCF75AFD31
:10B5100008B1F7F72BFD0094029469460448FCF744
:10B52000F7FC002801D0F7F721FD3EBD00100040D8
:10B53000F811002410B519481749016018494160F5
:10B540004FF4805181604900C160C91001610C2134
:10B55000416100218161C161016241628162FDF747
:10B56000C5FB08B1F7F702FD0C480021FDF759F9BA
:10B5700008B1F7F7FBFC09480021FDF72CF908B1E9
:10B58000F7F7F4FC0548FDF79CF8002803D0BDE868
:10B590001040F7F7EBBC10BD00500040E814002449
:10B5A000A086010010B51848164901604FF4E1313A
:10B5B000416000218160C16001610C2242618161B2
:10B5C000C161016241628162FDF790FB08B1F7F74A
:10B5D000CDFC0D480021FDF724F908B1F7F7C6FCB2
:10B5E00009480021FDF7F7F808B1F7F7BFFC064856
:10B5F000FDF767F8002803D0BDE81040F7F7B6BCA8
:10B6000010BD0000007800407C15002410B51848DB
:10B61000164901604FF4E131416000218160C16051
:10B6200001610C2242618161C161016241628162FA
:10B63000FDF75CFB08B1F7F799FC0D480021FDF719
:10B64000F0F808B1F7F792FC09480021FDF7C3F8BC
:10B6500008B1F7F78BFC0648FDF733F8002803D054
:10B66000BDE81040F7F782BC10BD0000001C01408F
:10B67000A416002410B51848164901604FF4E131B2
:10B68000416000218160C16001610C2242618161E1
:10B69000C161016241628162FDF728FB08B1F7F7E1
:10B6A00065FC0D480021FDF7BCF808B1F7F75EFC1A
:10B6B00009480021FDF78FF808B1F7F757FC064855
:10B6C000FCF7FFFF002803D0BDE81040F7F74EBCA1
:10B6D00010BD0000001001401016002410B52DED23
:10B6E000088BF0EE40AAF0EE609AB0EE41AAB0EE00
:10B6F000619AB0EE428B2AEEAA0A09EEA90A0AEE76
:10B700000A0A05F0A7FD6AEE80AA69EE809A2AEE81
:10B7100000AAB5EEC09AF1EE10FA17D0B5EEC08AC5
:10B72000F1EE10FA12D0F5EEC08AF1EE10FA0DD05B
:10B7300029EE090A08EE080A08EEA80A05F08AFDB3
:10B7400029EE009A28EE008A68EE808AF0EE4A0A16
:10B75000B1EE6A0A03F078FBB0EE40BAF0EE4A0AA6
:10B76000B0EE690A03F070FBF0EE40AAB0EE6A0A90
:10B7700003F01EFEB0EE40AAB0EE6A0A03F018FD18
:10B78000F0EE409AB0EE4B0A03F012FDF0EE40BA34
:10B79000B0EE4B0A03F00CFEB5EEC09AF1EE10FAD3
:10B7A0001ED0B5EEC08AF1EE10FA19D0F5EEC08ABF
:10B7B000F1EE10FA14D069EE2B0A28EE001A28EEEA
:10B7C000800A41EE0A0A40EE290A28EE290A08EE0C
:10B7D000CA0AB1EE400A03F037FBB0EE408A01E03E
:10B7E0009FED388AF6EE009A2AEEA90AF0EE40AAFA
:10B7F00003F0DEFCF0EE408A2BEE290AB0EE40AA00
:10B8000003F0D6FCB0EE409A28EE290AB0EE40BA1A
:10B8100003F0CEFCB0EE408AB0EE6A0A03F0C8FD39
:10B82000F0EE409AB0EE4A0A03F0C2FDB0EE40AA34
:10B83000B0EE4B0A03F0BCFD68EE891A69EE8A2A65
:10B84000214A21EE882A02EE802A82ED022A29EE80
:10B85000893A28EE8A1A63EE080A41EE400AC2EDE0
:10B86000030A21EE081A03EE001A82ED041A61EEB3
:10B87000801A42EEC81AC2ED051A22EE020A00EE44
:10B88000A00A01EE010A01EEA10A00F089F9D2ED49
:10B89000020A60EE800AC2ED020AD2ED030A60EEEF
:10B8A000800AC2ED030AD2ED040A60EE800AC2EDFE
:10B8B000040AD2ED050A20EE800A82ED050ABDECED
:10B8C000088B10BD00000000E80A002410B52DED23
:10B8D000088BB0EE408BB0EE419AB0EE61BAF0EE5C
:10B8E000429AB0EE62AAB5EEC0BAF6EE00BAF1EE38
:10B8F00010FA694C09D1F5EEC09AF1EE10FA04D1B4
:10B90000B5EEC0AAF1EE10FA65D02BEE0B0A09EEE7
:10B91000A90A0AEE0A0A05F09DFC6BEE002A29EE40
:10B92000803A2AEE002AD4ED031A94ED050AD4EDEC
:10B93000020AD4ED043A21EE801A00EEE31A60EE1A
:10B94000A11A43EE801AF0EE6BAA50EEA0AA40EEC8
:10B9500000AA63EE2A0A42EE610A22EE012A02EEF2
:10B96000EA2A62EEA11A43EE411A94ED010AB5EEFD
:10B97000C00AF1EE10FA20DD20EE203A94ED091A0B
:10B98000D4ED062A43EE012AC4ED062A60EE023AFF
:10B9900094ED073A03EE813A84ED073A60EE213ADE
:10B9A00094ED080A03EE810A84ED080A38EE228A33
:10B9B00078EE838A39EE009A07E09FED380A84ED2D
:10B9C000060A84ED070A84ED080A38EE208A78EE2C
:10B9D000828A39EE219A94ED090A20EE2B1A21EE83
:10B9E000080A61EE280A21EE091AD4ED021A94ED34
:10B9F000032AD4ED042AB1EE423A63EE003A94ED04
:10BA0000053A42EEE03A43EE413A73EEA14AC4ED04
:10BA1000024A61EE803A42EE813A43EE603A73EEBA
:10BA2000823AC4ED033A21EEA04A02EE414A03EE07
:10BA3000004A34EE224A84ED044A21EE811A02EED5
:10BA4000201A02EEC01A71EE030AC4ED050A24EEB4
:10BA5000A40A03EEA30A04EE040A00EEA00A05F00D
:10BA6000F9FBD4ED020A60EE800AC4ED020AD4EDBF
:10BA7000030A60EE800AC4ED030AD4ED040A60EE06
:10BA8000800AC4ED040AD4ED050A20EE800A84ED94
:10BA9000050ABDEC088B10BDE80A00240000000078
:10BAA0000E48DFED0D0AC0ED010AB7EE001A80ED79
:10BAB000021AC0ED030AC0ED040AC0ED050AC0ED8C
:10BAC000060AC0ED070AC0ED080A00210170C1EEA8
:10BAD000000AC0ED090A704700000000E80A0024CF
:10BAE00010B52DED028BF6EE008A2B4CF0EE680AB5
:10BAF00004F1280094ED030AD4ED021A94ED041A1F
:10BB000040EE400A21EE800AD4ED051A01EE210A2A
:10BB100041EE410A04F030FD94ED0A0A9FED1F8AC0
:10BB200020EE080A84ED0A0A94ED030AD4ED050A12
:10BB300094ED041A20EE200AD4ED020A00EEC10AA8
:10BB4000F8EE000A20EE200A02F0FCFE20EE080AC1
:10BB500084ED0B0A94ED040AD4ED031A94ED051A52
:10BB600040EE408A21EE800AD4ED021A04F1300042
:10BB700001EE810AF0EE680A41EE410A04F0FCFC95
:10BB800094ED0C0A20EE080A84ED0C0A01202070C6
:10BB9000BDEC028B10BD0000E80A0024E12E6542D6
:10BBA000F6EE000A60EE200A10EE100A0A49A1EB38
:10BBB000600000EE100AB7EE081A20EE802AF0EEC0
:10BBC000411A42EE401A21EE800A60EE800A00EE31
:10BBD000C01A21EE000A7047DF59375F10B52DED0E
:10BBE000108BB0EE408BB0EE419AF0EE61BAF0EE01
:10BBF000429AB0EE62AAB0EE43CAB0EE63BAF0EE7B
:10BC000044AA84B0B5EEC0CAF1EE10FA1CD1B5EE6C
:10BC1000C0BAF1EE10FA17D1F5EEC0AAF1EE10FAA3
:10BC200012D104B0F0EE4A2AB0EE692AF0EE6B1A97
:10BC3000B0EE491AF0EE680AB0EE480ABDEC108B7F
:10BC4000BDE81040FFF742BEF5EEC0BAF6EE00DAEE
:10BC5000F1EE10FAAE4C09D1F5EEC09AF1EE10FA01
:10BC600004D1B5EEC0AAF1EE10FA7CD02BEEAB0AEF
:10BC700009EEA90A0AEE0A0A05F0ECFA2BEE80DAC0
:10BC800029EE80EA6AEE00EA2CEE0C0A0BEE0B0AB3
:10BC90000AEEAA0A05F0DEFA6CEE009A2BEE00AA74
:10BCA0006AEE80AAD4ED021A21EEA12A8DED002AB7
:10BCB00094ED031A21EE81BAD4ED040A61EEA0BA24
:10BCC00094ED050A61EE801A21EE013A21EE202A58
:10BCD00021EE00CA60EEA0FA60EE80CA20EE00FA03
:10BCE0007CEE2B0A3DEEEF0A70EE4F2ACDED032AD3
:10BCF00022EEA90A72EE612ACDED022A0AEE220A8C
:10BD00000AEEA00AF0EE000A60EE200A32EE210AE6
:10BD10007DEEC31A20EE290A31EECF1ACDED011ABD
:10BD20000AEE010A3CEECB1A0AEE810AB0EE001AC6
:10BD300020EE010A60EEA00A40EE000AB0EE600AB2
:10BD400003F033FC3CEE6B1A7CEE8B1A61EE290A91
:10BD50004AEE210ADDED011A71EEEF3AF0EE001A1B
:10BD60004AEEA30A00E06FE060EEA10A7BEE2C1A17
:10BD70009DED002A32EE6D2A32EE0F3ADDED032AF8
:10BD800022EE802A00EE812ADDED022A62EE802A70
:10BD900040EEA12A3BEE8C4A24EE000A00EEA30AF4
:10BDA0006EEE030A4EEEE10A6AEE003A4AEEE23A1D
:10BDB00070EEA30A6EEE813A4DEE433A2AEE823AD5
:10BDC00009EEC03A33EE833A2DEE210A0EEE410A17
:10BDD00029EEA21A0AEE421A30EE011A94ED010A77
:10BDE000B5EEC00AF1EE10FA20DD60EE202AD4EDA7
:10BDF000091A94ED062A02EEA12A84ED062A60EEC5
:10BE0000033AD4ED072A43EEA12AC4ED072A60EED7
:10BE1000013A94ED080A03EEA10A84ED080A38EE0F
:10BE2000028A78EEA28A39EE009A07E09FED390A7D
:10BE300084ED060A84ED070A84ED080A38EE208AAC
:10BE400078EE838A39EE019A94ED090A20EE2D1AD4
:10BE500021EE080A61EE280A21EE091AD4ED021A31
:10BE600094ED032AD4ED042AB1EE423A63EE003A8F
:10BE700094ED053A42EEE03A43EE413A73EEA14AC0
:10BE8000C4ED024A61EE803A42EE813A43EE603AF6
:10BE900073EE823AC4ED033A21EEA04A02EE414A23
:10BEA00003EE004A34EE224A84ED044A21EE811A60
:10BEB00002EE201A02EEC01A71EE030AC4ED050A62
:10BEC00024EEA40A03EEA30A04EE040A00EEA00A7C
:10BED00005F0C0F9D4ED020A60EE800AC4ED020A52
:10BEE000D4ED030A60EE800AC4ED030AD4ED040A1F
:10BEF00060EE800AC4ED040AD4ED050A20EE800A43
:10BF000084ED050A0020207004B0BDEC108B10BD3C
:10BF1000E80A002400000000FEE700002DE9F041DF
:10BF20002DED048BB0EE608AF0EE418AB0EE619A9E
:10BF3000F0EE429A2B4C44F8100C44F80C1C1020E4
:10BF40009FED291ADFED290A05F010F905460C20AE
:10BF50009FED271ADFED270AB0EE480A05F006F933
:10BF600006469FED268A0C209FED231AF0EE480A24
:10BF7000B0EE680A05F0FAF807460C20B1EE041A94
:10BF8000F0EE480AB0EE490A05F0F0F880460C20C1
:10BF90009FED1B1ADFED1B0AB0EE690A05F0E6F80B
:10BFA0000146280A207665763009A076320142EAF9
:10BFB0001720E07627774FEA181060774FEA0812CB
:10BFC00042EA1120A077E17704F1180234F80C0C52
:10BFD000082381B254F8100CBDEC048BBDE8F0418D
:10BFE00004F072BF840B0024DA0F4941DA0F49C113
:10BFF00000003442000034C20000FA430000000098
:10C0000000005842000058C230B5DDE90354017009
:10C0100082704370057280ED010A44810121017331
:10C02000064A054B116843F82100491C11601E297E
:10C0300001D91E20106030BD585F0024A40B0024DD
:10C04000F7EE000A9FED040AF4F7BEFFF5F71CFABD
:10C05000012006F07BFBF9E700A00C46FEE700009C
:10C06000002814D0D0ED111AC0ED121A90ED101A5C
:10C0700080ED111AC0ED070A80ED080A30EEC00A03
:10C0800080ED100A017829B101295CD09CE09FED78
:10C09000500A7047D0ED010A20EE802A80ED0A2A6E
:10C0A000D0ED0B0AD0ED021A41EE800AC0ED0B0A6A
:10C0B000D0ED0E1AC0ED0F1AD0ED0D1AC0ED0E1A0C
:10C0C000D0ED042A30EE410AB7EE001A62EEA11A52
:10C0D00031EE621A41EE001AC0ED0D1A90ED030A1E
:10C0E00020EE211A80ED0C1A90ED060AF4EEC00A3B
:10C0F000F1EE10FA02DD80ED0B0A08E0B1EE400A25
:10C10000F4EEC00AF1EE10FA01D280ED0B0A90EDC8
:10C110000B0A32EE000A30EE010A80ED090AD0ED7A
:10C12000050AB4EEE00AF1EE10FA02DDC0ED090AEC
:10C130004AE0F1EE600AB4EEE00AF1EE10FA43D202
:10C14000C0ED090A40E070EE410A90ED012A20EEB0
:10C15000822A80ED0A2AD0ED020A60EE800AC0ED44
:10C160000B0AD0ED0E2AC0ED0F2AD0ED0D2AC0ED3E
:10C170000E2AF0EE002A01EE620A30EE210A80ED6E
:10C180000D0A90ED031A21EE000A80ED0C0A72EE02
:10C19000200A30EE800AD0ED090A30EE200A80ED48
:10C1A000090AD0ED050AB4EEE00AF1EE10FA02DD5C
:10C1B000C0ED090A08E0F1EE600AB4EEE00AF1EE23
:10C1C00010FA01D2C0ED090A90ED090A704700008B
:10C1D00000000000002819D09FED0D0A80ED120A22
:10C1E00080ED110A80ED100A80ED0F0A80ED0E0A35
:10C1F00080ED0D0A80ED0C0A80ED0B0A80ED0A0A35
:10C2000080ED090A80ED070A80ED080A70470000FA
:10C210000000000000282AD0002A28D0017092EDEA
:10C22000001A80ED011A92ED011A80ED021A92EDCA
:10C23000021A80ED031A9FED0E1A80ED041A80EDAC
:10C24000050AC0ED060A80ED0F1A80ED0E1A80ED8A
:10C250000D1A80ED091A80ED0C1A80ED0B1A80ED95
:10C260000A1A80ED121A80ED111A80ED101A70472B
:10C270000000000000B5AFB0B8216846F4F713F92C
:10C2800000204FF40041CDE9001018200290C82092
:10C290000390022004900590069000200790202132
:10C2A0000891099008061B906846F9F79BFF002843
:10C2B00001D0F6F75BFE2FB000BD000020EE201A83
:10C2C000B0EEC11ADFED0E1A21EE211ADFED0D1AC4
:10C2D00060EE211A21EE800ADFED0B1A60EEA11A42
:10C2E00001EEA00ADFED090A30EE200A31EE000A65
:10C2F000B5EEC00AF1EE10FA01D29FED050A7047C3
:10C300004F020636FC110434C3031C34355E8A3FE9
:10C31000000000002DE9F047044688460027DFF8BA
:10C320001491D9F80000C043800709D0414D283D41
:10C33000286820F080602860F9F780FC064609E054
:10C340000120BDE8F087F9F779FC801B022801D9AC
:10C350000320F6E728680001F5D4D9F80000216829
:10C3600020F47C3040EA0130C9F80000A0884FF684
:10C37000FF72A168401E491EC0F3080002EA412175
:10C380000843A1894FF4FE02491E02EA0141084315
:10C39000217C1202491E02EA01610843254910313D
:10C3A00008602448001D0168626921F0C001114342
:10C3B00001600168A26921F0200111430160016858
:10C3C00021F0100101601B4914310A684FF6F8731F
:10C3D0009A43E36942EAC3020A60016841F010012E
:10C3E0000160B8F1000F0ED0B8F1010F10D0016854
:10C3F00041F400110160286840F080602860F9F77E
:10C400001DFC044610E0016841F400210160F2E7E0
:10C41000016841F480110160EDE7F9F70FFC001BA2
:10C42000022801D903208CE728680001F5D5384699
:10C4300087E70000284402582DE9F0470446884663
:10C440000027DFF81491D9F80000C043800709D015
:10C45000414D283D286820F080502860F9F7EEFB18
:10C46000064609E00120BDE8F087F9F7E7FB801BED
:10C47000022801D90320F6E728688000F5D4D9F80E
:10C480000000218820F07C7040EA0150C9F80000CB
:10C49000A0884FF6FF72A168401E491EC0F3080035
:10C4A00002EA41210843A1894FF4FE02491E02EA33
:10C4B00001410843217C1202491E02EA016108433E
:10C4C0002549183108602448001D0168626921F47B
:10C4D0004061114301600168A26921F400711143B8
:10C4E0000160016821F4807101601B491C310A68F8
:10C4F0004FF6F8739A43E36942EAC3020A6001689F
:10C5000041F480710160B8F1000F0ED0B8F1010F55
:10C5100010D0016841F080710160286840F08050BF
:10C520002860F9F78BFB044610E0016841F48001B4
:10C530000160F2E7016841F400010160EDE7F9F7FD
:10C540007DFB001B022801D903208CE728688000AE
:10C55000F5D5384687E70000284402580148FBF724
:10C5600085B800003410002410B502685169936941
:10C5700043F0080393610268936943F010039361E9
:10C580000268136823F0010313600268136940F224
:10C590006F34A34313610268936823F440439360AC
:10C5A00090F88120042A0CD08A060AD5D0F884207D
:10C5B00042F08002C0F884200268936943F02003AF
:10C5C000936190F88120032A0CD04A060AD5D0F84E
:10C5D000842042F00402C0F884200268936943F08A
:10C5E000400393618A050AD5D0F8842042F0010205
:10C5F000C0F884200268936943F400739361C9050D
:10C600000AD5D0F8841041F00801C0F88410016800
:10C610008A6942F480728A61002120F8621F0181D8
:10C6200010BD10B5806B00216230018101800121B5
:10C63000C1776238FBF718F810BDC16B012202EB1D
:10C640005111C068401CC01DC008484370472DE907
:10C65000F04106460D4617461C46DDF8188008E0F6
:10C66000F9F7ECFAA0EB0800A04201D3601C0BD153
:10C6700054B13068406935EA000007D00020B84264
:10C68000EED00020BDE8F0810320FBE70120F6E7B3
:10C690002DE9F0472DED048B584C204600F10C0598
:10C6A000217A00F1540600F19C07022900F1E40808
:10C6B00020D003291ED09FED528A04292DD084ED6D
:10C6C000118A84ED238A84ED358A84ED478A2846D1
:10C6D000F6F7F8FB3046F6F7F5FB012006F036F8E2
:10C6E0003846F6F7EFFBBDEC048B4046BDE8F0475B
:10C6F000F6F7E8BB2846F6F7E5FB3046F6F7E2FB2F
:10C70000012006F023F83846F6F7DCFBBDEC048B7D
:10C710004046BDE8F047F6F7D5BBDFF8E890F8EE05
:10C72000088AB0EE089A99F8140003282CD199F8D9
:10C730002C00032828D1C4ED128AC4ED248A84ED8C
:10C74000369A84ED489A84ED598A84ED6B8AB1EE6D
:10C75000040A2846F6F7D0FB012005F0F7FFB1EEFA
:10C76000040A3046F6F7C8FB012005F0EFFFB1EEF2
:10C77000040A3846F6F7C0FB012005F0E7FFB1EEEA
:10C78000040A4046F6F7B8FB99F81400022830D1A5
:10C7900099F82C0002282CD1C4ED128AC4ED248A09
:10C7A00084ED369A84ED489A84ED598A84ED6B8A3B
:10C7B000B7EE080A2846F6F79FFB012005F0C6FFF2
:10C7C000B7EE080A3046F6F797FB012005F0BEFFEA
:10C7D000B7EE080A3846F6F78FFB012005F0B6FFE2
:10C7E000BDEC048B4046B7EE080ABDE8F047F6F70B
:10C7F00083BBBDEC048BBDE8F08700002C01002456
:10C8000000000000405B0024F0B52DED028B83B0EA
:10C81000304C0025304E4FF40077207A032815D095
:10C8200000232E481A46394600950195F5F760F821
:10C83000B6F85700012200906121B6F84C30274825
:10C84000F4F72CFE03B0BDEC028BF0BD214894ED53
:10C85000591A5C38D0ED0B0A81EE200A84ED570A94
:10C8600094ED6B1AC1EE201AC4ED691A9FED1C8A73
:10C87000DFED1C8AB0EE481AF0EE680A04F08AFC7C
:10C8800084ED570A94ED690AB0EE481AF0EE680A92
:10C8900004F080FC84ED690ABDEEC00A00953946BB
:10C8A000019510EE100A94ED570A03B2BDEEC00ACE
:10C8B00010EE100A02B20948F5F71AF8B6F8570058
:10C8C000012200906121B6F84C300448F4F7E6FDEF
:10C8D000B8E700002C01002490580024F40E002436
:10C8E00000008046000080C6012005F02FFFFBE716
:10C8F00004F07AFC04F014FB012005F027FFF9E7AF
:10C9000010B5502080F31188BFF34F8FBFF36F8FA6
:10C9100006F0A6FD18B104494FF0805008600020D1
:10C9200080F3118810BD000004ED00E010B59CB04C
:10C930004C2109A8F3F7B7FD202101A8F3F7B3FDB7
:10C940000220F9F751FA00241C48016821F4404103
:10C950000160016801F44041009101688904FCD53F
:10C960000121099108040A9002201290139014905A
:10C97000282215921691179018900C2019901A944D
:10C980001B9409A8FAF784FB08B1F6F7EFFA3F20E9
:10C990000190032002900394082004904020059009
:10C9A0000690010107910890032101A8FAF7E2F827
:10C9B000002801D0F6F7DAFA1CB010BD184802586A
:10C9C00010B52D48016841F4700101602B4A1068D0
:10C9D00000F00F00072804D2106820F00F00C01DDF
:10C9E00010602749086840F001000860244B0020CF
:10C9F000103318600B68234C23400B60136803F05E
:10CA00000F03072B04D9136823F00F03DB1D1360FA
:10CA10001B4A18321060121D1060121D1060184B56
:10CA2000194A28331A601B1D184A1A601B1D184A20
:10CA30001A601B1D18601B1D1A601B1D18601B1D32
:10CA40001A601A1D10600A6822F480220A600C49DC
:10CA5000603108600A48D4300168C9040BD4016809
:10CA600041F4805101600B4A43F2D2011160016828
:10CA700021F48051016010BD88ED00E000200052DB
:10CA8000004402587FEDF6EA000202020000FF01B6
:10CA900080020101004000520148FBF741BB000049
:10CAA000901900240148FBF73BBB0000F81100245B
:10CAB0002DE9F04F02684FF0804A2A4D2A4E2B4F45
:10CAC000A842DFF8ACC02B4B09D0504507D0B0428C
:10CAD00005D0B84203D0604501D0984203D122F07E
:10CAE00070044A682243DFF89080DFF89090A842F3
:10CAF000DFF88CB015D0504513D0B04211D0B842F9
:10CB00000FD060450DD098420BD0404509D0484524
:10CB100007D0584505D01B4CA04202D01A4CA04269
:10CB200003D122F44074CA6822434C6922F0800287
:10CB300022438C68C4620C688462A84207D0984281
:10CB400005D0404503D0484501D0584501D1096979
:10CB50000163016841F0040101600121416102604B
:10CB6000BDE8F08F000001400004004000080040D4
:10CB7000000C00400004014000400140004401401E
:10CB80000048014000E0004000E4004010B50123EF
:10CB900001F01F018B40046A9C430462036A8A40CF
:10CBA0001343036210BD00002DE9F043046A026ADA
:10CBB00022F001020262426883691D4D2B4023F07E
:10CBC00003030D681D4324F002048B682343194EB0
:10CBD000194FDFF868C0B042DFF86480DFF8649076
:10CBE00007D0B84205D0604503D0404501D0484544
:10CBF00005D123F00804CB68234323F00403B0429B
:10CC000007D0B84205D0604503D0404501D0484523
:10CC100007D122F4807222F400724C6914438A69AD
:10CC2000224342608561496841630362BDE8F08345
:10CC30008FFFFEFF00000140000401400040014062
:10CC40000044014000480140F0B5056A026A22F044
:10CC500010020262426883691A4C234023F4407335
:10CC60000C6843EA042425F020038D6843EA051389
:10CC7000154D164EA84201D0B04206D123F08003D4
:10CC8000CF6843EA071323F04003A8420AD0B0421A
:10CC900008D00F4DA84205D00E4DA84202D00E4D2F
:10CCA000A84209D122F4806222F400624D6942EA6E
:10CCB00085028D6942EA8502426084614968816328
:10CCC0000362F0BDFF8FFFFE000001400004014041
:10CCD000004001400044014000480140F0B5056AB1
:10CCE000026A22F4807202624268C3691A4C2340CD
:10CCF00023F003030C681C4325F400738D6843EA9A
:10CD00000523164D164EA84201D0B04206D123F499
:10CD10000063CF6843EA072323F48063A8420AD064
:10CD2000B04208D00F4DA84205D00F4DA84202D006
:10CD30000E4DA84209D122F4805222F400524D69CE
:10CD400042EA05128D6942EA05124260C4614968EF
:10CD5000C1630362F0BD00008FFFFEFF00000140D1
:10CD600000040140004001400044014000480140EF
:10CD700030B5046A026A22F4805202624268C369D2
:10CD8000124D2B4023F440730D6843EA052324F42D
:10CD900000548D6844EA05340D4DA8420BD00D4D6A
:10CDA000A84208D00C4DA84205D00C4DA84202D094
:10CDB0000B4DA84204D122F480424D6942EA85120B
:10CDC0004260C36149680164046230BDFF8FFFFEA9
:10CDD00000000140000401400040014000440140C7
:10CDE0000048014030B5056A026A22F480320262CE
:10CDF0004268436D114C23400C681C4325F40033FA
:10CE00000D8943EA05430E4DA8420BD00D4DA842B3
:10CE100008D00D4DA84205D00C4DA84202D00C4DB3
:10CE2000A84204D122F480324D6942EA05224260D0
:10CE3000446549688165036230BD00008FFFFEFFD5
:10CE40000000014000040140004001400044014056
:10CE50000048014030B5056A026A22F4801202627D
:10CE60004268436D114C23400C6843EA042425F4C6
:10CE700000130D8943EA05530D4DA8420BD00D4D0B
:10CE8000A84208D00C4DA84205D00C4DA84202D0B3
:10CE90000B4DA84204D122F480224D6942EA85223A
:10CEA000426044654968C165036230BDFF8FFFFE83
:10CEB00000000140000401400040014000440140E6
:10CEC0000048014005480068016841F01001016018
:10CED000034980220148FCF719B90000A416002478
:10CEE000F85B00241CB52D4C4FF4967A2C4F40F281
:10CEF000555B2C4E4FF001082B4D4FF00009207A66
:10CF0000594600902068B7F95920C38AD7F87500B0
:10CF100000EE100A0320FEF757F8012005F016FC7A
:10CF20002068B0F90410B0F90000CDE90001B6F9AD
:10CF300002300320B6F9002040F2565105F018FAED
:10CF4000012005F003FC2068B0F90610514502DB12
:10CF500085F8008001E085F80090B0F904005045A4
:10CF600002DB85F8018001E085F801906878297876
:10CF7000CDE90010B7F84A0040F25751F37900EEBE
:10CF8000100AB2790320F8EE400A94EDA90A05F0E0
:10CF900025FA012005F0DAFBB1E700002C0100249E
:10CFA00090580024F6560024200A00240148FBF77C
:10CFB000C7BC0000E814002410B507480068C16928
:10CFC000C943C90603D41021016201F089FBBDE801
:10CFD00010400148FBF7B4BC7C15002430B5416E0D
:10CFE000002917D002689168C1F342619268520F1C
:10CFF0000B4B9C5C250103F10804A25CB5FBF2F22B
:10D00000A0F86A205A5C615C1201B2FBF1F1A0F851
:10D01000681030BD012168304180018030BD0000C2
:10D020003C37010890F82810090706D501684A68BE
:10D03000836B22F400421A434A6090F82810C90713
:10D0400006D001684A68C36A22F400321A434A6073
:10D0500090F82810890706D501684A68036B22F406
:10D0600080321A434A6090F82810490706D50168B3
:10D070004A68436B22F480221A434A6090F82810D1
:10D08000C90606D501688A68C36B22F480521A4328
:10D090008A6090F82810890606D501688A68036CB2
:10D0A00022F400521A438A6090F82810490611D5DC
:10D0B00001684A68436C22F480121A434A60416C4A
:10D0C000B1F5801F06D101684A68836C22F4C00262
:10D0D0001A434A6090F82810090606D501684A6884
:10D0E000C06C22F4002202434A6070472DE9F843E5
:10D0F00004460025C4F89050F8F7A0FD804620684B
:10D1000000686FF07E474FF02006000716D500221A
:10D11000434631042046009700F016FF70B12068A6
:10D1200050E8001F21F0800140E80012002AF6D1EB
:10D130008434666025700320BDE8F88320680068A9
:10D14000400720D5002243464FF480012046009737
:10D1500000F0FAFEB8B1206850E8001F21F4907189
:10D1600040E80012002AF6D12068083050E8001F7D
:10D1700021F0010140E80012002AF5D18434A660B4
:10D1800025700320D8E76C34E6612662256065606F
:10D1900025760020D0E710B5806B0021A0F85E1046
:10D1A000FBF7B6FB10BD70B5846BD4F88800D4F8DB
:10D1B0008C50216889684FF00006090606D52128A1
:10D1C00004D1A4F85660204600F0CAF820688068B0
:10D1D000400606D5222D04D1A4F85E60204600F05A
:10D1E00083F8D4F8900040F01000C4F89000204676
:10D1F000FBF78EFB70BD014610B5886B0023C96933
:10D20000B1F5807F2DD0A0F85E30016851E8002F85
:10D2100022F4807241E80024002CF6D10168083124
:10D2200051E8002F22F0010241E80024002CF5D142
:10D230000168083151E8002F22F0400241E8002443
:10D24000002CF5D12021C0F88C10C16E012908D125
:10D25000016851E8002F22F0100241E80024002C60
:10D26000F6D10367C16E012902D0FBF773FF10BD31
:10D27000B0F85C10FBF794FA10BD10B5806B01217B
:10D280000167C16E012902D0FBF765FF10BDB0F840
:10D290005C104908FBF784FA10BD014610B5886B95
:10D2A000C969B1F5807F16D00021A0F85610016839
:10D2B000083151E8002F22F0800241E80023002BC2
:10D2C000F5D1016851E8002F42F0400241E8002307
:10D2D000002BF6D110BDFBF787FF10BD10B5806B9A
:10D2E000FBF78EFF10BD000010B5016851E8002F5C
:10D2F00022F4907241E80023002BF6D10E4B016816
:10D30000083151E8002F1A4041E80024002CF6D1E2
:10D31000C16E012908D1016851E8002F22F01002E6
:10D3200041E80023002BF6D12021C0F88C10002109
:10D33000C166416710BD0000FEFFFFEF10B5016838
:10D3400051E8002F22F0400241E80023002BF6D1E3
:10D350002021C0F8881000218167FBF745FF10BD30
:10D36000016851E8002F22F0C00241E80023002BA1
:10D37000F6D10168083151E8002F22F4000241E89B
:10D380000023002BF5D12021C0F888107047000041
:10D3900010B5B0F86020D0F88C300168222B04D092
:10D3A000886940F00800886110BD496A50F8583F0C
:10D3B000114019800168891C0160C188491EC18023
:10D3C000C18858380029EFD1016851E8002F22F4B4
:10D3D000907241E80023002BF6D10168083151E832
:10D3E000002F22F0010241E80023002BF5D120217B
:10D3F000C0F88C10002444670467164A0168914203
:10D400000BD04968090208D5016851E8002F22F0C5
:10D41000806241E80023002BF6D1C16E012902D0C1
:10D42000FBF798FE10BDC466016851E8002F22F09A
:10D43000100241E80023002BF6D10168CA69D243EB
:10D44000D20601D410220A62B0F85C10FBF7A8F9EA
:10D4500010BD0000000C00582DE9F0470446B4F858
:10D4600060802068C569D0F800908668D4F88C1078
:10D47000222905D0816941F008018161BDE8F0876A
:10D48000B4F868A0002743E02068406AA16D00EA74
:10D4900008000880A06D801CA065B4F85E00401EE6
:10D4A000A4F85E002068C56969072ED0E9070AD094
:10D4B0005FEAC95107D501210162D4F8900040F01C
:10D4C0000100C4F89000A8070AD5F00708D0216829
:10D4D00002200862D4F8900040F00400C4F89000E4
:10D4E00068070AD5F00708D0216804200862D4F83C
:10D4F000900040F00200C4F89000D4F8900020B1F1
:10D500002046FBF705FAC4F89070B4F85E0010B33B
:10D51000BAF1000F01D0A806B6D4B4F85E00002816
:10D52000ACD0B4F868108142A8D92068083050E81F
:10D53000001F21F0805140E80012002AF5D129484F
:10D540006067206850E8001F41F0200140E80012A9
:10D55000002AF6D192E7206850E8001F21F480717C
:10D5600040E80012002AF6D11F4A2068083050E82F
:10D57000001F114040E80013002BF6D12020C4F812
:10D580008C00676727671949206888420BD040687C
:10D59000000208D5206850E8001F21F0806140E8B3
:10D5A0000012002AF6D1E06E012803D02046FBF7D6
:10D5B000D1FDB2E7E766206850E8001F21F01001B6
:10D5C00040E80012002AF6D12068C169C943C906A3
:10D5D00001D410210162B4F85C102046FBF7E0F89A
:10D5E0009BE7000091D30008FEFFFFEF000C0058FE
:10D5F00010B5B0F86020D0F88C300168222B04D030
:10D60000886940F00800886110BD496A114050F8EF
:10D61000582F11700168491C0160C188491EC180E2
:10D62000C18858380029EFD1016851E8002F22F451
:10D63000907241E80023002BF6D10168083151E8CF
:10D64000002F22F0010241E80023002BF5D1202118
:10D65000C0F88C10002444670467164A01689142A0
:10D660000BD04968090208D5016851E8002F22F063
:10D67000806241E80023002BF6D1C16E012902D05F
:10D68000FBF768FD10BDC466016851E8002F22F069
:10D69000100241E80023002BF6D10168CA69D24389
:10D6A000D20601D410220A62B0F85C10FBF778F8B9
:10D6B00010BD0000000C00582DE9F0470446B4F8F6
:10D6C00060802068C569D0F800908668D4F88C1016
:10D6D000222905D0816941F008018161BDE8F08708
:10D6E000B4F868A0002743E02068406AA16D00EA12
:10D6F00008000870A06D401CA065B4F85E00401ED4
:10D70000A4F85E002068C56969072ED0E9070AD031
:10D710005FEAC95107D501210162D4F8900040F0B9
:10D720000100C4F89000A8070AD5F00708D02168C6
:10D7300002200862D4F8900040F00400C4F8900081
:10D7400068070AD5F00708D0216804200862D4F8D9
:10D75000900040F00200C4F89000D4F8900020B18E
:10D760002046FBF7D5F8C4F89070B4F85E0010B30B
:10D77000BAF1000F01D0A806B6D4B4F85E000028B4
:10D78000ACD0B4F868108142A8D92068083050E8BD
:10D79000001F21F0805140E80012002AF5D12948ED
:10D7A0006067206850E8001F41F0200140E8001247
:10D7B000002AF6D192E7206850E8001F21F480711A
:10D7C00040E80012002AF6D11F4A2068083050E8CD
:10D7D000001F114040E80013002BF6D12020C4F8B0
:10D7E0008C00676727671949206888420BD040681A
:10D7F000000208D5206850E8001F21F0806140E851
:10D800000012002AF6D1E06E012803D02046FBF773
:10D81000A1FCB2E7E766206850E8001F21F0100184
:10D8200040E80012002AF6D12068C169C943C90640
:10D8300001D410210162B4F85C102046FAF7B0FF61
:10D840009BE70000F1D50008FEFFFFEF000C005839
:10D850002DE9F04387B004460026DFF8FC932068EA
:10D860002269A168E369114362691A43114302689E
:10D87000FA4B1A400A43026020684168E26821F4CA
:10D88000405111434160A0692168494501D0226A95
:10D8900010438A68F24B1A4002438A602068C16ACA
:10D8A000626A21F00F011143C162EE4A2068EE491D
:10D8B00090421DD1096801F03801182912D005DC09
:10D8C00051B108290AD0102904D109E020290BD030
:10D8D00028290BD080212DE101212BE1042129E110
:10D8E000082127E1102125E1202123E1402121E128
:10D8F000DE4A904217D1096801F00701062910D2CB
:10D90000DFE801F0030507090B0D002112E10421F6
:10D9100010E108210EE110210CE120210AE1402153
:10D9200008E1802106E1D24A904217D1096801F04E
:10D930000701062910D2DFE801F0030507090B0DE6
:10D940000021F7E00421F5E00821F3E01021F1E0E7
:10D950002021EFE04021EDE08021EBE0C54A90423C
:10D9600017D1096801F00701062910D2DFE801F09C
:10D97000030507090B0D0021DCE00421DAE0082192
:10D98000D8E01021D6E02021D4E04021D2E080214F
:10D99000D0E0B94A904217D1096801F00701062981
:10D9A00010D2DFE801F0030507090B0D0021C1E0EB
:10D9B0000421BFE00821BDE01021BBE02021B9E037
:10D9C0004021B7E08021B5E0AC4A90421DD1096802
:10D9D00001F03801182912D005DC51B108290AD00C
:10D9E000102904D109E020290BD028290BD080214F
:10D9F000A0E001219EE004219CE008219AE0102192
:10DA000098E0202196E0402194E09D4A904217D171
:10DA1000096801F00701062910D2DFE801F00305CB
:10DA200007090B0D002185E0042183E0082181E036
:10DA300010217FE020217DE040217BE0802179E002
:10DA4000904A904217D1096801F00701062910D2C7
:10DA5000DFE801F0030507090B0D00216AE004214E
:10DA600068E0082166E0102164E0202162E04021A6
:10DA700060E080215EE0844A90421DD1096801F097
:10DA80003801182912D005DC51B108290AD0102913
:10DA900004D109E020290BD028290BD0802149E0AE
:10DAA000012147E0042145E0082143E0102141E045
:10DAB00020213FE040213DE0744A90421DD1096899
:10DAC00001F03801182912D005DC51B108290AD01B
:10DAD000102904D109E020290BD028290BD080215E
:10DAE00028E0012126E0042124E0082122E0102181
:10DAF00020E020211EE040211CE0484519D15A4970
:10DB0000091D096801F00701062910D2DFE801F0BC
:10DB1000030507090B0D02210CE004210AE008218E
:10DB200008E0102106E0202104E0402102E08021ED
:10DB300000E08021564D4C4A4FF4004C554F4FF0B9
:10DB400000082B11543A484556D110292BD006DC39
:10DB500002291AD004291CD0082904D11EE020294A
:10DB600029D0402929D000250126EDB3606A37F875
:10DB70001020B5FBF2F0676807EB4701814202D83D
:10DB8000B0EB073F1BD90126EDE0F8F759F9054640
:10DB9000EBE704A8F8F766F9059DE6E701A8F8F7B2
:10DBA00041FA029DE1E710688006DED51068C0F3F7
:10DBB000C100C540D9E71D46D7E76546D5E7002334
:10DBC00028461946F2F704FC0902020241EA1061F4
:10DBD000780810183A46002341EB0801F2F7F8FBE9
:10DBE0002D4AA0F5407100E058E0914202D821682A
:10DBF000C860B8E00126B6E0E0694FF6EF7960450D
:10DC00006DD1082958D005DC29B301294BD004294E
:10DC100006D14CE0102954D020295AD040295AD09E
:10DC200000250126D5B3606A37F81000B5FBF0F087
:10DC30004100606801EB5001B1FBF0F0A0F1100170
:10DC400049454AD84FF6F0710140C0F34200014304
:10DC50002068C16087E022E0000C0058F369FFCF24
:10DC6000FFF4FF11001001405444025800440040EA
:10DC700000480040004C00400050004000140140AB
:10DC800000780040007C004000180140001C01406A
:10DC90000090D00324370108FFFC0F0061E0F9F782
:10DCA000F9F80546BEE7F9F707F90546BAE704A80B
:10DCB000F8F7D8F8059DB5E701A8F8F7B3F9029D84
:10DCC000B0E710688006ADD51068C0F3C100C5404C
:10DCD000A8E71D46A6E76546A4E7012643E0082914
:10DCE0002ED005DCF9B1012921D0042906D122E08A
:10DCF00010292AD0202930D0402930D000250126F3
:10DD00007DB3606A37F81000B5FBF0F1606801EB95
:10DD10005001B1FBF0F0A0F11001494522D8216873
:10DD200080B2C8601FE0F9F7B5F80546E8E7F9F7F3
:10DD3000C3F80546E4E704A8F8F794F8059DDFE783
:10DD400001A8F8F76FF9029DDAE710688006D7D5C9
:10DD50001068C0F3C100C540D2E71D46D0E7654654
:10DD6000CEE700E001260120683460802080C4F8FE
:10DD70000C80C4F8108007B03046BDE8F083000086
:10DD800070B5044644F8581FA2800021A1632220E8
:10DD90006063A06A583C00281DD01F4BC363241D3C
:10DDA0001E48E36F1864E36F1D48D864E06F016597
:10DDB000134654F8041CE56F606D2431241F02469D
:10DDC0002846F6F773FF30B110208C3460602020B5
:10DDD0002060012070BD206940B1206850E8001F1C
:10DDE00041F4807140E80012002AF6D12068083022
:10DDF00050E8001F41F0010140E80012002AF5D16F
:10DE00002068083050E8001F41F0400140E800124F
:10DE1000002AF5D1002070BDF7D100087BD20008A0
:10DE2000A7D1000870B58165A0F85C20A0F85E203D
:10DE300000234367FF2481684FF48055A94209D12C
:10DE4000016911B1A0F860400BE040F2FF11A0F8A9
:10DE5000601006E07F26C1B1B1F1805F1DD0A0F84F
:10DE60006030C0F890302221C0F88C100168083171
:10DE700051E8003F43F0010341E80034002CF5D1A4
:10DE8000416EB1F1005F11D034E0016911B1A0F829
:10DE90006060E6E7A0F86040E3E7016919B13F215F
:10DEA000A0F86010DDE7A0F86060DAE7B0F868106D
:10DEB00091421FD88168A94201D10169B9B11E49B7
:10DEC0004167016941B1016851E8002F42F4807255
:10DED00041E80023002BF6D10168083151E8002FFA
:10DEE00042F0805241E80023002BF5D121E0134994
:10DEF0004167E6E78168A94201D1016969B110492A
:10DF00004167016961B1016851E8002F42F49072E4
:10DF100041E80023002BF6D10BE00A494167F0E706
:10DF2000016851E8002F42F0200241E80023002B55
:10DF3000F6D1002070BD0000B9D6000859D4000801
:10DF4000F1D5000891D300082DE9F04704460D46AD
:10DF500017469846089E4FF0000935E0701C33D0F4
:10DF6000F7F76CFEA0EB0800B04219D8C6B12068E4
:10DF70000168490728D5802D26D0402D24D0C169BD
:10DF8000C94309070ED42068082505622046FFF71B
:10DF9000ABF9C4F8905084F884900120BDE8F08774
:10DFA0000320FBE7C069C04300050DD421684FF48E
:10DFB000006008622046FFF797F92020C4F890001F
:10DFC00084F884900320E9E72068C06935EA0000FE
:10DFD00004D00020B842C1D00020DFE70120F9E7DB
:10DFE0004FF4FA6004F0B2FB03F04EFA4FF47A7586
:10DFF000284604F0ABFB074C217D012904D103F036
:10E0000043FA284604F0A2FB03F0F0FD0A2004F0D6
:10E010009DFBF1E7F656002410B507480068C1697A
:10E02000C943C90603D41021016200F0DDFABDE83E
:10E0300010400148FAF784BCA41600240148FAF7FE
:10E040007FBC00001016002410B52DED088B544C39
:10E05000606890ED000A84EDA40AD0ED030AC4EDD7
:10E06000A50AD0ED010AC4EDA60AD0ED040AC4ED5C
:10E07000A70AD0ED020AC4EDA80AD0ED050AC4ED46
:10E08000A90AD0ED06AA90ED07BAD0ED08BA01F0C2
:10E090008FF8F0EE408A94EDA40A01F089F9B0EE11
:10E0A000409A94EDA60A01F083F8B0EE408A94ED10
:10E0B000A60A01F07DF9B0EE40AA94EDA80A01F09D
:10E0C00077F8F0EE409A94EDA80A01F071F9DFEDCF
:10E0D000350A6AEE200AC4ED9F0A9FED332A29EE25
:10E0E000021A61EE081AC4EDA01A28EE821A21EE77
:10E0F000081A84EDA11A7AEEE00AC4ED9C0A7BEEC0
:10E10000610AC4ED9D0A3BEEC11A84ED9E1A68EEC9
:10E11000293A29EE0A1A61EE292A48EEC02A68EE49
:10E120008A1A21EEA93A09EE003A28EE004A21EEB9
:10E13000001A08EEA91A21EE800A09EE690AF1EE2A
:10E140004A1A69EE084A28EE885A63EEAA3A42EE65
:10E150008B3A43EE2B3AC4EDAA3A64EE2A2A41EEFA
:10E160000B2A40EE2B2AC4EDAB2A21EEAA0A04EEBC
:10E170008B0A05EE2B0A30EE420A84EDAC0A94EDD0
:10E18000A40AB1EE400A84EDA20A94EDA50AB1EE0C
:10E19000400A84EDA30AC4ED9A0ABDEC088B10BDB9
:10E1A0002C010024CDCC1CC1CDCC1C41034890EDEA
:10E1B000000A034880EDF90A704700004C5700241C
:10E1C0002C0100242DE9F04F2DED068B87B00025A2
:10E1D0000121984F8C1E204697ED0A0ADFED960A22
:10E1E00004F014FE87EDBD0A0121204697ED1C0ABC
:10E1F000DFED920A04F00AFE87EDBE0A012197EDD9
:10E200002E0A0846DFED8E0A04F000FE87EDDB0AD9
:10E21000012197ED400A0846DFED8A0A04F0F6FD79
:10E2200087EDDC0A97ED080AB1EE400A87EDBF0AD8
:10E2300097ED1A0AB1EE400A87EDC00A97ED2C0A55
:10E2400087EDDD0A97ED3E0A87EDDE0A97ED090AB4
:10E25000B1EE400A87EDBB0A97ED1B0AB1EE400A0A
:10E2600087EDBC0A97ED2D0A87EDD90A97ED3F0A95
:10E2700087EDDA0A97ED500AD7ED4C0AB1EE400A65
:10E2800080EE201A87EDC21A97ED620AD7ED5E0A7A
:10E2900080EE201A87EDE01ADFED6B9A07F6740B1B
:10E2A0009FED6A9ADFF8A8A1A7F15C094FF000087A
:10E2B000C5EB051007EBC00494EDB1AA94EDAE8A4E
:10E2C000D4EDB48AD4EDBE0A94EDBD0A05A8F5F7E5
:10E2D000CDFA9DED050A84EDB00A9DED060A84EDA8
:10E2E000AD0A39EEC00AD7EDA20A30EE600A84ED1D
:10E2F000B30A04F54376D4EDBE0A94EDBD0A304668
:10E30000F3F700F9D4EDC00A94EDBF0A03A9304633
:10E31000F5F7D2FB94EDB00AFCF746FB84EDB80AA2
:10E320009DED030A84EDB10A9DED040A84EDAE0A69
:10E33000D7EDA30AB1EE400A30EE600A84EDB40ACC
:10E340005846FCF723FE84EDB40AD4EDB10AD7F8A1
:10E35000800830EECA1A00EE900AF8EE600A60EE0D
:10E36000891AC1EE210AC4EDB20AD4EDAE0AD7F87B
:10E37000800830EEC81A00EE900AF8EE600A60EEEF
:10E38000891AC1EE210AC4EDAF0AD7F8800870EEF1
:10E39000680A00EE100AB8EE400A20EE091A80EE74
:10E3A000810A84EDB50AD4EDBC0A94EDBB0A01A93B
:10E3B0003046F5F7FDFA9DED018A84EDB68ADDED74
:10E3C000028AC4EDB78A99ED030A00F0F1FF20EE4E
:10E3D000280AD4EDB00AC0EE208A99ED030A00F0B5
:10E3E000E7FE48EE008A94EDB80A38EE800A84ED24
:10E3F000C70A10EE100A504509DAC4F82483D4F88D
:10E400002003D7F880180844C4F8200308E0D4F8A3
:10E410002403D7F880180844C4F82403C4F82083E0
:10E420006D1CEDB2022DFFF443AF07B0BDEC068BBF
:10E43000BDE8F08F2C010024DB6D434000FA783DED
:10E44000A28AFCC0C01702C1DB0FC93F6F12833A1A
:10E450000000F04170B500240C4D04EBC40005EB46
:10E46000C0000C30F5F7CAFA641CE4B2042CF4D3F3
:10E47000002404EBC40005EBC00000F59670F5F72E
:10E48000BDFA641CE4B2022CF3D370BD2C0100244D
:10E490002DE9F0414B4C207A03281AD194EDEA0A79
:10E4A000D4EDF00A30EE200AF6EE000A20EE200A43
:10E4B00094EDEB1AD4EDF11A31EE211A61EE200A37
:10E4C000A4F15C060025307828B1C4F8285484F8FB
:10E4D0002454BDE8F08110EE100A3B494FF00108CA
:10E4E0003A4F884219DD10EE900A3949884214DD0E
:10E4F0002068B0F9040064280DDAF87B01280AD0FE
:10E5000094EDB00AD4EDCE0A30EE200A10EE100AD7
:10E510003049884201DD86F80080F7F78FFB97F8D5
:10E520002410012905D02168B1F9041011F1C80F98
:10E530000ADC716B411AB1F5FA6F05D9C4F8285499
:10E5400084F824847063C4E794F9240422490128E0
:10E550000FD002281CD0032829D00028B9D0D4F825
:10E560002804B0F57A7FB4D9C4F8285484F8245428
:10E57000AFE71A4AD4F8C0329342AADAD4F8383353
:10E580009342A6DAC4F82854085C84F82404A0E76F
:10E59000134AD4F8C03293429BDDD4F83833934207
:10E5A00097DDC4F82854085C84F8240491E7D4F873
:10E5B0002824B2F5967F8CD9C4F82854085C84F8D6
:10E5C000240486E72C010024AE47613EF656002461
:10E5D0008FC2F53D3333333F2857002452B81E3ED7
:10E5E0008B6CA73EFEE7000010B53748FAF741F9FB
:10E5F00036483749006888423AD035491831884250
:10E6000036D033493031884232D03149483188429E
:10E610002ED02F49603188422AD02D497831884246
:10E6200026D02B499031884222D02949A8318842EE
:10E630001ED0284988421BD026491831884217D05D
:10E6400024493031884213D02249483188420FD0C2
:10E650002049603188420BD01E497831884207D06A
:10E660001C499031884203D01A49A831884201D10F
:10E67000406800E040681849C0F180000870174801
:10E680000178592914D14178592911D1C27881785A
:10E6900001EB022100EE101AA0F18801B8EE400A49
:10E6A00081ED200A0279407902EB0020A1F8840074
:10E6B0000A488021F1F7F7FEBDE8104007498022A3
:10E6C0000148FAF723BD0000A416002418190024FD
:10E6D0001000024010040240E4090024F85B00240A
:10E6E00010B50948FAF7C5F8084802F0C3FD4FF421
:10E6F000C87406482146F1F7D6FE22460349BDE814
:10E7000010400148FAF702BD7C150024AE590024E0
:10E7100030B505460C46002D01D0022C01D8002052
:10E7200030BD0A48A11E02882846F5F78DF929193F
:10E73000C2B211F8023C9A4206D111F8011CB1EBA9
:10E74000102F01D1012030BD002030BDF80B002476
:10E7500030B505460C46002D01D0022C01D8002012
:10E7600030BDFF222846611EF5F786F9291911F8F8
:10E77000011C814201D1012030BD002030BD0000CC
:10E780000FB4084B10B504A902AA039801F068FB66
:10E79000044602A9002001F0E6FE204610BC5DF808
:10E7A00014FB00006705010803B4019841000098BC
:10E7B00050EAC12018BF04204A0D18BF40F00100E4
:10E7C00040F2FF72B2EB515F08BF40F00200012837
:10E7D00008BF052002B070474100080218BF04209E
:10E7E0000A0E18BF40F001004FF07F4232EA0101EB
:10E7F00008BF40F00200012808BF05207047090744
:10E80000090E002804DB00F1E02080F800147047B6
:10E8100000F00F0000F1E02080F8141D70470000A8
:10E8200010B510EE104A4FF01A402DED028B00EBA0
:10E830004400B0F1C85F4AD84FF0FC40B0EB440F41
:10E8400022D2B0EEC00ADFED310A30EEC00ADFEDB1
:10E85000300A20EE208A18EE100A04F0B7FA00EE13
:10E86000100A14F0004F1DBF9FED2A1ADFED2A0A8F
:10E87000B1EE400A9FED291A08BFF0EE410ADFED24
:10E88000281A20EE210A05E020EE008A9FED251AC5
:10E89000DFED250ADFED251A9FED252A70EEC00A6F
:10E8A00020EE080A08EE212ADFED221A48EE021AAD
:10E8B0009FED212A08EE212ADFED201A48EE021AE8
:10E8C000BDEC028B40EE610A30EE810A10BD4FF0C4
:10E8D000CC40B0EB440F82BF9FED190ABDEC028B18
:10E8E00010BD4FF07F40B0EB440F05D2BDEC028B62
:10E8F000BDE8104001F01CB9012001F0E9F9BDECC0
:10E90000028BBDE8104001F019B900000000803F03
:10E910000000003F0000494022AA7D3A00000000AC
:10E92000000000C00000C93F22AAFD3924FE1C3DA2
:10E93000C78AD83C1E67383D1B93993DAFAA2A3E33
:10E94000DB0FC93F10B54FF00E402DED028BB0EE3E
:10E95000408A18EE104A00EB4400B0F1506F4AD8DC
:10E960004FF0FC40B0EB440F22D2B0EEC80ADFED0E
:10E97000360A30EEC00ADFED350A60EE208A18EE66
:10E98000900A04F023FA01EE100A14F0004F1DBFA4
:10E99000DFED2F0A9FED2F0AB1EE411ADFED2E0AAF
:10E9A00008BF9FED2E0ADFED2E1A21EE218A05E029
:10E9B000DFED2C0A68EE088AB0EE600A9FED2A1A95
:10E9C000DFED2A1A30EE080A48EE811A9FED281A68
:10E9D00008EEA11ADFED271A48EE811A9FED261ADC
:10E9E00008EEA11A68EE281ABDEC028B01EE810A2E
:10E9F00030EE200A10BD4FF0E440B0EB440F0CD9CC
:10EA000018EE100AFFF7E8FE042808BF01F09EF890
:10EA1000B0EE480ABDEC028B10BD4FF07F40B0EB6A
:10EA2000440F07D2B0EE480ABDEC028BBDE810409F
:10EA300001F07EB8012001F04BF9BDEC028BBDE87E
:10EA4000104001F07BB800000000803F0000003F54
:10EA50000000C9BF22AAFDB90000C93F22AAFD39A2
:10EA6000000000C00000000024FE1C3DC78AD83C06
:10EA70001E67383D1B93993DAFAA2A3E0000000057
:10EA800070B565482DED020B2DED048B059D25F02D
:10EA90000044A04218DC6148844202DC0AD1049898
:10EAA00040B19DED040BBDEC048B02B0BDE870409D
:10EAB00001F01EB8002DCCBF9FED590B9FED5A0BF6
:10EAC000BDEC048B02B070BD5948A04215DD594819
:10EAD000A042D8BF4FF0FF3455DD9DED040B51EC43
:10EAE000100BFFF761FE042808BF01F015F89DED3B
:10EAF000040BBDEC048B02B070BD9DED040B51EC1A
:10EB0000100B02F091FACDE904014B489FED4C0B3C
:10EB1000A0421CDD4C48A0420BDD9DED042B0024DF
:10EB20009FED4B1B12EE010B32EE011B80EE012B11
:10EB300027E09DED041B9DED042B012431EE401BCD
:10EB400032EE000B81EE002B8DED042B1BE04248D2
:10EB5000A0420FDD9DED042B02249FED411B9DED96
:10EB6000043B32EE412B03EE010B82EE001B8DEDD8
:10EB7000041B08E09DED040B9FED3B1B032481EE7D
:10EB8000002B8DED042B9DED040B3948062120EE62
:10EB9000009B29EE098BB0EE480B784400F01CFF77
:10EBA00020EE099B3348B0EE480B0521784400F075
:10EBB00013FF20EE080B002C0BDA9DED042B39EE31
:10EBC000001B9DED040BBDEC048B02B002EE410B6B
:10EBD00070BD2948784439EE000B00EBC4009DED70
:10EBE000042B90ED001B254812EE001B9DED040B3D
:10EBF00031EE400B784400EBC400002D90ED001B7B
:10EC000031EE400BB8BFB1EE400BBDEC048B02B04F
:10EC100070BD000000000000000010440000F07F04
:10EC2000182D4454FB21F93F182D4454FB21F9BF02
:10EC30000000DC3F0000203E0000F33F0000000029
:10EC4000000000000000F03F0000E63F0000000070
:10EC500000000000000000400080034000000000B1
:10EC6000000000000000F83F000000000000F0BFBE
:10EC7000D26A0000986A0000506A0000106A000022
:10EC800070B5614E2DED040B2DED048B82B0DDF8D7
:10EC900024C0DDE907235C422CF000411C4341EA1B
:10ECA000D474069D22F00040B44205D86C422C4337
:10ECB00040EAD474B4420BD99DED081B9DED060BC0
:10ECC00002B0BDEC048B04B0BDE8704000F013BF8F
:10ECD000ACF14054A4F17F641C430BD0022404EA3D
:10ECE000AC7444EAD27405439FED498B9FED4A2BE7
:10ECF0000DD016E09DED060B51EC100B01F0E8FF76
:10ED000041EC100B02B0BDEC048B04B070BD002CC4
:10ED100014BF012C9DED060BF4D0022C2ED0032C39
:10ED20002FD00B439FED3E1B9FED3F0B0AD0B1420E
:10ED30001DD1B04209D121F0804120F080400991DD
:10ED4000079014E0002ADDDA15E0394B7B44002CF3
:10ED500008BF93ED000BD5D0012C04BF93ED000B41
:10ED6000B1EE400BCED0022C08D0032C09D0B0421B
:10ED70000AD1002AC6DAB0EE410BC3E7B0EE480B69
:10ED8000C0E7B0EE420BBDE7401A00159FED2A9B8D
:10ED90003C28C8BF8DED000B15DCBCF1000FBCBFDB
:10EDA00010F13C0F8DED009B0DDB9DED061B9DEDE5
:10EDB000082B81EE020B51EC100B02F035F901F03B
:10EDC00087FFCDE9000194B1012C0CD09DED001B13
:10EDD0009FED1B0B022C31EE400B0CBF38EE400BAD
:10EDE00030EE480B8EE7019880F0004001909DEDD9
:10EDF000000BB4EE490BF1EE10FA04BF022000F054
:10EE000067FF9DED000B7DE70000F07F0000000034
:10EE1000182D4454FB210940182D4454FB2109C0EE
:10EE2000182D4454FB21F9BF182D4454FB21F93F00
:10EE300080690000000000000000000000000000E9
:10EE4000075C143326A6A13C70B54FF068422DED47
:10EE5000048BF0EE408A18EE900AB0EE608A18EE4D
:10EE6000101A02EB4003B3F1654F3CBF02EB4102C5
:10EE7000B2F1654F7DD200BFC0F3C753C1F3C75293
:10EE80009A1A1B2A09DD10F0004F14BF9FED830A68
:10EE90009FED830ABDEC048B70BD12F11A0F36DAB8
:10EEA00011F0004F09D010F0004F0CBF9FED7D0A0C
:10EEB0009FED7D0ABDEC048B70BD88EE889A19EE3B
:10EEC000100AFFF789FC042808BF00F03FFE18EE87
:10EED000900AFFF781FC054618EE100AFFF77CFC4C
:10EEE000044619EE100AFFF777FC042D18BF052D14
:10EEF00008D1042C18BF052C04D1002804BF02201F
:10EF000000F0E6FEB0EE490ABDEC048B70BD420095
:10EF1000B2EB410F3AD910F0004F19BFDFED630A91
:10EF20009FED630ADFED630A9FED630AB0EE481AB6
:10EF30000A46B1EE688A80F00041F0EE418A104640
:10EF40000A1A5200B2F1807F34D2484010F0004FCC
:10EF5000DFED5A1A9FED5A2A1DBF9FED5A1A70EE27
:10EF6000E10A30EE420A9FED581A08BF70EEA10A7E
:10EF700000E040E008BF30EE020AB0EE682A01EE81
:10EF8000482A08EE818AC2EE081A15E011F0004FF7
:10EF900004BF9FED4E0AF0EE400AD1D010F0004FB2
:10EFA00019BFDFED4B0A9FED4B0ADFED4B0A9FEDDA
:10EFB0004B0AC5E7C8EE881A21EEA11A9FED482A30
:10EFC000DFED482A41EE022A9FED472A01EE222A70
:10EFD000DFED462A41EE022A9FED452ABDEC048B67
:10EFE00001EE222A21EE811A01EE020A30EE210AF8
:10EFF00030EE200A70BD4FF07F42B2EB400F28BFC9
:10F00000B2EB410F09D2F0EE480AB0EE680ABDEC4F
:10F01000048BBDE8704000F08EBD40EA01035B0048
:10F0200008BF41F0FF410BD0B2EB400F08BFB2EB7D
:10F03000410F08D120F0804008EE900A21F0804175
:10F0400008EE101A18E7B2EB400F12BF5FEA410357
:10F0500040F0FF4001F000413FF40EAFB2EB410F32
:10F0600012BF5FEA400200F0004041F0FF413FF470
:10F0700003AF4A0092EA40033FF5FEAE002AACBF60
:10F080009FED1C0A9FED1C0A68EE808A28EE008A1C
:10F0900018EE900A18EE101AEEE60000DB0FC9BF5A
:10F0A000DB0FC93FDB0F4940DB0F49C00000C9BF80
:10F0B00022AAFDB90000C93F22AAFD390060ED3E39
:10F0C000C30ACE37000000BF0000003F0000000070
:10F0D000000049C022AA7DBA0000494022AA7D3A18
:10F0E0002DAD65BD8FB8D53D0FB511BE61C84C3E85
:10F0F000A8AAAABE0000804F0000802F00000000D8
:10F1000010B529499FED261B2DED020B84B0059803
:10F1100020F000408842D8BF9DED040B2DDD23492F
:10F12000884209D1049840B94FF0010000F0D0FDA9
:10F1300000F0E6FC06B010BD05DB9DED040B30EEE3
:10F14000000B06B010BD68469DED040B00F04CFAB4
:10F1500010F0030004BF9DED021B9DED000B0CD0D1
:10F1600001280ED09DED021B9DED000B022810D052
:10F17000012000F069FC06B010BD00F0BDFB06B038
:10F1800010BD9DED021B9DED000B012000F05CFC0D
:10F1900001E000F0B1FB06B0B1EE400B10BD000085
:10F1A0000000000000000000FB21E93F0000F07FAC
:10F1B00010EE101A08B5434A6846B2EB410F26D943
:10F1C0004FF0E640B0EB410F94BF00204FF0FF300E
:10F1D00000900098DFED3C0A002860DB10F0010F82
:10F1E00046D060EE000ADFED391A9FED391A10F0B3
:10F1F000020F00EEE11ADFED371A40EE811A21EE20
:10F20000A01AF0EE400A40EE010A2ED041E0324B47
:10F2100021F0004293423FD911F0004FDFED2F0A59
:10F2200020EE201ADFED2E0A19BF31EE601A71EEC2
:10F23000200A31EE201A71EE600ABDEEE01A11EEDE
:10F24000100A9FED281A00F0030000EEC10A9FED9E
:10F25000261A009000EEC10A9FED241A00EEC10AA2
:10F260009FED231A00EEC10AB3E7F1EE600A10E049
:10F2700020EE000A9FED1F1ADFED1F1A10F0020F9B
:10F2800040EE011A9FED1D1A00EE211A40EE010A10
:10F29000EBD1B0EE600A08BD00F060FC99E710EE1B
:10F2A000100A4000B0F17F4FF3D307D14FF00100B7
:10F2B00000F00EFDBDE8084000F040BCBDE808408D
:10F2C00000F036BCB61F927E0000803F336D4C3993
:10F2D000DA82083CA0AA2ABE490E494683F9223F99
:10F2E0000000004B0000C93F00A0FD390020A23300
:10F2F0001A61342CB93AB2BACA9F2A3DDDFFFFBE6B
:10F3000010B529499FED261B2DED020B84B0059801
:10F3100020F000408842DCBF00209DED040B2EDD74
:10F320002249884209D1049840B94FF0010000F009
:10F33000CFFC00F0E5FB06B010BD05DB9DED040B36
:10F3400030EE000B06B010BD68469DED040B00F0DA
:10F350004BF910F003000DD0012814D09DED021BD5
:10F360009DED000B022816D000F0C6FA06B0B1EEF3
:10F37000400B10BD9DED021B9DED000B012000F028
:10F3800063FB06B010BD9DED021B9DED000B00F070
:10F39000B3FA06B010BD012000F056FBE6E700000E
:10F3A0000000000000000000FB21E93F0000F07FAA
:10F3B00000B510EE101A2DED028B81B0524A68464E
:10F3C000B2EB410F2ED94FF0E640B0EB410F94BFA6
:10F3D00000204FF0FF3000900098B0EE408A0028E7
:10F3E0006ADB10F0010F4BD068EE080A9FED471A58
:10F3F0009FED470A00EE810A9FED461A00EE801A43
:10F400009FED450A10F0020F00EE810A02BF01B025
:10F41000BDEC028B00BD00BF01B0B1EE400ABDECF7
:10F42000028B00BD3D4B21F00042934241D911F0C7
:10F43000004FDFED3B0A20EE201ADFED3A0A19BF3C
:10F4400031EE601A71EE200A31EE201A71EE600A78
:10F45000BDEEE01A11EE100A9FED331A00F0030022
:10F4600000EEC10A9FED311A009000EEC10A9FED37
:10F47000301A00EEC10A9FED2F1A00EEC10AABE769
:10F4800028EE080A9FED2C1ADFED2C0A10F0020F6F
:10F4900040EE410A9FED2A1A00EE201A61EE000AA2
:10F4A000B0EE480A08EE200AB6D101B0BDEC028BDE
:10F4B00000BD00F053FB8FE718EE100A4000B0F1DA
:10F4C0007F4F0DD218EE100AFFF786F9042808BF07
:10F4D00000F03CFBB0EE480A01B0BDEC028B00BD71
:10F4E00009D1012000F0F4FB01B0BDEC028B5DF806
:10F4F00004EB00F023BB01B0B0EE480ABDEC028B78
:10F500005DF804EB00F014BBB61F927EB93AB2BAB4
:10F51000CA9F2A3DDDFFFFBE0000803F490E4946DD
:10F5200083F9223F0000004B0000C93F00A0FD39D5
:10F530000020A2331A61342C336D4C39DA82083C36
:10F54000A0AA2ABE00B52DED028BB1EEC08B83B010
:10F5500018EE100A18EE901A8DED008B002818BFD7
:10F560000120084320F00040C0F17F6000F1E0403E
:10F57000C00F14D010EE101A10EE900A8DED000B93
:10F58000002918BF0121084320F00040C0F17F602E
:10F5900000F1E040C00F04BF012000F099FBB0EE85
:10F5A000480B03B0BDEC028B00BD10B52DED028BF6
:10F5B000B1EEC08A18EE100A20F00040C0F1FF4002
:10F5C000C00F0AD010EE100A20F00040C0F1FF403A
:10F5D000C00F04BF012000F07BFBB0EE480ABDEC79
:10F5E000028B10BD000000002DE9F14F04462DED07
:10F5F000020B2DED048B94B09FED9D0B80ED020B63
:10F60000199E9D4826F0004585420ADC9DED180BA9
:10F61000002084ED000B14B0BDEC048B03B0BDE8FA
:10F62000F08F96489FED969B9FED978BA84225DD26
:10F6300097489FED991B9FED9A2B9DED180B002E7F
:10F640000DDD30EE490B854212BF30EE480B30EE37
:10F65000410B30EE420B84ED000B0120DBE730EE76
:10F66000090B854212BF30EE080B30EE010B30EE75
:10F67000020B84ED000B4FF0FF30CCE78A48A84224
:10F6800053DB9DED180B51EC100B01F0CDFC41EC60
:10F69000100BB0EE401B9FED862B9FED870B290DC5
:10F6A000DFF81CC201EE020B0120FDEEC00B10EED4
:10F6B000903A00EE903AB8EEE02BB0EE410B02EE3D
:10F6C000490B22EE081BFC44032830EE411B84ED5D
:10F6D000001B1DD011EE902A00EB4015113DC2F326
:10F6E0000A528A1A954213DA0CEB0012B0EE403B34
:10F6F00092ED000B401C20EE021B33EE410B33EE6B
:10F70000403B33EE411B92ED023B12EE031BDBE765
:10F71000002EA8BF1846BFF67EAF94ED000B5842EE
:10F72000B1EE400B84ED000B75E7C6F3130040F417
:10F73000801EC6F30A50A0F2F530471100F01F05F5
:10F74000C5F12000DDF860B013900020089009900A
:10F7500005200DF1080C5B49002D07EB00027944F0
:10F7600008BF51F8221009D051F8223001EB820174
:10F77000AB404A68139922FA01F11943A1FB0E2606
:10F78000A1FB0B131A449A4234BF0123002303EB5D
:10F7900006080CEB8003D3E901A60E448E4234BF69
:10F7A0000121002192448A4411B1924502D903E01B
:10F7B000924501D2012100E00021C3E901A64144A4
:10F7C0004CF82010011EA0F10100C4DC04989DED4E
:10F7D000050A00F10050810F04989FED3B4B80001B
:10F7E00001EE100ADDED060A9DED072AB8EEC13BD9
:10F7F000B8EE401BB8EE600BB8EE422B002021EEB5
:10F80000041B9FED334B20EE040B9FED334B22EE98
:10F81000042B30EE024B34EE014B34EE034B8DEDF6
:10F82000004B00909DED004B199834EE433B10F0D7
:10F83000004F33EE411B31EE400B32EE401B9DED8D
:10F84000000B9FED272B20EE020B9FED272B01EEE7
:10F85000020B9DED001B9FED262B01EE020B1CBF42
:10F860004942B1EE400B84ED000B0846D3E60000A0
:10F870000000000000000000FB21E93F7CD90240AD
:10F8800000004054FB21F93F3163621A61B4D03D5E
:10F89000FB21F93F000000000000601A61B4D03D78
:10F8A0007370032E8A19A33BFB213941000000002D
:10F8B00083C8C96D305FE43F000000000000E03FF6
:10F8C0000E600000A65F0000000000000000103E77
:10F8D000000000000000103C000000000000103A92
:10F8E0003326A611460B113C182D4454FB21F93D3B
:10F8F00000000054FB21F93D10B52DED040B2DED5A
:10F90000068B82B0B0EE41AB09989FED299B20F0A9
:10F910000044B4F1795F0FDA9DED080BBDEEC00B2A
:10F9200010EE100A002801BFB0EE490B02B0BDEC8A
:10F93000068B04B008BF10BD9DED080B1E480621C4
:10F9400020EE008BB0EE480B784400F045F820EE36
:10F95000080B9DED081B1C48844228EE000B01EEAD
:10F960004A0B9FED171B28EE011BBCBF31EE400B6D
:10F9700039EE400B16DB1548A042BCBF9FED142B9F
:10F980008DED002B06DBA4F5001001900020009007
:10F990009DED002B31EE421B39EE422B31EE400B38
:10F9A00032EE400B02B0BDEC068B04B010BD00007F
:10F9B000000000000000F03F545D00000000000067
:10F9C000000000000000E03F3333D33F0000E93F78
:10F9D000000000000000D23F491E00EBC102B0EE63
:10F9E000401B92ED000B31F006020DD0491E00EBDA
:10F9F000C102B0EE403B92ED002B31F00602B0EEBA
:10FA0000420B03EE010BF1D1022914D004290AD0D4
:10FA1000062918BF704790ED0A2B00EE012B90EDE0
:10FA2000080B02EE010B90ED062B00EE012B90ED82
:10FA3000040B02EE010B90ED022B00EE012B90ED7A
:10FA4000000B02EE010B704731B504462DED040B9F
:10FA50002DED068BB0EE419B07989DED060B20F037
:10FA60000040B0F1795F0DDA51EC100BFEF79CFE0F
:10FA7000042808BF00F050F89DED060BBDEC068B86
:10FA800005B030BD20EE008B1348052128EE00ABF9
:10FA9000B0EE480B7844FFF79FFF9FED111B8CB130
:10FAA0009FED112B29EE022B0AEE402B9DED060B4C
:10FAB00018EE029B0AEE419B30EE490BBDEC068B23
:10FAC00005B030BD08EE001B9DED060B0AEE010BE4
:10FAD000BDEC068B05B030BD285D000000000000C5
:10FAE000495555555555C5BF000000000000E03F81
:10FAF00030EE000B704730EE010B70470000000045
:10FB00009FED031B81EE010B704700000000000019
:10FB100000000000000000009FED030B20EE000B32
:10FB2000704700000000000000000000000000100E
:10FB300030EE000A704730EE200A7047DFED020A0F
:10FB400080EEA00A70470000000000009FED020A4E
:10FB500020EE000A70470000000000102DE9F001BF
:10FB60004FF07F42B2EB410F9FBF4FF0FF3101607A
:10FB7000BDE8F00170474FF0004242EA0123C1F3B3
:10FB8000C752783A551112F01F0C434CCCF12006A5
:10FB90007C44C1F3C752A2F178024FEA621204EB2F
:10FBA000820254F8254008BFD2E9015612D05568A8
:10FBB00004FA0CF425FA06F73C43976805FA0CF5AD
:10FBC00027FA06F8D26807FA0CFCF24045EA080565
:10FBD0004CEA0206A4FB034CA5FB0352A6FB0363FD
:10FBE0001D449D4234BF012600261319334416B12B
:10FBF000934202D903E0934201D2012200E00022A5
:10FC0000624402F1200C9206DC0C42EA443200EE1F
:10FC1000102A5B03DFED210AF8EEC01A00EE103A5D
:10FC20004FEA9C1C11F0004FB8EE400AC0F800C02B
:10FC300020EE201A00EE105ADFED190AB8EE400A45
:10FC400020EE200A71EE810A70EE800A10EE902AF2
:10FC500002F500626FF30B0200EE902A70EEE11ADB
:10FC600031EEC11ADFED101A30EE411A9FED0D0A88
:10FC700020EE800A01EE210A9FED0C1A00EE810AA7
:10FC800004BFBDE8F0017047CCF180510160BDE8D0
:10FC9000F001B1EE400A70470C5C00000000003635
:10FCA0000000802C22AAFD29DB0FC92F0000C92FDC
:10FCB00002E008C8121F08C1002AFAD17047704735
:10FCC000002001E001C1121F002AFBD17047000093
:10FCD0000149086070470000FC0B00242DE9FF5F1C
:10FCE00082B00021DDE90430020DDDF840B00343AD
:10FCF00018D044F61050A2F2FF3242431514119866
:10FD000001281FD0A5EB0B00401C5FEA000A4FF052
:10FD100000064E4FDFF83891B046504615D5CAF16F
:10FD2000000413E0119801244AA3012801D16FEACD
:10FD30000B010298119AC0E90031C0E9024206B0F5
:10FD4000BDE8F09FCBF10000DFE704460021404A08
:10FD5000491842EB0450CDE9001012E0E00707D04B
:10FD600032463B4640464946F0F77CFC8046894691
:10FD700032463B4610461946F0F774FC06460F46DD
:10FD80006410002CEAD1DDE90401DDE90023BAF1B9
:10FD9000000F06DAF0F766FC42464B46F0F762FCCD
:10FDA00005E0F0F7D1FC42464B46F0F7CDFC0446A7
:10FDB0000E460022284BF0F74FFD03D84FF0FF30DE
:10FDC000014607E00022254B20463146F0F7A3FB11
:10FDD000F0F729FD102409E0002C0ADB0A22002399
:10FDE000F0F7F6FA039B30321A55641E50EA01020E
:10FDF000F2D1641C039AC4F111031444119A012A2C
:10FE000003D0012208430DD10AE0084304D00020AA
:10FE10004FF0110B119072E7A3EB0B056D1E0DE077
:10FE20005B4504DD4FF0000205F1010504E003DA53
:10FE30004FF00002A5F10105002AECD002981199BB
:10FE4000C0E90231C0E9004579E700000000144034
:10FE50000000F03F300000000000F0430000E03FF1
:10FE60002DE9FF4F95B09A46884606460025EEE1FB
:10FE7000252877D100242746F94A0121039400E080
:10FE8000044316F8013F203B01FA03F01042F7D17A
:10FE900030782A2811D06FF02F033078A0F130028B
:10FEA000092A16D8039A44F0020402EB820203EBFB
:10FEB00042021044761C0390EFE758F8042B03929B
:10FEC000002A03DA504244F40054039044F0020440
:10FED000761C30782E2816D116F8010F44F0040451
:10FEE0002A280DD06FF02F023078A0F13003092BB3
:10FEF00009D807EB870302EB4303C718761CF3E727
:10FF000058F8047B761C30786C280FD006DC4C281F
:10FF100017D068280DD06A2814D104E0742810D0B6
:10FF20007A280FD10DE044F400140AE044F4801460
:10FF300001E044F440147278824202D104F5801446
:10FF4000761C761C307866280BD013DC582877D0C6
:10FF500009DC002875D04528F6D04628F4D047287B
:10FF60001AD193E118E0632835D0642879D0652848
:10FF700012D18BE1702873D008DC6728F1D0692892
:10FF80006FD06E280DD06F2806D1ACE073282CD02E
:10FF9000752874D0782853D05246179990476D1C15
:10FFA00054E1C4F30250022809D003280DD0D8F838
:10FFB000001004280DD00D6008F1040846E1D8F8BF
:10FFC0000010EA17C1E90052F6E7D8F800100D80DA
:10FFD000F2E70D70F0E718F8041B8DF80010002010
:10FFE0008DF80100EB46012003E058F804BB4FF008
:10FFF000FF3061074FF0000102D40DE009F101016B
:020000040801F1
:100000008946B9420FDA8145F8DB1BF8091000294F
:10001000F4D108E009F1010189468142FADB1BF8BD
:1000200009100029F6D103985346A0EB0907214691
:100030003846179A00F080FA284400EB090507E0DB
:1000400044E008E10DE01BF8010B52461799904778
:10005000B9F10109F7D2534621463846179AF2E022
:1000600039E00A21C4F302524FF0000B0091022A3A
:1000700006D058F8040BC117032A09D00AE023E080
:1000800008F1070020F00702F2E80201904605E0BF
:1000900000B2C117042A01D140B2C117002906DA03
:1000A0000A460021404261EB02012D2202E02205B6
:1000B00004D52B228DF80420012203E0E20701D0B1
:1000C0002022F7E7914657E00A2100E010214FF087
:1000D000000B00910BE010214FF0000B44F00404E2
:1000E0000827009103E008204FF0000B0090C4F3B4
:1000F0000252022A05D058F8040B0021032A08D026
:1001000008E008F1070020F00702F2E8020190463B
:1001100003E080B2042A00D1C0B24FF000092207E8
:100120002AD53278702A07D0DDF800C08CF0100C88
:100130005CEA0B0C05D00EE040228DF80420012271
:1001400008E050EA010306D030238DF804308DF822
:10015000052002229146009B83F0080353EA0B031B
:100160000AD150EA010201D1620705D530228DF88B
:1001700004204FF001097F1E3278582A04D039A29A
:100180000C920CAA02920BE03BA2F9E75B46009AA4
:10019000F0F71EF90C9B9B5C029A521E02921370A0
:1001A00050EA0102F2D1029804A9081A00F1200BCA
:1001B000600702D524F4803400E001275F4502DDAA
:1001C000A7EB0B0000E0002000EB0B010090039870
:1001D0004944401A0390E00306D453462146179A37
:1001E000039800F0A9F90544002706E001A852464B
:1001F000C05D179990476D1C7F1C4F45F6DBE003EF
:100200000CD553462146179A039800F095F90544FA
:1002100004E030205246179990476D1C0099481E03
:1002200000900029F5DC08E0029802995246007817
:10023000491C0291179990476D1CBBF10001ABF16D
:10024000010BF1DC5BE100F065F90544761C3078C8
:1002500000287FF40DAE19B02846BDE8F08F0000ED
:10026000092801003031323334353637383961628C
:100270006364656600000000303132333435363750
:10028000383941424344454600000000600700D42D
:10029000062708F1070020F00700F0E80223804657
:1002A00003F0004C5FEA0C0001D097A009E02005A4
:1002B00001D596A005E0E00701D095A001E0AFF2DE
:1002C0004C001390307823F0004365280CD006DCF6
:1002D000452809D046281DD047287FD13BE0662815
:1002E00018D067287AD136E00021112F01DB1120C8
:1002F00000E0781CCDE9000104A90CA8FFF7EEFC92
:10030000DDE90D010C9A4FF0000B07F10109109285
:1003100000914EE04FF000400097CDE9011004A994
:100320000CA8FFF7DBFCDDE90D020C9B0F994FF0E9
:10033000000B91461093009211B9791C00EB010952
:10034000B7EB090003D4C0F1FF3B07F10109A9EBAA
:100350000700019042E0012F00DA01270021112F50
:1003600001DD112000E03846CDE9000104A90CA808
:10037000FFF7B4FCDDE90D010C9A00914FF0000B82
:10038000B946109221070FD4009A4A4503DA9146E4
:1003900001E0A9F10109B9F1010F05DD109AA9F1F8
:1003A0000101515C3029F4D0B84202DA10F1040F97
:1003B00003DA0121CDE9011010E0002803DC8344B9
:1003C000A9EB000102E0411C494500DD8946A0EB94
:1003D0000B00401C01904FF000400290200705D414
:1003E0000198484502DB4FF0FF30019000208DF866
:1003F0004B0002980DF14B07B0F1004F25D00220C1
:100400000C902B200D90029800280CDA40420290AC
:100410002D200D9007E00A210298F0F756F83031B0
:10042000029007F8011D0C99481E0C900029F2DC7F
:1004300002980028EFD1791E0D980870307800F0EE
:10044000200040F0450007F8020D11A8C01BC01D98
:1004500002901398007800B1012000EB0901019887
:1004600001EBE071029801440398401A401E03908A
:10047000E00306D453462146179A039800F05CF82F
:1004800005441398007818B15246179990476D1C8F
:10049000E00323D553462146179A039800F04CF801
:1004A00005441BE0BBF1000F07DB0098584504DD55
:1004B0001098179910F80B0001E017993020524658
:1004C000904701980BF1010B401E05F101050190C9
:1004D00004D12E205246179990476D1CB9F10001A6
:1004E000A9F10109DEDC05E017F8010B5246179966
:1004F00090476D1C0299481E02900029F4DC534677
:100500002146179A03989EE62D0000002B0000005C
:10051000200000002DE9F041044600251E46174644
:10052000880404D405E039462020B0476D1C641EC1
:10053000F9D52846BDE8F0812DE9F04104460025B3
:100540001E469046C80301D5302700E020278804C6
:1005500004D505E041463846B0476D1C641EF9D508
:100560002846BDE8F0810A68531C0B601070704784
:1005700030EE600A02F0D0B810B59FED823AF7EE87
:10058000003A4FF07E51DFED801ADFED802AF5EE64
:10059000C00A7F4AF1EE10FA3CDD80EE201A0023FB
:1005A000B5EEC01AF1EE10FA02D20123B1EE411AF3
:1005B00011EE104A8C4214DD83EE810A0121C1F153
:1005C0000904F0EE610A02EB840494ED001AF0EEE7
:1005D000411A40EE201A491C0A29F0DB32EEE10AEA
:1005E00011E00121C1F10904F0EE610A02EB84047B
:1005F00094ED000AF0EE401A41EE201A491C0A2937
:10060000F0DB31EE830A0BB1B1EE400A80ED000A57
:10061000002010BDF5EEC00AF1EE10FA7ED29FED7B
:100620005D2AB5EEC00AF1EE10FA3DDD80EE201A2B
:100630000023B5EEC01AF1EE10FA02D20123B1EE9A
:10064000411A11EE104A8C4214DD83EE810A012119
:10065000C1F10904F0EE610A02EB840494ED001A82
:10066000F0EE411A40EE201A491C0A29F0DB32EE66
:10067000E10A11E00121C1F10904F0EE610A02EB87
:10068000840494ED000AF0EE401A41EE201A491C51
:100690000A29F0DB31EE830A0BB1B1EE400A30EEED
:1006A000020A80ED000A4FE0B5EEC00AF1EE10FA42
:1006B0003FD280EE201A0023B5EEC01AF1EE10FAF8
:1006C00002D20123B1EE411A11EE104A8C4214DD20
:1006D00083EE810A0121C1F10904F0EE610A02EB07
:1006E000840494ED001AF0EE411A40EE201A491CE1
:1006F0000A29F0DB32EEE10A13E00121C1F109041D
:10070000F0EE610A02EB840494ED000AF0EE401A68
:1007100041EE201A491C0A29F0DB00E016E031EE18
:10072000830A0BB1B1EE400A30EE420A80ED000AB6
:100730000AE010EE101AC90F21B19FED170A80EDE3
:10074000000A01E080ED002A002010BDF5EEC00A8D
:10075000F1EE10FA13D1B5EEC00AF1EE10FA03DD96
:10076000C0ED002A002010BDB5EEC00AF1EE10FA6F
:1007700005D29FED0A0A80ED000A002010BD6FF03F
:10078000030010BD00000000A59204BDDB0FC93FAF
:1007900098550108DB0F4940DB0F49C0DB0FC9BF8B
:1007A0009FED1E1AF5EE000A40EE010ABDEEE00ACA
:1007B00010EE100AF5EEC00AF1EE10FA00D2401E5B
:1007C00000EE100AB8EEC00A30EEC00ADFED140ADF
:1007D00020EE200ABCEEC01A11EE100A80B2B0F56D
:1007E000007F02D3002030EE600A00EE900AF8EE9F
:1007F000600A70EE600A0B4901EB800292ED000A7C
:10080000401C01EB800090ED001AF7EE001A71EE2B
:10081000E01A21EE800A00EE810A704783F9223E39
:1008200000000044944D0108F0B546684C685568D6
:1008300003880F88BB4209D140884988884205D186
:1008400011888B4202D15188884202D06FF0020099
:10085000F0BD434308E0B6EC010AF4EC010A30EEC7
:10086000200AA5EC010A5B1E002BF4D10020F0BD8C
:1008700001804280436070472DE9F04F4A68058847
:10088000B0F80290DFEDAA0AB0EE600A4FF0000C5B
:100890004D4505D10B884C88A34201D19D4202D021
:1008A0006FF0020142E12B46F7EE001A10E0EC1A5D
:1008B00002E0E2EC010A641E002CFAD1E2EC011A1B
:1008C0005C1E02E0E2EC010A641E002CFAD15B1E01
:1008D000002BECD198466FF0040A07E14788466880
:1008E00007FB088306EB8303D3ED000A4446424628
:1008F000531C12E007FB038B06EB8B0B9BED000AEE
:10090000B0EEC01AB0EEE02AB4EEC21AF1EE10FA60
:1009100002DD1C46F0EE400A5B1CAB42EAD3F5EE6A
:10092000C00AF1EE10FA30D044452ED0A7EB080CE7
:1009300002FB078306EB830304FB078706EB8706AE
:10094000002708E093ED000A96ED001AA3EC011AC7
:10095000A6EC010A7F1C6745F4DB4E684F8802FB5A
:1009600007F306EB83037C4306EB8404002608E0D0
:1009700093ED000A94ED001AA3EC011AA4EC010A0D
:10098000761CBE42F4DB4FF0010CBCF1010F07D026
:10099000F5EEC00AF1EE10FA02D15046BDE8F08F34
:1009A00081EEA00A44684388A3EB080602FB038398
:1009B00004EB8303002406E0D3ED000A60EE800A16
:1009C000E3EC010A641CB442F6DB4B684E8802FB80
:1009D00006F403EB8403002406E0D3ED000A60EE86
:1009E000800AE3EC010A641CB442F6DB00233AE01F
:1009F0004688476806FB038407EB840494ED000AED
:100A0000A6EB080B03FB06F407EB840404EB880455
:100A1000564307EB860606EB8807002608E0B7EC8E
:100A2000011AD4ED000A40EE410AE4EC010A761CFA
:100A30005E45F4DB4E68B1F802B003FB0BF406EB45
:100A4000840402FB0BF706EB8707002608E0B7ECEF
:100A5000011AD4ED000A40EE410AE4EC010A761CCA
:100A60005E45F4DB5B1C9342C2D3531C3AE04688DC
:100A7000476806FB038407EB840494ED000AA6EBA9
:100A8000080B03FB06F407EB840404EB88045643CD
:100A900007EB860606EB8807002608E0B7EC011A8C
:100AA000D4ED000A40EE410AE4EC010A761C5E45F2
:100AB000F4DB4E68B1F802B003FB0BF406EB8404E0
:100AC00002FB0BF706EB8707002608E0B7EC011ADC
:100AD000D4ED000A40EE410AE4EC010A761C5E45C2
:100AE000F4DB5B1CAB42C2D308F10108C845FFF43C
:100AF000F5AE0021BCF1010F18D0B5EEC00AF1EE41
:100B000010FA13D14268002005FB09F509E002EB59
:100B1000800393ED000AB5EEC00AF1EE10FA02D19F
:100B2000401C8542F3D8854200D15146084635E73E
:100B3000000000002DE9F04F4768D1F80490D2F88A
:100B400004A0B0F800C04E88B0F802B04FF0000822
:100B50000888834505D113889C4502D15288964266
:100B600003D06FF00200BDE8F08FDFED141A0AEB3E
:100B7000880235464868B0EE610A3B465C4608E0AC
:100B8000F3EC010A90ED001A00EE810A00EB8600FA
:100B9000641E002CF4D1A2EC010A6D1E701B09EB3F
:100BA0008000002DE7D1B04407EB8B07ACF1010CBE
:100BB000BCF1000FDBD10020D5E7000000000000F1
:100BC000F0B546684C68556803880F88BB4209D168
:100BD00040884988884205D111888B4202D15188CA
:100BE000884202D06FF00200F0BD434308E0B6EC4B
:100BF000010AF4EC010A30EE600AA5EC010A5B1E62
:100C0000002BF4D10020F0BDF0B542684E68058895
:100C100047882B4600244888854202D109888F42A4
:100C200002D06FF00200F0BD06EB8401384606E00A
:100C3000B2EC010A81ED000A01EB8501401E00289B
:100C4000F6D1641C5B1E002BEED1F0BDDFED1D0A5A
:100C500020EE200AFDEEC00A10EE900AB5EEC00AA2
:100C6000F1EE10FA00D2401E00EE900AF8EEE00A13
:100C700030EE600ADFED140A20EE200ABCEEC01A46
:100C800011EE100A80B2B0F5007F02D3002030EEE2
:100C9000600A00EE900AF8EE600A70EE600A0B49F6
:100CA00001EB800292ED000A401C01EB800090ED08
:100CB000001AF7EE001A71EEE01A21EE800A00EE3B
:100CC000810A704783F9223E00000044944D0108D8
:100CD00010B541EC100BFDF7D3FE51EC100B10BD1D
:100CE0002DE9F0410024F0F73DF88020F0F752F9AB
:100CF0005520F0F74FF95520F0F74CF9F0F72AF8A6
:100D00009620F0F756F8F0F72DF88020F0F742F92A
:100D10005520F0F73FF95520F0F73CF9F0F71AF8B5
:100D20009620F0F746F8F0F71DF8B6217E20F0F790
:100D300041F9F0F70FF85020F0F72FF8F0F712F81C
:100D40008020F0F727F95520F0F724F95520F0F727
:100D500021F9EFF7FFFF9620F0F72BF8F0F702F8F4
:100D60008020F0F717F95520F0F714F95520F0F727
:100D700011F90546EFF7EEFF9620F0F71AF81E2D51
:100D800002D0FF20BDE8F081174FEFF7EBFF04EB37
:100D90004405EE19785D7178F0F70CF9EFF7DAFF9A
:100DA0009620F0F706F8EFF7DDFF785D40F0800061
:100DB000F0F7F0F85520F0F7EDF85520F0F7EAF8E5
:100DC0000546EFF7C7FF9620EFF7F3FF7078A842CC
:100DD00004D004EB440038448078D3E7641CE4B2C8
:100DE000062CD2D30020CDE7240B0024F8B5002434
:100DF00000200090EFF7C8FF00206946F0F7BEF82A
:100E0000EFF7BAFF9620EFF7D4FFEFF7BDFF002012
:100E10006946F0F7B3F8EFF7AFFF9620EFF7C9FF99
:100E2000EFF7B2FFB6211420F0F7C4F8EFF7A4FFF4
:100E30005020EFF7B2FFEFF7A7FF00206946F0F769
:100E40009DF8EFF799FF9620EFF7B3FFEFF79CFFC0
:100E500000206946F0F792F8EFF78EFF9620EFF743
:100E6000A8FF9DF800000F2801D0FF20F8BD154F06
:100E7000EFF78AFF04EB4405EE19785D7178F0F71F
:100E800099F8EFF779FF9620EFF793FFEFF77CFFE4
:100E9000785D6946F0F772F8EFF76EFF9620EFF78E
:100EA00088FF70789DF80010884204D004EB44005D
:100EB00038448078F8BD641CE4B2062CD8D30020F6
:100EC000F8BD0000360B002400B589B00091002168
:100ED0000191029103930491059106910791089164
:100EE0006946F4F79BF810B1012009B000BD00205D
:100EF000FBE74FF4967002F091F8F0F79BFDF0F7E6
:100F000027FFF0F727FDF1F7D3FAF0F743FFF0F7EB
:100F10000DFDF1F7C5FA012001F018FCEFE7000024
:100F2000F0B500213D4E3E4C0325002301EB41006E
:100F300006EBC00094EDA20AB7EEC00AB0EEC00BFB
:100F4000B7EEC00BC1EB011204EBC202D2EDB30A43
:100F5000B7EEE01AB0EEC11BF7EEC10B027D42B155
:100F6000022A2AD0032A4BD00375491C0229DDDB53
:100F7000F0BDD0ED021AB0EE401AF4EEC11AF1EE57
:100F800010FA01D20575F0E790ED001AB4EEC01A20
:100F9000F1EE10FA06D390ED010AB4EEE00AF1EE9C
:100FA00010FA08D2C268521CC2600769BA42DCD388
:100FB00002220275D9E7C360D7E7D0ED001AB0EE80
:100FC000401AF4EEC11AF1EE10FA0DDB90ED011AA1
:100FD000B4EEE01AF1EE10FA06DBC268521EC260EF
:100FE000002AC2D10375C0E7D0ED020AF4EEC00AB0
:100FF000F1EE10FA01D20575B7E70269C260B4E7F5
:10100000D0ED020A9FED071A60EE810AF4EEC00AE5
:10101000F1EE10FAA9DB0375C360A6E7405B00247C
:101020002C010024CDCC4C3F82B0CDE9000121F051
:10103000004001909DED000B02B051EC100B704789
:1010400010B58AB01A4B1B4840216A46F4F77CF869
:1010500000282BD1164C0098A41F80B22080039941
:10106000082923D8A0F58071013903D11248A11DA8
:10107000F1F7D0FE2088B0F5817F04D10E480C49ED
:101080003C30F1F7C7FE2088A0F58071033904D108
:10109000094807497830F1F7BDFE2088B0F5827F16
:1010A00004D105480249B430F1F7B4FE0AB010BDCE
:1010B000A6000024540E0024D05F002410B58AB08E
:1010C000154B164841216A46F4F73EF8002820D116
:1010D000114C00980E3C80B260800399082918D802
:1010E000A0F50071023903D10B490D48F1F76BFEF1
:1010F0006088A0F50071013904D109480649103013
:10110000F1F761FE6088512803D10349054800F0DA
:1011100051F80AB010BD0000AE000024F40E002407
:10112000C06000241C57002400B58BB00C4B0D4848
:10113000402101AAF4F708F800280FD108490198C6
:10114000163980B288800499082907D8A0F5C061B3
:10115000663903D102490448F0F7BCF90BB000BD71
:10116000B6000024940F00244C57002431EE601A7E
:10117000012170EE600A8140491E00EE101AB8EE9F
:10118000C00A20EE800AC0EE010ABDEEE00A10EEB1
:10119000100A7047B4EEE00AF1EE10FA02D2B0EE97
:1011A000600A7047B4EEC10AF1EE10FAF9DDB0EE54
:1011B000410A70470A780270D1F8012042608B79A9
:1011C000CA7942EA03220281C9798172704700001C
:1011D00000487047CC560024F8F76EFEF8F7A4FEDE
:1011E000012001F0B3FAF9E70F489FED0E1A80EDE8
:1011F000001A9FED0E0A80ED010ADFED0D0AC0ED29
:10120000020A4FF4167202610021C160017580ED7F
:10121000061A80ED070AC0ED080A8262416280F872
:101220002C1070479A99193F405B00246666663F10
:101230009A99993F08B5F7EE000ACDED000AB1EE94
:10124000C01ADDED000A80EE810A8DED000A9DEDE9
:10125000000A08BD08B5F7EE000ACDED000AB1EEB0
:10126000C01ADDED000A80EE810A8DED000A9DEDC9
:10127000000A08BD2DE9F0410446804D804E00274C
:10128000F0E00521FDF764FA01286ED1B6F80110EF
:10129000288809312044FDF73BFA0128F5D1288838
:1012A0002118B1F80520F280225C521C2254B6F8B5
:1012B0000120093010446880F38840F2062C634511
:1012C000A3F2062079D025DCB3F5827F54D00EDC62
:1012D000032B3ED004DC012B2FD0022B32D132E085
:1012E000A3F58073013B3AD0012B2BD13EE040F2B5
:1012F000022C6345A3F2022050D006DCA3F58073D4
:10130000053B3FD0FC2B1DD142E001284BD00228E9
:1013100018D153E006287FD006DC062812D2DFE879
:1013200000F097595F656C7207287BD008287FD042
:10133000FB2870D0FE2805D185E05148C91D083032
:10134000EFF798F884E04E48C91D1330EFF792F894
:101350007EE04B48C91D1430EFF78CF878E0484820
:10136000C91D3430EFF786F872E079E04448C91DB2
:101370003830EFF77FF86BE04148C91D3C30EFF79C
:1013800079F865E03E48C91D3F30EFF773F85FE03C
:101390003B48C91D4230EFF76DF859E03848C91D88
:1013A0004F30EFF767F82888B6F801202118344845
:1013B000C91D5F30EFF75EF84AE005E03048C91D0F
:1013C0006B30EFF757F843E02D48C91D7130EFF748
:1013D00051F83DE02A48C91D7230EFF74BF837E06D
:1013E0002748C91D7930EFF745F831E02448C91D79
:1013F0007F30EFF73FF82BE00EE02148C91D833026
:10140000EFF738F824E01E48C91D8930EFF732F8AD
:101410001EE007E00CE011E01948C91DB130EFF7FC
:1014200029F815E01648C91DB730EFF723F80FE08B
:101430001348C91DBB30EFF71DF809E01148C91D5D
:10144000EFF718F804E00F48C91D4638EFF712F817
:1014500068882880B0F5C87F04D92F80BDE8F08166
:101460002F80FBE7288820440168316001793171C1
:101470003178A5293FF405AFF2E70000E009002428
:1014800090580024925900242DE9F04F8BB0FE486B
:1014900090F8424004F58075FC48FF2101704170CE
:1014A000817042F20F71C18001814FF0030B80F80F
:1014B00003B080F804B080F805B06F21F448EEF76F
:1014C000F2FF00274FF0010805224FF002091E200D
:1014D0000A97CDE908074FF4B4710791CDE902826C
:1014E0000001EA4ACDE90089CDE9050740F2A231C1
:1014F000E748042304910A32494601F01DF8E44EFE
:101500004FF4827030807480B5806F23A5203246FE
:1015100040F2013101F0ACFB0A2001F07FFD6F21A8
:101520003046EEF7C0FF4FF4827030807480B58093
:101530006F23A520324640F2013101F099FB0A20C9
:1015400001F06CFD6F213046EEF7ADFF96F84500D7
:1015500020F0070086F8450096F8540020F00700B8
:1015600086F8540096F8630020F0070086F86300C0
:101570004FF4827030807480B5806F23A52032468E
:1015800040F2013101F074FB0A2001F047FD40F206
:10159000523040F28661CDE906890822CDE9041077
:1015A000CDE9002740F296511346B84ACDE9021022
:1015B0000D323046002101F00DF840F2EE2040F2ED
:1015C0000E6A0621B14ACDE90689CDE904A08DE86D
:1015D000820440F252300B46103203900121304613
:1015E00000F0F8FF4FF41670A84A0421CDE90689EF
:1015F000CDE904A08DE8820440F2EE20039006239A
:1016000030461332022100F0E5FF40F2EE209F4AFF
:101610000621CDE90689CDE904A08DE8820440F2D7
:1016200052300390012330461632032100F0D2FFDE
:101630004FF41670954A0421CDE90689CDE904A03E
:101640008DE8820440F2EE200390012330461932E7
:1016500000F0C0FF4FF4077A8C4ACDE905A84FF49B
:101660005C70CDF81C9004904FF43E70CDE9020AF6
:10167000022330461C320521CDE900B700F0AAFF55
:10168000CDE905A84FF49160804ACDF81C90022363
:1016900004904FF48260CDE9020A1F3230460621E1
:1016A000CDE900B700F096FF4FF48270308074806F
:1016B000B5806F23A520324640F2013101F0D8FAFF
:1016C0000A2001F0ABFC6F213046EEF7ECFEC8209B
:1016D0004FF00F0B05224FF47071CDE907B0099060
:1016E00000230A9040F259100392CDE9041A674A88
:1016F000194606900420CDE9010922323046CDF882
:10170000008000F019FF307E20F00700307696F858
:10171000270020F0070086F8270096F8360020F012
:10172000070086F8360096F8450020F0070086F896
:10173000450096F8540020F0070086F8540096F80B
:10174000630020F0070086F863004FF48270308059
:101750007480B5806F23A520324640F2013101F03C
:1017600087FA0A2001F05AFC6F213046EEF79BFE03
:1017700040F24330454A64214FF44D76CDE90410E0
:10178000CDE900B7CDE90689CDE902164048082326
:101790002532002100F01EFF40F2FD203B4A64216B
:1017A000CDE90689CDE9041040F2EE200823283265
:1017B000CDE9021036480121CDE900B700F00AFF5B
:1017C000022040F2B72264230121CDE90432CDE9A1
:1017D0000610002219460F234FF42A70CDE900327B
:1017E0002A4A0823CDE9021029482B32022100F0B1
:1017F000F1FE40F2BA2202204FF4DC63CDE904325C
:1018000001211A46CDE9061000234FF49771CDE966
:1018100001321E4A2420009002231D482E320391DB
:10182000042100F0D7FE1A494FF482700880084660
:10183000448085806F23024640F20131A52001F0EB
:1018400017FA0A2001F0EAFB114833216F30EEF756
:101850002AFE02204FF08C0A01214FF003090727CE
:101860004FF0180BCDE906103046084909A2CDE922
:101870000427CDE902A006480823002231316F3049
:10188000CDE900B90CE0000090580024A80B00241A
:10189000106100244D443A20574149540000000093
:1018A00000F0DEFEBC4E4FF48878A6F8008074800D
:1018B000B5803323A520324640F2013101F0D8F93A
:1018C000502001F0ABFB33213046EEF7ECFD022057
:1018D0000121B2A2CDE9061040F2EE20B249CDE9D5
:1018E00004270823CDE902A000223046CDE900B943
:1018F00000F0B6FEA6F800807480B5803323A520E2
:10190000324640F2013101F0B3F9502001F086FB7C
:1019100033213046EEF7C7FD02200121A3A2CDE915
:1019200006104FF42A70A049CDE904270823CDE919
:1019300002A000223046C91CCDE900B900F090FE9B
:10194000A6F800807480B5803323A520324640F28B
:10195000013101F08DF9502001F060FB3321304658
:10196000EEF7A1FD012040F2A23193A20E23CDE9B2
:10197000057007904FF4867004920222CDE90210A0
:1019800089493046CDE9003209311346002200F082
:1019900067FEA6F800807480B5803323A520324608
:1019A00040F2013101F064F9502001F037FB33219E
:1019B0003046EEF778FD82A10120CDE9041704211D
:1019C000CDE906091C234FF42F72CDE90031764989
:1019D0004FF44D70CDE90202032330460022891DE9
:1019E00000F03EFEA6F800807480B5803323A52069
:1019F000324640F2013101F03BF9502001F00EFB7C
:101A000033213046EEF74FFD01204FF0140A02213A
:101A10004FF40C7BCDE90570CDE900A162496BA2C2
:101A2000079040F24A60CDE9020B082330460C31A2
:101A30000492002200F014FEA6F800807480B580A5
:101A40003323A520324640F2013101F011F9502034
:101A500001F0E4FA33213046EEF725FD012040F293
:101A60004A615CA20823CDE9057007904FF402702B
:101A700004920222CDE902104B493046CDE900A282
:101A800000220F3100F0ECFDA6F800807480B580D4
:101A90003323A520324640F2013101F0E9F850200D
:101AA00001F0BCFA33213046EEF7FDFC01204FF483
:101AB000E163CDE90609042047A1CDE904174FF4FD
:101AC000F0722421CDE9001037493046CDE90232C9
:101AD00002230022123100F0C3FDA6F800807480BA
:101AE000B5803323A520324640F2013101F0C0F821
:101AF000502001F093FA33213046EEF7D4FC022057
:101B000040F27449012135A20B46CDE90610264961
:101B1000CDE900A0CDE90427002230461531CDE9FA
:101B2000029B00F09DFDA6F800807480B5803323F1
:101B3000A520324640F2013101F09AF8502001F020
:101B40006DFA33213046EEF7AEFC0220012125A2CA
:101B5000CDE906100221CDE904274FF40270CDE94A
:101B600000A111490123CDE902900022304618312D
:101B700000F076FDA6F800807480B5803323A520A0
:101B8000324640F2013101F073F80BB05020BDE84D
:101B9000F04F01F043BA00007F61002441494D3A03
:101BA0002057414954000000DC0B002446524943B1
:101BB0003A2057414954000047494D5F4657440079
:101BC0002020202020202020202020005355504578
:101BD0005200000043415000250000005941573A8F
:101BE000203000005049543A203000002DE9F04FD9
:101BF0002DED0A8B8FB0FE4890F8424004F58075B9
:101C0000DFF8F083DFF8F0A34FF0050998F80D0036
:101C10009AF80110884203D08AF801008AF80490EB
:101C200002279AF80400D0B39AF80100002802D0E5
:101C30004FF0020B01E04FF0040B01D0EFA600E0E3
:101C4000F1A6F4484FF03301EEF72DFC07205B4678
:101C5000CDE90507182240F2EE20CDE900270797CD
:101C60008C21CDE9030602910022E349E948343191
:101C700000F0F6FCE7484FF48871018044808580CD
:101C80003323024640F20131A52000F0F1FF0A2083
:101C900001F0C4F99AF80400401E8AF80400DD48F7
:101CA0006F216F38EEF7FFFBD248807B022866D0A9
:101CB00004234FF000081E2040F2A2324FF4B4710A
:101CC00007910101CDF82880CDE908080520CDE96C
:101CD0000518CDE9030201200097C74A0021CDE98C
:101CE0000170CC480A326F3800F026FCC94E4FF420
:101CF00082796F3EA6F800907480B5806F23A5208E
:101D0000324640F2013100F0B3FF0A2001F086F9BB
:101D10006F213046EEF7C7FBA6F800907480B580BF
:101D2000DFF8F49299EDA6AA99EDA48AB0EE4A0ADA
:101D3000FDF73EFADFEDB98AB0EE4A0AFDF738FB4F
:101D4000B0EE480AFDF734FA20EE280ABDEEC00ACC
:101D500010EE100A06B2B0EE480AFDF729FB20EE9D
:101D6000280ABDEEC00A10EE100A00B2B0EEC80A92
:101D700010EE101AAA4A914203DD032302E0022367
:101D800097E70823B0EECA0A10EE101A914201DD5F
:101D9000032100E008210E9100F252318AB2CDE910
:101DA000052706F20E610797A0F25230404289B231
:101DB000049180B2A6F20E66714289B20822CDE982
:101DC0000028CDE902108C4A002192480D326F386C
:101DD00000F000FC00269FED93BADFED93AADFED43
:101DE00093BA9FED93CADFED939A8B48C6EB061129
:101DF00000EBC10B9BEDB00A06EB460100EBC10006
:101E0000D0EDEA8A20EE0B8AB0EE6A0A08EE080AE4
:101E100028EE0C1A70EE6B0A80EE810A10EE100AA2
:101E2000B0F17E5F01DDB7EE000A10EE100A10F18E
:101E3000814F01D9BFEE000AFCF7F2FC38EE809A20
:101E4000B0EE490AFDF7B4FA20EE290A40F20E6A14
:101E5000BDEEC00A10EE100A0AFA80F00FFA80F800
:101E6000B0EE490AFDF7A4F920EE290ADFF8C8917F
:101E7000BDEEC00A10EE100A09FA80F0404207B227
:101E8000B0EE680AFDF794FA20EE080ABDEEC00A2B
:101E900010EE100A0AFA80F00FFA80FAB0EE680A23
:101EA000FDF786F920EE080ABDEEC00A10EE100A12
:101EB00009FA80F0404200B20A90002E7DD04FF027
:101EC00001099BF8280308B14FF004094FF0020BF9
:101ED000BFB240F252301FFA88F840F20E61CDE9ED
:101EE000057B0022CDF81CB00623CDE90308002EA7
:101EF0000291CDE9003279D03F4A16324B4601209B
:101F000000EB4600C1B243486F3800F063FB0A980B
:101F10001FFA8AF180B2CDE9050B0020049104215B
:101F2000CDF81CB0002ECDE90287CDE900105ED0BF
:101F3000314A19324B460BEB4600C1B235486F3877
:101F400000F048FB761C022EFFF64FAFB0EE4A0AB7
:101F5000FDF72EF9B0EE408AB0EE4A0AFDF728FAF6
:101F6000DFED360A4FF4077104AF60EE200A022657
:101F70003346FDEEE08ADFED310A18EE900A68EE96
:101F8000200A01FA80F082B2BDEEE09ADFED2C0A61
:101F900019EE100A20EE200A00B2C0F5707080B26F
:101FA000FDEEC09A4DC719EE900A28EE200A01FAFC
:101FB00080F081B2BDEEC08A00E08EE018EE100A1B
:101FC0004FF000080C4A4FF003090E9B00B2C0F519
:101FD000707080B2CDE902010E481C3205216F38C5
:101FE000CDE9009800F0F6FA02222BE078E07AE0E2
:101FF000905800244C570024A80B002441494D3A26
:10200000204F4E200000000041494D3A204F4646E7
:10201000000000007F6100242C0100240000F04239
:102020009A99193E0000484400B2D44600401C472B
:102030000000A54300002543AEFCFFFF0000A042C6
:102040000000484319EE900A4FF4707A04AB00B2D6
:10205000C0F5077081B218EE100A0AFA80F080B25B
:1020600007C318EE900A0792AF4A00B20E9BC0F564
:10207000077081B219EE100ACDE900980AFA80F0D3
:1020800080B2CDE90201A948062100F0A3FAA74ACF
:102090006F23A52040F2013100F0EAFD0A2000F094
:1020A000BDFFA2486F21EEF7FEF9A04F4FF4827BEF
:1020B000A7F800B07C80BD809D4890ED000AB7EE87
:1020C000C01A9FED9C2B9FED9D0B11EE020BB7EEFE
:1020D000C00B9FED9C1A9C490AE04FF00609F0E600
:1020E000914A0F3A0AE7904A0C3A23E730EE410A48
:1020F00010EE100A8842F9DC944901E030EE010A42
:1021000010EE100A8842F9D8F0EEC00A10EE900ADC
:102110008F49884201DD032300E00623B5EEC00AA3
:10212000F1EE10FA01D230EE010AF3EE0E1A70EE63
:10213000610A30EE210AF5EEC00AF1EE10FA01D282
:1021400070EE810A10EE100A8249884201DD30EEFD
:10215000410AC820744A4FF40771D21CBCEEC00A71
:102160008DED070A09900A90BCEEE00A0890052060
:10217000CDE904A103904FF0040A8DED060A6B48E7
:102180000021CDE9006A029600F0D6F917F8180F81
:1021900020F007003870F87B20F00700F873B87F54
:1021A00020F00700B87797F82D0020F0070087F897
:1021B0002D0097F83C0020F0070087F83C0097F8C6
:1021C0004B0020F0070087F84B00584A6F23A520EA
:1021D00040F2013100F04CFD0A2000F01FFF53488F
:1021E0006F21EEF760F927F818BC27F8164C27F88E
:1021F000145C5948007A03282CD0082340F243315C
:1022000004AA642043C20F2207964FF44D71CDE912
:102210000028454ACDE902014448921D002100F002
:10222000D9F9DFF838B19BF80A0000EE100AB8EED1
:10223000400A9FED4B8AC0EE080A9FED4A0A20EE45
:10224000800ABDEEC00A10EE101A09B2962803D912
:10225000012706E00223D1E7322801D9012700E057
:10226000032704AA3B4601F5977189B24FF4DC605D
:1022700043C24FF49772414607964FF02408CDE9C8
:102280000202294ACDE9008128480F32042100F0DA
:10229000A1F9264A6F23A52040F2013100F0E8FCA5
:1022A0009BF80A0000EE100AB8EE400AC0EE080AD9
:1022B0009FED2D0A20EE800ABCEEC00A10EE100A37
:1022C000C2B22AA10BA8FCF75BFA184833216F3081
:1022D000EEF7E9F807203B460BA9CDE90669CDE901
:1022E00004104FF4F0704FF4E1610022CDE9008A50
:1022F000CDE902100C490D4827316F3000F0B0F9DC
:102300000A484FF488716F30018044808580332300
:10231000024640F20131A52000F0AAFC0FB0BDEC4E
:102320000A8BBDE8F08F0000C70B00241061002469
:102330004C5700246666666666A64C40A5BBE1FA6B
:10234000344D63400000B44300003443000034C304
:10235000000070420000B4432C0100241C570024EC
:1023600000007F430000C6430000C842256400000F
:10237000F0B40446DDE904560020012C04D0022C00
:1023800004D0032C04D004E0104802E0104800E020
:102390001048002817D0104C44F8100C44F80C1CBE
:1023A000170A277662761A0AA276E3762A0A227735
:1023B0006577320AA277E67704F11802F0BC89B299
:1023C0000823FEF781BDF0BC70470000540E0024C6
:1023D000F40E0024940F0024340A0024F0B40446C0
:1023E000DDE9047C0020012C04D0022C04D0032C55
:1023F00004D004E0164802E0164800E01648002821
:1024000024D09FED161A20EE010ABDEEC00A10EE90
:10241000105A20EE810ABDEEC00A10EE106A104C70
:1024200044F8100C44F80C1C227663762A0AA27633
:10243000E576277784F81DC0320AA277E67704F1A3
:102440001802F0BC89B20823FEF73EBDF0BC70470D
:10245000540E0024F40E0024940F002400007A444B
:10246000340A0024B4EEE01AF1EE10FA0ED371EE45
:10247000601AB4EEC10AF1EE10FA02DC07E030EEA9
:10248000610AB4EEC10AF1EE10FAF8DC7047B4EE5E
:10249000E00AF1EE10FA02D3704730EE210AB4EEF2
:1024A000E00AF1EE10FAF8D370470000F3F7D4FB1E
:1024B000FAF73CFAF9F7DEFEF8F706FFF8F7C6FD83
:1024C000F8F712FEF8F742FEF8F774FEF8F76CFF23
:1024D000F8F7D4FFF9F72EF8F9F7CCF8F9F762F826
:1024E000F9F794F8F9F704F8F8F78EFFF0F74EFDD6
:1024F000F0F782FDF0F7B4FD094912220948F6F71A
:1025000028F9F0F761F9FAF7DDFC01220648D1035A
:10251000F3F78CFBF8F782FE00F020F9FEE70000ED
:10252000E4560024E8140024000802580146002064
:10253000842900D0C81C70472DE9F04F0FADDDE9AC
:102540000BBE95E8E010DDE9099ADDF84C80C1EB9F
:10255000011108441478C01D00F8014C5178017035
:1025600091784170817869F302016AF3C501817045
:1025700041886BF389114180C17863F38501C17093
:10258000C1886EF30901C180B0F8031065F38E11A4
:10259000A0F80310818866F3CF118180B0F807207E
:1025A0000D9961F38C02A0F8072002890E9961F35E
:1025B0004F120281418967F309014181B0F80B1084
:1025C0006CF38C01A0F80B10818968F34F118181A5
:1025D000BDE8F08F2DE9F04F09AD95E8E010DDE999
:1025E0000FABDDE90D89C1EB011114780144C91D60
:1025F00001F8014C54780C7092784A708A786AF32A
:10260000020266F3C5028A704A886BF389124A8017
:10261000CA7863F38502CA70CA8865F30902CA8062
:10262000428948F23F031A404281C27A02F07F0297
:10263000A0F80B20B1F8070067F38C00A1F80700A1
:1026400008896CF34F100881B1F80B0068F38C0017
:10265000A1F80B00888969F34F108881BDE8F08FDD
:102660002DE9F05F0EAE0446DDE90BC896E8404C5C
:10267000DDF834900A9FC2EB021020440D78C01D93
:1026800000F8015C4A7802708978417081786BF3B8
:1026900002016AF3C501817041886EF3891141809E
:1026A000C17863F38501C170B0F8031067F38E1130
:1026B000A0F803108188042262F3CF118180C188C1
:1026C0006CF30901C180B0F8071068F38C01A0F821
:1026D0000710018969F34F11018141896FF30901E5
:1026E0004181B0F80B104EF203021140A0F80B101C
:1026F000017B01F01F01818104F115001E210446B8
:10270000EDF7D1FE3046EDF7D9FE024631462046C0
:10271000BDE8F05FEDF7AEBE0A48DFED090A01E063
:1027200030EE600A10EE101A8142F9DC064901E031
:1027300030EE200A10EE100A8842F9D870470000E7
:10274000DB0FC940DB0F4940DB0F49C010B5002843
:1027500000D1012000F062FC002010BD10B500F097
:10276000C5FC002010BD7FB504460D466169B4F973
:102770000800002910D0A16971B1FFF7D7FED4E994
:1027800005212B46CDE9012100902269D4E90010F2
:1027900000F032FE039010E0FFF7C8FE03A92B46BD
:1027A000CDE90001208A82B2D4E9001000F0F2FDE8
:1027B000012802D0002004B070BD0398FBE70000A0
:1027C0002DE9F04104460F46174EF5683068001DAC
:1027D00000F05AFB38B9306890F82C10012088407E
:1027E000316981433161601C07D137B13168BDE87F
:1027F000F0410E48091D00F08BBB2C44306844604A
:10280000AC4206D23168B06B091DBDE8F04100F062
:1028100067BB3168706B091D00F062FBB06A8442CF
:1028200000D2B462BDE8F08138000024B81A002458
:1028300070B5044600F078FB1C4DA868401CA860E9
:10284000286810B1686938B10CE02C60A8680128CC
:1028500008D100F0F3F805E02868E16AC06A884210
:1028600000D82C60686A401C6862E06A01212A690D
:102870008140114329610E4900EB800001EB80008B
:10288000211D00F045FB00F06FFB686900280CD0AB
:102890002868E16AC06A884207D206494FF0805032
:1028A0000860BFF34F8FBFF36F8F70BD38000024F7
:1028B000DC19002404ED00E070B50C4D0C4E11E065
:1028C00000F032FBF068C468201D00F0DDFAA86853
:1028D000401EA8606868401E686000F045FB204606
:1028E00000F008F868680028EAD170BD38000024BC
:1028F000A41A002410B5044694F8510000280BD007
:10290000012811D0022814D0502080F31188BFF381
:102910004F8FBFF36F8FFEE7206B00F03BFB20462D
:10292000BDE8104000F036BB2046BDE8104000F086
:1029300031BB10BD4FF470510F48420706D0C01D87
:1029400020F007000C49411AC1F570510B4A106084
:10295000002353600144083921F00701183A11603F
:102960004B600B600B1A43600160406890605060E0
:102970004FF0004050617047CC1A00248C000024B6
:10298000074E4FF08054074DFFF796FF306801283F
:10299000FAD92C60BFF34F8FBFF36F8FF4E70000BD
:1029A000DC19002404ED00E02DE9F0478246994649
:1029B000DDE908580A9C521E206B00EB820020F0D3
:1029C0000706700707D0502080F31188BFF34F8FA0
:1029D000BFF36F8FFEE7002761B1002023180A5C68
:1029E00083F834200A5C12B1401C1028F6D384F816
:1029F000437001E084F83470072D00D30625E562AA
:102A00006564A764201D00F068FA04F1180000F066
:102A100064FA2461C5F10700A0616462E76484F888
:102A200050704A465146304600F010F92060B8F127
:102A3000000F01D0C8F80040BDE8F08770B5002451
:102A4000124D04EB840005EB800000F03BFA641C9F
:102A5000072CF6D30D488C3000F034FA0B48A03028
:102A600000F030FA0948B43000F02CFA0748C830BA
:102A700000F028FA0548DC3000F024FA0448034945
:102A80008C3141631431816370BD0000DC19002476
:102A90003800002430B5134900E011460A6882422C
:102AA000FBD34B685C18844203D1406818444860EB
:102AB00008460D6844682318AB420DD1094B183BFA
:102AC0001B689A4206D05268224442600A68126823
:102AD000026002E0036000E00260814200D0086012
:102AE00030BD00008C0000240748416B09680029B4
:102AF00005D0416BC968C9684968816270474FF069
:102B0000FF318162704700003800002409484068A6
:102B1000401C07D0502080F31188BFF34F8FBFF3C4
:102B20006F8FFEE7502080F31188BFF34F8FBFF304
:102B30006F8FFEE794000024002100280AD00B4B81
:102B400042699A420FD1806AA3F1280290420AD0CA
:102B500040B108E0502080F31188BFF34F8FBFF3DE
:102B60006F8FFEE70121084670470000B81A002465
:102B70002DE9F0410546002600F05AFB324F386837
:102B800008B9FFF7D7FE786905424DD18DB10835F8
:102B900068070ED005F00700C0F10800054468077B
:102BA00007D0502080F31188BFF34F8FBFF36F8F92
:102BB000FEE7CDB37868854236D8234918310846F8
:102BC000046801E0214604466068A84202D22068F9
:102BD0000028F7D13868844226D00E68083620686D
:102BE00008606068411B10290ED96019420707D0A0
:102BF000502080F31188BFF34F8FBFF36F8FFEE734
:102C000041606560FFF746FF61687868401A786048
:102C1000BA68904200D2B8607869014361600020D0
:102C20002060F868401CF86000F082FC700707D054
:102C3000502080F31188BFF34F8FBFF36F8FFEE7F3
:102C40003046BDE8F08100007400002424384FF0C5
:102C50008073036221F00101C16104498161426016
:102C60006FF0020140F82019704700000D2B010899
:102C7000FFB5B9B005461746BDF8F04004F10901AB
:102C80008EB268463146EDF70EFC8DF80050BDF867
:102C9000F000ADF80100174D28788DF803000521EC
:102CA0006846EDF7A1FEBDF8E800ADF805000DF1AE
:102CB000070022463946EDF7DDFB31466846EDF761
:102CC0007DFE2878FF2811D0401C28700A4C402037
:102CD00021680862324669462046F6F73DFA2068C8
:102CE000C169C9434906FBD43DB0F0BD002028703E
:102CF000ECE70000F70B00247C15002410B5044617
:102D000000295FD0002C5DD04A78087840EA022084
:102D1000C0F30A00208048788A78C00840EA421050
:102D2000C0F30A0060808878CA78800940EA82008F
:102D30000A7940EA8220C0F30A00A08008794A7923
:102D4000400840EAC210C0F30A00E0804879C0F3AE
:102D50000110608148798009A081CA79887940EAA8
:102D60000220E0814A7A087A40EA02202082CA7A68
:102D7000887A40EA02206082087B2075487B607573
:102D8000CA7B887B40EA0220E082087C497C40EADA
:102D9000012020810C482146F7F7B4FD2088A0F5DA
:102DA000806020806088A0F580606080A088A0F5A9
:102DB0008060A080E088A0F58060E0802089A0F598
:102DC0008060208110BD0000F656002410B500EE92
:102DD000100A2DED028BB1EEC08A18EE100A20F019
:102DE0000040C0F1FF40C00F0AD010EE100A20F0E2
:102DF0000040C0F1FF40C00F04BF0120FCF768FF96
:102E000018EE100ABDEC028B10BD0000B0EE604A57
:102E100000EE901A9FED0D2B9FED0E3BB8EE601B60
:102E200000EE901A21EE021BB8EE602B22EE032B6F
:102E3000B7EEC11B70EE041A00EE100AF7EEC20BDB
:102E4000B8EEC00A21EE800AFFF70CBBFCDEA63FFD
:102E5000FB210940FCDEA63FFB2109C070EEC00A41
:102E600001EE100A0120B8EEC11A8840401E21EE82
:102E7000201A00EE900AF8EEE01AC1EE210A30EEB8
:102E8000800A7047FFF774BE0169D0E901329A6089
:102E9000D0E901235A604A68824201D182684A60BF
:102EA000002202610868401E086008687047000040
:102EB000034B036003F154000860802010607047EA
:102EC000000C002400F1080141604FF0FF328260E5
:102ED000C1600161002101607047002101617047FC
:102EE00030B50C68621C02D000F1080202E00269F1
:102EF00004E01A4653681D68A542FAD953684B602E
:102F000099608A60516008610168491C016030BDA8
:102F100042684A6093688B60936859609160086169
:102F20000168491C01607047502080F31188BFF38D
:102F30004F8FBFF36F8F0A494868401C48600128D3
:102F40000CD10848006810F0FF0F07D0502080F324
:102F50001188BFF34F8FBFF36F8FFEE770470000FC
:102F60009400002404ED00E009494868002806D0D8
:102F7000401E4860002801D180F31188704750201E
:102F800080F31188BFF34F8FBFF36F8FFEE7000010
:102F90009400002470B500282AD008380446154D46
:102FA00060686969084207D1502080F31188BFF337
:102FB0004F8FBFF36F8FFEE722683AB1502080F346
:102FC0001188BFF34F8FBFF36F8FFEE788436060B8
:102FD00000F02EF960686968084468602046FFF7D1
:102FE00059FD2869401C2861BDE8704000F0A0BA76
:102FF00070BD0000740000244FF0E020002101614A
:1030000081614FF47A7204490968B1FBF2F1491EFB
:10301000416107210161704730000024024610B56C
:103020000020002A12D00F48006B38B1502080F3E6
:103030001188BFF34F8FBFF36F8FFEE700F0F8F8F2
:1030400000211046FFF7BCFB00F072FA002807D100
:1030500005494FF080500860BFF34F8FBFF36F8F6B
:1030600010BD00003800002404ED00E070B50446F7
:1030700000282BD01A4D286884422FD0FFF754FF28
:103080002046FFF759FDE8B1201DFFF7FDFEE06A7D
:1030900001212A69814011432961124900EB800016
:1030A00001EB8000211DFFF733FFE06A2968C96A40
:1030B000884207D30C494FF080500860BFF34F8F10
:1030C000BFF36F8FBDE87040FFF74EBF502080F315
:1030D0001188BFF34F8FBFF36F8FFEE770BD000005
:1030E00038000024DC19002404ED00E010B586B09F
:1030F00000240594049403AA04A905A8FFF7D8FEA8
:10310000DDE90410039A002302901848CDE900413C
:1031100014A100F071F91649C86208B1012000E05D
:103120000020012809D0401C19D1502080F31188BB
:10313000BFF34F8FBFF36F8FFEE7502080F31188EE
:10314000BFF34F8FBFF36F8F4FF0FF3088620120C6
:103150004861CC6006B0BDE8104000F0A1B806B0F0
:1031600010BD000049444C450000000081290108C1
:103170003800002470B50446FFF7D6FE294D04B987
:103180002C68201DFFF780FE58B9E06A264A00EB44
:10319000800152F8211021B901218140286988431A
:1031A0002861A06A18B104F11800FFF76DFE1E48EF
:1031B000211DDC30FFF7ACFE94F8500000260128FA
:1031C00001D184F85060FFF7CFFE686928B1FFF79E
:1031D000ABFEFFF789FCFFF7C7FE2868844213D1D6
:1031E000686990B1286B38B1502080F31188BFF323
:1031F0004F8FBFF36F8FFEE70C494FF08050086090
:10320000BFF34F8FBFF36F8F70BD0748DC3000688E
:10321000A968884201D12E6070BDBDE8704000F001
:103220000FB8000038000024DC19002404ED00E091
:103230000248016B491C01637047000038000024FC
:10324000154A106B002802D00120D0617047002081
:10325000D0611069B0FA80F0C0F11F000F4900EB97
:10326000800051F8203073B101EB8000416849685B
:10327000416000F10803994201D14968416040680A
:10328000C06810607047502080F31188BFF34F8FE3
:10329000BFF36F8FFEE7000038000024DC19002424
:1032A0001CB537480168374A914207D1502080F356
:1032B0001188BFF34F8FBFF36F8FFEE7006831496E
:1032C000491E884207D1502080F31188BFF34F8FE9
:1032D000BFF36F8FFEE72C4908780190FF2008703C
:1032E000087800909DF800009DF8002000F0F000A4
:1032F000904207D0502080F31188BFF34F8FBFF367
:103300006F8FFEE79DF80000204C00F05000207009
:103310000720A06006E0A068401EA0609DF80000A5
:10332000400000909DF800000006F4D4A068032837
:1033300007D0502080F31188BFF34F8FBFF36F8FFA
:10334000FEE74FF44070A060019808700C482030F0
:10335000016841F470010160016841F07041016051
:10336000FFF74AFE00206060ECF7E0FF08480168C4
:1033700041F040410160ECF7C5FF00201CBD00009A
:1033800000ED00E071C20F4100E400E09400002471
:1033900034EF00E02DE9FF5F81468A4616469B46E2
:1033A000DDE90E78B000FFF7E3FB054628000AD000
:1033B0005420FFF7DDFB04460CB1256304E02846EA
:1033C000FFF7E8FD00E000249CB1002084F85100E4
:1033D000CDE900785B463246CDE902405146484689
:1033E000FFF7E2FA2046FFF723FA012004B0BDE818
:1033F000F09F4FF0FF30F9E7F0B585B00746DDE903
:103400000A600C9C002815D0E4B154250395206374
:10341000022084F85100002004ADCDE90240CDE93E
:1034200000653846FFF7C0FA2046FFF701FA049816
:1034300005B0F0BD502080F31188BFF34F8FBFF36C
:103440006F8FFEE7502080F31188BFF34F8FBFF3DB
:103450006F8FFEE70148C068704700003800002405
:103460002DE9F0410026304F386B002805D0B869AF
:10347000401CB8613046BDE8F081FD686D1CFD6000
:103480009DB9786B006838B1502080F31188BFF384
:103490004F8FBFF36F8FFEE7786BB96B7963B863BB
:1034A000386A401C3862FFF71FFBB86ADFF87C807F
:1034B00085420DD3786B006838B1786BC068C468FA
:1034C0006068854212D2B86202E04FF0FF30B86205
:1034D0003868C06A00EB800058F82000012800D945
:1034E0000126F8690028C5D00126C3E7201DFFF793
:1034F000CBFCA06A18B104F11800FFF7C5FCE06A24
:1035000001213A6981401143396100EB8000211D9E
:1035100008EB8000FFF7FCFCE06A3968C96A884262
:10352000C8D30126C6E7000038000024DC190024B7
:103530002DE9F041002400272D4D286B002807D0ED
:10354000FFF7F2FC286B401E2863286B40B14AE06D
:10355000502080F31188BFF34F8FBFF36F8FFEE7CA
:10356000A868E8B3DFF88C8001261EE0D8F80C00CC
:10357000C46804F11800FFF787FC201DFFF784FCE6
:10358000E06A2A6906FA00F111432961194900EB42
:103590008000B43901EB8000211DFFF7B9FCE06A1F
:1035A0002968C96A884200D3EE61D8F80000002873
:1035B000DCD10CB1FFF798FAAC6944B1FFF750FFCA
:1035C00000B1EE61641E002CF8D10020A861E8690A
:1035D00030B10127084938070860BFF34F8F00E07A
:1035E00001E0BFF36F8FFFF7BFFC3846BDE8F08105
:1035F00038000024901A002404ED00E01C58010853
:10360000E9C80008FEFF0000000000008000000084
:1036100000000000000000000C580108F30E010833
:103620000100000000000000000200000000000097
:103630000000000028580108D9110108030000000B
:103640000000000000040000000000000000000076
:10365000E8570108F1C80008000000000000000061
:10366000800000000000000000000000F457010886
:10367000E1DF000800000000000000000002000080
:10368000000000000000000000580108E5CE00081E
:1036900000000000000000008000000000000000AA
:1036A000000000003458010841C00008000000007C
:1036B000000000008000000000000000000000008A
:1036C0000006101600061016000102030405060786
:1036D000080C10141820304000000000000000000A
:1036E00000000000000000000000000001000000D9
:1036F00002000000030000000400000000000000C1
:1037000005000000000000000000000000000000B4
:1037100006000000000000000000000000000000A3
:1037200007000000010002000400060008000A0073
:103730000C00100020004000800000010101010386
:103740000701000008040204080101010000000054
:1037500001020304010203040607080906F1F64307
:103760000000803F0000C4430000803F06F1F643A4
:10377000000000400000C4430000803F06F1F64313
:10378000000000400000C4430000803F1FD51244E9
:10379000000000400000C4430000803F10D00244FD
:1037A0000000803F10D002440000803F0000C4436E
:1037B0000000803F06F1F6430000803F10D0024435
:1037C0000000803F06F1F6430000803F0000C44344
:1037D0000000803F06F1F643000000400000C443B3
:1037E0000000803F06F1F643000000400000C443A3
:1037F0000000803F1FD51244000000400000C44379
:103800000000803F10D002440000803F10D00244EE
:103810000000803F0000C4430000803F06F1F643F3
:103820000000803F10D002440000803F06F1F643C4
:103830000000803F0000C4430000803F06F1F643D3
:10384000000000400000C4430000803F06F1F64342
:10385000000000400000C4430000803F1FD5124418
:10386000000000400000C4430000803F10D002442C
:103870000000803F10D002440000803F0000C4439D
:103880000000803F06F1F6430000803F10D0024464
:103890000000803F06F1F6430000803F0000C44373
:1038A0000000803F06F1F643000000400000C443E2
:1038B0000000803F06F1F643000000400000C443D2
:1038C0000000803F1FD51244000000400000C443A8
:1038D0000000803F10D002440000803F10D002441E
:1038E0000000803F0000C4430000803F1FD592438A
:1038F0000000004062D0A4430000C0401FD59243A6
:103900000000004062D0A443000000401FD5924355
:103910000000004062D0A443000000400000C44307
:103920000000804010D002440000804006F1F643C1
:103930000000804062D0A443000080401FD5924325
:103940000000004062D0A4430000C0401FD5924355
:103950000000004062D0A443000000401FD5924305
:103960000000004062D0A4430000004010D0024498
:103970000000004106F1F643000000401FD512444C
:103980000000804062D0A443000020411FD5924334
:103990000000004062D0A443000000401FD59243C5
:1039A0000000004062D0A4430000004006F1F6434E
:1039B0000000804010D002440000804006F1F64331
:1039C0000000804062D0A443000080401FD5924395
:1039D0000000004062D0A4430000C0401FD59243C5
:1039E0000000004062D0A443000000401FD5924375
:1039F0000000004062D0A4430000004006F1F643FE
:103A00000000804010D00244000080401FD51244C6
:103A100000002041000000000000804062D0A4436C
:103A20000000004000000000CDCC4C3E62D0A4431A
:103A3000000000401FD592430000803F62D0A443A5
:103A4000000040401FD592430000004062D0A443D4
:103A5000000000400000C4430000004000000000DF
:103A60000000004062D0A4430000004000000000BD
:103A7000CDCC4C3E62D0A443000000401FD5924301
:103A80000000803F62D0A443000040401FD5924315
:103A90000000004062D0A443000000400000C44386
:103AA0000000804021D082430000C04000000000A0
:103AB0000000004062D0A44300000040000000006D
:103AC000CDCC4C3E62D0A443000000401FD59243B1
:103AD0000000803F62D0A443000040401FD59243C5
:103AE0000000004021D08243000000401FD59243D7
:103AF00000000040000000000000004062D0A4432D
:103B00000000004000000000CDCC4C3E62D0A44339
:103B1000000000401FD592430000803F62D0A443C4
:103B2000000040401FD592430000004062D0A443F3
:103B3000000000400000C4430000004000000000FE
:103B40000000004062D0A4430000004000000000DC
:103B5000CDCC4C3E62D0A443000000401FD5924320
:103B60000000803F62D0A443000040401FD5924334
:103B70000000004062D0A4430000004010D0024486
:103B80000000804021D082430000C04000000000BF
:103B90000000004062D0A44300000040000000008C
:103BA000CDCC4C3E62D0A443000000401FD59243D0
:103BB0000000803F62D0A443000040401FD59243E4
:103BC0000000004027F176430000004000005C4305
:103BD0000000803F000044430000A04000000000BF
:103BE0000000803F000044430000803F00000000D0
:103BF000CDCC4C3E000044430000803F000000005C
:103C0000CDCC4C3E000044430000803F0000C44344
:103C10000000804062D0A443000040401FD5924382
:103C20000000803F21D082430000004000000000DF
:103C3000CDCC4C3E21D082430000804000000000EB
:103C40000000803F21D082430000004000000000BF
:103C5000CDCC4C3D21D08243000000401FD5924383
:103C60000000004062D0A4430000004000005C431C
:103C70000000C040000000000000004000005C4365
:103C80000000004062D0A443000000401FD59243D2
:103C90000000004021D08243000000401FD5924325
:103CA0000000C040000000000000004062D0A443BB
:103CB000000080402F9DAE43000080400000C443C0
:103CC0000000C04062D0A443000000400000C44394
:103CD0000000004062D0A4430000803F0000C443C5
:103CE0000000404006F1F6430000804010D002443E
:103CF0000000C04021D08243000000401FD5924305
:103D00000000004062D0A443000000400000C44313
:103D1000000080400000DC43000080400000C443FD
:103D20000000803F0000DC43000040400000C4432E
:103D30000000803F00000000CDCCCC3D0000C4431B
:103D40000000404000000000CDCCCC3D0000C4434A
:103D5000000080401FD592430000004162D0A44380
:103D6000000080402F9DAE43000080400000C4430F
:103D70000000C04062D0A443000000400000C443E3
:103D80000000004062D0A4430000803F0000C44314
:103D90000000404006F1F6430000804010D002448D
:103DA0000000C04021D08243000000401FD5924354
:103DB0000000004062D0A4430000004006F1F6433A
:103DC000000080400000DC430000C0400000000014
:103DD000CDCC4C3E0000DC43000000400000C4435A
:103DE0000000803F0000DC430000404010D002444F
:103DF000000080401FD512440000C04000000000B9
:103E0000000000400000C4430000004010D0024405
:103E10000000004006F1F6430000803F10D002444D
:103E20000000404100000000000080400000000051
:103E30000000004062D0A4430000004000000000E9
:103E4000CDCC4C3E62D0A443000000401FD592432D
:103E50000000803F62D0A443000040401FD5924341
:103E60000000004062D0A443000000400000C443B2
:103E700000000040000000000000004062D0A443A9
:103E80000000004000000000CDCC4C3E62D0A443B6
:103E9000000000401FD592430000803F62D0A44341
:103EA000000040401FD592430000004062D0A44370
:103EB000000000400000C4430000804021D0824345
:103EC0000000C040000000000000004062D0A44399
:103ED0000000004000000000CDCC4C3E62D0A44366
:103EE000000000401FD592430000803F62D0A443F1
:103EF000000040401FD592430000004021D0824383
:103F0000000000401FD59243000000400000000068
:103F10000000004062D0A4430000004062D0A443EF
:103F2000000000401FD592430000803F62D0A443B0
:103F3000000040401FD592430000004062D0A443DF
:103F4000000000400000C4430000004000000000EA
:103F50000000004062D0A4430000004000000000C8
:103F6000CDCC4C3E62D0A443000000401FD592430C
:103F70000000803F62D0A443000040401FD5924320
:103F80000000004062D0A4430000004010D0024472
:103F90000000804021D082430000C04000000000AB
:103FA0000000004062D0A4430000004062D0A4435F
:103FB000000000401FD592430000803F62D0A44320
:103FC000000040401FD592430000004027F1764397
:103FD0000000004000005C430000803F00004443BC
:103FE0000000A040000000000000803F00004443AB
:103FF0000000803F00000000CDCC4C3E0000444358
:104000000000803F00000000CDCC4C3E0000444347
:104010000000803F0000C4430000804062D0A44301
:10402000000040401FD592430000803F21D08243D2
:104030000000004000000000CDCC4C3E21D0824367
:1040400000008040000000000000803F21D082433B
:104050000000004000000000CDCC4C3E21D0824347
:10406000000000401FD592430000004062D0A443EE
:104070000000004000005C430000C0400000000061
:104080000000004000005C430000004062D0A443F8
:10409000000000401FD592430000004021D0824321
:1040A000000000401FD592430000204100000000A6
:1040B0000000804062D0A443000080402F9DAE43AA
:1040C000000080400000C4430000C04062D0A44310
:1040D000000000400000C4430000004062D0A44340
:1040E0000000803F0000C4430000404006F1F6435A
:1040F0000000804010D002440000C04021D0824324
:10410000000000401FD592430000004062D0A4434D
:10411000000000400000C443000080400000DC4379
:104120000000A0400000C4430000803F0000DC43CA
:10413000000000400000C4430000803F0000000079
:10414000CDCC4C3E0000C4430000404000000000C5
:10415000CDCCCC3D1FD592430000004000000000B4
:10416000CDCCCC3D1FD592430000004162D0A4438A
:10417000000080402F9DAE43000080400000C443FB
:1041800000008040000000000000803F0000C443A9
:104190000000004062D0A4430000803F0000C44300
:1041A000000040401FD512440000804010D002445F
:1041B0000000C04021D08243000000401FD5924340
:1041C0000000004062D0A4430000004010D0024430
:1041D000000080400000DC430000A0400000C44319
:1041E0000000803F0000DC43000000400000C443AA
:1041F0000000803F0000DC430000404010D002443B
:10420000000080401FD512440000C04000000000A4
:10421000000000401FD592430000004062D0A4433C
:10422000000000401FD592430000803F21D0824310
:1042300000004041000000000000804062D0A44324
:10424000000080401FD592430000804021D082436F
:10425000000080400000C4430000804021D0824321
:10426000000080401FD592430000804062D0A443EC
:10427000000080402F9DAE43000080400000C443FA
:10428000000080402F9DAE430000804062D0A443D8
:10429000000080401FD592430000804021D082431F
:1042A000000080401FD592430000804062D0A443AC
:1042B000000080402F9DAE430000804062D0A443A8
:1042C000000080401FD592430000804021D08243EF
:1042D000000080400000C4430000804062D0A4433E
:1042E000000080401FD592430000804062D0A4436C
:1042F000000080402F9DAE43000080400000C4437A
:10430000000080402F9DAE430000804062D0A44357
:10431000000080401FD592430000804062D0A4433B
:10432000000080401FD592430000804062D0A4432B
:10433000000080402F9DAE430000804062D0A44327
:10434000000080401FD592430000804021D082436E
:10435000000080400000C4430000804021D0824320
:10436000000080401FD592430000804062D0A443EB
:10437000000080402F9DAE43000080400000C443F9
:10438000000080402F9DAE430000804062D0A443D7
:10439000000080401FD5924300008040000044434D
:1043A0000000803F21D082430000803F42909B4329
:1043B0000000803F1FD592430000803F21D0824300
:1043C0000000803F42909B430000803F21D0824309
:1043D0000000803F1FD592430000803F21D08243E0
:1043E0000000803FE9A64F430000803FFE14694370
:1043F0000000803F000044430000A0400000444310
:104400000000803F21D082430000803F42909B43C8
:104410000000803F1FD592430000803F21D082439F
:104420000000803F42909B430000803F21D08243A8
:104430000000803F1FD592430000803F21D082437F
:104440000000803F000044430000803F3BFF3843B2
:104450000000803F2F9D2E430000A0402F9D2E4343
:104460000000803FE9A64F430000803F27F17643DC
:104470000000803F1FD592430000A0402F9D2E4397
:104480000000803FE9A64F430000803F27F17643BC
:104490000000803F21D082430000804021D0824331
:1044A0000000803F42909B430000803FFE14E943A0
:1044B0000000803F0AA7CF430000803F0000C443B4
:1044C0000000803FFE14E9430000803F0AA7CF436D
:1044D0000000803F0AA7CF430000803F0000C44394
:1044E0000000803F0000C4430000803F27F1764376
:1044F0000000803F21D082430000A04010D0024441
:104500000000803F10D002440000803F06F1F643D7
:104510000000803FFE14E94300004040FE14E943E0
:104520000000803F1FD512440000004010D002441C
:104530000000803F0AA7CF430000803F0000C44333
:10454000000080400000C4430000803FFE14E943A7
:104550000000803F0000C4430000803F2F9DAE4319
:10456000000040402F9DAE430000803F0AA7CF438C
:10457000000000400000C4430000803F2F9DAE4378
:104580000000803F0000C443000080400000C4439E
:10459000000000401FD512440000004010D002442B
:1045A0000000004062D0A443000000400000000072
:1045B0000000004010D002440000803F1FD512448C
:1045C0000000803F52D024440000803F1FD5124499
:1045D0000000803F10D002440000803F1FD51244ED
:1045E0000000803F0000C443000000401FD512447B
:1045F0000000004010D002440000004062D0A443FC
:1046000000000040000000000000004010D0024404
:104610000000803F1FD512440000803F52D0244448
:104620000000803F1FD512440000803F10D002449C
:104630000000803F1FD512440000803F0000C443AB
:10464000000000401FD512440000004010D002447A
:104650000000004062D0A4430000004000000000C1
:104660000000004010D002440000803F1FD51244DB
:104670000000803F52D024440000803F1FD51244E8
:104680000000803F10D002440000803F1FD512443C
:104690000000803F0000C443000000401FD51244CA
:1046A0000000004010D002440000004062D0A4434B
:1046B00000000040000000000000004010D0024454
:1046C0000000004052D02444000000406DFF4344ED
:1046D0000000004000005C440000C0406DFF434407
:1046E0000000C040000000000000404010D0024424
:1046F0000000803F1FD51244000000401FD5124427
:104700000000004010D00244000000401FD51244B9
:104710000000004052D0244400008040000000000F
:104720000000004052D024440000803F6DFF43440D
:104730000000803F00005C440000004017F1764418
:104740000000004000005C44000000406DFF434456
:104750000000004052D02444000000401FD5124405
:10476000000000401FD512440000004010D0024459
:10477000000000401FD51244000000401FD5124425
:10478000000000401FD512440000004010D0024439
:1047900000000040000000000000A04010D00244D3
:1047A0000000803F52D024440000803F6DFF43440E
:1047B0000000803F00005C440000C0406DFF4344A7
:1047C0000000C040000000000000404010D0024443
:1047D0000000803F1FD51244000000401FD5124446
:1047E0000000004010D002440000004052D0244499
:1047F0000000004000000000000080401FD512446F
:104800000000803F52D024440000803F6DFF4344AD
:104810000000004000005C440000004010D08244D2
:104820000000004017D592440000004052D0A4443C
:104830000000004017D592440000004010D0824490
:10484000000000406DFF43440000803F00005C44D6
:104850000000803F10D082440000004052D0A444A9
:104860000000004052D0A4440000004052D0A444B4
:104870000000004017D592440000004000000000F6
:10488000000080406DFF43440000803F00005C4416
:104890000000803F10D082440000004052D0A44469
:1048A0000000004052D0A4440000004052D0A44474
:1048B0000000004017D592440000004000000000B6
:1048C000000000410000C03F000000000000204147
:1048D00000004041000000000000484300009643F3
:1048E000000000000000FA430000964300000000B2
:1048F0000000FA4300C00F45000000000060EA46D7
:104900000080A244000000000000C84200C00F4523
:10491000000000000060EA460000104100000000B6
:104920000000F0410000803F0AD7A33B00000000D8
:104930000000803F0AD7233C000000000000000078
:104940000AD7A33B00000041000000000000000067
:10495000000040400000803F000000000000000018
:1049600000000000000020410000000000000000E6
:10497000000020410000803F000000000000000017
:104980000000000000000000000000000000000027
:104990000000803F00000000000000000000000058
:1049A0000000000000000000000000000000803F48
:1049B00000000000000000000000000000000000F7
:1049C00000000000000000000000803F0000000028
:1049D00000000000000000000000000000000000D7
:1049E000000000000000803F000000000000000008
:1049F00000000000000000000000000000000000B7
:104A00000000803F0050C347CDCCCC3DCDCCCC3D49
:104A1000CDCCCC3DCDCCCC3DCDCCCC3DCDCCCC3D0E
:104A20000050C347CDCCCC3DCDCCCC3DCDCCCC3D46
:104A3000CDCCCC3DCDCCCC3DCDCCCC3D0050C34736
:104A4000CDCCCC3DCDCCCC3DCDCCCC3DCDCCCC3DDE
:104A5000CDCCCC3DCDCCCC3D0050C347CDCCCC3D16
:104A6000CDCCCC3DCDCCCC3DCDCCCC3DCDCCCC3DBE
:104A7000CDCCCC3D0000C842CDCCCC3DCDCCCC3D46
:104A8000CDCCCC3DCDCCCC3DCDCCCC3DCDCCCC3D9E
:104A90000000C842005EBCE2613FDD83C29C7E2014
:104AA000A3FD1F419DC3217FFCA2401E5F01E3BD0A
:104AB0003E6082DC237D9FC1421CFEA0E1BF5D03FE
:104AC00080DE3C62BEE0025CDF81633D7C22C09EF2
:104AD0001D43A1FF4618FAA427799BC584DA3866DE
:104AE000E5BB5907DB856739BAE406581947A5FBCA
:104AF0007826C49A653BD987045AB8E6A7F91B45BE
:104B0000C6987A24F8A6441A99C7257B3A6486D8B1
:104B10005B05E7B98CD2306EEDB3510F4E10F2AC9D
:104B20002F7193CD114FADF3702ECC92D38D6F3189
:104B3000B2EC0E50AFF1134DCE90722C6D33D18F7D
:104B40000C52B0EE326C8ED0530DEFB1F0AE4C1271
:104B500091CF2D73CA947628ABF517490856B4EA5D
:104B60006937D58B5709EBB536688AD495CB297749
:104B7000F4AA4816E9B7550B88D6346A2B7597C93D
:104B80004A14F6A8742AC896154BA9F7B6E80A5431
:104B9000D7896B350000891112239B322446AD570B
:104BA0003665BF74488CC19D5AAFD3BE6CCAE5DB75
:104BB0007EE9F7F88110080193331A22A5562C4795
:104BC000B7753E64C99C408DDBBF52AEEDDA64CB55
:104BD000FFF976E802218B30100299132667AF7631
:104BE0003444BD554AADC3BC588ED19F6EEBE7FA35
:104BF0007CC8F5D983310A2091121803A7772E6655
:104C0000B5543C45CBBD42ACD99E508FEFFB66EA14
:104C1000FDD874C904428D5316619F702004A915F4
:104C20003227BB364CCEC5DF5EEDD7FC6888E199F4
:104C30007AABF3BA85520C4397711E60A114280514
:104C4000B3373A26CDDE44CFDFFD56ECE9986089D4
:104C5000FBBB72AA06638F7214409D512225AB34B0
:104C60003006B9174EEFC7FE5CCCD5DD6AA9E3B8B4
:104C7000788AF19B87730E6295501C41A3352A24D4
:104C8000B1163807CFFF46EEDDDC54CDEBB962A894
:104C9000F99A708B088481951AA793B62CC2A5D374
:104CA0003EE1B7F04008C919522BDB3A644EED5F84
:104CB000766DFF7C899400859BB712A6ADD224C384
:104CC000BFF136E0C1184809D33B5A2AE55E6C4F64
:104CD000F77D7E6C0AA583B4188691972EE3A7F220
:104CE0003CC0B5D14229CB38500AD91B666FEF7E44
:104CF000744CFD5D8BB502A499961087AFF326E244
:104D0000BDD034C1C3394A28D11A580BE77F6E6E23
:104D1000F55C7C4D0CC685D71EE597F42880A191E3
:104D20003AA3B3B2444ACD5B5669DF78600CE91D03
:104D3000722FFB3E8DD604C79FF516E4A990208103
:104D4000BBB332A2C55A4C4BD7795E68E11C680DE3
:104D5000F33F7A2E0EE787F61CC495D52AA1A3B09F
:104D60003882B193466BCF7A5448DD59622DEB3CC3
:104D7000700EF91F8FF706E69DD414C5ABB122A0C3
:104D8000B9923083C77B4E6AD5585C49E33D6A2CA3
:104D9000F11E780F00000000920E493CB10AC93C98
:104DA0002BC3163D2EFB483D752B7B3D04A9963D3C
:104DB00080B6AF3D36BDC83D2FBCE13D73B2FA3D74
:104DC00087CF093E8340163EB5AB223EA2102F3E50
:104DD000CF6E3B3EC2C5473E0115543E135C603E5C
:104DE0007F9A6C3ECCCF783EC07D823E938E883ECB
:104DF000229A8E3E32A0943E86A09A3EE59AA03E2C
:104E0000128FA63ED47CAC3EEF63B23E2A44B83E3D
:104E1000491DBE3E15EFC33E53B9C93ECA7BCF3EC6
:104E20004136D53E80E8DA3E4F92E03E7533E63EAD
:104E3000BBCBEB3EEA5AF13ECBE0F63E275DFC3EB3
:104E4000E4E7003F3D9C033F824B063F9BF5083F54
:104E50006B9A0B3FDA390E3FCDD3103F2A68133FD0
:104E6000D9F6153FC07F183FC6021B3FD17F1D3FBB
:104E7000CBF61F3F9967223F25D2243F5636273F66
:104E80001594293F4AEB2B3FDE3B2E3FBB85303F3D
:104E9000C9C8323FF304353F233A373F4268393FB0
:104EA0003B8F3B3FF9AE3D3F67C73F3F70D8413F27
:104EB00001E2433F03E4453F65DE473F12D1493FEE
:104EC000F8BB4B3F029F4D3F207A4F3F3D4D513F36
:104ED0004918533F31DB543FE595563F5348583FFF
:104EE0006AF2593F1A945B3F532D5D3F05BE5E3F0A
:104EF0002146603F97C5613F5A3C633F59AA643FD2
:104F0000880F663FD86B673F3CBF683FA7096A3F81
:104F10000C4B6B3F5E836C3F93B26D3F9ED86E3FF0
:104F200073F56F3F0809713F5213723F4714733F87
:104F3000DD0B743F0BFA743FC6DE753F07BA763F50
:104F4000C58B773FF853783F9812793F9DC7793FDB
:104F500002737A3FBE147B3FCDAC7B3F283B7C3F46
:104F6000C9BF7C3FAC3A7D3FCCAB7D3F23137E3F36
:104F7000B0707E3F6DC47E3F580E7F3F6D4E7F3FC9
:104F8000AB847F3F0FB17F3F97D37F3F43EC7F3FA1
:104F900011FB7F3F0000803F11FB7F3F43EC7F3FD1
:104FA00097D37F3F0FB17F3FAB847F3F6D4E7F3FF5
:104FB000580E7F3F6DC47E3FB0707E3F23137E3F0F
:104FC000CCAB7D3FAC3A7D3FC9BF7C3F283B7C3FAB
:104FD000CDAC7B3FBE147B3F02737A3F9DC7793FC8
:104FE0009812793FF853783FC58B773F07BA763FE1
:104FF000C6DE753F0BFA743FDD0B743F4714733FF9
:105000005213723F0809713F73F56F3F9ED86E3F90
:1050100093B26D3F5E836C3F0C4B6B3FA7096A3FB9
:105020003CBF683FD86B673F880F663F59AA643F13
:105030005A3C633F97C5613F2146603F05BE5E3FD6
:10504000532D5D3F1A945B3F6AF2593F5348583FD6
:10505000E595563F31DB543F4918533F3D4D513F95
:10506000207A4F3F029F4D3FF8BB4B3F12D1493F43
:1050700065DE473F03E4453F01E2433F70D8413FCF
:1050800067C73F3FF9AE3D3F3B8F3B3F4268393FEB
:10509000233A373FF304353FC9C8323FBB85303F21
:1050A000DE3B2E3F4AEB2B3F1594293F5636273FD8
:1050B00025D2243F9967223FCBF61F3FD17F1D3F6A
:1050C000C6021B3FC07F183FD9F6153F2A68133F21
:1050D000CDD3103FDA390E3F6B9A0B3F9BF5083F5B
:1050E000824B063F3D9C033FE4E7003F275DFC3ECB
:1050F000CBE0F63EEA5AF13EBBCBEB3E7533E63EE3
:105100004F92E03E80E8DA3E4136D53ECA7BCF3E44
:1051100053B9C93E15EFC33E491DBE3E2A44B83EB1
:10512000EF63B23ED47CAC3E128FA63EE59AA03E21
:1051300086A09A3E32A0943E229A8E3E938E883E5E
:10514000C07D823ECCCF783E7F9A6C3E135C603E41
:105150000115543EC2C5473ECF6E3B3EA2102F3EC6
:10516000B5AB223E8340163E87CF093E73B2FA3D6F
:105170002FBCE13D36BDC83D80B6AF3D04A9963D8C
:10518000752B7B3D2EFB483D2BC3163DB10AC93C18
:10519000920E493C00000000920E49BCB10AC9BC05
:1051A0002BC316BD2EFB48BD752B7BBD04A996BD38
:1051B00080B6AFBD36BDC8BD2FBCE1BD73B2FABD70
:1051C00087CF09BE834016BEB5AB22BEA2102FBE4C
:1051D000CF6E3BBEC2C547BE011554BE135C60BE58
:1051E0007F9A6CBECCCF78BEC07D82BE938E88BEC7
:1051F000229A8EBE32A094BE86A09ABEE59AA0BE28
:10520000128FA6BED47CACBEEF63B2BE2A44B8BE39
:10521000491DBEBE15EFC3BE53B9C9BECA7BCFBEC2
:105220004136D5BE80E8DABE4F92E0BE7533E6BEA9
:10523000BBCBEBBEEA5AF1BECBE0F6BE275DFCBEAF
:10524000E4E700BF3D9C03BF824B06BF9BF508BF50
:105250006B9A0BBFDA390EBFCDD310BF2A6813BFCC
:10526000D9F615BFC07F18BFC6021BBFD17F1DBFB7
:10527000CBF61FBF996722BF25D224BF563627BF62
:10528000159429BF4AEB2BBFDE3B2EBFBB8530BF39
:10529000C9C832BFF30435BF233A37BF426839BFAC
:1052A0003B8F3BBFF9AE3DBF67C73FBF70D841BF23
:1052B00001E243BF03E445BF65DE47BF12D149BFEA
:1052C000F8BB4BBF029F4DBF207A4FBF3D4D51BF32
:1052D000491853BF31DB54BFE59556BF534858BFFB
:1052E0006AF259BF1A945BBF532D5DBF05BE5EBF06
:1052F000214660BF97C561BF5A3C63BF59AA64BFCE
:10530000880F66BFD86B67BF3CBF68BFA7096ABF7D
:105310000C4B6BBF5E836CBF93B26DBF9ED86EBFEC
:1053200073F56FBF080971BF521372BF471473BF83
:10533000DD0B74BF0BFA74BFC6DE75BF07BA76BF4C
:10534000C58B77BFF85378BF981279BF9DC779BFD7
:1053500002737ABFBE147BBFCDAC7BBF283B7CBF42
:10536000C9BF7CBFAC3A7DBFCCAB7DBF23137EBF32
:10537000B0707EBF6DC47EBF580E7FBF6D4E7FBFC5
:10538000AB847FBF0FB17FBF97D37FBF43EC7FBF9D
:1053900011FB7FBF000080BF11FB7FBF43EC7FBFCD
:1053A00097D37FBF0FB17FBFAB847FBF6D4E7FBFF1
:1053B000580E7FBF6DC47EBFB0707EBF23137EBF0B
:1053C000CCAB7DBFAC3A7DBFC9BF7CBF283B7CBFA7
:1053D000CDAC7BBFBE147BBF02737ABF9DC779BFC4
:1053E000981279BFF85378BFC58B77BF07BA76BFDD
:1053F000C6DE75BF0BFA74BFDD0B74BF471473BFF5
:10540000521372BF080971BF73F56FBF9ED86EBF8C
:1054100093B26DBF5E836CBF0C4B6BBFA7096ABFB5
:105420003CBF68BFD86B67BF880F66BF59AA64BF0F
:105430005A3C63BF97C561BF214660BF05BE5EBFD2
:10544000532D5DBF1A945BBF6AF259BF534858BFD2
:10545000E59556BF31DB54BF491853BF3D4D51BF91
:10546000207A4FBF029F4DBFF8BB4BBF12D149BF3F
:1054700065DE47BF03E445BF01E243BF70D841BFCB
:1054800067C73FBFF9AE3DBF3B8F3BBF426839BFE7
:10549000233A37BFF30435BFC9C832BFBB8530BF1D
:1054A000DE3B2EBF4AEB2BBF159429BF563627BFD4
:1054B00025D224BF996722BFCBF61FBFD17F1DBF66
:1054C000C6021BBFC07F18BFD9F615BF2A6813BF1D
:1054D000CDD310BFDA390EBF6B9A0BBF9BF508BF57
:1054E000824B06BF3D9C03BFE4E700BF275DFCBEC7
:1054F000CBE0F6BEEA5AF1BEBBCBEBBE7533E6BEDF
:105500004F92E0BE80E8DABE4136D5BECA7BCFBE40
:1055100053B9C9BE15EFC3BE491DBEBE2A44B8BEAD
:10552000EF63B2BED47CACBE128FA6BEE59AA0BE1D
:1055300086A09ABE32A094BE229A8EBE938E88BE5A
:10554000C07D82BECCCF78BE7F9A6CBE135C60BE3D
:10555000011554BEC2C547BECF6E3BBEA2102FBEC2
:10556000B5AB22BE834016BE87CF09BE73B2FABD6B
:105570002FBCE1BD36BDC8BD80B6AFBD04A996BD88
:10558000752B7BBD2EFB48BD2BC316BDB10AC9BC14
:10559000920E49BC00000080000000000100803F26
:1055A000C90CC0B7E565AABE435690BB3C695D3ED9
:1055B000EBFCA9BC08B732BEE745093EA59204BD85
:1055C00000000000FEFFFF7FB60100008E1555D5DC
:1055D0006364030017F68519AE9219007F3AD5EE81
:1055E0004552F1F8A4A3152204B0FAE02548DD0CD9
:1055F00054C0DBFD0000FF7FFFFF67D570FFAD1BD0
:1056000058FDA9E92911DBFB4FBB610567ACDD3F04
:10561000182D4454FB21E93F9BF681D20B73EF3FD9
:10562000182D4454FB21F93FE2652F227F2B7A3C51
:10563000075C143326A6813CBDCBF07A8807703C0A
:10564000075C143326A6913CC4EB98999999C9BF7D
:10565000711623FEC671BCBF6D9A74AFF2B0B3BFB2
:105660009AFDDE522DDEADBF2F6C6A2C44B4A2BF72
:105670000D5555555555D53FFF8300922449C23FDE
:105680006E204CC5CD45B73F513DD0A0660DB13F12
:10569000EB0D76244B7BA93F11DA22E33AAD903F24
:1056A0004C5555555555A53F7751C1166CC156BF40
:1056B0009015CB19A001FA3EAD529C804F7E92BE50
:1056C000C4B1B4BD9EEE213ED43888BEE9FAA8BD6F
:1056D000000000000000000000004054FB21F93FE2
:1056E0003163621A61B4D03D0000601A61B4D03DEC
:1056F0007370032E8A19A33B0000002E8A19A33B66
:10570000C14920259A837B39000000000000000079
:105710006E83F9A22915444ED15727FCC0DD34F51C
:10572000999562DB4190433CAB6351FE61C5BBDEA2
:105730003A6E24B7E0D24D42EA2E49061C92D109B6
:105740001CEB1DFE3EA729B1F53582E88444BB2E33
:1057500026709CE9417E5FB439D69139F439538380
:105760008B5F849C3B28F9BDFF97F81F0F9805DEDF
:105770008B112FEF1F6D0A5ACF7E366DB709CB27DD
:10578000663F464F2DEA5F9EC7BA27757BF1E5EB72
:10579000F739073DEA92528AB15FFB6B085D8D1FB6
:1057A000000000006E83F9A22915444ED15727FC52
:1057B000C0DD34F5999562DB4190433CAB6351FE0B
:1057C000A6F810111111813FD561C119A0012ABF9E
:1057D0007DFEB157E31DC73EEB9C2B8AE6E55ABE22
:1057E0007CD5CF5A3AD9E53D53746174655F6368DF
:1057F00065636B004D595F55495F5461736B0000E1
:1058000054616C6B5F5461736B000000436861739B
:105810007369735F5461736B0000000064656661B7
:10582000756C745461736B00494D555F7461736B93
:10583000000000004D757369635F7461736B000055
:105840006058010800000024000C000066090008F0
:1058500060590108000C0024B85D0000C0FC00087D
:1058600001205A010482103C90D00304015F1AAA5F
:1058700001012EA37A4583C842E009713D0A3ECD5D
:10588000CC4C3D4378412516FEFB397A202C011083
:105890002DE17A143E042D6666663F048102FF0105
:1058A00001FF01FF01FF01FF01FF01FF01FF01BB3C
:1058B000520123803F03403442022408080812505A
:1058C000C347CDCCCC3D0409531C110B1AC8421C54
:1058D0000134100DE7416B3A58A08B3A7D04017CEE
:1058E000160240AB03411009055308065804070F80
:1058F000160810820911160A15800B16560C18018D
:105900000D020A19206823C8441A482009102402ED
:10591000230834FFFFFF250F270F2712031303016E
:105920001303021A030912041303051303061303D6
:10593000071304011A0503120213050313050513C7
:1059400006011306021306031306041306051307C4
:10595000011307021307031308081B08095061000D
:04000005080002CD20
:00000001FF
