:020000040800F2
:10000000A0D5002061020008659A00088953000805
:1000100069730008311600082DBE000800000000BA
:10002000000000000000000000000000A101000826
:100030000D1B000800000000FD01000809B50008C4
:100040007B0200087B0200087B0200087B0200089C
:100050007B0200087B020008771B00087B02000877
:100060007B0200087D1B0008831B00087B02000840
:100070007B0200087B0200087B0200087B0200086C
:100080007B0200087B0200087B0200087B0200085C
:100090007B020008351600087B020008891B000857
:1000A0007B0200087B0200087B0200087B0200083C
:1000B000D9B500087B0200087B0200087B0200081B
:1000C0007B0200087B0200087B0200087B0200081C
:1000D0007B020008D5BC00087B020008FDBC0008BC
:1000E0007B0200087B0200087B020008E5B50008DF
:1000F0007B0200087B0200087B0200083117000821
:100100007B0200087B0200087B0200087B020008DB
:100110007B0200087B0200087B0200087B020008CB
:100120007B02000889170008951700087B02000869
:100130007B0200087B0200087B0200087B020008AB
:10014000411600087B0200087B0200087B020008C1
:10015000511A00087B0200085D1A00087B020008A3
:100160007B0200087B0200087B0200087B0200087B
:100170007B0200087B0200087B02000800000000F0
:100180007B0200087B020008DFF810D000F0C0FFFF
:100190000048004705CF0008AFF30080A0D500203D
:1001A0002C4B19680868B0E8F04F80F30988BFF35A
:1001B0006F8F4FF0000080F311887047000000003F
:1001C00008480068006880F308884FF0000080F35A
:1001D000148862B661B6BFF34F8FBFF36F8F00DF35
:1001E00000BF00BF08ED00E0DFF80C00016841F43B
:1001F00070010160704700BF88ED00E0EFF30980F7
:10020000BFF36F8F134B1A681EF0100F08BF20ED5D
:10021000108A20E9F04F106009B44FF0500080F3CD
:100220001188BFF34F8FBFF36F8F0DF089FF4FF031
:10023000000080F3118809BC19680868B0E8F04F25
:100240001EF0100F08BFB0EC108A80F30988BFF3CE
:100250006F8F704730000020EFF30580704700007B
:100260000648804706480047FEE7FEE7FEE7FEE750
:10027000FEE7FEE7FEE7FEE7FEE7FEE7C9B500089A
:100280008901000870B405880E884468D1F804C05C
:100290005368B54208D140884988884201BF118817
:1002A0008D425188884203D070BC6FF002007047C5
:1002B00005FB00F1880827D094ED001ADCED000A58
:1002C00094ED010ADCED011A31EE201AD4ED020A98
:1002D00070EE211A9CED020A83ED001AC3ED011A9B
:1002E00094ED031ADCED031A30EE800A401E71EE25
:1002F000210A83ED020A04F11004C3ED030A03F19D
:1003000010030CF1100CD7D111F0030030D0B0F174
:10031000004F30D200282BDD211F1B1FACF104023F
:1003200010F0010F0AD091ED010AD2ED010A091D6A
:10033000121D30EE200A83ED010A1B1D400817D064
:1003400091ED010AD2ED010A401E30EE200A83ED44
:10035000010A91ED020AD2ED020A01F1080102F14F
:10036000080230EE200A83ED020A03F10803E7D108
:1003700070BC00207047B4EC010A401EFCEC010A7E
:1003800030EE200AA3EC010AF5D1F1E701804280AA
:10039000436070472DE9F34F84B0049840680090A3
:1003A000486801900498B0F800E04588DFEDFE0A47
:1003B00000200290B0EE600AAE4506D10888498858
:1003C000884204BF7146864504D06FF0020006B033
:1003D000BDE8F08F01985FEA010C18BFB7EE001A74
:1003E0003DD000BFBEEB0C0117D0B1F1004F80F043
:1003F0001F82002911DD021F11F0010F1CBFC2ED89
:10040000010A121D4B1006D0C2ED010AC2ED020A0C
:1004100008325B1EF8D100EB8100BCF10102A0ECB8
:10042000011A19D0B2F1004F80F00882002A13DDC2
:10043000031F12F0010F1CBFC3ED010A1B1D511059
:1004400008D000BFC3ED010AC3ED020A491E03F143
:100450000803F7D100EB8200BCF1010CC2D14FF0D0
:1004600000080395002D14BFB0EE602A002000F0B4
:10047000BF8100BF009908FB05F001EB800B0199DB
:10048000DBED002A01EB80000346F0EE421AC64580
:1004900052D9AEEB0802ABEB850112F0010F17D079
:1004A00001EB850191ED000AB5EEC00AF1EE10FAFC
:1004B00007DDB4EEE10AF1EE10FA09DDF0EE401AC4
:1004C00006E0B1EE400AF4EEC01AF1EE10FAF5D3F0
:1004D000521031D001EB850C9CED000AB5EEC00A3C
:1004E000F1EE10FA05DDB4EEE10AF1EE10FA09DDE5
:1004F00006E0B1EE400AF4EEC01AF1EE10FA01D2B5
:10050000F0EE401A01EBC50191ED000AB5EEC00A0C
:10051000F1EE10FA05DDB4EEE10AF1EE10FA09DDB4
:1005200006E0B1EE400AF4EEC01AF1EE10FA01D284
:10053000F0EE401A521ECDD1F5EEC01AF1EE10FACF
:1005400000F07381F5EEC02A0126F1EE10FA009951
:10055000D4BFB1EE620AB0EE620AB4EE610AF1EE07
:1005600010FA1CBFAEEB0802B2F1010C47D005FB3C
:1005700008F201EB820292ED001A00BFB0EE410AD0
:1005800005FB06F4B5EEC00A00EB8404F1EE10FAA8
:10059000CCBFF0EE400AF1EE400AF4EE610AF1EE53
:1005A00010FA28D1B5EB080C11D0BCF1004F7DD268
:1005B000BCF1000F0BDD00BF92ED000AD1ED000A87
:1005C000BCF1010CE2EC010AA1EC010AF4D1290012
:1005D0000ED0B1F1004F6AD2002909DD94ED000A76
:1005E000D0ED000A491EE4EC010AA0EC010AF5D1A5
:1005F000012002900BE0761CBCF1010CBED10298E8
:10060000012804D0F5EEC02AF1EE10FA7ED09BED61
:10061000000AB5EB08009A465946064622D0B0F1CA
:10062000004F74D200281DDD091F10F0010F06D005
:10063000F0EE400A80EEA01A81ED011A091D40106B
:1006400010D000BFD1ED010A401E80EE801A81ED6E
:10065000011A91ED021AC1EE000AC1ED020A01F180
:100660000801EFD1280026D0B0F1004F7ED200283B
:1006700021DDAAF1040110F0010F06D0D1ED010A2D
:1006800080EE801A81ED011A091D401013D000BFC1
:10069000D1ED010A401E80EE801A81ED011AD1EDE4
:1006A000020A80EE801A81ED021A01E0CBE0D6E06A
:1006B00001F10801ECD1DDE900124FF000095FEA19
:1006C0000E0773D0C14504BF01EB860102EB850222
:1006D00074D091ED000ADC465046330035D01C46FC
:1006E000B6F1004F7ED2002C2FDD0B1FABF1040CB6
:1006F00016F0010F0FD0F0EE400ADCED011AB0EE5B
:10070000601A00EEE11A83ED011A01E08DE0B1E01C
:100710001B1D0CF1040C741015D000BFD3ED010AA1
:100720009CED011A40EE410AC3ED010AD3ED020A25
:100730009CED021A0CF1080C40EE410AC3ED020ACE
:100740000833641EEAD101EB86012B0036D0B3F1E9
:10075000004F72D2002B31DDA2F1040CAAF104008B
:1007600013F0010F0CD0DCED010A00E08BE090EDFE
:10077000011A001D40EE410ACCED010A0CF1040CF7
:100780005C1019D0DCED010A90ED011A40EE410A2F
:10079000CCED010ADCED020A90ED021A083040EEC1
:1007A000410ACCED020A03E0000000000DE005E084
:1007B000641E0CF1080CE5D102EB830201EB880109
:1007C0007F1E09F101097FF47DAF009808F101084F
:1007D000001D00900398401E03907FF44BAE0299D9
:1007E000012900E058E004BF06B0BDE8F08F00BF6B
:1007F000B5EEC00AF1EE10FA7FF4E9AD04990EFBF4
:1008000005F3002B4A684FF000010BD902EB810C75
:100810009CED000AB5EEC00AF1EE10FA02D1491CB7
:100820008B42F3D88B427FF4D2AD6FF00400CEE55B
:10083000E0EC010A491EFBD1EFE538E0E0EC010AEB
:10084000521EFBD108E692ED000AD1ED000ABCF180
:10085000010CE2EC010AA1EC010AF4D1B7E694ED37
:10086000000AD0ED000A491EE4EC010AA0EC010ADE
:10087000F5D1BDE6D1ED000A401E80EE801AA1EC54
:10088000011AF7D1EEE6D3ED000A401E80EE801A81
:10089000A3EC011AF7D10EE7BCEC011AD1ED000A66
:1008A0005B1E40EE410AE1EC010AF5D14DE7B0ECE8
:1008B000011AD2ED000A5B1E40EE410AE2EC010A89
:1008C000F5D17BE72DE9F04F82B04668536801937C
:1008D000058847884B88002000900888874201BF20
:1008E000B2F800C06545528893421EBF6FF0020007
:1008F00002B0BDE8F08F9FED412A4FEA970EC7F393
:10090000400B00BFDDE9000202EB800A4A6898460E
:100910004FF00009B0EE420AB4465FEA0E0025D05F
:1009200092ED001ADCED001A02EB8302DCED010A05
:1009300001EE810A92ED001A02EB8302401ED2ED15
:10094000001A02EB830200EE810A9CED021ADCED34
:10095000030A00040CF1100C000C01EE210A92EDC8
:10096000001A02EB830200EE810AD9D117F00300CE
:1009700026D0ACF10404A2EB830210F0010F08D0E2
:1009800002EB8302D4ED010A92ED001A241D00EE61
:10099000810A5FEA0B0013D002EB830CD4ED010A4D
:1009A0009CED001A02EBC302401E00EE810AD4ED5A
:1009B000020A92ED001A04F1080400EE810AEBD15C
:1009C00009F10100AAEC010A1FFA80F9486800EB5E
:1009D0008902A8F101001FFA80F8B8F1000F99D13F
:1009E000009806EB8706184480B20090681E050444
:1009F0002D0C87D102B00020BDE8F08F0000000070
:100A000070B405880E884468D1F804C05368B542B4
:100A100008D140884988884201BF11888D42518899
:100A2000884203D070BC6FF00200704705FB00F1F4
:100A3000880827D094ED001ADCED000A94ED010A35
:100A4000DCED011A31EE601AD4ED020A70EE611A83
:100A50009CED020A83ED001AC3ED011A94ED031A0E
:100A6000DCED031A30EEC00A401E71EE610A83ED20
:100A7000020A04F11004C3ED030A03F110030CF1A0
:100A8000100CD7D111F0030030D0B0F1004F30D2AC
:100A900000282BDD211F1B1FACF1040210F0010FF9
:100AA0000AD091ED010AD2ED010A091D121D30EEA6
:100AB000600A83ED010A1B1D400817D091ED010A61
:100AC000D2ED010A401E30EE600A83ED010A91ED7D
:100AD000020AD2ED020A01F1080102F1080230EE29
:100AE000600A83ED020A03F10803E7D170BC00201D
:100AF0007047B4EC010A401EFCEC010A30EE600ABB
:100B0000A3EC010AF5D1F1E72DE9F04F028847681F
:100B1000B0F802804888D1F8049082B04FF0000A03
:100B20001646824207BF098888456FF0020002B06E
:100B300018BFBDE8F08F4FEA980B02EB420001901E
:100B4000C8F34000CDF8000009EB8A01BBF1000FAB
:100B500033D0019801EB820C01EB80043B46E64662
:100B600001EBC2054FEA0B0093ED000A401E81ED38
:100B7000000A93ED010A01EB02118CED000A93EDDE
:100B8000020A0CEB021C85ED000A93ED030A05EB4B
:100B9000021584ED000A04EB021403F11003E3D103
:100BA0000EEB820000EB820000EB8201ABF1010052
:100BB000504307EB0B1701EB001118F0030C21D089
:100BC0003B1FA1EB82011CF0010F06D093ED010A3F
:100BD00001EB82011B1D81ED000A009880B100BF6E
:100BE00093ED010A01EB820401EBC20184ED000ADE
:100BF00093ED020A401E81ED000A03F10803EFD1D4
:100C000007EB8C070AF101001FFA80FA701E060438
:100C1000360C99D102B00020BDE8F08F2DE9F05FCD
:100C20000546002092469B4688460646814640245B
:100C30001BE0284641464746224600F0B3F953469A
:100C40005A46C01A914110D311461846224600F068
:100C50009AF92D1A67EB01084F4622460120002120
:100C600000F091F917EB00094E41201EA4F1010498
:100C7000DFDC484631462A464346BDE8F09F40EA5D
:100C800001039B0703D009E008C9121F08C0042A0A
:100C9000FAD203E011F8013B00F8013B521EF9D2F1
:100CA0007047D2B201E000F8012B491EFBD2704719
:100CB0000022F6E710B513460A4604461946FFF728
:100CC000F0FF204610BD421C10F8011B0029FBD18B
:100CD000801A70472DE9FE4F804681EA0300C00F5D
:100CE0000C46009021F0004123F00045B8EB0200D3
:100CF000A94105D24046214690461C460B46024675
:100D000023F00040104347D0270DC7F30A00C3F378
:100D10000A510290401A019040286BDAC3F3130085
:100D200040F4801B0098924620B10023D2EB030AC6
:100D300063EB0B0B01985946C0F14002504600F09E
:100D400022F906460D4650465946019A00F03AF9F6
:100D500010EB08006141002487EA115284EAE7732E
:100D60001A4340D0009A62B3019A012A4FEA07520F
:100D700015DC001B61EB02014FF0004202EA075252
:100D8000CDE90042001C41F5801132462B4600F0AF
:100D900071F903B0BDE8F08F40462146F9E7001B2A
:100DA00061EB0201001C41F5801300185B41201823
:100DB000A2F5001747EB030140EAD570B6196D4163
:100DC00011E06D084FEA360645EAC0754FEA075252
:100DD000001B61EB0201001C41F5801149084FEA3C
:100DE00030000019514132462B4603B0BDE8F04FA8
:100DF00000F031B90098012240000023D0EB02023C
:100E000063EBE073009821464FEAE074B8EB000012
:100E100061EB0401E9E783F000435BE781F0004107
:100E200058E72DE9FE4F81EA030404F0004421F065
:100E3000004100944FF0000B23F0004350EA0104FE
:100E40005ED052EA03045BD0C3F30A54C1F30A55DF
:100E50002C44A4F2F3340194A0FB0254C1F3130117
:100E600041F48011C3F3130343F4801301FB0244E4
:100E700000FB034E840A970A44EA815447EA8357E9
:100E8000A4FB076802958D0A05FB07854FEA932CA2
:100E900004FB0C542705029D4FEA065847EA163713
:100EA000B5EB08056EEB070C870E920E47EA81172B
:100EB00042EA8312A7FB0201B6EB0B0164EB0004CC
:100EC0002B0D43EA0C335E1844EB1C50DA465146B6
:100ED000E7FB0201C5F313044FEA0B3343EA145353
:100EE0004FEA0432019C43EA0603A4F10C04029485
:100EF000009CCDE900B400F0BDF803B0BDE8F08F70
:100F000000200146F9E70EB5C10F80EAE070084401
:100F1000CA07002140F233438DE80E000A460B4613
:100F200000F0A8F803B000BD00F0004230F000402F
:100F30000AD0C10D01F56071C0F3160042EA0151FB
:100F4000C20840071143704700200146704701F076
:100F5000004330B421F0004150EA010206D00A0DEE
:100F6000A2F56072C1F31301002A02DC30BC00203C
:100F70007047440F44EAC104C100E01830BC00EBE4
:100F8000C25000F031B8202A04DB203A00FA02F106
:100F9000002070479140C2F1200320FA03F3194367
:100FA00090407047202A04DB203A21FA02F0002109
:100FB000704721FA02F3D040C2F120029140084369
:100FC00019467047202A06DBCB17203A41FA02F077
:100FD00043EAE07306E041FA02F3D040C2F1200296
:100FE00091400843194670470029A8BF7047401C2C
:100FF000490008BF20F00100704710B4B0FA80FC2F
:1010000000FA0CF050EA010404BF10BC704749B16B
:10101000CCF1200421FA04F411FA0CF118BF0121DB
:1010200021430843A3EB0C01CB1D4FEA00614FEABB
:10103000102042BF002010BC704700EBC35010448A
:101040000029A4BF10BC7047401C490008BF20F015
:10105000010010BC704710B5141E73F1000408DACB
:10106000401C41F1000192185B411A4301D120F06C
:10107000010010BD2DE9F04D92469B4611B1B1FA29
:1010800081F202E0B0FA80F220329046FFF77BFF57
:1010900004460F4640EA0A0041EA0B0153465A460D
:1010A000084313D0114653EA010019D0C8F1400299
:1010B0005046FFF777FF05460E46504659464246D2
:1010C000FFF761FF084305D0012004E020463946C0
:1010D000BDE8F08D0020054346EAE0762C43374317
:1010E0000A986305E40AA0EB08000022FD0A44EA1E
:1010F00047540A3002D500200146E9E701051019DE
:101100006941DDE9084500196941BDE8F04DA2E7F4
:10111000064C074D06E0E06840F0010394E8070044
:1011200098471034AC42F6D3FFF732F8D4ED0008FC
:10113000F4ED000870B58C1810F8015B15F007038A
:1011400001D110F8013B2A1106D110F8012B03E060
:1011500010F8016B01F8016B5B1EF9D12B0705D468
:101160000023521E0DD401F8013BFAE710F8013BB1
:10117000CB1A921C03E013F8015B01F8015B521ECD
:10118000F9D5A142D8D3002070BD0000464910B562
:101190004A6822F440324A604A6843681A434A6007
:1011A00001684A6822F480724A6001684A680369EB
:1011B00042EA03224A6001684A6822F040724A60AB
:1011C00001684A6883681A434A6001688A6822F4A1
:1011D00000628A6001688A68C3681A438A60816A0B
:1011E0006FF07062D14201688A6822F070628A6092
:1011F00001688A680CD0836A1A438A6001688A6829
:1012000022F040528A6001688A68C36A1A4301E08A
:1012100022F040528A6001688A6822F002028A60E5
:1012200001688A68037E42EA43028A6090F82010CF
:10123000002901684A680FD042F400624A600168E0
:101240004A6822F460424A6001684A68174C436A5F
:1012500004EB43331A4301E022F400624A60016860
:10126000CA6A22F47002CA620168CA6A838B104C8F
:1012700004EB03531A43CA6201688A6822F40072BD
:101280008A6001688A6890F8303042EA43228A60B6
:1012900001688A6822F480628A6001688A6840690D
:1012A00042EA8020886010BD0023014000E0FFFF7B
:1012B0000000F0FF05480068C16841F01001C160FE
:1012C00080220349014803F091BF00002C14002044
:1012D0001C83002001221021014801F0A1BF000061
:1012E0000000024000221021014801F099BF0000D7
:1012F000000002407047000001221146014801F041
:101300008FBF00000004024000220121014801F0CB
:1013100087BF00000004024030B5437804781B0208
:101320001BB2234300EE103A1B4CB8EEC00AD4EDBA
:10133000000A20EE200A81ED000AC37885781B029E
:101340001BB22B4300EE103AF8EEC00A94ED000AEF
:1013500060EE800AC1ED010A437904791B021BB2D9
:10136000234300EE903AF8EEE00A20EE800ADFED2B
:101370000B0A81ED020A017AC3790904807941EAF6
:101380000321014300EE101AB8EE400A20EE200AB5
:1013900082ED000A30BD0000B800002000401C4271
:1013A00070470BF06BBE0BF01DBB000010B5427810
:1013B0000378120212B21A4300EE102A124BB8EE52
:1013C000C00AD3ED010A20EE200A81ED000AC2789E
:1013D0008478120212B2224300EE102AF8EEC00AFC
:1013E00093ED010A60EE800AC1ED010A42790079AD
:1013F000120212B2024300EE902AF8EEE00A20EE4A
:10140000800A81ED020A10BDB800002010B5FFF778
:1014100071FFFFF7C5FF0BF025F808B1802402E04B
:101420000AF08CFF04460BF0E9F910B144F04000DB
:1014300010BD0BF075F9204310BD00002DE9FC41F3
:101440000546002016460C4600900190FFF74AFF23
:10145000922000F0BDF806226946122000F09AF8AA
:10146000FFF738FF9DF801009DF80010000200B260
:10147000084300EE100A464FB8EEC00AD7ED000A46
:1014800020EE200A84ED000A9DF803009DF802106A
:10149000000200B2084300EE100AF8EEC00A97ED11
:1014A000000A60EE800AC4ED010A9DF805009DF86F
:1014B0000410000200B2084300EE900AF8EEE00AC1
:1014C00020EE800A84ED020AFFF71EFF082269461B
:1014D000002000F05FF8FFF70FFF9DF800000F28D5
:1014E00030D19DF803009DF80210000200B20843BD
:1014F00000EE100AD7ED010AB8EEC00A20EE200A6D
:1015000085ED000A9DF805009DF80410000200B268
:10151000084300EE100AF8EEC00A97ED010A60EEEB
:10152000800AC5ED010A9DF807009DF8061000022B
:1015300000B2084300EE900AF8EEE00A20EE800ABE
:1015400085ED020AFFF7CEFEA22000F041F802224C
:101550006946222000F01EF8FFF7BCFE9DF800004F
:101560009DF80110C00040EA5110B0F5806F01DB1A
:10157000A0F5006000EE100AB4EE001AF8EEC00A02
:10158000B3EE070A00EE810A86ED000ABDE8FC8191
:10159000B800002070B514460D4640F0800000F001
:1015A00017F806E0552000F013F8641E05F8010B4B
:1015B000E4B2002CF6D170BD10B50C4640F08000AE
:1015C00000F006F8552000F003F8207010BD000070
:1015D00001B582B04FF47A700090012301AA02A9EC
:1015E000024802F0B5FE9DF804000EBD6411002013
:1015F00002784078D20042EA5010B0F5806F01DBEB
:10160000A0F5006000EE100AB4EE001AF8EEC00A71
:10161000B3EE070A00EE810A81ED000A704710B5AB
:101620000C46FFF7D5FF2046BDE81040FFF7D0BFBE
:10163000FEE70000014801F08CB80000980F002080
:10164000014801F086B80000C00F002038B50546FB
:101650001424286801F067F8032802D2641EE4B25B
:10166000F7D26B4605F11C02291D286800F0F2FE36
:1016700038BD0000012814D0022814D10A4B002BD9
:1016800011D00A48E0E80131110A017642760021C2
:101690008176C176017741778177C1770348FFF77B
:1016A000D5BF034BEBE77047C00F0020FC000020C4
:1016B000980F00200848DFED090A40F2666190EDBE
:1016C000090A20EE200ABDEEC00A10EE100A02B28E
:1016D0000120FFF7CFBF00008479002000007A448A
:1016E000F0B40128DDE9046517D0022817D10D4CAC
:1016F000002C14D00C48E0E80141110A0176427632
:10170000190A8176C376310A01774677290A8177EB
:10171000C577F0BC0448FFF799BF044CE8E7F0BC7C
:1017200070470000C00F0020FC000020980F002030
:10173000124A10B5506800011ED5114B114C4FF0E4
:101740000061586B0068A04202D90E484C3805E091
:101750000A4CB834A04203D90A485038016006E068
:10176000064C5834A04201D9D16000E0916018685D
:10177000016841F40071016010BD0000006002408A
:101780003C10002058640240014801F0A7BA000054
:10179000241600202DE9F05FA548A64AA54DC06C8F
:1017A000A54EA44F0068DFF890C2DFF88882DFF80A
:1017B0008892DFF880A2DFF880B2DFF878E29E4CF2
:1017C000483D60361837D1140CF1180CA8F13008D8
:1017D00009F178090AF1300A0BF1300BAEF1180E5D
:1017E00090421ED9934A543A21E0B8422ED1202289
:1017F00008E0504531D10A4604E04FF4001201E000
:101800004FF00062134276D08A4A90424ED9A042ED
:1018100005D0A84203D0B04201D0B8422AD120213D
:1018200041E0854AA832904203D9824A583A136867
:1018300005E0814A48329042804AF8D95368A04274
:10184000D5D0A842D3D0B042D1D0CEE76045D2D0D7
:101850004045D0D04845CED0CBE75845CDD0704597
:10186000CBD0754A90329042C7D0724A48329042EB
:10187000C6D1C2E7604516D0404514D0484512D0C5
:10188000504510D0584509D0704507D06A4990316D
:10189000884203D067494831884202D14FF4001191
:1018A00001E04FF0006163484C3829E0624AA832F9
:1018B000904227D9A04205D0A84203D0B04201D01F
:1018C000B84201D1202119E0604517D0404515D01C
:1018D000484513D0504511D0584509D0704507D020
:1018E00055499031884203D052494831884203D14A
:1018F0004FF4001102E098E04FF000614D4850387D
:1019000001604EE04C4A4832904225D9A04205D0B1
:10191000A84203D0B04201D0B84201D1202118E042
:10192000604516D0404514D0484512D0504510D0DF
:10193000584509D0704507D03F499031884203D0BF
:101940003C494831884202D14FF4001101E04FF088
:1019500000613A48C16024E0A04205D0A84203D00B
:10196000B04201D0B84201D1202118E0604516D024
:10197000404514D0484512D0504510D0584509D0A4
:10198000704507D02C499031884203D0294948310D
:10199000884202D14FF4001101E04FF00061274866
:1019A0008160274C207880070CD5207820F0020039
:1019B0002070207840F00400207001221146214858
:1019C00001F02EFC6078204D80070CD5607820F067
:1019D00002006070607840F0040060700122102105
:1019E000284601F01DFCA07880070CD5A07820F0D7
:1019F0000200A070A07840F00400A0700122102125
:101A0000284601F00DFC0BF0CBF8207840070CD5F0
:101A1000207820F004002070207840F0080020702A
:101A20000A48016841F001010160BDE8F09F000033
:101A300064110020586402401060024000600240BF
:101A4000000500200004024000000240103C01405C
:101A5000014801F043B9000064150020014801F07D
:101A60003DB900000415002001681823CAB2103ADD
:101A7000B2FBF3F2054B6FF30901032A9B5CC365CC
:101A800000D9091D8165084670470000CCEC0008AC
:101A900010B5014600208B698A6A4FF0C07453B1BB
:101AA000B3F5005F15D072B1012A0CD0022A0AD01A
:101AB000032A09D104E01AB1012A06D0022A03D16F
:101AC000C96AC90100D5012010BDC96AA142FAD076
:101AD00010BD002AF7D0012AF2D0022AF3D0032A3F
:101AE000F3D010BD30B50468256825F48025256045
:101AF000046863608368402B036803D099600068C2
:101B0000C26030BD9A600068C16030BD704700009F
:101B10000B68A3F201230A2B11D80949DBB20B7021
:101B20000849884201D1084804E00849884206D1A2
:101B30000548B03000EB0310114600F009B87047BB
:101B4000F0000020980F0020F47C0020C00F00203F
:101B500010B5044600882081088840BA2080488853
:101B600040BA6080888840BAA0808879A07101F06E
:101B70005DFBE06010BD012001F05EBA082001F0BD
:101B80005BBA102001F058BA202001F055BA72B6A5
:101B9000FEE7000070B50446B1F90200DFED1B0A54
:101BA00000EE100A9FED1B1A0D46B8EEC00A20EE9B
:101BB000200A84ED050A0888400000EE100AF8EEBD
:101BC000400A9FED130A60EE800A10EE810A84ED50
:101BD000070AA87900EE100AB8EE400A84ED080A58
:101BE000B5F9040000EE100AB8EEC00A84ED090A47
:101BF0002888608501F01AFBE968401A0A2801D993
:101C0000012000E00020207370BD00005077D63D19
:101C1000DB0F4940000000390C2903D2012803D012
:101C2000022804D0044870470348103801E00248F5
:101C3000A03000EB01107047047D0020024901EB49
:101C4000800090ED000A7047D4810020024901EB2A
:101C5000800090ED030A7047D481002010B5024641
:101C6000407878B101280DD002280ED11078C01C20
:101C7000C1B29078FFF7D0FF0146BDE81040104692
:101C8000FFF788BF1078401EF2E710BD2DE9F04144
:101C9000B54C2DED048B20799FEDB40A88B1214617
:101CA00004F5047505F19006D1ED329A91ED2F9A65
:101CB000D83504F54C7703280BD0012841D00228F1
:101CC0007ED084ED200A84ED0E0ABDEC048BBDE8C5
:101CD000F08184ED260AB0EE491AF0EE690A3C3430
:101CE0000AF0A5FE84ED170ADFEDA10AC4ED180A7B
:101CF00094F91C0094ED1A1A00EE900A3046F8EEA2
:101D0000E00A20EE811AF0EE400AB0EE410A07F038
:101D1000ABFE84ED140A94F91C0094ED1D1A00EE3C
:101D2000900A2846F8EEE00A20EE811AF0EE400A0A
:101D3000B0EE410A07F098FE84ED110A54ED060A50
:101D4000FBE08C4FB7F90200FFF7DDF89FED8A1B2F
:101D500053EC112BFFF765F841EC180BD4F8980001
:101D60003C34FFF7E1F853EC182BFFF754F8FFF77A
:101D7000EEF800EE100AB0EE491A84ED170AF0EE04
:101D8000690A0AF054FE84ED170A54F83C0CB0F9C5
:101D90000400FFF7B8F89FED7A1B53EC112BFFF707
:101DA00040F841EC180B206EFFF7BEF853EC182BEF
:101DB000FFF731F8FFF7CBF82066B7F9000000E035
:101DC00066E0FFF7A0F89FED701B53EC112BFFF7B7
:101DD00028F8FFF7BCF800EE100A6D4804F060FD2B
:101DE0006B4F97ED010A9FED6B1ADFED6B0A0AF05E
:101DF0001EFE87ED010AD4ED180A30EEC00A84ED0C
:101E0000180A54F83C0CB0F904004042FFF77BF884
:101E10009FED621B53EC112BFFF703F8FFF797F8C8
:101E200000EE900A5F48C4ED020A94ED1E0A07F026
:101E30001BFE14F92C0C00EE900AF8EEE00A20EEDE
:101E4000200A04ED010A94F91C00D4ED1A0A00EEF0
:101E5000100A3046B8EEC00A20EE200AD4ED170A68
:101E600007F002FE84ED140A94F91C0094ED1D1A8B
:101E700000EE900A2846F8EEE00A20EE811AF0EE15
:101E8000400AB0EE410A07F0EFFD84ED110A1CE7AD
:101E9000454991F8800040B191ED240AB1EE400A25
:101EA00084ED260A91ED210A08E091F881203AB1EB
:101EB00094ED290A84ED260A94ED2A0A84ED270A76
:101EC00081F8810094ED260AB0EE491AF0EE690A15
:101ED0003C340AF0ACFD84ED170A94ED180AB0EE1C
:101EE000081AF8EE080A0AF0A2FD84ED180A94F91F
:101EF0001C00D4ED1A0A00EE100A3046B8EEC00AF3
:101F000020EE200AD4ED170A07F0AEFD84ED140A86
:101F100094F91C0094ED1D1A00EE900A2846F8EE84
:101F2000E00A20EE811AF0EE400AB0EE410A07F016
:101F30009BFD84ED110AD4ED1B0A94ED180A0AF0FA
:101F4000F9F9F0EE400A94ED1B0A164870EE200AEB
:101F5000D830C7ED060AD4ED1E0A07F0CDFE97ED86
:101F60000E0A04ED010AB0E68479002000000000AA
:101F700048B1E73E547E0020F168E388B5F8F43EAE
:101F8000691D554D1075FF3E691D554D10750F3F6C
:101F9000E80000200AD7233D0AD723BD9A999999D2
:101FA0009999B93FDC7B00208082002070B52DED2F
:101FB000028B82B00AF0DAFD3B4C9FED3C0AF0EE5A
:101FC000080A206084ED260A84ED270A84ED290A98
:101FD00084ED2A0A84ED2C0A84ED2D0A9FED340A43
:101FE000354A84ED2F0A9FED330A002184ED320A31
:101FF000B2EE0E0A04F5047007F0CAFD9FED308AB8
:102000002D4ADFED2E0AB0EE480A0C32002104F50D
:10201000167007F0BDFD284AF1EE040AB3EE040A7B
:102020001832002104F5287007F0B2FD224ADFEDD6
:10203000250AB0EE480A2432002104F53A7007F070
:10204000A7FD9FED210A214804F03EFCF0EE482A4E
:102050009FED1F2ADFED1F1A9FED1F1AF2EE040AF3
:102060009FED1E0A04F54C7007F028FE012600259E
:10207000CDE90065B7EE000A02233246314604F18D
:10208000080005F073F90223CDE90065B7EE000AF8
:102090001A46194604F1500005F068F9257165717A
:1020A00002B0BDEC028B70BD8479002000000000FE
:1020B0009A99993E9A9999BE0CED000800409C456A
:1020C0000000804600C0DA456666663FE8000020F2
:1020D000CDCC4C3F0020CB4517B7D1380000A042F3
:1020E00010B51448FFF7BAFD12484830FFF7B6FDA7
:1020F0000020FFF7A3FD0F4C0220083C84ED290AC5
:1021000004F5C874FFF79AFD04ED3A0A0020FFF7C2
:102110009DFD04ED380A0220FFF798FD04ED370A13
:102120000CF0CAFBA16F401AE0670CF0C5FBA0677A
:1021300010BD00008C7900200F4A134611795879A0
:1021400093ED2A0A012906D0D3ED290A022907D0E6
:10215000032908D00DE001280BD0DFED080A04E0C8
:10216000022802D105E0032803D0C2ED260A82ED41
:10217000270A517170470000847900200000000098
:102180007CB50024114D0094019495ED0E0A4FF496
:10219000FF762346BDEEC00A314610EE100A02B2A9
:1021A0000120FFF79DFA0094019495ED200A00228A
:1021B0003146BDEEC00A10EE100A03B20220FFF74E
:1021C0008FFABDE87C40FFF775BA000084790020E3
:1021D0000F4A00231068C17A022906D0012907D0CE
:1021E00003290FD0012906D000E0807A13717047CF
:1021F000817A022904D0807A0128F7D1022005E0F3
:10220000012003E0807A0228F0D10320107170478A
:102210008479002078B50024009490F83C20012AAD
:1022200019D0012280F83C200A6807250368092A92
:1022300013D9DE680A3A02EB42029540AE43DE60F3
:102240000A788B680A3A02EB420293400268D5682A
:102250002B43D36010E0022078BD1E6902EB4202DE
:102260009540AE431E610A788B6802EB42029340B0
:10227000026815692B4313614A681F25072A13D288
:1022800003685E6B521E02EB82029540AE435E63B2
:102290000A8893B20A79521E02EB820293400268C6
:1022A000556B2B43536327E003680D2A12D21E6B34
:1022B000D21F02EB82029540AE431E630A8893B29E
:1022C0000A79D21F02EB820293400268156B2B43FE
:1022D000136311E0DE6A0D3A02EB82029540AE43D1
:1022E000DE620A8893B20A790D3A02EB82029340C9
:1022F0000268D56A2B43D362164B0568144A9D4287
:1023000006D10D68122D03D1556845F4800555603E
:1023100005689D4218D10B68102B01D0112B13D1E9
:10232000536843F400035360096810290CD10A492B
:102330000A4A0968B1FBF2F101EB8101490000E0B2
:10234000491E00910029FBD180F83C40002078BD57
:1023500000230140002001402C00002040420F00DB
:1023600070B504004FF0000603D0206C002510B1BA
:1023700007E0012070BD204600F01CF8656484F879
:102380003C50206CC00610D4206C20F4885040F0E3
:10239000020020642046FEF7F9FE6564206C20F000
:1023A000020040F00100206400E0012684F83C5067
:1023B000304670BD10B586B0044614216846FEF75D
:1023C00077FC174B206800221649984209D108680B
:1023D00040F480700860086800F48070059006B0D2
:1023E00010BD114B9842FAD1086840F48060086033
:1023F000086800F4806005900A481438016841F0CC
:10240000200101600068694600F020000590181561
:1024100000900320CDE90102044800F019FEDEE738
:1024200000200140443802400022014000140240D4
:1024300090F82020012A07D0022A05D0416A41F4F1
:102440008021416201207047006842690A4342616D
:1024500000207047F0B590F820500468A468012D62
:1024600005D0022D03D0416A41F4802157E014F0D9
:10247000406F01D1E5004FD5C4F301640125A540AB
:102480001D608B684FF4C0759BB1CE6833434E68B6
:1024900043EAC603066805EB0417F3514FF4C27311
:1024A000076803EB04130E69FE50097D012905D06E
:1024B00009E00E88CB6843EA4653EBE70168CE5843
:1024C00046F48076CE501179D379567941EA03618A
:1024D00093791B0443EA062319434FF4C676036835
:1024E00006EB041699511178D37841EA0361937889
:1024F00052781B0443EA022211434FF4C47302686A
:1025000003EB0413D150006805EB0411425842F06C
:10251000010242500020F0BD416A41F400114162C5
:102520000120F0BD10B590F82020012A07D0022A22
:1025300005D0416A41F480214162012010BD3B4831
:10254000D0F8002242F00102C0F80022D0F80022A8
:1025500022F47C52C0F80022D0F800224B6A42EAF2
:102560000322C0F800220A7D02F01F0301229A40D4
:10257000D0F81C329343C0F81C32CB69B3B9D0F801
:102580000C329343C0F80C328C894B6864F31F43C0
:102590004C6900EBC404C4F840320C890B6864F346
:1025A0001F434C6900EBC404C4F84432CB69012BCF
:1025B00016D1D0F80C321343C0F80C320C884B689B
:1025C00064F31F434C6900EBC404C4F840320C8927
:1025D000CB6864F31F434C6900EBC404C4F8443275
:1025E0008B69002BD0F804320ED01343C0F80432AC
:1025F0000B69002BD0F8143208D01343C0F8143202
:10260000096A012904D008E09343EFE79343F5E713
:10261000D0F81C121143C0F81C12D0F8001221F09F
:102620000101C0F80012002010BD0000006400404D
:10263000704770B590F82040012C05D0022C03D0D3
:10264000416A41F4802128E0046809B32469A407A1
:1026500020D04FF4D874056804EB01142D5915F0FF
:102660000405956005682D591AD0ED085560056878
:102670002C5904F00204D4604FF4DA74056804EBBA
:1026800001142E5906F00F06082E0CD308250DE074
:10269000E468DCE7416A41F400114162012070BD49
:1026A0006D0D1560E3E72D5905F00F0515610568FF
:1026B0002D59C5F30725956105682C59240C5461E3
:1026C0004FF4DC72046802EB0112A4581C70046819
:1026D000A458240A5C700468A458240C9C700468F4
:1026E000A258120EDA704FF4DE72046802EB011287
:1026F000A4581C710468A458240A5C710468A45886
:10270000240C9C710468A258120EDA71006829B179
:10271000016941F020010161002070BDC16841F0F4
:102720002001C160F8E70246002092F8201001293C
:1027300001D002290CD111688A68520100D501200C
:102740008A68120100D5401C8968C90000D5401C68
:1027500070472DE9F05F0546006800244669D0F80F
:1027600004908768D0F80CB0D0F810A0D0F818808A
:10277000F10748D0F90714D001218160B80703D5CB
:10278000284600F04AFA0CE0780702D54FF40064BE
:1027900007E0380702D54FF4805402E0284600F0E5
:1027A0003BFAF80516D529684FF480708860B805A3
:1027B00003D5284600F033FA0CE0780502D544F43E
:1027C000005407E0380502D544F4804402E028466E
:1027D00000F024FAF80316D529684FF48030886099
:1027E000B80303D5284600F01CFA0CE0780302D5A4
:1027F00044F4004407E0380302D544F4803402E096
:10280000284600F00DFA300707D55FEACB6004D503
:102810002968102044F40074C86070074FF008075E
:1028200007D55FEA0B7004D52868C760284600F01A
:1028300097F9B00706D52868C068800702D02846F7
:1028400000F08FF9700607D55FEACA6004D52968E1
:10285000102044F480640861B00607D55FEA0A706E
:1028600004D528680761284600F08DF9F00606D5E2
:1028700028680069800702D0284600F085F9B00377
:1028800008D55FEAC96005D5296810204860284648
:1028900000F096F9F00307D55FEA097004D52868BF
:1028A0004760284600F0BEF9300446D55FEA49701B
:1028B00040D5F00504D55FEAC87001D044F00104AA
:1028C000B00504D55FEA887001D544F002047005B4
:1028D00004D55FEA487001D544F00404300529D5D9
:1028E00018F0700F26D008F07000402815D006DCD4
:1028F000102809D020280AD0302816D10AE0502804
:102900000ED0602811D10EE044F008040DE044F030
:1029100010040AE044F0200407E044F0400404E01E
:1029200044F0800401E044F480742868816921F057
:1029300070018161296804204860002C05D0686A14
:10294000204368622846FFF773FEBDE8F09F70B52C
:10295000040003D094F8200010B104E0012070BD01
:10296000204600F081F82068016841F00101016013
:1029700000F05CFC0546052604E000F057FC401B17
:102980000A2811D820684068C007F6D0206801687E
:1029900021F00201016000F049FC05460BE000F067
:1029A00045FC401B0A2806D9606A40F4003060628A
:1029B00084F82060D2E7206840688007EFD4207E4A
:1029C0000128206801683DD021F080010160607E0F
:1029D00001282068016838D021F040010160A07E04
:1029E00001282068016833D021F020010160E07ED9
:1029F0000128206801682ED041F010010160207F7D
:102A000001282068016829D021F008010160607F59
:102A100001282068016824D021F004010160D4E974
:102A200002010843D4E90412114308436168491EB6
:102A300008432168C86100206062012084F82000FA
:102A4000002070BD41F08001C0E741F04001C5E7C2
:102A500041F02001CAE721F01001CFE741F0080161
:102A6000D4E741F00401D9E7F0B587B0044614215A
:102A70006846FEF71DF93549354ADFF8CCE00868AD
:102A8000D4F800C0324B0324022509261032002757
:102A9000401CF44521D10860012807D1106840F09E
:102AA00000701060106800F000700590186840F029
:102AB0000800186018688DE8B00000F00800CDE943
:102AC000046069460394234800F0C2FA00220521FD
:102AD000152000F053FF152031E0DFF87CE0F445CD
:102AE0002FD1D2F800C04CF0806CC2F800C0D2F8F0
:102AF00000C001280CF0806CCDF814C0086007D12C
:102B0000106840F000701060106800F000700590D0
:102B1000186840F0020018601868694600F002006A
:102B2000059060208DE8A100CDE903460B4800F038
:102B30008FFA00220621402000F020FF402000F004
:102B40000FFF07B0F0BD0000006400401C00002033
:102B500030380240000C024000680040000402408F
:102B6000704710B58AB0044607AB6A460021FFF7EC
:102B700060FD0299002904D107AA69462046FEF7A4
:102B8000C7FF0AB010BD704710B58AB0044607AB46
:102B90006A460121FFF74DFD029921B907AA69464E
:102BA0002046FEF7B5FF0098A0F5A061553903D186
:102BB00007A9024804F0B0FB0AB010BDF4000020E1
:102BC000704770B5044690F82000012804D0606A70
:102BD00040F40020606217E0022084F820002068A2
:102BE000016821F00101016000F020FB05460DE0C5
:102BF00000F01CFB401B0A2808D9606A40F4003032
:102C00006062052084F82000012070BD20684068C3
:102C1000C007EDD1606270BD704770477047704764
:102C20007047704770472DE9F0410446876D00F00A
:102C3000FDFA054694F835000026022806D08020CB
:102C4000606584F834600120BDE8F0812068016887
:102C500021F0160101602068416921F08001416185
:102C6000206C08B9A06C20B12068016821F008012F
:102C700001602068016821F0010101600CE000F0B2
:102C8000D5FA401B052807D920206065032084F869
:102C9000350084F83460D7E720680068C007EED1BB
:102CA00094F85C103F208840B860012084F835001B
:102CB00084F834600020C7E790F83510022903D06B
:102CC0008021416501207047052180F8351000689A
:102CD000016821F001010160002070472DE9F843EF
:102CE00004464FF00009CDF8009063484FF41651A8
:102CF000A56D0068B0FBF1F72E6894F85C20082100
:102D000001FA02F030420FD02068026852070BD55A
:102D1000026822F00402026094F85C008140A9601D
:102D2000606D40F00100606594F85C104FF00108A0
:102D300008FA01F0304208D021684969090604D533
:102D4000A860606D40F00200606594F85C1004209B
:102D50008840304208D021680968890704D5A860F6
:102D6000606D40F00400606594F85C1010208840AD
:102D7000304218D021680968090714D5A860206876
:102D80000168490304D50068000308D5A16C07E079
:102D90000168C90503D4016821F008010160216CB4
:102DA00009B12046884794F85C10202088403042C2
:102DB00031D021680968C9062DD5A86094F835007E
:102DC00005282068016806D0490347D5006800033C
:102DD0001DD4616C1CE021F016010160206841697E
:102DE00021F080014161206C08B9A06C20B12068FD
:102DF000016821F00801016094F85C103F208840D0
:102E0000A86084F8358084F83490216D1FE0E16B70
:102E100009B120468847606D00282BD0606DC0073F
:102E200014D0052084F835002068016821F00101E4
:102E300001600098401C0090B84203D820680068E8
:102E4000C007F6D184F8358084F83490E16C00290D
:102E500010D001B02046BDE8F04308470168C9051D
:102E6000D5D4016821F01001016084F8358084F820
:102E70003490CCE7BDE8F8832C0000202DE9F04128
:102E8000044600F0D3F905465CB1022084F8350011
:102E9000002684F834602068016821F00101016097
:102EA0000DE00120BDE8F08100F0C0F9401B0528CD
:102EB00005D920206065032084F83500F2E72068FA
:102EC0000068C007F0D121680A6820480240D4E9B0
:102ED00001031843D4E903352B43184363691843AE
:102EE000A3691843E3691843236A18431043626ACD
:102EF000042A03D1D4E90B231A4310430860206845
:102F00004069656A20F0070128460D43012704281F
:102F10000CD1A06A0543E06A40B12046FEF7B8FD37
:102F200020B14020606584F83570BAE720684561BB
:102F30002046FEF799FD94F85C203F219140816086
:102F4000666584F835700020ACE700003F8010F023
:102F50002DE9F0410446866D90F8340000250128E3
:102F60000DD0012084F8340094F835700020012F32
:102F700007D084F8340002252846BDE8F0810220FD
:102F8000FBE7022784F8357060652046FEF7AAFD4E
:102F900094F85C103F208840B0602068016841F0E0
:102FA00016010160206C20B12068016841F0080121
:102FB00001602068016841F001010160DCE7000068
:102FC00010B51B4C10281AD0202821D008282AD050
:102FD000012813D10BF062FC01280FD004F10C0181
:102FE00020690AF0D5FFE068002807D011494FF0AA
:102FF00080500860BFF34F8FBFF36F8F10BD6078B4
:1030000040F001006070A07840F00100A07003E083
:10301000207840F00100207020790028EED0BDE833
:10302000104009F0BDBDE07840F00100E07010BD37
:103030000005002004ED00E0044910B50A680242D2
:1030400002D00860FFF7BCFF10BD0000143C014037
:103050002DE9F84FDFF89C910022A9F1040B03271A
:103060004FF00F0C09F1040AABF1040E01250B68B7
:1030700095402B40AB426ED10C7904F00304012C37
:1030800001D0022C15D18668540007FA04F826EA0C
:103090000806D1F80C8008FA04F848EA0608C0F8D7
:1030A00008804468AC430D79C5F30015954025436D
:1030B00045600C79E443A40708D0C568540007FABA
:1030C00004F6B5438E68A6402E43C6600C7904F022
:1030D0000304022C11D1D40800EB8406356A54078E
:1030E000E40E0CFA04F825EA0805D1F8108008FA75
:1030F00004F848EA0508C6F820800568540007FA75
:1031000004F6B5430E7906F00306A6402E4306608A
:103110004C6814F4403F66D0374C256845F4804530
:103120002560246822F0030504F480440094334CA5
:1031300005EB0408D8F808589407260F0CFA06F493
:10314000A5432F4CA04201D1002424E02D4CA042E5
:1031500002D101241FE046E02B4CA04201D1022401
:1031600019E02A4CA04201D1032414E0284CA042CB
:1031700001D104240FE0274CA04201D105240AE02C
:10318000254CA04201D1062405E0244CA04201D1E7
:10319000072400E00824B4402C43C8F80848D9F8B4
:1031A00000404D464E689C43F60200D51C432C60FF
:1031B000DAF8004055464E689C43B60200D51C43E1
:1031C0002C60DBF800405D464E689C43B60300D59A
:1031D0001C432C60DEF8004075464E689C43F603A5
:1031E00000D51C432C60521C102AFFF43FAFBDE8F1
:1031F000F88F0000083C0140443802400030014094
:10320000000002400004024000080240000C02409E
:10321000001002400014024000180240001C02404E
:103220000AB1816170470904FBE70000014880682A
:10323000704700002000002070B5040025D094F8ED
:103240003D00002520B984F83C50204600F052FA99
:10325000242084F83D002068016821F0010101600C
:103260002068016841F4004101602068016821F490
:103270000041016000F00CFD4D4B6168994201D89E
:103280004C4900E04C49884201D2012070BD4B49B5
:103290002268B0FBF1F1566826F03F060E435660F7
:1032A00062689A4206D94FF4967251434FF47A728B
:1032B000B1FBF2F12268491C166A26F03F06314341
:1032C00011626168994210D84900401EB0FBF1F2CA
:1032D000521CC2F30B02042A01D2042022E0B0FBEC
:1032E000F1F0401CC0F30B001CE0A268F2B301EB4C
:1032F000C10303EB0116431EB3FBF6F35B1C43F45F
:1033000080431B0549D092B301EBC10202EB0111CE
:10331000401EB0FBF1F0401CC0F30B0040F48040B5
:1033200040F400402168CA694CF6FF739A43104389
:10333000C861D4E9071001432068026822F0C00286
:1033400011430160D4E9030101432068826848F217
:10335000FF339A4311438160D4E90510014320688B
:10336000C26822F0FF021143C16001E00EE016E0E6
:103370002068016841F0010101602564202084F883
:103380003D00256384F83E50002070BD01EB4106EE
:10339000431EB3FBF6F35B1CB3E70120C2E701EB6E
:1033A0004101401EB0FBF1F0401CC0F30B00B7E739
:1033B000A086010080841E0000093D0040420F00ED
:1033C0002DE9FF4F83B09A46DDE911879346044605
:1033D000DDF84090FFF72AFF054694F83D002028CD
:1033E00070D11923012274492046009502F0E1F8BA
:1033F0000028F5D194F83C00012863D0012084F81E
:103400003C0020680168C90703D1016841F001014F
:1034100001602068016821F400610160222084F8C5
:103420003D00402084F83E0000262664C4F8249025
:10343000A4F82A80608D20856048E062CDE900759F
:1034400053465A462046049901F0B6FF002879D128
:10345000208DD0B1012821D00228206824D04169D4
:1034600080690090208D032866D801282BD054490C
:1034700002283B464FF00002009557D08846204670
:1034800002F097F800285DD13AE02068416981692F
:103490000091016841F4007101607DE020680168DD
:1034A00021F480610160F0E7016821F4806101602E
:1034B0002068016841F40061016020684169806909
:1034C000009069E075E02A463946204602F012F97C
:1034D00088BB54E02068016841F4007101602068F5
:1034E0000069616A0870606A401C6062218D491E33
:1034F0002185618D491E618521680969017042E05D
:103500002068016821F48061016020680069616AB7
:103510000870606A401C6062208D401E2085608DAE
:10352000401E60853B46002241460095204602F041
:1035300040F800B9CEE705E02A463946204602F0B9
:10354000D9F818B1012007B0BDE8F08F20680069F4
:10355000616A0870606A401C6062208D401E81B202
:103560002185608D401E608520684269D2435207E4
:1035700012D4032903D1016821F48061016020681D
:103580000069616A0870606A401C6062208D401E9C
:103590002085608D401E6085208D00287FF462AFFD
:1035A000202084F83D0084F83E6084F83C600020D0
:1035B000C9E70220C7E70000020010000000FFFF7B
:1035C000040001002DE9FF4F83B09A46DDE9119711
:1035D00093460446DDF84080FFF728FE054694F840
:1035E0003D0020287FD11923012240492046009523
:1035F00001F0DFFF002876D194F83C00012872D05A
:10360000012084F83C0020680168C90703D10168E3
:1036100041F0010101602068016821F4006101604E
:10362000212084F83D00402084F83E0000262664D6
:10363000C4F82480A4F82A90608D20852C48E0628C
:10364000CDE9007553465A462046049901F032FFF1
:1036500070B930E02A463946204602F085F858B164
:10366000206C042804D12068016841F400710160D5
:10367000012007B0BDE8F08F606A2168007808611A
:10368000626A521C6262208D401E80B22085618D6C
:10369000491E618521684B69DB435B070BD468B128
:1036A00010780861606A401C6062208D401E208591
:1036B000608D401E6085208D0028CBD12A4639467A
:1036C000204601F04BFF0028CAD154F83D0B016899
:1036D00041F400710160202004F81E09E677667746
:1036E0000020C6E7FFE70220C3E700000200100049
:1036F0000000FFFF2DE9F04387B00546142168461E
:10370000FDF7D6FA484E474A296800244648032761
:1037100010364FF012084FF00409914219D1016898
:1037200041F002010160006802AA00F00200059069
:103730003802CDE9000882E8900269463B48FFF76D
:1037400087FC306840F400103060306800F40010EE
:1037500066E0374A914234D1016841F020010160AE
:103760000068CDE9007800F02000CDE90490CDE9B3
:10377000024769462F48FFF76BFC306840F4800031
:10378000306030682D4E00F4800005902A4830608B
:103790004FF0606070604020C6E902040001C6E995
:1037A0000404C001B461C6E9074030467462FFF703
:1037B00065FB08B1FEF7EBF96E63B56307B0BDE8D2
:1037C000F0831F4A9142F9D1016841F00401016080
:1037D000016801F004010591016841F001010160F7
:1037E0000068012400F0010005905015CDE90008A3
:1037F00002AA694682E890021248FFF729FC2002DB
:10380000CDE9000802AA694682E890020E48FFF757
:103810001FFC306840F400003060306800F40000A5
:103820000590CBE7005400403038024000040240CD
:103830000058004000140240B8600240E41000202C
:10384000005C00400008024000000240024881681D
:103850000278114481607047200000200B4810B5A9
:10386000016841F400710160016841F48061016008
:10387000016841F480710160032000F09FF80F207F
:1038800000F006F800F050F8002010BD003C0240A7
:1038900030B50546204887B00024016841F0010199
:1038A0000160006806A900F001000590684600F07C
:1038B000CFF90398B0B100F0EBF9400017494FF091
:1038C0008042B0FBF1F11648491E026040F2E73237
:1038D000C0E90324C0E90114846100F0A1FE0400E2
:1038E00003D015E000F0D4F9E8E70D4800F026FF1A
:1038F00004000DD11C2000F033F8102D07D2002257
:1039000029461C2000F03AF80648056000E0012432
:1039100007B0204630BD00004038024040420F0052
:1039200084160020240000200C4882B0016841F475
:1039300080410160006800F4804000900748001F4B
:10394000016841F0805101600068002200F0805061
:1039500000900F21901E02B000F010B844380240D1
:10396000002809DB00F01F0201219140400980007E
:1039700000F1E020C0F8001170470000F0B40E4BD9
:103980001B68C3F30223C3F10704042C00D90424E9
:103990001D1D072D01D2002300E0DB1E012606FAC3
:1039A00004F56D1E0D409D409E40761E164045EA72
:1039B0000601F0BC08F095BA0CED00E0064A00F0F4
:1039C000070110684FF6FF03184040EA0120034941
:1039D00008431060704700000CED00E00000FA059D
:1039E0002DE9F843044600684FF00109C1074FF084
:1039F000000501D1400726D5DFF80C81C8F86850D2
:103A0000FFF714FC0646414F04E0FFF70FFC801B54
:103A1000022857D838680001F7D46068217A8001FD
:103A200040EA0170394984310860C8F86890FFF7AE
:103A3000FDFB064604E0FFF7F9FB801B022841D896
:103A400038680001F7D52078800752D52F484030DC
:103A5000016841F08051016000682D4F00F08050F6
:103A60000090386840F480703860FFF7DFFB06464E
:103A700004E0FFF7DBFB801B022823D83868C00571
:103A8000F7D5224E7036306810F4407020D0A189EE
:103A900001F4407181421BD030681E4920F440700F
:103AA000C1F800900D6030603068C00710D0FFF79B
:103AB000BDFB054641F2883707E0FFF7B7FB401B27
:103AC000B84202D90320BDE8F88330688007F4D5F6
:103AD000E0680E49C0F301220831032A0BD00868C0
:103AE00020F4F81008603068A189C1F30B01084385
:103AF00030600020E7E70A68074B22F4F81218400C
:103B000002430A60EFE7000000004742003802402D
:103B100000700040400E4742FFFCFF0F2DE9F047C8
:103B20000D46040065D0DFF81491D9F80000EFB21B
:103B300000F00700A84207D289F80070D9F8000009
:103B400000F00700A84254D120683D4E810712D5ED
:103B5000400703D5306840F4E0503060207800071B
:103B600003D5306840F4604030603068A16820F0D0
:103B7000F000084330602078C0072DD030496068DD
:103B80000839012812D0022813D0032811D009685F
:103B9000890700292DDA316821F0030101433160E2
:103BA000FFF744FB804641F2883A0EE0096889033A
:103BB000EFE709688901ECE7FFF738FBA0EB0801A4
:103BC000514502D90320BDE8F0873068616800F0F4
:103BD0000C00B0EB810FEFD1D9F80010484601F08E
:103BE0000701A94207D90770006800F00700A84242
:103BF00001D00120E7E72078400705D53068E1686B
:103C000020F4E050084330602078000706D5306883
:103C1000216920F4604040EAC100306000F058F8AB
:103C20003168084AC1F30311515CC8400649086075
:103C300006480068FFF72CFE0020C4E7003C024065
:103C400008380240D4EC00082C000020240000209A
:103C50000F2202600C4A136803F0030343601368E9
:103C600003F0F0038360136803F4E053C360126849
:103C70004FF4E05303EAD20202610448006800F006
:103C8000070008607047000008380240003C02400E
:103C90000448054900680968044AC1F38221515C5F
:103CA000C84070472C00002008380240E4EC0008AF
:103CB0000448054900680968044AC1F34231515C6F
:103CC000C84070472C00002008380240E4EC00088F
:103CD000154810B5006810F00C01144813D0144BAF
:103CE00004290FD008290ED10F4C241F216801F0A0
:103CF0003F022168490207D52068C0F38810A0FB65
:103D0000030106E0184610BD2168C1F38811A1FB2C
:103D100000010023FCF782FF2168C1F30141491C27
:103D20004900B0FBF1F010BD083802400024F40057
:103D3000001BB7002DE9F84F040075D02078DFF89C
:103D400038A3C007AAF1040548D00AF104000168AD
:103D5000C1F38101012908D00068C0F38100022865
:103D60000AD1DAF80000400206D52868800335D56C
:103D700060680028E1D031E06068B0F5803F10D085
:103D8000B0F5A02F286810D020F480302860286873
:103D900020F4802028606068A0B1FFF747FA06464B
:103DA0000CE0286840F48030F4E740F4802028607C
:103DB000F7E7FFF73BFA801B642871D82868800377
:103DC000F7D50BE0FFF732FA064604E0FFF72EFACC
:103DD000801B6428F1D828688003F7D42078DFF8A6
:103DE0009C9280074FF0000B3DD5A348001D016851
:103DF00011F00C0F08D00068C0F3810002280AD12E
:103E0000DAF80000400206D42868800715D5E0687B
:103E1000012809D111E0E068B8B10120C9F800001B
:103E2000FFF704FA064605E022E1FFF7FFF9801BE1
:103E30000228C2D828688007F7D52868216920F0B1
:103E4000F80040EAC10028600DE0C9F800B0FFF7B3
:103E5000EDF9064604E0FFF7E9F9801B02281FD8B8
:103E600028688007F7D42078000722D5824F84483D
:103E70006169703771B101210160FFF7D7F906461A
:103E800004E0FFF7D3F9801B022809D838688007BF
:103E9000F7D50EE0C0F800B0FFF7C8F9064605E018
:103EA00082E0FFF7C3F9801B02287DD838688007BD
:103EB000F7D42078400765D56F484FF000083C30B4
:103EC0000068C0000BD46C483C30016841F0805160
:103ED000016000684FF0010800F080500090694FC9
:103EE0003868C0050FD4386840F480703860FFF738
:103EF0009DF9064604E0FFF799F9801B022853D884
:103F00003868C005F7D55C4FA0686C3701280FD022
:103F10000528386810D020F001003860386820F09B
:103F200004003860A068B0B1FFF780F906460EE0E3
:103F3000386840F00100F4E740F004003860F7E72B
:103F4000FFF774F9811B41F28830814263D83868E9
:103F50008007F5D50DE0FFF769F9064606E0FFF7A3
:103F600065F9811B41F28830814254D83868800756
:103F7000F5D4B8F1000F05D03F483C30016821F07E
:103F800080510160A069B8B33B49091D0968C1F3BC
:103F90008101022946D00228584606D0C9F860009F
:103FA000FFF744F9044639E035E04F46C9F86000B0
:103FB000FFF73CF9064604E0FFF738F9801B0228BA
:103FC00029D828688001F7D4D4E907010843A16AF9
:103FD0002D4A490802EB0141626A41EA8211084315
:103FE00094F82C1040EA0161CAF8001001203866EC
:103FF000FFF71CF9044605E03CE0FFF717F9001B4A
:10400000022808D828688001F7D533E0FFF70EF9B9
:10401000001B022802D90320BDE8F88F2868800120
:10402000F4D427E00128F7D0DAF80000E26900F4C0
:10403000800191421CD1226A00F03F01914217D1C8
:1040400047F6C071626A0140B1EB821F10D1A26ACB
:104050004FF0FF3300F4403103EB5202B1EB024F5B
:1040600006D194F82C1000F07060B0EB016F01D015
:104070000120D1E70020CFE704380240000047428A
:10408000800E4742007000400000FFFF10B50400A2
:1040900002D0607F10B106E0012010BD0020207723
:1040A000204600F041F8022060772068C168C943CB
:1040B000C90632D5CA214162216853204862204690
:1040C00005F0C4FD20BB20688168164A114081605C
:1040D0002068816862681143D4E904231A431143BC
:1040E00081602168E068086120680169228941EAED
:1040F00002410161204605F0CCFD48B921680A6CF7
:1041000022F480220A6421680A6CA3691A430A64B3
:104110002268FF21516208B110BD002001216177A2
:1041200010BD0000BFFF8FFF1FB50021009101915E
:10413000029103910068084988420CD10220009046
:10414000064803906846FFF74BFC08B1FDF71FFDDA
:104150000349012008601FBD0028004000031E0025
:104160003C0E474270B505460A482968C860FFF70B
:104170005DF804464FF47A7606E0FFF757F8001B27
:10418000B04201D9032070BD2868C0688006F4D50C
:10419000002070BD5F7F010070B5040009D0606A27
:1041A000002540B125616561A56294F8510040B1D8
:1041B0000CE0012070BD6068B0F5827FF4D0E5614D
:1041C000F2E784F85050204600F044F8022084F8CA
:1041D00051002068016821F040010160A088218918
:1041E00000F4827001F404410843A18901F40061E4
:1041F0000843217C01F002010843217D01F0010107
:104200000843218B01F400710843217F01F038013C
:10421000084394F8201001F080010843218D01F437
:104220000051084321680860A069042101EA104098
:1042300094F8241001F010010843216848602068B8
:10424000C16921F40061C1616565012084F85100F4
:10425000002070BD2DE9F04387B004461421684664
:10426000FCF726FD34492068884261D13348002597
:10427000016841F480510160006800F480500590AD
:104280002E481438016841F002010160016801F014
:1042900002010591016841F00101016000680226F8
:1042A00000F001000590182001274FF003084FF09F
:1042B00005098DE8C10369462148FEF7C9FE802043
:1042C0008DE8C10369461F48FEF7C2FE1F4E1E4817
:1042D0004FF0C0673060C6E901754FF48068C6E9E9
:1042E000035875617812B561C6E9075030467562AA
:1042F000FEF7C4FD08B1FDF74AFCE664B463134E53
:10430000114860361830E6E802074020A6E821018F
:10431000C00246F81459B561C6E907500B487562EA
:104320006030FEF7ABFD08B1FDF731FCA664B46365
:1043300007B0BDE8F083000000300140443802407F
:10434000000402400000024040640240BC11002012
:104350002DE9FF4F81B01F469346044601250E9E6E
:10436000FEF764FF804694F851006168012806D08A
:10437000B1F5827F3CD1A168C9BB042838D102982D
:10438000002870D0BBF1000FFBD0002FF9D094F8BB
:10439000500001282CD04FF0010A84F850A094F866
:1043A0005100042802D0052084F851004FF0000984
:1043B000C4F85490C4F838B0E787A78702992163FE
:1043C000E786A786C4F84090C4F844902068016846
:1043D000490603D4016841F040010160E068B0F58E
:1043E000006F606808D0E8B3012F47D07DE0FFE799
:1043F000022005B0BDE8F08F08B1012F37D1206B46
:1044000021680088C860206B801C2063E08E401EFD
:10441000E0862CE02068816889070DD5E18E59B1CE
:10442000012D09D1216B0988C160206B801C20639C
:10443000E08E401EE086002520688168C9070BD009
:10444000E18F49B1C068A16B0880A06B801CA0639C
:10445000E08F401EE0870125FEF7E8FEA0EB080094
:10446000B04201E00AE064E001D3701C4ED1E08E5E
:104470000028CFD1E08F0028CCD13CE0206B216810
:1044800000780873206B401C2063E08E401EE0869D
:104490002BE02068816889070DD5E18E59B1012D87
:1044A00009D1216B09780173206B401C2063E08ED9
:1044B000401EE086002520688168C9070BD0E18F87
:1044C00049B1C068A16B0870A06B401CA063E08F6D
:1044D000401EE0870125FEF7A9FEA0EB0800B042D0
:1044E00002D3701C01D011E086B1E08E0028D0D13B
:1044F000E08F0028CDD142463146204606F01EFE10
:1045000050B12020606584F8509012E084F851A0EA
:1045100084F8509003206CE7A06818B92068C1683F
:104520008068009084F851A084F85090606D002855
:10453000F1D001205DE77047704710B590F83C203E
:10454000012A22D0012280F83C20CA688C6822F41B
:10455000407222434C6822F4806222430C6822F4A9
:10456000006222430C6922F4805222434C6922F4F7
:1045700000522243C969002322F480420A430168A1
:104580004A6480F83C30002010BD022010BD0000BD
:1045900070B590F83C20012A32D0012580F83C50BB
:1045A000022280F83D2002685368946823F0700668
:1045B0000B6833435360134B02689A4214D0B2F134
:1045C000804F11D0104B9A420ED0104B9A420BD014
:1045D0000F4B9A4208D00F4B9A4205D00E4B9A428D
:1045E00002D00E4B9A4204D1496824F0800319434B
:1045F000916080F83D50002180F83C10084670BD65
:10460000022070BD0000014000040040000800408E
:10461000000C004000040140004001400018004030
:1046200010B5040003D094F83D0010B107E001205C
:1046300010BD002084F83C00204600F01FF8022046
:1046400084F83D00211D206806F0D2FF012084F887
:10465000460084F83E0084F83F0084F8400084F867
:10466000410084F8420084F8430084F8440084F850
:10467000450084F83D00002010BD000008B500682A
:104680002749284A884207D1106840F0010010608D
:10469000106800F001000BE02249234B091F9842EB
:1046A00008D1086840F002000860086800F00200C5
:1046B000009008BD1D4B984207D1086840F00400E7
:1046C0000860086800F00400F2E7194B984207D12F
:1046D000086840F008000860086800F00800E7E794
:1046E0001449884211D1106840F00200106010682F
:1046F000002200F00200009005212B20FFF73EF978
:10470000BDE808402B20FFF72BB90B498842D0D1D8
:10471000106840F400301060106800F40030C7E703
:1047200000000140443802400004004000080040FE
:10473000000C0040000401400044014090F83D108E
:10474000012901D001207047022180F83D10016845
:10475000CA6842F00102CA6000681149884214D058
:10476000B0F1804F11D00F4988420ED00E498842D7
:104770000BD00E49884208D00D49884205D00D491A
:10478000884202D00C49884204D1816801F00701B7
:10479000062903D0016841F0010101600020704743
:1047A000000001400004004000080040000C0040F0
:1047B00000040140004001400018004070B504466C
:1047C00090F83C000025012817D0012684F83C60B1
:1047D000022084F83D002068826822F0770222F4EB
:1047E0007F4282600868502838D00DDC20284FD0E6
:1047F00005DC90B3102811D14AE0022070BD3028AA
:1048000046D040280AD13BE060282FD070280DD038
:10481000B0F5805F03D0B0F5005F12D0012584F8B9
:104820003D60002084F83C00284670BDCB68D1E98B
:104830000121206806F044FF2068816841F077017B
:1048400009E0CB68D1E90121206806F039FF206832
:10485000816841F480418160E1E719E0CA684968F4
:10486000206807F001F85021206806E0CA6849680E
:10487000206807F00AF86021206806F02BFFCEE7D9
:10488000CA684968206806F0EFFF40212068F4E715
:10489000226801461046F0E770472DE9F0410446D2
:1048A0000068C66805694FF00007A90713D5B1076E
:1048B00011D5F91E016101202077206880698007E9
:1048C000204602D0FFF7E8FF04E000F031F920466F
:1048D00000F0C3F92777680716D5700714D521684B
:1048E0006FF004000861022020772068806910F4CE
:1048F000407F204602D0FFF7CFFF04E000F018F918
:10490000204600F0AAF92777280715D5300713D5D8
:1049100021686FF008000861042020772068C069D2
:104920008007204602D0FFF7B7FF04E000F000F94F
:10493000204600F092F92777E80616D5F00614D540
:1049400021686FF010000861082020772068C06996
:1049500010F4407F204602D0FFF79EFF04E000F0F5
:10496000E7F8204600F079F92777E80708D0F00744
:1049700006D021686FF001000861204600F06EF952
:10498000280608D5300606D521686FF0800008613A
:104990002046FFF7D0FD680608D5700606D52168C9
:1049A0006FF040000861204600F05FF9A8060AD5C4
:1049B000B00608D521686FF0200008612046BDE8E8
:1049C000F041FFF7B9BDBDE8F08100002DE9F041ED
:1049D00086B0044614216846FCF76AF9474A206805
:1049E000474902240125904210D1086840F0100088
:1049F00008600868694600F0100005904FF4D44044
:104A00008DE831003F48CDE9034513E03E4ADFF829
:104A1000FC80904213D1086840F0040008600868E8
:104A2000694600F00400059090158DE8310003946C
:104A300040460494FEF70CFB06B0BDE8F081344A12
:104A4000032690420ED1086840F00800086008680C
:104A5000694600F00800059010148DE871002D489B
:104A60000494E7E72C4A904210D1086840F0800097
:104A700008600868694600F0800005904FF4E05037
:104A80008DE83100039425480494D3E7244A402755
:104A9000904220D1086840F480700860086800F4F3
:104AA00080700590086840F004000860086800976E
:104AB000CDE9014500F00400CDE9046069460394A6
:104AC0001848FEF7C5FA0097CDE90145CDE9034640
:104AD00069464046AEE7144A9042ADD1086840F0BE
:104AE0002000086008680097CDE9014500F020002B
:104AF000CDE90460694603940C489BE7000001403F
:104B0000303802400010024000040040000802401B
:104B100000080040000C0240000C0040001C024055
:104B20000004014000200240004401400014024003
:104B3000704770B5044690F83C0000260D460128E9
:104B40000FD0012084F83C006AB1042A1DD0082A45
:104B50002FD00C2A3FD00126002084F83C0030469C
:104B600070BD022070BD206806F0BCFD2068816920
:104B700041F0080181612068816921F004018161AF
:104B8000206881692A69114311E0206806F0DAFD86
:104B90002068816941F4006181612068816921F4A4
:104BA00080618161206881692A6941EA022181610D
:104BB000D2E7206806F0FCFD2068C16941F00801D9
:104BC000C1612068C16921F00401C1612068C16927
:104BD0002A69114311E0206806F01EFE2068C169B1
:104BE00041F40061C1612068C16921F48061C16143
:104BF0002068C1692A6941EA0221C161ACE710B5A8
:104C0000040003D094F83D0010B107E0012010BD6E
:104C1000002084F83C00204600F01EF8022084F8B2
:104C20003D00211D206806F0E3FC012084F84600C9
:104C300084F83E0084F83F0084F8400084F8410086
:104C400084F8420084F8430084F8440084F8450066
:104C500084F83D00002010BD704770470068B0F137
:104C6000804F01D1FEF7F2BD70477047704710B515
:104C700004460068406994F84110C0F3C01021292F
:104C800011D180B12068143050E8001F21F080015C
:104C900040E80012002AF5D1A06B08B1FDF7C3FF70
:104CA000204606F0CFFE2068406994F84210C0F319
:104CB0008010222911D180B12068143050E8001FE3
:104CC00021F0400140E80012002AF5D1E06B08B164
:104CD000FDF7A9FF204606F08EFE002010BD7047AC
:104CE000F8B5016804460868CA684B6910F00F0FF0
:104CF0004FF0000559D003F0010602F490773743D6
:104D000065D0C10705D0D10503D5616C41F0010123
:104D10006164410705D5D90703D0616C41F00201F8
:104D20006164810705D5D90703D0616C41F00401A6
:104D30006164010707D502F02001314303D0616CA3
:104D400041F008016164616C00293AD0800604D505
:104D5000900602D5204606F083FE20684069616C0B
:104D6000C0F38010090700D460B3204606F043FE6C
:104D700020684069400621D52068143050E8001FA3
:104D800021F0400140E80012002AF5D1E06BA8B103
:104D900072490165E06BFDF78FFF002811D0E06BD1
:104DA000016D01B0BDE8F040084783060FD59306BA
:104DB0000DD52046BDE8F84006F052BE2046FFF76C
:104DC0008EFFF8BD2046FFF78AFF6564F8BD266BAD
:104DD0002023012E7ED1C6067CD5D6067AD508685A
:104DE0004868009048694FF0020640064DD5E26BD6
:104DF000106840684FF480770004000C3AD0A18D11
:104E0000814237D9E085D069B8422DD020680C3076
:104E100050E8001F21F4807140E80012002AF5D10B
:104E20002068143050E8001F21F0010140E8001212
:104E3000002AF5D12068143050E8001F21F040010D
:104E400040E80012002AF5D184F84230256320683A
:104E50000C3050E8001F21F0100140E80012002A39
:104E6000F5D1E06BFDF7DFFE6663A08DE18D401AA2
:104E700081B206E0A18D8142A8D1D069B842A5D106
:104E800066632046FFF7F2FEF8BDA08DE18D401A63
:104E900081B2E08D0028F7D00029F5D020680C30D1
:104EA00050E8002F22F4907240E80027002FF5D13F
:104EB0002068143050E8002F22F0010240E800275B
:104EC000002FF5D184F84230256320680C3050E87B
:104ED000002F00E006E022F0100240E80023002B43
:104EE000F3D1CDE705062BD5150629D594F8410059
:104EF0002128C9D1A068B0F5805F01D12069B0B187
:104F0000206A411C2162216800784860E08C401EC4
:104F10000004000CE084B7D12068C16821F0800152
:104F2000C1602068C16841F04001C160F8BD206ADD
:104F30000088C0F308004860206A801C2062E5E712
:104F40004006F3D55006F1D5CA68204622F040024B
:104F5000CA6084F8413000F09DF9F8BDAFB8000890
:104F600070B5040004D094F84100002510B106E0AB
:104F7000012070BD84F84050204600F023F8242022
:104F800084F841002068C16821F40051C1602046C6
:104F900006F0C8FD2068016921F490410161206894
:104FA000416921F02A0141612068C16841F4005142
:104FB000C1606564202084F8410084F84200656384
:104FC000002070BD2DE9F04786B0044614216846E4
:104FD000FBF76EFE7A48DFF8E4811438D4F800C09D
:104FE000774B022703210722002506154FF0006AA0
:104FF000C44562D1D3F800C04CF0100CC3F800C017
:105000001B6803F010030593036843F00203036079
:10501000036803F002030593036843F00103036090
:105020000068894600F0010005908020CDE9000766
:10503000CDE902599046694604926248FEF708F8A5
:105040007010CDE90007CDE902596946CDF810800E
:105050005D48FDF7FDFF5E4F5C48D046E7E8020A79
:10506000402061C75A4847F81459BD61FD613D624F
:105070007D62FDF703FF08B1FCF789FDA763BC6300
:10508000534F5248603730383860C7E90185C7E967
:1050900003567D61BD61FD613D6238467D62FDF76D
:1050A000EDFE08B1FCF773FDE76300220521252022
:1050B000BC63FEF763FC25203FE0DFF81881C445A0
:1050C00040D13F4B1B1FD3F800C04CF4802CC3F8D9
:1050D00000C01B6803F480230593036843F00403B6
:1050E00003600068029500F004000590CDE903120A
:1050F0004FF44060CDE9000769463748FDF7A8FF47
:10510000334F3648C0373860C7E901A5C7E90356B1
:105110007D614FF40030BD61C7E9075038467D62BC
:10512000FDF7ACFE08B1FCF732FDE7630022042175
:105130002720BC63FEF722FC2720FEF711FC06B0F7
:10514000BDE8F087264A9445F9D11A6842F020025A
:105150001A601A6802F020020592026842F04002CA
:1051600002600068029500F0400005904FF4844012
:10517000CDE900070820CDE9031069461948FDF77D
:1051800067FF1248184F903838608005C7E901055D
:10519000C7E903567D61BD61FD613D6238467D62B0
:1051A000FDF76CFE08B1FCF7F2FCE7630022052175
:1051B0004720BC63FEF7E2FB4720BEE7001001403A
:1051C000443802400004024000000240B86402403B
:1051D00004150020004800400008024028600240FA
:1051E00000140140001802402416002090F84230BC
:1051F000202B01D00220704721B11AB10023036394
:1052000006F016BD012070477047704737B5044659
:1052100090F84100202801D002203EBD019901B341
:10522000FAB12162A284E28400206064212384F820
:105230004130A56B144BEB63A56B144B2B64A56B32
:10524000134BEB64A36B186520681346A56B021D16
:105250002846FDF77DFE30B110206064202084F8E0
:10526000410001203EBD21686FF0400008602068C9
:10527000143050E8001F41F0800140E80012002A7D
:10528000F5D100203EBD0000ABB90008EDB9000823
:10529000BDB8000800680349884202D102490120D4
:1052A00008707047001001400000002070470000A7
:1052B00070B504460020334D2074A27B28886168B5
:1052C0004243D4F8F400FBF7DAFCA17B2888414381
:1052D0006068FBF7EDFC00202BE0D4F8F41001EB44
:1052E000800292ED000AB5EEC00AF1EE10FA1ED06F
:1052F000227C01EB820181ED000A227C616A8854E4
:10530000A169227B01EB8001237C91ED000A616998
:10531000095C12FB03116FF0030202EB8101D4F868
:105320000C21114481ED000A217C491C2174401C90
:10533000C0B2A17B8142D0D8002010E0636AE2694C
:105340001B5C02EB830292ED000A10FB0101D4F812
:105350001821401C02EB8101C0B281ED000A217CC2
:105360008142EBD8C8B224F8780F14F86C0C608036
:1053700020816181218361832084618424F8301C31
:1053800070BD0000B4000020FEE701684A69D24306
:1053900052050FD46FF480624A61002140F8301F3B
:1053A000202242738173026942F004020261017398
:1053B00001207047002070472DE9F84F044600682F
:1053C00089460B9E01689846174641F4806101604A
:1053D0002068016841F48071016000964FF0011B64
:1053E0000022594620460A9B00F0E3F84FF4007A69
:1053F00040B120680068C00501D5C4F840A0032072
:10540000BDE8F88F216809F0FE000861334628499D
:1054100020460A9A00F011F9F0BB206841698069C2
:105420000090324620460A9900F09EF940B1206C67
:1054300004283AD12068016841F40071016034E029
:10544000FDB2B8F1010F09D02168380A086132466F
:1054500020460A9900F088F90028E8D12068056103
:10546000324620460A9900F07FF90028DFD12068F3
:10547000016841F48071016000960022594620467F
:105480000A9B00F096F80028B3D1216809F0FF00CC
:1054900040F00100086100E007E03346044920467F
:1054A0000A9A00F0CAF80028AAD00120A8E7000054
:1054B000020001002DE9F843044600680D46DDE9CD
:1054C000089701689846164641F4807101604B4682
:1054D00000224FF001112046009700F06AF848B111
:1054E00020680068C00502D54FF4007020640320D6
:1054F000BDE8F883216805F0FE0008613B464A4696
:105500001549204600F099F888B9206841698069FA
:1055100000903A464946204600F026F948B1206CF2
:10552000042804D12068016841F400710160012061
:10553000DEE7F5B2B8F1010F09D02168300A086141
:105540003A464946204600F00FF90028E7D1206886
:1055500005610020CCE700000200010070B516468E
:105560000D4604461EE02046FFF70FFF08B101205C
:1055700070BD681C16D0FDF759FE801BA84200D8EC
:1055800085B920684069C04340070BD5002044F826
:10559000300F20216173A073216941F02001216146
:1055A0002073E4E720684069C0434007DBD4002053
:1055B00070BD2DE9F0471E4690460D460446C1F3E6
:1055C0000747DDF8209026E0701C24D0FDF72EFE62
:1055D000A0EB0900B04200D8EEB92068012F16D028
:1055E000806925EA00000004000C12D0002040452C
:1055F00011D1002044F8300F20216173A07321697C
:1056000041F02001216120730120BDE8F08740694D
:10561000E7E70120EBE72068012F0AD0806925EA3F
:1056200000000004000C06D000204045CCD0002033
:10563000EBE74069F3E70120F7E72DE9F0479846EB
:1056400016460D4604464FF000094FF0200AC1F3FC
:10565000074723E020684069C043400515D420680F
:10566000016841F40071016021686FF48060486155
:10567000C4F8309084F83DA084F83E90216C41F04D
:105680000401216484F83C9020E0701C06D0FDF7F2
:10569000CDFDA0EB0800B04203D816B1012F1ED0FB
:1056A00020E02068012F14D0806925EA0000000462
:1056B000000C17D044F8309F84F80DA084F80E90A9
:1056C000216941F02001216184F80C900120BDE89E
:1056D000F087406925EA00000004000CEAD1206848
:1056E000406901E02068806925EA00000004000CA0
:1056F000B0D1ECE72DE9F04116460D4604460027EF
:105700004FF0200829E04069C043C0060DD454F88A
:10571000301B6FF01000486144F80D7B04F81D89C0
:10572000A777206A2062277714E0FDF77FFD801BB2
:10573000A84200D88DB920684069C04340060CD506
:1057400044F8307F84F80D80A773206940F0200072
:10575000206127730120BDE8F08120684169C943B9
:105760004906D0D40020F6E770B516460D4604462B
:105770001EE02046FFF709FE08B1012070BD681C3D
:1057800016D0FDF753FD801BA84200D885B92068CC
:105790004069C04300060BD5002044F8300F20219B
:1057A0006173A073216941F0200121612073E4E756
:1057B00020684069C0430006DBD4002070BD0000B3
:1057C00010B52A4C2DED028B04F5B070B7EE008AAF
:1057D00080EC030A00209FED260A84ED5D0A84F820
:1057E000340111EE900AB0F17E5F01DDF0EE481A4F
:1057F000C4ED5E1A0323002206211C489C3400F0ED
:105800008BFCE06C9FED1B0A902280ED008AE06C1F
:105810001D4980ED010AE06C80ED020AE06C80ED2C
:10582000030A15482063154860631548A0631548AE
:10583000E063012004F8720C04F8710C606EFBF751
:105840001EFA114990229031E06DFBF718FA902270
:105850000E49A06FFBF713FAE06F0C492422BDEC50
:10586000028B9031BDE81040FBF709BAD87E0020CA
:105870000AD7233C0000000091580008F15B0008A3
:10588000C5580008F55C00087C0100209C0200203F
:1058900010B50446902254F8F81F0848FBF7EFF9BA
:1058A00090220748616AFBF7EAF90548616990228E
:1058B000BDE810409030FBF7E2B900000C02002078
:1058C0005003002070B50446B0EE000A54F8EC0F07
:1058D0002B4DD0ED000A60EE800AC5ED050AD0ED33
:1058E000010A60EE800AC5ED060AD0ED020A60EEFC
:1058F000800AC5ED070AD0ED030A20EE800A85ED87
:10590000080A14F8DE0C14F8E01C10FB01F11D4825
:1059100000884143206AFBF7CBF9D5ED071A206ACE
:10592000B1EE612A80ED002A206A95ED081A80ED1B
:10593000011A95ED050A206AF1EE400AC0ED020A4F
:10594000206AD5ED060AC0ED030A206AC0ED060AFA
:10595000206A80ED070A206A80ED081A206AC0EDEF
:10596000091A206A80ED0C0A206AB1EE600A80ED07
:105970000D0A206A80ED0E2A206A80ED0F1A70BD94
:105980002C010020B400002070B5964C964D90225A
:105990002DED048BB0EE619AB0EE628A84ED5B3A35
:1059A000D4ED521AF0EE428A05F1500170EE611A00
:1059B000B6EE000A61EE801A61EE831AC5ED101A88
:1059C000D4ED531A70EEE10A60EE800A60EE830AAD
:1059D000C5ED110AD4ED540A71EE600A20EE800A7A
:1059E00020EE030A85ED120AD4F800019C34FBF77F
:1059F00046F995ED101A606EF1EE412AC0ED012ACC
:105A0000D5ED110A606EB1EE603A80ED023A95ED87
:105A1000120A606EB1EE402A80ED032A606E80EDBE
:105A2000061A606E80ED080A606E80ED093A606EBD
:105A3000C0ED0C0A606E80ED0D2A606E80ED0F1ACD
:105A4000606E80ED120A29EE090A606E08EEA80A5F
:105A5000C0ED130A606EC0ED142A08EE080A07F0C4
:105A6000C5F985ED130A69EE000A54F8980CC0EDEB
:105A7000000A68EE800A54F8980C28EE000AC0ED7F
:105A8000010A54F8980C80ED020A94ED310AD4ED25
:105A9000340AA06F20EE200A80ED000A94ED310A4E
:105AA000D4ED340AA06F20EE200A80ED070A94EDB1
:105AB000310AD4ED340AA06F20EE200A80ED0E0AE0
:105AC00094ED310AD4ED340AA06F20EE200A80ED67
:105AD000150A94ED320AD4ED340AA06F20EE200AA4
:105AE00080ED1C0A94ED320AD4ED340AA06F20EE4A
:105AF000200A80ED230AE06F94ED330A80ED000A5E
:105B0000E06F94ED330A80ED040AE06F94ED330A00
:105B100080ED080A334800F0F3FC54F89C0CF7EED3
:105B2000008AB0EE008A90ED001A84ED271AD0EDBD
:105B3000011A61EE012AC4ED281A90ED022A21EE25
:105B4000211A84ED292A90ED030A84ED2A0AD0ED6A
:105B5000040A40EE002AC4ED2B0AD0ED050A02EE3D
:105B6000001AC4ED2C0ADFED210AC4ED2D0AF0EE77
:105B7000680A21EE080A52EE880A06F059FA84ED06
:105B80002E0A94ED280AD4ED2A0A94ED291A20EE63
:105B9000200AD4ED270A00EEC10AF8EE000A20EE32
:105BA000200A06F0AFF984ED2F0A94ED270A94ED50
:105BB000281AF0EE680A60EE001A41EE011A51EE62
:105BC000880AD4ED2A1A20EE210AD4ED291A01EE12
:105BD000210A20EE080A06F02BFA84ED300ABDEC0B
:105BE000048B70BDD87E00202C0100209BF44A3B22
:105BF00010B504462DED048BD0F8EC00D0ED009AE2
:105C0000D0ED018A90ED028A29EEA90A90ED039A5F
:105C100008EEA80A08EE080A09EE090A07F0E6F8F5
:105C20000020D4F8EC1001EB8001401CD1ED000AFB
:105C3000C0B2042860EE800AC1ED000AF1D32C48FE
:105C4000D4F8001190ED5B0A60EE280AB6EE000A67
:105C500060EE800AC1ED040AD0ED5B0AD4F80011B1
:105C600060EE880A60EE800AC1ED050AD0ED5B0A9D
:105C7000D4F8001120EEA91AFEEE000A21EE201A37
:105C800081ED0A1A90ED5B1AD4F8001121EE091A81
:105C900021EE001A81ED0B1A90ED5B1AD4F8001179
:105CA00021EE091A21EE201A81ED101A90ED5B1AEF
:105CB000D4F8001121EE291A21EE201A81ED111AD3
:105CC00090ED5B1AD4F8001121EE081A21EE000ABB
:105CD00081ED160A90ED5B0AD4F8000120EE280A47
:105CE00020EE200A80ED170ABDEC048B10BD0000E9
:105CF000D87E00202DE9F05F00F180010446783065
:105D00008B460546FAF700FF84F8C800B4F878001F
:105D1000A4F8A800B4F85A00A4F8AA0004F1A80254
:105D200004F1580192460E462846FAF7CBFD84F856
:105D3000C800B4F8A800A4F8B000B4F88200A4F831
:105D4000B20004F1B002914659465046FAF7BAFD46
:105D500084F8C800B4F89000A4F8A000B4F8920049
:105D6000A4F8A20004F1A002154604F190014846EF
:105D7000FAF788FA84F8C80049462846B034FAF79A
:105D800009FB2076E06B74490125D0ED001AB0EED6
:105D9000002AC1ED091A90ED011A81ED0A1AD0ED21
:105DA000020AC1ED0B0A90ED030A81ED0C0A61EEC7
:105DB000002A34F8380C2081658141EEE02A54F83D
:105DC0007C0F62EE822AC0ED002A61EE812A61EE2C
:105DD000A11A206840EE802A41EE411A22EE822A62
:105DE00040EEE01A80ED012A54F8E40940EE001A72
:105DF000C0ED021A34F8680904F1E002A4F8E000EA
:105E000004F1D801A4F8E25004F1680090460F466E
:105E10002034FAF7F5FD84F8C800B4F8C000A4F8FF
:105E2000A80024F8AA5F524641464846FAF74AFDC0
:105E3000A077E581E08A208239464046FAF764FE81
:105E4000A07724F8025C2580524641463846FAF78E
:105E500039FDA077D4F80200404990ED000A81EDA9
:105E60005C0AD1ED5D0A9FED3E1AAA3C20EE811A34
:105E7000B4EEC10AF1EE10FA01D281F83451B4EE59
:105E8000E00AF1EE10FA1ADD91F83401B8B1354E9E
:105E900014F80C2F30884243D4E937017434FAF7F0
:105EA000EEFE14F8740C10FB00F230884243D4E983
:105EB0001E01FAF7E4FE04F8545CBDE8F09F54F8C4
:105EC000F80FD1ED5E0A524690ED1C0A80EE201AC2
:105ED00080ED1C1A54F87C09D1ED5E0A594690ED0C
:105EE000230A80EE201A80ED231A002004F8500CBB
:105EF00034F8240CA085E088E0853046FAF7E2FC0F
:105F000004F84C0FA4F13002164649465046C83CEE
:105F1000FAF7D8FC84F8C800B4F89800A4F8B800E0
:105F2000A4F8BA503A4641463046AC34FAF7CAFCB7
:105F300004F81C0F9FED0C0A54F80C0CA4F1980205
:105F4000394680ED030AA4F19000C83CFAF79AF9AB
:105F500084F8C800B1E700002C010020D87E0020A2
:105F6000CDCCCC3DB4000020000000002DED028B14
:105F700082B0072000E0642007F080F8FBF746FAC3
:105F80000028F8D102E0642007F078F806F07CFFE2
:105F90000028F8D1554AA2F11006101D9246311D75
:105FA0008146FBF74BFA3346A3F1580206F124076A
:105FB000A2F10C01A1F10C00009706F07DFEA6F104
:105FC0006401A1F10C0006F07DFCDFED490A9FEDB4
:105FD000490A494A002106F1340003F0D9FD0020A6
:105FE00007F082F808F018FC444D4549286110205C
:105FF000C8610846FEF7D0F808B1FBF7C8FD3F4975
:1060000008222031A1F1080005F018F801202871BC
:10601000DFED3C0AB7EE000A06F01AFD9FED3C8A60
:10602000DFED391A9FED391AF0EE480AB2EE040A94
:10603000FFF7C6FB4FF0FF384146012007F0FEFD99
:106040000128F9D12878000708D5287820F0080021
:1060500028702A4849462130FBF7A8F9687840079C
:106060000AD5687820F004006870204A311D10328B
:10607000A2F12A00FBF750F9A87840070CD5A878C0
:1060800020F00400A8701D4851461630FBF7B0FA06
:1060900096ED040A06F06CFE144B0097103BA3F13A
:1060A0005802A2F10C01A1F10C0006F005FE0F4907
:1060B0007439A1F10C0006F005FC0C48B0EE483A2A
:1060C0007438A0F10C04D0EC031A94EC030A06F027
:1060D000FDFC1048B0EE483A94EC030AD0EC031AE9
:1060E000FFF752FC05F072FEA6E7000014820020C4
:1060F0000080894500A08C4560ED00080005002067
:10610000641100200000FA44C9E57F3F002474496F
:106110006F12833A888100202DE9F047DFF8DC8395
:106120000D460421A8F800100821A8F802100573F4
:10613000427383734FF000091E46044680F81090A6
:106140001746304606F01EFF31466061FAF7B0FD93
:10615000B8F80000704306F015FFA061B8F8001011
:106160007143FAF7A5FDB8F80000704306F00AFF86
:10617000E061B8F800107143FAF79AFDB8F8000032
:10618000684306F0FFFE2062B8F800106943FAF792
:106190008FFD304606F0F6FE31466062FAF788FD64
:1061A000B8F80000684306F0EDFE2060B8F8001073
:1061B0006943FAF77DFDB8F80000704306F0E2FE8F
:1061C0006060B8F800107143FAF772FDB8F800008B
:1061D000784306F0D7FEA060B8F800107943FAF7CC
:1061E00067FDB8F80000684306F0CCFEC4F8E8008C
:1061F000B8F800106943FAF75BFD217B012204F136
:106200003000D4F8E830FAF7C1F8B8F80000684375
:1062100006F0B8FEC4F8EC00B8F800106943FAF7CD
:1062200047FD217B012204F13800D4F8EC30FAF765
:10623000ADF89FB1B8F80000784306F0A3FEC4F8AB
:10624000F000B8F800107943FAF732FD617B0122C3
:1062500004F14000D4F8F030FAF798F8B8F80000EC
:10626000704306F08FFEC4F8F400B8F800107143D4
:10627000FAF71EFDA17B012204F14800D4F8F430A6
:10628000FAF784F8B8F800006843684306F07AFE2D
:10629000C4F8F800B8F8001069436943FAF708FD3C
:1062A000217B04F150000A46D4F8F830FAF76EF872
:1062B000B8F800006843684306F064FEC4F8FC00C8
:1062C000B8F8001069436943FAF7F2FC217B04F146
:1062D00058000A46D4F8FC30FAF758F8B8F800002D
:1062E0006843684306F04EFEC4F80001B8F80000A9
:1062F00088346843684306F045FEE067B8F800104C
:10630000A06F69436943FAF7D3FCB8F80010E06F57
:1063100069436943FAF7CCFC54F8783FA4F1A00034
:1063200014F8F41CA4F580740A46FAF72FF8217BC0
:1063300004F168000A46D4F80431FAF727F8AFB13F
:10634000B8F800006843784306F01CFEC4F8080162
:10635000B8F8001069437943FAF7AAFC627B217B05
:1063600004F17000D4F80831FAF710F8B8F800001A
:1063700047467043684306F005FEC4F80C013888B0
:1063800094346843704306F0FDFDE0673988A06FE0
:1063900071436943FAF78CFC3988E06F69437143B4
:1063A000FAF786FC14F8882C14F8861CA4F11C005B
:1063B000A36F943CF9F7EAFFA27B217B04F18000F4
:1063C000D4F81031F9F7E2FF38886843684306F0E3
:1063D000D9FDC4F81401398869436943FAF768FCA8
:1063E000217B04F188000A46D4F81431F9F7CEFF76
:1063F00038887043704306F0C5FDC4F81801398829
:1064000071437143FAF754FCA17B04F190000A46F2
:10641000D4F81831F9F7BAFF38886843704306F0AA
:10642000B1FDC4F81C01398869437143FAF740FC97
:10643000A27B217B04F19800D4F81C31F9F7A6FF68
:10644000207B10FB00F03988484306F09BFDC4F820
:106450002001207B10FB00F03988484306F092FDB4
:10646000C4F82401207B10FB00F03988484306F073
:1064700089FDC4F82801207B3988484306F082FD55
:10648000C4F82C01207B3988484306F07BFDC4F812
:106490003001217B04F1A0000A46D4F82031F9F73D
:1064A00075FF217B04F1A8000A46D4F82431F9F7DE
:1064B0006DFF217B04F1B0000A46D4F82831F9F7CA
:1064C00065FF217B012204F1B800D4F82C31F9F7E3
:1064D0005DFF217B012204F1C000D4F83031F9F7CF
:1064E00055FF04F8289F84F8019084F8029084F8FE
:1064F000039084F80490BDE8F0870000B400002009
:106500002DE9F04F0446C07BD44D89B018B1204628
:10651000FEF7CEFE0DE0A27B288861684243D4F8E6
:10652000F400FAF7ACFBA17B288841436068FAF7D6
:10653000BFFB627B2888A1684243D4F8F000FAF7D9
:106540009EFBD4F8CC1009B12046884794F8281057
:1065500004F13000012604F1380804F1600904F167
:10656000B80704F1C00A049019BB607BD0B13A4669
:1065700048460499FAF7A6F984F8C800207BA4F8E5
:10658000C000A4F8C260524604F1400104F170005A
:10659000FAF798F984F8C800424651463846F9F7A8
:1065A00071FE04E0424648460499FAF78BF984F8F4
:1065B000C800D4F8D01009B12046884794F82910B3
:1065C00004F1A8000290503804F1500B019029BB4F
:1065D00004F1680148460891FAF796FA84F8C80071
:1065E00059464846AA34019AFAF76CF9A07734F86C
:1065F000520C24F8020C34F8400C2080DDE9010232
:106600000899FAF75FF904F81E0FDDE90120A4F1FB
:106610004001C83CF9F736FE84F8C800D4F8D4101D
:1066200009B120468847207CC0B9E07BB0B1227B0D
:1066300028884243D4E93A01FAF721FB207B10FB7A
:1066400000F228884243D4E93E01FAF718FBD4F857
:10665000E01009B1204688470020D5E094F82A10C0
:1066600004F1980005901830009038388146E9BB55
:1066700004F180010391FAF747FA84F8C800B4F8EE
:106680007800A4F8A800B4F85A00A4F8AA00DDE93C
:10669000011248467434FAF715F984F85400A08EB4
:1066A000A087E089E087DDE90201009AFAF70AF99C
:1066B00004F8540FA4F1280234F8380C24F8280CFC
:1066C00034F8360C24F8260CA4F138010792C83CA3
:1066D0000098F9F7D7FD84F8C800AA340099079804
:1066E000F9F758FEA07734F8520C00E011E024F8D6
:1066F000020C34F8280C2080DDE901020399FAF736
:10670000E1F8A077059A00990298FAF7DBF8A077EC
:10671000AA3CD4F8D81009B12046884794F82B0039
:1067200080BBB4F87800A4F8B800A4F8BA603A4680
:1067300041464846AA34FAF7C5F804F81E0F5246F7
:1067400034F8800C24F8080C24F8066CA4F18000BE
:106750003946C83CFAF754F984F8C800B4F89800F0
:10676000A4F8B800A4F8BA603A465146AA3405988D
:10677000FAF7A8F8A07739464046049AF9F782FD5F
:10678000A077AA3CD4F8DC1009B12046884794F8D9
:106790002C0000287FF45BAFB4F89800A4F8A800A0
:1067A000B4F87A10A4F8AA10A4F8B000B4F85A000B
:1067B00024F8B20F4946029A0598FAF783F8A075B3
:1067C000DDE90110009AFAF77DF8A075DDE9001007
:1067D0005A46FAF715F9A075B23C38E710FB0101EB
:1067E000D4F8F82002EB8101226AD1ED000A02EB15
:1067F000800292ED000AF4EEC00AF1EE10FA01D226
:1068000081ED000A401CC0B2217B8142E6D8E07BCA
:1068100090B1A07B10FB00F128884143D4F8180107
:10682000FAF746FA207BA17B10FB01F1288841434F
:10683000D4F80C01FAF73CFA227B2888D4F8E81047
:1068400042432068FAF71BFAD4F8E41009B1204655
:106850008847206809B0BDE8F08F0000B400002030
:10686000027B0276027C4276427C8276427DC27650
:10687000C27D02770A7D02F0010202720A7DC2F334
:10688000400242728A7C02F001028271CA7C02F0EC
:106890000102C2718A890280C989494241807047D8
:1068A000D0ED000AD0ED011AB7EE002AB0EE401A82
:1068B00060EEA11A72EE600AB0EE610A00EE810A83
:1068C00080ED010A7047000080ED000A9FED020A8A
:1068D00080ED010A70470000000000007FB5002431
:1068E00015480094019402941249039401604FF4F6
:1068F0000031C0E901140461047680F820400F499A
:10690000C0E90A140125C561C46080F830404561C2
:10691000FBF726FD08B1FBF73AF91020CDE9000599
:10692000694602940448FBF775FC002801D0FBF788
:106930002EF97FBD00200140080F00200100000F4C
:106940007FB50024154800940194029412490394E1
:1069500001604FF40031C0E901140461047680F84D
:1069600020400F49C0E90A140125C561C46080F8C0
:1069700030404561FBF7F4FC08B1FBF708F908204B
:10698000CDE90005694602940448FBF743FC002862
:1069900001D0FBF7FCF87FBD00220140500F002022
:1069A0000100000F0F4810B50D490160032141603F
:1069B00000214FF410228160C0E903124FF400124D
:1069C0004261017641768176C17601774177FBF7A6
:1069D000BEFF002803D0BDE81040FBF7D8B810BDBB
:1069E00000640040980F00200F4810B50D49016069
:1069F0000321416000214FF410228160C0E903129D
:106A00004FF400124261017641768176C1760177BA
:106A10004177FBF79CFF002803D0BDE81040FBF74F
:106A2000B6B810BD00680040C00F0020254808B56A
:106A3000016841F480010160016801F48001009166
:106A4000016841F4001101600068002200F40010A8
:106A5000009005210C20FCF791FF0C20FCF780FF33
:106A6000002205212F20FCF789FF2F20FCF778FF5B
:106A7000002205213920FCF781FF3920FCF770FF47
:106A8000002205213A20FCF779FF3A20FCF768FF45
:106A9000002205213B20FCF771FF3B20FCF760FF43
:106AA000002205214420FCF769FF4420FCF758FF31
:106AB000002205214620FCF761FFBDE80840462082
:106AC000FCF74EBF3038024010B5AAB01C22214955
:106AD0006846FAF7D4F80021684606F0DBFA1E4C47
:106AE0001C491C2260601C3107A8FAF7C8F8002175
:106AF00007A806F0CFFA1749A0601C2238310EA86B
:106B0000FAF7BDF800210EA806F0C4FA1149E060BA
:106B10001C22543115A8FAF7B2F8002115A806F086
:106B2000B9FA0C4920611C2270311CA8FAF7A7F8A9
:106B300000211CA806F0AEFA064960611C228C31C7
:106B400023A8FAF79CF8002123A806F0A3FAA06175
:106B50002AB010BD24EC0008000000202DE9F0430D
:106B600087B014216846FAF7A3F860480025016849
:106B700041F002010160016801F002010591016824
:106B800041F040010160016801F040010591016898
:106B900041F001010160016801F001010591016806
:106BA00041F008010160016801F0080105910168E8
:106BB00041F004010160016801F0040105910168E0
:106BC00041F480710160016801F4807105910168F0
:106BD00041F020010160016801F020010591016888
:106BE00041F080010160016801F0800105910168B8
:106BF00041F01001016000683D4F00F01000059069
:106C0000012240213846FCF70BFBDFF8E880012227
:106C100010214046FCF704FBDFF8DC90012211460E
:106C20004846FCF7FDFA8020CDE9000501246946BD
:106C300002943248FCF70CFA4020CDE9000402949B
:106C4000694638460394FCF703FA09204FF404160A
:106C5000CDE90006694602943846FCF7F9F90720A9
:106C6000CDE90005264F694638460295FCF7F0F954
:106C70001020CDE90004022569464046CDE90245D1
:106C8000FCF7E6F93020CDE9000669460294384663
:106C9000FCF7DEF90094694648460194CDE90245C7
:106CA000FCF7D6F9062100220846FCF767FE06200D
:106CB000FCF756FE002205210920FCF75FFE0920A3
:106CC000FCF74EFE002205210A20FCF757FE0A20A1
:106CD000FCF746FE002205211720FCF74FFE172087
:106CE000FCF73EFE07B0BDE8F083000030380240FC
:106CF0000018024000000240000402400020024050
:106D0000000802400D4810B50B4901600C49416074
:106D100000214FF480428160C0E90312416181612A
:106D2000C1610162FCF788FA002803D0BDE8104079
:106D3000FAF72DBF10BD000000540040E80F0020FE
:106D4000801A06000D4810B50B4901600C494160DE
:106D500000214FF480428160C0E9031241618161EA
:106D6000C1610162FCF768FA002803D0BDE8104059
:106D7000FAF70DBF10BD0000005800403C10002085
:106D8000801A06000D4810B50B4901600C4941609E
:106D900000214FF480428160C0E9031241618161AA
:106DA000C1610162FCF748FA002803D0BDE8104039
:106DB000FAF7EDBE10BD0000005C0040901000200E
:106DC000801A06000C4810B50A49016000217C2297
:106DD000C0E9011240F67F42C0E9032141618161AF
:106DE000FDF754F9002803D0BDE81040FAF7CFBEF4
:106DF00010BD00000028004044110020104810B5CC
:106E00000E4901604FF482714160002102228160CD
:106E1000C0E9031201224261520282611022C0E9DC
:106E20000721416281620A21C162FDF7B5F900289C
:106E300003D0BDE81040FAF7AABE10BD00300140F3
:106E40006411002010B588B01C216846F9F730FFA6
:106E5000144813490024C0E9001441F28731C0E905
:106E6000024104618461FDF7DBFB08B1FAF78FFE94
:106E70000C48FDF7C4FE08B1FAF789FE6020CDE9A1
:106E8000000402940022694606480494FDF751FE6E
:106E900008B1FAF77CFE0348FDF798FD08B010BD75
:106EA00000440140E413002010B596B000240F9474
:106EB00010941194129413941C2168461494F9F7B9
:106EC000F7FE202107A8F9F7F3FE354833490160A2
:106ED000A721C0E9011444F61F61C0E9031444610D
:106EE0008461FDF79DFB08B1FAF751FE4FF4805025
:106EF0000F900FA92A48FDF761FC08B1FAF747FE89
:106F00002748FDF77CFE08B1FAF741FE139413A958
:106F100023481494FDF73CFB08B1FAF738FE6020D3
:106F200000904FF47A70CDE9010403940494059421
:106F3000002269461A480694FDF7FBFD08B1FAF7EE
:106F400026FE042269461648FDF7F3FD08B1FAF75C
:106F50001EFE082269461248FDF7EBFD08B1FAF75C
:106F600016FE0C2269460E48FDF7E3FD08B1FAF75C
:106F70000EFE0794089409944FF400500A94CDE94A
:106F80000B4007A906480E94FDF7D7FA08B1FAF7A7
:106F9000FEFD0348FDF71AFD16B010BD00000140CC
:106FA0007C12002010B58EB0002407940894099438
:106FB0000A940B941C2168460C94F9F779FE1E483C
:106FC0001C49C0E9001442F2CF01C0E9024104614A
:106FD0008461FDF725FB08B1FAF7D9FD4FF4805025
:106FE000079007A91448FDF7E9FB08B1FAF7CFFDB0
:106FF0001148FDF704FE08B1FAF7C9FD0B940BA97F
:107000000D480C94FDF7C4FA08B1FAF7C0FD6020F2
:10701000CDE9000402940822694607480494FDF76C
:1070200088FD08B1FAF7B3FD0348FDF7CFFC0EB0B9
:1070300010BD000000040040C412002010B58EB046
:1070400000240794089409940A940B941C21684620
:107050000C94F9F72DFE1E481C490160A721C0E9D8
:1070600001144FF6FF71C0E903148461FDF7D8FAEB
:1070700008B1FAF78CFD4FF48050079007A9144827
:10708000FDF79CFB08B1FAF782FD1148FDF7B7FD4B
:1070900008B1FAF77CFD0B940BA90D480C94FDF791
:1070A00077FA08B1FAF773FD6020CDE90004029485
:1070B0000822694606480494FDF73BFD08B1FAF73B
:1070C00066FD0348FDF782FC0EB010BD00080040CD
:1070D0000C13002010B58EB0002407940894099476
:1070E0000A940B941C2168460C94F9F7E1FD26489C
:1070F0002449C0E900144FF6FF71C0E90241046160
:107100008461FDF78DFA08B1FAF741FD4FF4805024
:10711000079007A91C48FDF751FB08B1FAF737FDA6
:107120001948FDF76CFD08B1FAF731FD0B940BA976
:1071300015480C94FDF72CFA08B1FAF728FD6020E9
:10714000CDE900040294002269460F480494FDF73B
:10715000F0FC08B1FAF71BFD042269460A48FDF766
:10716000E8FC08B1FAF713FD082269460648FDF766
:10717000E0FC08B1FAF70BFD0348FDF727FC0EB061
:1071800010BD0000000C00405413002010B596B054
:1071900000240F9410941194129413941C216846A7
:1071A0001494F9F785FD202107A8F9F781FD2D48F2
:1071B0002B490160A721C0E9011444F61F61C0E911
:1071C000031444618461FDF72BFA08B1FAF7DFFC80
:1071D0004FF480500F900FA92248FDF7EFFA08B145
:1071E000FAF7D5FC1F48FDF70AFD08B1FAF7CFFC06
:1071F000139413A91B481494FDF7CAF908B1FAF7C0
:10720000C6FC602000904FF47A70CDE9010403942D
:10721000049405940022694612480694FDF789FCFF
:1072200008B1FAF7B4FC042269460E48FDF781FC68
:1072300008B1FAF7ACFC0794089409944FF4005095
:107240000A94CDE90B4007A906480E94FDF775F99D
:1072500008B1FAF79CFC0348FDF7B8FB16B010BD67
:10726000000401409C1300200C4810B50A4901603D
:107270004FF4E1314160002181600C22C160C0E91E
:1072800004128161C161FDF76BFE002803D0BDE8E7
:107290001040FAF77CBC10BD001001402C140020F7
:1072A0000D4810B50B4901600C49416000214FF4B5
:1072B00080628160C0E903120C22C0E90521C1612E
:1072C000FDF74EFE002803D0BDE81040FAF75FBC82
:1072D00010BD00000048004074140020A08601008A
:1072E0000C4810B50A4901604FF4E13141600021BA
:1072F00081600C22C160C0E904128161C161FDF7A7
:107300002FFE002803D0BDE81040FAF740BC10BDA6
:1073100000140140BC14002010B5114B0A885C78A1
:1073200052BA1CB102800020587010BD03889342ED
:1073300007D2D31A0A245B1D93FBF4F34488234439
:10734000438002804988DFED070A49BA09B200EE9E
:10735000101AB8EEC00A80EE201A80ED011A10BD96
:10736000F000002000007A44FEE7000030B5DDE9BF
:107370000345017082704370047280ED010A084A6F
:10738000458101210173054B116843F82100491C17
:1073900011601E2901D91E20106030BD0C7900201B
:1073A000E40000202DE9F047DFF8D0908246324813
:1073B000C9F80000D9F804200C2302EB420103EBCA
:1073C00081044FF4966840F80480102404EB810592
:1073D0009FED2B0A0544521C85ED000A082505EB9C
:1073E0008106DFED280A8759142606EB81016437F0
:1073F000475002EB420103EB810C4FF4C87740F891
:107400000C7004EB81070744521CC7ED000A05EB22
:10741000810706EB8101C75907F5C877475002EB92
:10742000420103EB8107521C40F8078004EB8107FF
:10743000074487ED000A05EB810706EB8101C75978
:107440006437475002EB420703EB87030021C1502A
:1074500004EB8701014406EB870381ED000A05EB8D
:10746000870141586431C150521CC9F80420CAE94F
:107470000002BDE8F0870000D8840020E405002069
:107480000000C8420000C8432DE9F14FDFF8FCE3DB
:10749000FD480022CEF80000DEF804C00C210CEB01
:1074A0004C0501EB8503C2509FEDF90A102202EB57
:1074B00085030344082483ED000A04EB85030CF1E3
:1074C000010CC658142303EB850506F5FA764651E0
:1074D0000CEB4C0501EB850702EB850640F24B2ACD
:1074E0009FEDEC0A064440F807A086ED000A04EB85
:1074F000850603EB850586590CF1010C7D36465156
:107500000CEB4C0501EB850702EB85064FF45C782C
:10751000DFEDE00A064440F80780C6ED000A04EB00
:10752000850603EB850586590CF1010C7D36465125
:107530000CEB4C0501EB850702EB85064FF4447B11
:10754000DFEDD40A064440F807B0C6ED000A04EBAC
:10755000850603EB850586590CF1010C7D364651F5
:107560000CEB4C0501EB850702EB8506DFEDC90A44
:10757000064440F807A0C6ED000A04EB850603EBBD
:10758000850586590CF1010C7D3646510CEB4C05F6
:1075900001EB850702EB8506DFEDBE0A064440F8E5
:1075A00007A0C6ED000A04EB850603EB85058659A6
:1075B0000CF1010C7D3646510CEB4C0501EB8507B7
:1075C00002EB8506DFEDB40A064440F807B0C6EDCD
:1075D000000A04EB850603EB850586590CF1010CC6
:1075E0003F3646510CEB4C0501EB850702EB850657
:1075F0009FEDA91A064440F8078086ED001A04EBB7
:10760000850603EB850586590CF1010C3F36465182
:107610000CEB4C0501EB85064FF4777940F80690AA
:107620009FED9D1A02EB850606440CF1010C86EDD8
:10763000001A04EB850603EB850586593F36465153
:107640000CEB4C0501EB850740F807809FED921A83
:1076500002EB850606440CF1010C86ED001A04EBE2
:10766000850603EB850586593F3646510CEB4C05E4
:1076700001EB850740F807B09FED871A02EB8506FE
:1076800006440CF1010C86ED001A04EB850603EBB1
:10769000850586593F3646510CEB4C0501EB8507B5
:1076A00040F807809FED7C1A02EB8506064404EB48
:1076B000850486ED001A045903EB85053F340CF16F
:1076C000010C44510CEB4C0401EB8401CEF804C0D6
:1076D000E04640F801A09FED6F1A02EB84010144DF
:1076E0009B4681ED001A082101EB840208F1010894
:1076F00085581A4603EB84037D35C55008EB4804D2
:107700004FF00C0E0EEB84054FF45C7343511025C3
:1077100005EB8405054408F1010885ED000A01EB3D
:10772000840502EB840445597D35055108EB480476
:107730000EEB84064FF4447585519FED561A1026C2
:1077400006EB8406064408F1010886ED001A01EBF9
:10775000840602EB840486590C277D36065108EB1B
:10776000480607EB86075446C4519FED4A1A102776
:1077700007EB8607074408F1010887ED001A01EBC3
:10778000860702EB8606C7597D37875108EB480606
:107790000C2707EB8607C4519FED3E1A102707EB15
:1077A0008607074408F1010887ED001A01EB8607F8
:1077B00002EB8606C7594FF00C0C7D37875108EB5A
:1077C00048060C2707EB860708F10108C55110276A
:1077D00007EB86070744C7ED000A01EB860702EBBB
:1077E0008606C7593F37875108EB48060C2707EB39
:1077F000860708F10108C351102707EB86070744E5
:10780000C7ED000A01EB860702EB8606C7593F3732
:10781000875108EB48070CEB870C4E4640F80C608C
:10782000102606EB8706064408F10108C6ED000A9B
:1078300001EB870602EB870786593F36C65108EBF6
:1078400048060C2707EB8607C351102707EB86076E
:107850000744C7ED000A01EB860702EB8606C7590D
:1078600008F101083F37875108EB48060C2707EB62
:107870008607C551102505EB86050544C5ED000AB0
:1078800001EB8605455909E050850020EC050020F4
:107890000000FA430000FA4200007C4202EB860638
:1078A0003F35855108F1010808EB48050C2606EB29
:1078B000850608F101088351102606EB850606446B
:1078C0001FED0C1AC6ED000A01EB850602EB8505DB
:1078D00086594FF008093F36465108EB48050C26FB
:1078E00006EB850608F101088451102404EB850499
:1078F00004440C2684ED001A01EB850402EB850597
:1079000004591FED1C1A7D34445108EB48040C2522
:1079100005EB840501EB84014351102303EB840341
:1079200003440BEB840283ED001A415808F101086F
:107930007D318150FB4908EB48040A46C1F80480B8
:107940000EEB84054FF44473714643514FF0100E13
:107950000EEB8405054408F1010885ED000A09EBEA
:1079600084050BEB840445591FED361A7D3505510E
:1079700008EB480406EB840655468551102606EBB5
:1079800084060644142786ED001A082606EB8406B2
:1079900007EB8404865908F101087D36065108EB8F
:1079A00048040C2606EB840685511FED461A102666
:1079B00006EB8406064408F1010886ED001A082645
:1079C00006EB840607EB840486594FF0140C7D36D1
:1079D000065108EB48040C2606EB840608F1010862
:1079E0008351102606EB84060644C6ED000A0826DD
:1079F00006EB840607EB840486590C273F360651B4
:107A000008EB480607EB86074FF45C74C451102757
:107A100007EB8607074408F10108C7ED000A0827AD
:107A200007EB86070CEB8606C7594FF00C0C3F3767
:107A3000875108EB48070CEB870C4FF4777640F83A
:107A40000C60102606EB870606444FF0140CC6EDBA
:107A5000000A082606EB87060CEB8707865908F113
:107A600001083F36C65108EB48060C2707EB86078E
:107A700008F10108C451102707EB86070744C7ED3A
:107A8000000A082707EB86070CEB8606C7593F3725
:107A9000875108EB48060C2707EB860708F1010819
:107AA000C351102707EB86070744C7ED000A0827D4
:107AB00007EB86070CEB8606C7593F37875108EB63
:107AC00048060C2707EB860708F10108C451102768
:107AD00007EB86070744C7ED000A082707EB860770
:107AE0000CEB8606C7593F37875108EB48060C2731
:107AF00007EB8607C5511FED991A102707EB86077C
:107B0000074408F1010887ED001A082707EB8607EC
:107B10000CEB8606C7597D37875108EB48060C27C2
:107B200007EB8607C4511FEDA51A102404EB860449
:107B3000044484ED001A082404EB86041427045935
:107B400007EB86067D34845108F1010808EB4804F0
:107B50000C2606EB840683511FEDB21A102303EBAB
:107B600084030344142683ED001A082303EB8403E3
:107B700006EB8404C35808F101087D33035108EB78
:107B800048030C2404EB8304C2F8048005511FED64
:107B9000BF1A102404EB83040444142584ED001A56
:107BA000082404EB830405EB8303045908F101085E
:107BB0007D34C45008EB480601EB860409EB8605CA
:107BC00040F804A00EEB860404440BEB860684ED1B
:107BD000000A475908F101087D37875108EB48062C
:107BE00001EB860C4FF4C47740F80C700EEB86075F
:107BF000074408F1010887ED000A09EB86070BEB43
:107C00008606C75973467D37875108EB480601EB56
:107C1000860C4FF4F77740F80C7003EB86070744A7
:107C20004C4687ED000A04EB86075D46C75905EB15
:107C300086067D37875108F1010808EB480601EBFD
:107C4000860C03EB8607074440F80CA087ED000A7A
:107C500004EB860705EB8606C75908F101087D3756
:107C6000875108EB480601EB860C40F2932740F859
:107C70000C7003EB8607DFED2C1A074408F10108AE
:107C8000C7ED001A04EB860705EB8606C7599FED82
:107C9000271A07F27717875108EB480601EB860C85
:107CA00003EB8607074440F80CA087ED000A04EBBD
:107CB000860705EB8606C75908F101087D3787510D
:107CC00008EB480601EB860C03EB8607074440F8F7
:107CD0000CA087ED001A04EB860705EB8606C75952
:107CE00008F10108FA37875108EB480601EB860CCA
:107CF000002740F80C7003EB86079FED0D2A074420
:107D000008F1010887ED002A04EB860705EB8606DB
:107D1000C759BC37875108EB480601EB860C40F881
:107D20000CA007E0EC0500200080BB4300007A4374
:107D300000003C4303EB8607074408F10108C7ED48
:107D4000000A04EB860705EB8606C7594FF4DC7A78
:107D50003F37875108EB480601EB860C03EB86079B
:107D6000074440F80CA087ED000A04EB860705EBFA
:107D70008606C75908F101087D37875108EB480688
:107D800001EB860C03EB8607074440F80CA087ED57
:107D9000000A04EB860705EB8606C75908F10108BF
:107DA0007D37875108EB480601EB860C4FF4C4770A
:107DB00040F80C7003EB8607074409EB860487ED57
:107DC000000A04590BEB86057D34445108F1010883
:107DD00008EB480501EB8506C2F804800EEB85032D
:107DE00040F806A0034409EB850483ED000A065918
:107DF0000BEB85057D36465108F1010808EB480676
:107E000001EB86074FF4F775C5510EEB8607074463
:107E10004B4687ED001A03EB86075C46C759F246CE
:107E200075460BEB8606FA37875108F1010808EB17
:107E3000480601EB860C002740F80C700EEB860715
:107E4000074408F1010887ED000A03EB860704EBFD
:107E50008606C75940F24B2E7D37875108EB4806FE
:107E600001EB860C4FF4F77740F80C7005EB8607B2
:107E7000074408F10108C7ED000A03EB860704EB8D
:107E80008606C7593F37875108EB480601EB860C39
:107E900040F80CE0DFEDFE2A05EB8607074408F109
:107EA0000108C7ED002A03EB860704EB8606C759D5
:107EB0003F37875108EB480601EB860C40F29327C9
:107EC00040F80C7005EB8607074408F1010887EDC0
:107ED000000A03EB860704EB8606C7597D378751F6
:107EE00008EB480601EB860C40F2BA2740F80C700C
:107EF00005EB8607074408F1010887ED000A03EB4C
:107F0000860704EB8606C7597D37875108EB48067C
:107F100001EB860C40F2932740F80C7005EB8607C6
:107F2000074487ED000A03EB860704EB8606C75972
:107F300008F101087D37875108EB480601EB860CF4
:107F400005EB8607074440F80CE087ED000A03EBD9
:107F5000860704EB8606C75908F101087D3787516B
:107F600008EB480601EB860C4FF4F77740F80C70ED
:107F700005EB8607074408F1010887ED000A03EBCB
:107F8000860704EB8606C7594FF4DC7E7D378751A0
:107F900008EB480601EB860C05EB8607074440F822
:107FA0000CE087ED000A03EB860704EB8606C75951
:107FB00008F101087D37875108EB480601EB860C74
:107FC00005EB8607074440F80CE087ED000A03EB59
:107FD000860704EB8606C75908F101087D378751EB
:107FE00008EB480601EB860C0AEB8605774605444C
:107FF00040F80C7009EB860385ED000AC3580BEBC3
:1080000086047D33035108F1010808EB480601EBB3
:108010008604C2F8048040F804E053460AEB860464
:10802000044409EB860584ED000A47590BEB8606EC
:108030007D37875108F1010808EB480601EB860CF3
:108040004FF4C47740F80C700AEB8607074408F138
:10805000010887ED000A09EB86070BEB8606C75976
:108060004C467D37875108EB480601EB860C00270C
:1080700040F80C7003EB860707445D4687ED001A55
:1080800004EB860705EB8606C75908F10108FA37A5
:10809000875108EB480601EB860C002740F80C706E
:1080A00003EB8607074408F10108C7ED000A04EB5B
:1080B000860705EB8606C7593F37875108EB480608
:1080C00001EB860C4FF4C47740F80C7003EB860785
:1080D000074408F10108C7ED000A04EB860705EB29
:1080E0008606C7593F37875108EB480601EB860CD7
:1080F0004FF4F77740F80C7003EB86070744C7EDA1
:10810000000A04EB860705EB8606C7593F378751FF
:1081100040F24B2708F1010808EB480601EB860CFA
:1081200008F1010840F80C7003EB86070744C7ED1F
:10813000000A04EB860705EB8606C7593F378751CF
:1081400008EB480601EB860C40F2932740F80C70D0
:1081500003EB8607074408F10108C7ED001A04EB9A
:10816000860705EB8606C75907F27717875108EB94
:10817000480601EB860C40F24B2740F80C7003EBED
:108180008607074408F1010887ED000A04EB86071B
:1081900005EB8606C7597D37875108EB480601EB8A
:1081A000860C40F24B2740F80C70DFED3A2A03EBC7
:1081B0008607074408F10108C7ED002A04EB86078B
:1081C00005EB8606C759FA37875108EB480601EBDD
:1081D000860C002740F80C7003EB8607074408F173
:1081E000010887ED002A04EB860705EB8606C759D0
:1081F000BC37875108EB480601EB860C40F24B2751
:1082000040F80C7003EB86070744C7ED000A04EB47
:108210008607C75905EB86063F37875108F10108E5
:1082200008EB480701EB870CC2F804800AEB8703D0
:108230007646034440F80C6083ED000A09EB87039F
:108240000BEB8704C35808F101087D33035108EB99
:10825000480601EB860409EB860540F804E00AEBCA
:108260008604044408F1010884ED000A47591425E6
:1082700005EB86067D37875108EB480601EB860C37
:108280004FF4C47753464C4640F80C7004E00000AD
:1082900000007C4200007A430AEB8607074408F19D
:1082A000010887ED000A09EB860705EB8606C7592A
:1082B0005FED092A7D37875108EB480601EB860CF4
:1082C0004FF4F77740F80C7003EB8607074408F18A
:1082D000010887ED000A04EB860705EB8606C759FF
:1082E0007D37875108EB480601EB860C002740F8E4
:1082F0000C7003EB8607074408F1010887ED001AAC
:1083000004EB860705EB8606C759FA37875108EB59
:10831000480601EB860C774640F80C7003EB8607A5
:10832000074408F10108C7ED000A04EB860705EBD6
:108330008606C7593F37875108EB480601EB860C84
:108340004FF4F77740F80C7003EB8607074408F109
:108350000108C7ED002A04EB860705EB8606C7591E
:108360003F37875108EB480601EB860C40F24B275C
:1083700040F80C7003EB8607074487ED000A04EB16
:10838000860705EB8606C7597D37875140F293274C
:1083900008F1010808EB480601EB860C08F101081A
:1083A00040F80C7003EB860707444FF4777B87EDAA
:1083B000000A04EB860705EB8606C7597D3787510F
:1083C00008EB480601EB860C4FF4447740F80C703C
:1083D00003EB8607074408F1010887ED000A04EB68
:1083E000860705EB8606C7597D37875108EB480697
:1083F00001EB860C4FF45C7740F80C7003EB8607BA
:10840000074408F1010887ED000A04EB860705EB35
:108410008606C7597D37875108EB480601EB860C65
:1084200003EB8607074440F80CB087ED000A04EB25
:10843000860705EB8606C75908F101087D37875185
:1084400008EB480601EB860C4FF45C7740F80C70A3
:1084500003EB8607074409EB860487ED000A0459FD
:1084600005EB86057D34445108F1010808EB480509
:1084700001EB85064FF44474C2F804800AEB8503CF
:108480008451034409EB850483ED000A4B460659E9
:10849000142404EB85057D36465108F1010808EBEC
:1084A000480601EB860740F24B25C5510AEB8607CB
:1084B000074408F10108C7ED000A09EB860704EB41
:1084C0008606C75955463F37875108EB480601EBEA
:1084D000860C40F2932740F80C700AEB860707449D
:1084E00008F10108C7ED000A03EB860704EB8606D6
:1084F000C7593F37875108EB480601EB860C4FF40C
:10850000447740F80C7005EB8607074408F1010832
:10851000C7ED000A03EB860704EB8606C7593F3711
:10852000875108EB480601EB860C05EB86070744EC
:1085300040F80CB087ED000A03EB860704EB8606D3
:10854000C75908F101087D37875108EB480601EB50
:10855000860C05EB8607074440F80CB087ED000A4F
:1085600003EB860704EB8606C75908F101087D373F
:10857000875108EB480601EB860C05EB860740F8AF
:108580000CB0074408F1010887ED000A03EB8607E9
:1085900004EB8606C7597D37875108EB480601EB87
:1085A000860C4FF45C7740F80C7005EB86070744A7
:1085B00008F1010887ED000A03EB860704EB860645
:1085C000C7597D37875108EB480601EB860C002719
:1085D00040F80C7005EB8607074408F1010887EDA9
:1085E000001A03EB860704EB8606C759FA37875152
:1085F00008EB480601EB860C40F24B2740F80C7064
:1086000005EB8607074408F10108C7ED000A03EBF4
:10861000860704EB8606C7593F37875108EB4806A3
:1086200001EB860C40F2932740F80C7005EB8607AF
:10863000074408F10108C7ED000A03EB860704EBC5
:108640008606C7593F37875108EB480601EB860C71
:108650004FF4447740F80C7005EB8607074408F1A7
:108660000108C7ED000A03EB860704EB8606C7592D
:108670003F37875108EB480701EB870C40F80CB0F7
:108680000AEB8705054409EB870385ED000AC3580B
:1086900004EB87047D3308F10108035108EB480619
:1086A00001EB86045B46C2F8048003510AEB8604A2
:1086B000044409EB860584ED000A4759142505EBAF
:1086C00086067D37875108F1010808EB480601EB63
:1086D000860C5F4640F80C700AEB8607074408F1E9
:1086E000010887ED000A09EB860705EB8606C759E6
:1086F00053467D37875108EB480601EB860C4FF453
:108700005C7740F80C7003EB860707444C4687ED16
:10871000000A04EB860705EB8606C75908F1010835
:108720007D37875108EB480601EB860C002740F89F
:108730000C7003EB8607074408F1010887ED001A67
:1087400004EB860705EB8606C759FA37875108EB15
:10875000480601EB860C002740F80C7003EB8607F7
:10876000074487ED001A04EB860705EB8606C75918
:1087700008F10108FA37875108EB480601EB860C2F
:10878000002740F80C70DFEDFE2A03EB8607074454
:1087900008F10108C7ED002A04EB860705EB860601
:1087A000C7594FF4447BC837875108EB480601EBA3
:1087B000860C002740F80C7003EB8607074408F18D
:1087C000010887ED001A04EB860705EB8606C759FA
:1087D000FA37875108EB480601EB860C002740F872
:1087E0000C7003EB8607074408F1010887ED001AB7
:1087F00004EB860705EB8606C759FA37875108EB65
:10880000480601EB860C002740F80C7003EB860746
:10881000074408F1010887ED001A04EB860705EB11
:108820008606C759FA37875108EB480601EB860CD4
:1088300003EB8607074440F80CB0C7ED000A04EBD1
:10884000860705EB8606C75908F101083F378751AF
:1088500008EB480601EB860C03EB8607074440F85B
:108860000CB0C7ED000A04EB860705EB8606C75976
:1088700008F101083F37875108EB480601EB860CE9
:1088800003EB8607074440F80CB0C7ED000A04EB81
:10889000860705EB8606C75908F101083F3787515F
:1088A00008EB480701EB870C0AEB87034FF4777658
:1088B000C2F80480034440F80C60C3ED000A09EBE1
:1088C000870305EB8704C35808F101083F330351C0
:1088D000334608EB480601EB860409EB8605035195
:1088E0000AEB8604044408F10108C4ED000A475964
:1088F000142505EB86063F37875108EB480601EB48
:10890000860C4FF44477534640F80C7003EB86070F
:10891000DFED9C2A074408F10108C7ED002A09EBA6
:10892000860705EB8606C759CB4607F2B527875160
:1089300008EB48064C4601EB860C03EB860740F239
:108940009329074440F80C90C7ED001A04EB860702
:1089500005EB8606C75907F27717875108F101081A
:1089600008EB480601EB860C4FF4777740F80C7063
:10897000DFED852A03EB8607074408F10108C7ED00
:10898000002A04EB860705EB8606C7593F37875157
:1089900008EB480601EB860C4FF4447740F80C7066
:1089A00003EB8607074408F1010887ED000A04EB92
:1089B000860705EB8606C7597D37875108EB4806C1
:1089C00001EB860C4FF4447740F80C70DFED6F2A12
:1089D00003EB8607074408F10108C7ED002A04EB02
:1089E000860705EB8606C75907F27627875108EBFD
:1089F000480601EB860C03EB8607074440F80C9011
:108A0000C7ED001A04EB860705EB8606C75908F187
:108A1000010807F27717875108EB480601EB860C2F
:108A200040F80C90DFED5A2A03EB8607074408F163
:108A30000108C7ED002A04EB860705EB8606C75937
:108A40007D37875108EB480601EB860C4FF47777AA
:108A500040F80C70DFED4C2A03EB86070744C7EDA6
:108A6000002A04EB860705EB8606C75908F10108C2
:108A70003F37875108EB480601EB860C4FF44477EB
:108A800040F80C70DFED432A03EB8607074408F13A
:108A90000108C7ED002A04EB860705EB8606C759D7
:108AA000DFED3B2A07F2B917875108EB480601EBC7
:108AB000860C4FF4447740F80C7003EB86070744AC
:108AC00008F10108C7ED002A04EB860705EB8606CE
:108AD000C759DFED2F2A7D37875108EB480601EB98
:108AE000860C4FF4C47740F80C7003EB86070744FC
:108AF0000BEB8604C7ED002A045905EB86057D348F
:108B0000445108F1010808EB480501EB8506C2F85D
:108B100004804FF4F7740AEB85038451DFED1C2ABF
:108B200003440BEB8504C3ED002A0659142404EB1F
:108B300085057D36465108F1010808EB480601EB32
:108B4000860740F24B2940F807900AEB8607074456
:108B50005B4687ED000A0BEB86075546C75904EBC9
:108B600086067D37875108F1010808EB480601EBBE
:108B7000860C40F2932740F80C700AEB86070BE056
:108B80000000484300402D4400007C4200801D440A
:108B90000000FA420080DC43074408F10108C7EDF9
:108BA000001A03EB860704EB8606C75907F277170E
:108BB000875108EB480601EB860C05EB8607074456
:108BC00040F80C9087ED000A03EB860704EB86065D
:108BD000C75908F101087D37875108EB480601EBBA
:108BE000860C05EB8607074440F80C9087ED001AC9
:108BF00003EB860704EB8606C75908F10108FA372C
:108C0000875108EB480601EB860C002740F80C70F2
:108C100005EB8607074408F1010887ED002A03EBFE
:108C2000860704EB8606C759F146BC37875108EB27
:108C3000480601EB860C4FF4C47740F80C7005EB46
:108C40008607074408F1010887ED000A03EB860751
:108C500004EB8606C7597D37875108EB480601EBC0
:108C6000860C05EB8607074440F80C9087ED000A58
:108C700003EB860704EB8606C75908F101087D3728
:108C8000875108EB480601EB860C05EB860740F898
:108C90000C90074408F1010887ED000A03EB8607F2
:108CA00004EB8606C7594FF4F77E7D37875108EBF2
:108CB000480601EB860C4FF4C47740F80C7005EBC6
:108CC0008607074408F1010887ED000A03EB8607D1
:108CD00004EB8606C7597D37875108EB480601EB40
:108CE000860C05EB8607074440F80C9087ED000AD8
:108CF00003EB860704EB8606C75908F101087D37A8
:108D0000875108EB480601EB860C40F80CE0DFEDDC
:108D1000FE2A05EB8607074408F10108C7ED002A83
:108D200003EB860704EB8606C7594FF01409FA37A0
:108D3000875108EB480701EB870C00260AEB8705F3
:108D400040F80C6005440BEB870385ED000AC3581F
:108D500004EB87047D3308F10108035108EB480652
:108D600001EB8604C2F8048040F804E00AEB8604B4
:108D700004440BEB8605C4ED000A475953465C4694
:108D80004D4609EB86063F37875108F1010808EB8D
:108D9000480601EB860C40F24B2740F80C705FED63
:108DA000862A03EB8607074408F10108C7ED002A6D
:108DB00004EB860709EB8606C7593F37875108EB56
:108DC000480601EB860C40F2932740F80C7003EB49
:108DD0008607074408F1010887ED000A04EB8607BF
:108DE00005EB8606C7597D37875108EB480601EB2E
:108DF000860C40F2BA2740F80C7003EB8607074454
:108E000008F1010887ED000A04EB860705EB8606EA
:108E1000C7597D37875108EB480601EB860C40F2B5
:108E2000932740F80C7003EB8607074408F101080C
:108E300087ED000A04EB860705EB8606C7597D37E8
:108E4000875108EB480601EB860C40F24B2740F8AF
:108E50000C7003EB8607074408F1010887ED000A50
:108E600004EB860705EB8606C7597D37875108EB6B
:108E7000480601EB860C774640F80C7003EB86073A
:108E8000074487ED000A04EB860705EB8606C75901
:108E900008F101087D37875108EB480601EB860C85
:108EA0004FF4DC7740F80C7003EB8607074408F1B9
:108EB000010887ED000A04EB860705EB8606C75913
:108EC0007D37875108EB480601EB860C4FF4DC77C1
:108ED00040F80C7003EB8607074408F1010887EDA2
:108EE000000A04EB860705EB8606C7597D378751D4
:108EF00008EB480601EB860C4FF4C47740F80C7081
:108F000003EB8607074408F1010887ED000A04EB2C
:108F1000860705EB8606C7597D37875108EB48065B
:108F200001EB860C4FF4DC7740F80C7003EB8607FE
:108F3000074408F1010887ED000A04EB860705EBFA
:108F40008606C7597D37875108EB480601EB860C2A
:108F50004FF4DC7740F80C7003EB8607074408F108
:108F6000010887ED000A04EB860705EB8606C75962
:108F70007D37875108EB48074FF4DC7601EB870C0F
:108F8000C2F804800AEB870340F80C60034409EB45
:108F9000870483ED000A0BEB870308F10108C3582F
:108FA00008EB48067D33035101EB86044FF4C4738C
:108FB00003510AEB860404440BEB860584ED000A9A
:108FC000475909EB86067D37875108F1010808EB00
:108FD000480601EB860C002740F80C700AEB860768
:108FE000074408F1010887ED001A0BEB860709EB2F
:108FF0008606C7595346FA37875108EB480601EBF6
:10900000860C002740F80C7003EB860707445C468B
:10901000C7ED000A04EB86074D46C75905EB8606E7
:109020003F37875108F1010808EB480601EB860C31
:109030004FF4C47740F80C7003EB8607074408F13F
:109040000108C7ED000A04EB860705EB8606C75941
:109050003F37875108EB480601EB860C774640F80E
:109060000C7003EB86070744C7ED000A04EB860784
:1090700005EB8606C75908F101083F37875108EB11
:10908000480601EB860C03EB860740F24B2E0744A3
:1090900040F80CE0C7ED000A04EB860705EB8606F6
:1090A000C75908F101083F37875108EB480601EB23
:1090B000860C40F2932740F80C7003EB86070744B8
:1090C00008F10108C7ED001A04EB860705EB8606D8
:1090D000C75907F27717875108EB480601EB860C52
:1090E00003EB8607074440F80CE087ED000A04EB29
:1090F000860705EB8606C75908F101087D378751B9
:1091000008EB480602E0000000007A4301EB860C01
:1091100003EB86075FED042A074440F80CE0C7ED37
:10912000002A04EB860705EB8606C75908F10108FB
:10913000FA37875108EB480601EB860C002740F808
:109140000C7003EB8607074408F1010887ED002A3D
:1091500004EB860705EB8606C759BC37875108EB39
:10916000480601EB860C03EB8607074440F80CE049
:10917000C7ED000A04EB860705EB8606C75908F120
:1091800001083F37875108EB480601EB860C03EBDB
:1091900086074FF4DC7E074440F80CE00BEB8604B6
:1091A00087ED000A045909EB86057D34445108F126
:1091B000010808EB480501EB85060AEB8503C2F8B8
:1091C0000480034440F806E00BEB850483ED000ABD
:1091D000065909EB85057D36465108F1010808EB73
:1091E000480601EB86074FF4C475C5510AEB8607A4
:1091F00007445B4687ED000A0BEB86074C46C759D0
:10920000554609EB86067D37875108F1010808EBC2
:10921000480601EB860C4FF4F77740F80C700AEB28
:109220008607074408F1010887ED000A03EB86076B
:1092300004EB8606C7597D37875108EB480601EBDA
:10924000860C002740F80C7005EB8607074408F1F0
:10925000010887ED001A03EB860704EB8606C75961
:10926000FA37875108EB480601EB860C05EB8607B9
:10927000074440F80CE0C7ED000A03EB860704EB57
:109280008606C75908F101083F37875108EB4806A1
:1092900001EB860C4FF4F77740F80C70DFEDFE2AF7
:1092A00005EB8607074408F10108C7ED002A03EB28
:1092B000860704EB8606C7593F37875108EB4806F7
:1092C00001EB860C40F24B2740F80C7005EB86074B
:1092D000074408F1010887ED000A03EB860704EB59
:1092E0008606C7597D37875108EB480601EB860C87
:1092F00040F2932740F80C7005EB8607074408F10D
:10930000010887ED000A03EB860704EB8606C759C0
:109310004FF4777E7D37875108EB480601EB860CCA
:109320004FF4447740F80C7005EB8607074408F1CA
:10933000010887ED000A03EB860704EB8606C75990
:109340007D37875108EB480601EB860C4FF45C77BC
:1093500040F80C7005EB8607074408F1010887ED1B
:10936000000A03EB860704EB8606C7597D37875151
:1093700008EB480601EB860C05EB8607074440F82E
:109380000CE087ED000A03EB860704EB8606C7595D
:1093900008F101087D37875108EB480601EB860C80
:1093A0004FF45C7740F80C7005EB8607074408F132
:1093B000010887ED000A03EB860704EB8606C75910
:1093C0007D37875108EB480701EB870C0AEB8705CF
:1093D0004FF44476054440F80C600BEB870385EDB1
:1093E000000AC35809EB87047D33035108F10108D3
:1093F00008EB480640F24B2301EB8604C2F80480D8
:1094000003510AEB860404440BEB8605C4ED000A05
:10941000475909EB86063F37875108F1010808EBE9
:10942000480601EB860C40F2932740F80C700AEBDB
:109430008607074408F10108C7ED000A0BEB860711
:1094400009EB8606C75953463F37875108EB480654
:1094500001EB860C4FF4447740F80C7003EB860761
:1094600007445C46C7ED000A04EB86074D46C75922
:1094700005EB86063F37875108F1010808EB4806DF
:1094800001EB860C03EB8607074440F80CE087ED00
:10949000000A04EB860705EB8606C75908F10108A8
:1094A0007D37875108EB480601EB860C03EB8607F6
:1094B000074440F80CE087ED000A04EB860705EB53
:1094C0008606C75908F101087D37875108EB480621
:1094D00001EB860C03EB8607074440F80CE087EDB0
:1094E000000A04EB860705EB8606C7597D378751CE
:1094F00008F1010808EB480601EB860C4FF45C7795
:1095000040F80C7003EB8607074408F1010887ED6B
:10951000000A04EB860705EB8606C7597D3787519D
:1095200008EB480601EB860C002740F80C7003EBB3
:109530008607074408F1010887ED001A04EB860747
:1095400005EB8606C759FA37875108EB480601EB49
:10955000860C40F24B2740F80C7003EB860707445B
:1095600008F10108C7ED000A04EB860705EB860643
:10957000C7593F37875108EB480601EB860C40F28C
:10958000932740F80C7003EB8607074408F10108A5
:10959000C7ED000A04EB860705EB8606C7593F377F
:1095A000875108EB480601EB860C4FF4447740F8EE
:1095B0000C7003EB8607074408F10108C7ED000AA9
:1095C00004EB860705EB8606C7593F37875108EB42
:1095D000480601EB860C03EB8607074440F80CE0D5
:1095E00087ED000A04EB860705EB8606C75908F1EC
:1095F00001087D37875108EB4807C2F8048001EB6A
:10960000870C0AEB8703034440F80CE083ED000A63
:109610000BEB870309EB8704C35808F101087D337E
:1096200008EB4805035101EB85030BEB850440F87B
:1096300003E00AEB8503034409EB850583ED000A8B
:10964000065908F101087D36465108EB480501EB43
:1096500085074FF45C76C6510AEB8506064408F18F
:10966000010886ED000A0BEB850609EB8505865996
:1096700052467D36465108EB480601EB860702EB61
:1096800086054FF0000E054440F807E05B464C4667
:1096900085ED001A02E0000000007C4203EB860525
:1096A00004EB8606455908F10108FA35855108EBA7
:1096B000480601EB86074FF44475C55102EB860757
:1096C000074408F1010887ED000A03EB860704EB65
:1096D0008606C75940F2BA297D37875108EB4807FB
:1096E00001EB870C02EB8706064440F80C9086EDF0
:1096F000000A03EB870604EB8707865908F1010887
:109700007D36C65108EB480701EB870C02EB870654
:1097100040F2932A064440F80CA0C6ED001A03EB71
:10972000870604EB8707865908F1010806F27716C9
:10973000C65108EB480701EB870C02EB870640F2A5
:109740004B2B064440F80CB0C6ED001A03EB87061D
:1097500004EB8707865908F1010806F27716C6510F
:1097600008EB480601EB860708F10108C55102EB3A
:109770008605054485ED000A03EB860504EB8606A5
:1097800045597D35855108EB480501EB850702EB0E
:10979000850640F80790064408F1010886ED000AA6
:1097A00003EB850604EB850586597D36465108EBAB
:1097B000480601EB860702EB8605054440F807A042
:1097C00085ED002A03EB860504EB8606455908F172
:1097D0000108BC35855108EB480501EB850702EB14
:1097E0008506064440F80790C6ED000A03EB85069F
:1097F00004EB8505865908F101083F36465108EB10
:10980000480501EB850702EB8506064440F807A0F2
:1098100086ED000A03EB850604EB8505865908F101
:1098200001087D36465108EB480501EB850702EB40
:109830008506064440F807B086ED000A03EB85066E
:1098400004EB8505865908F101087D36465108EB81
:10985000480501EB85074FF4F776C65102EB850604
:10986000064408F1010886ED001A03EB850604EBB7
:1098700085058659FA36465108EB480501EB850106
:1098800040F801E002EB8501014481ED001A03EB91
:10989000850104EB8502415808F10108FA31815035
:1098A0000349C1F804800099C1E90008BDE8F88FB8
:1098B000EC0500202DE9F047DFF89C9182466548D1
:1098C000C9F80000D9F804600C2106EB460501EB4D
:1098D000850200278750102202EB85030344B0EE77
:1098E000000A83ED000A082303EB850450F804C046
:1098F000142404EB85050CF1020C40F805C0761C1D
:1099000006EB460501EB85084FF4837C40F808C060
:109910009FED520A02EB850C8444761C8CED000A04
:1099200003EB850C04EB850550F80CC0F0EE080A3B
:109930000CF1C80C40F805C006EB460501EB850CA0
:10994000761C40F80C7002EB850C8444CCED000AC8
:1099500003EB850C04EB850550F80CC00CF1030CEF
:1099600040F805C006EB460501EB850840F2932C54
:1099700040F808C002EB850C8444761C8CED000A8C
:1099800003EB850C04EB850550F80CC00CF1C80CFA
:1099900040F805C006EB460501EB850C40F80C705D
:1099A00002EB850C8444CCED000A03EB850C04EB40
:1099B000850550F80CC00CF1030C40F805C0761C6E
:1099C00006EB460501EB85084FF4C46C40F808C06F
:1099D00002EB850C8444761C8CED000A03EB850CAD
:1099E00004EB850550F80CC0B2EE0E0A0CF1C80C61
:1099F00040F805C006EB460501EB850C761C40F8E7
:109A00000C7002EB8507074487ED000A03EB85071E
:109A100004EB8505C7599FED120A0F37475106EB36
:109A2000460501EB850140F21747475002EB8501DF
:109A3000014404EB850281ED000A03EB8501761CED
:109A4000415801F5FA718150C9F80460CAE900066D
:109A5000BDE8F08760840020DC050020000048435A
:109A60000000FA43FEE70000A0B1D0ED101AC0EDEF
:109A7000111A90ED0F1A80ED101AC0ED060A80ED54
:109A8000070A30EEC00A80ED0F0A017829B10129DA
:109A90003BD078E09FED3D0A7047D0ED010A60EEC3
:109AA000801AC0ED091AD0ED0A0A90ED022A42EEA2
:109AB000000A30EE410AC0ED0A0A90ED0D2A80ED51
:109AC0000E2A90ED0C2A80ED0D2A80ED0C0A90ED07
:109AD000031A21EE001A80ED0B1A90ED050AF4EE40
:109AE000C00AF1EE10FA09DCB1EE400AF4EEC00A49
:109AF000F1EE10FA02D390ED0A0A01E080ED0A0AB5
:109B000031EE800A30EE010A2BE070EE410A90ED52
:109B1000012A60EE820AC0ED090A90ED022A22EEC7
:109B2000002A80ED0A2AD0ED0D2A70EE820AC0EDDF
:109B30000E2AD0ED0C2AC0ED0D2AF0EE002A01EE1F
:109B4000620A30EE210A80ED0C0A90ED031A21EE34
:109B5000000A80ED0B0A30EE800AD0ED080A30EEE4
:109B6000200A80ED080AD0ED040AB4EEE00AF1EE16
:109B700010FA06DCF1EE600AB4EEE00AF1EE10FA3B
:109B800001D2C0ED080A90ED080A704700000000FD
:109B9000002828D0002A26D0017092ED001A80ED0E
:109BA000011A92ED011A80ED021A92ED021A80ED6F
:109BB000031A80ED040A9FED0C0AC0ED050A80ED42
:109BC0000E0A80ED0D0A80ED0C0A80ED080A80ED8A
:109BD0000B0A80ED0A0A80ED090A80ED110A80ED7A
:109BE000100A80ED0F0A70470000000030B5144CD9
:109BF00023685D6945F040055D612368DC6844F0D9
:109C00001004DC600F4C23681D6825F001051D6001
:109C100023681D68ED07F7D125680B4BAB602368FF
:109C2000D86020680161206842602068016841F4C2
:109C3000802101602068016841F00101016030BDB0
:109C400074140020C4150020044800402DE9F041A0
:109C5000054600680024C168490617D4C16841F070
:109C60008001C160F9F7E2FA06464FF47A780427DA
:109C700006E0F9F7DBFA801B404501D96F77012434
:109C80002868C068400601D4002CF2D02046BDE808
:109C9000F08170B5044600680025C16821F080019C
:109CA000C16020688068800606D42046FAF75AFA18
:109CB00010B1042060770125284670BD80EC060AAB
:109CC0009FED0B0A0B4980ED060A80ED070A80ED37
:109CD000080A80ED090A80ED0A0A80ED0B0A80ED82
:109CE0000C0A80ED0D0A80ED0E0AC163704700007A
:109CF000000000002DDA000810B580ED0A0AC0ED62
:109D00000B0AD0ED061A044630EE611A80ED0C1AEB
:109D100090ED070A31EEC00AD0ED081A70EE611A14
:109D2000C0ED091A80ED080A90ED022AF0EEC11A82
:109D3000F4EEC21AF1EE10FA04D29FED220A80ED81
:109D40000E0A10BD30EEC00AD4ED000A00EE810A02
:109D500084ED0D0AE06B8047D4ED0B0A94ED081AF0
:109D6000D4ED001A30EEC11AD4ED090A41EEC10A51
:109D700094ED011A41EE400A94ED030A94ED0D1A98
:109D800040EE410A94ED040A60EE800AC4ED0E0A2A
:109D900094ED050AF4EEC00AF1EE10FA01DD84ED4F
:109DA0000E0AD4ED0E0AB1EE400AF4EEC00AF1EE4E
:109DB00010FA01D284ED0E0A94ED060A84ED070A2A
:109DC00010BD0000000000002DE9F74FF84981B0F8
:109DD0000868026822F001020260F64A106803680F
:109DE00023F00103036003E0016821F00101016039
:109DF000EF4800680168C907F6D103E0016821F067
:109E000001010160EB4800680168C907F6D1EA4822
:109E1000EA4AEB4BD0F84C90E84CE94DE74EE84F5E
:109E2000DFF898E3DFF894C3D9F80000E449483A32
:109E3000603318341835303E78374FF4006A0CF12F
:109E4000300C704535D9884205D0904203D09842F5
:109E500001D0A04201D1202026E0A84205D0B04286
:109E600003D0B84201D0604501D150461CE0DFF874
:109E7000508308F13008404511D0DFF84083A8F145
:109E8000180840450BD0DFF8388308F190084045AA
:109E900005D0DFF8288308F14808404502D14FF487
:109EA000001001E04FF00060DFF81083A8F14C08CB
:109EB0003AE0DFF80C8308F1A808404537D988421A
:109EC00005D0904203D0984201D0A04201D1202079
:109ED00026E0A84205D0B04203D0B84201D0604588
:109EE00001D150461CE0DFF8D88208F13008404527
:109EF00011D0DFF8C882A8F1180840450BD0DFF870
:109F0000C08208F19008404505D0DFF8B08208F122
:109F10004808404502D14FF4001001E04FF00060C6
:109F2000DFF89882A8F15008C8F8000074E0DFF864
:109F3000908208F14808404537D9884205D09042C0
:109F400003D0984201D0A04201D1202026E0A842AF
:109F500005D0B04203D0B84201D0604501D150468F
:109F60001CE0DFF85C8208F13008404511D0DFF8D2
:109F70004C82A8F1180840450BD0DFF8448208F164
:109F80009008404505D0DFF8348208F14808404584
:109F900002D14FF4001001E04FF00060DFF82082A2
:109FA000A8F11008C8F80C0036E0884205D09042AD
:109FB00003D0984201D0A04201D1202026E0A8423F
:109FC00005D0B04203D0B84201D0604501D150461F
:109FD0001CE0DFF8EC8108F13008404511D0DFF8D3
:109FE000DC81A8F1180840450BD0DFF8D48108F1D6
:109FF0009008404505D0DFF8C48108F14808404585
:10A0000002D14FF4001001E04FF00060DFF8B081A2
:10A01000A8F11008C8F80800D9F800004FF4806BC8
:10A02000704535D9884205D0904203D0984201D07E
:10A03000A04201D1102026E0A84205D0B04203D0B2
:10A04000B84201D0604501D158461CE0DFF870816C
:10A0500008F13008404511D0DFF86081A8F11808F8
:10A0600040450BD0DFF8588108F19008404505D0F5
:10A07000DFF8488108F14808404502D14FF48010CC
:10A0800001E04FF08060DFF83481A8F14C083AE03D
:10A09000DFF82C8108F1A808404537D9884205D05F
:10A0A000904203D0984201D0A04201D1102026E076
:10A0B000A84205D0B04203D0B84201D0604501D1DA
:10A0C00058461CE0DFF8F88008F13008404511D010
:10A0D000DFF8E880A8F1180840450BD0DFF8E080F1
:10A0E00008F19008404505D0DFF8D08008F1480815
:10A0F000404502D14FF4801001E04FF08060DFF85E
:10A10000BC80A8F15008C8F800007AE0DFF8B08001
:10A1100008F14808404537D9884205D0904203D01D
:10A12000984201D0A04201D1102026E0A84205D0DB
:10A13000B04203D0B84201D0604501D158461CE07E
:10A14000DFF87C8008F13008404511D0DFF86C80E2
:10A15000A8F1180840450BD0DFF8648008F190089A
:10A16000404505D0DFF8548008F14808404502D149
:10A170004FF4801001E04FF08060DFF84480A8F1D8
:10A180001008C8F80C003CE0884205D0904203D08B
:10A19000984201D0A04201D110202CE0A84205D065
:10A1A000B04203D0B84201D060450BD1584622E0FE
:10A1B000BC1100201C1200206411002058640240D1
:10A1C00010600240DFF8688940450FD0DFF86489ED
:10A1D00040450BD0DFF8588908F16008404505D0AC
:10A1E000DFF8508908F16008404502D14FF4801033
:10A1F00001E04FF08060DFF83889A8F14008C8F826
:10A200000800D9F80000704532D9884205D0904244
:10A2100003D0984201D0A04201D1082023E0A842F7
:10A2200005D0B04203D0B84201D0604502D14FF40E
:10A23000007018E0DFF8F88840450FD0DFF8F488A8
:10A2400040450BD0DFF8E88808F16008404505D0AC
:10A25000DFF8E08808F16008404502D14FF40020A3
:10A2600001E04FF00070DFF8CC88A8F1340837E047
:10A27000DFF8BC8808F17808404534D9884205D019
:10A28000904203D0984201D0A04201D1082023E09F
:10A29000A84205D0B04203D0B84201D0604502D1F7
:10A2A0004FF4007018E0DFF8888840450FD0DFF8E1
:10A2B000848840450BD0DFF8788808F16008404575
:10A2C00005D0DFF8708808F16008404502D14FF4EE
:10A2D000002001E04FF00070DFF85888A8F138083E
:10A2E000C8F800006EE0DFF8488808F1180840451B
:10A2F00034D9884205D0904203D0984201D0A04280
:10A3000001D1082023E0A84205D0B04203D0B842D2
:10A3100001D0604502D14FF4007018E0DFF81088DA
:10A3200040450FD0DFF80C8840450BD0DFF800889F
:10A3300008F16008404505D0DFF8F88708F16008AB
:10A34000404502D14FF4002001E04FF00070DFF8EB
:10A35000E087A8F14008C8F80C0033E0884205D037
:10A36000904203D0984201D0A04201D1082023E0BE
:10A37000A84205D0B04203D0B84201D0604502D116
:10A380004FF4007018E0DFF8A88740450FD0DFF8E1
:10A39000A48740450BD0DFF8988708F16008404556
:10A3A00005D0DFF8908708F16008404502D14FF4EE
:10A3B000002001E04FF00070DFF87487A8F140083A
:10A3C000C8F80800DFF86C87D9F8000008F1180811
:10A3D0004FF4807E404531D9884205D0904203D069
:10A3E000984201D0A04201D1042022E0A84205D029
:10A3F000B04203D0B84201D0604501D1704618E0A8
:10A40000DFF82C8740450FD0DFF8288740450BD078
:10A41000DFF81C8708F16008404505D0DFF8148795
:10A4200008F16008404502D14FF4802001E04FF070
:10A430008070DFF80087A8F1340836E0DFF8F08696
:10A4400008F17808404533D9884205D0904203D0BE
:10A45000984201D0A04201D1042022E0A84205D0B8
:10A46000B04203D0B84201D0604501D1704618E037
:10A47000DFF8BC8640450FD0DFF8B88640450BD0EA
:10A48000DFF8AC8608F16008404505D0DFF8A48607
:10A4900008F16008404502D14FF4802001E04FF000
:10A4A0008070DFF89086A8F13808C8F800006CE0EA
:10A4B000DFF87C8608F11808404533D9884205D07A
:10A4C000904203D0984201D0A04201D1042022E062
:10A4D000A84205D0B04203D0B84201D0604501D1B6
:10A4E000704618E0DFF8488640450FD0DFF8448614
:10A4F00040450BD0DFF8388608F16008404505D0AC
:10A50000DFF8308608F16008404502D14FF4802022
:10A5100001E04FF08070DFF81886A8F14008C8F815
:10A520000C0032E0884205D0904203D0984201D01E
:10A53000A04201D1042022E0A84205D0B04203D0BD
:10A54000B84201D0604501D1704618E0DFF8E085DF
:10A5500040450FD0DFF8DC8540450BD0DFF8D085D3
:10A5600008F16008404505D0DFF8C88508F16008AB
:10A57000404502D14FF4802001E04FF08070DFF8B9
:10A58000B085A8F14008C8F80800DFF8A885D9F818
:10A59000000008F118084FF48039404530D988424E
:10A5A00005D0904203D0984201D0A04201D10120B1
:10A5B00021E0A84205D0B04203D0B84201D06045A6
:10A5C00001D1402017E0DFF8688540450FD0DFF863
:10A5D000648540450BD0DFF8588508F16008404598
:10A5E00005D0DFF8508508F16008404501D14846A4
:10A5F00001E04FF48000DFF83C85A8F1340835E035
:10A60000DFF82C8508F17808404532D9884205D01A
:10A61000904203D0984201D0A04201D1012021E014
:10A62000A84205D0B04203D0B84201D0604501D164
:10A63000402017E0DFF8F88440450FD0DFF8F484BD
:10A6400040450BD0DFF8E88408F16008404505D0AC
:10A65000DFF8E08408F16008404501D1484601E098
:10A660004FF48000DFF8CC84A8F13808C8F8000067
:10A670006AE0DFF8BC8408F11808404532D9884206
:10A6800005D0904203D0984201D0A04201D10120D0
:10A6900021E0A84205D0B04203D0B84201D06045C5
:10A6A00001D1402017E0DFF8888440450FD0DFF863
:10A6B000848440450BD0DFF8788408F16008404579
:10A6C00005D0DFF8708408F16008404501D14846A4
:10A6D00001E04FF48000DFF85884A8F14008C8F882
:10A6E0000C0031E0884205D0904203D0984201D05E
:10A6F000A04201D1012021E0A84205D0B04203D000
:10A70000B84201D0604501D1402017E0DFF8208435
:10A7100040450FD0DFF81C8440450BD0DFF8108493
:10A7200008F16008404505D0DFF8088408F16008AA
:10A73000404501D1484601E04FF48000DFF8F08346
:10A74000A8F14008C8F80800FB48DFF8E883806CEF
:10A75000009008F118080068404531D9884205D0BA
:10A76000904203D0984201D0A04201D1202022E0A3
:10A77000A84205D0B04203D0B84201D0604501D113
:10A78000504618E0DFF8A88340450FD0DFF8A483D7
:10A7900040450BD0DFF8988308F16008404505D0AC
:10A7A000DFF8908308F16008404502D14FF40010B3
:10A7B00001E04FF00060DFF87C83A8F1340836E058
:10A7C000DFF86C8308F17808404533D9884205D01A
:10A7D000904203D0984201D0A04201D1202022E033
:10A7E000A84205D0B04203D0B84201D0604501D1A3
:10A7F000504618E0DFF8388340450FD0DFF8348347
:10A8000040450BD0DFF8288308F16008404505D0AB
:10A81000DFF8208308F16008404502D14FF40010B2
:10A8200001E04FF00060DFF80C83A8F13808C8F8A9
:10A8300000006CE0DFF8F88208F11808404533D9D1
:10A84000884205D0904203D0984201D0A04201D165
:10A85000202022E0A84205D0B04203D0B84201D067
:10A86000604501D1504618E0DFF8C48240450FD062
:10A87000DFF8C08240450BD0DFF8B48208F16008F1
:10A88000404505D0DFF8AC8208F16008404502D1B0
:10A890004FF4001001E04FF00060DFF89482A8F15F
:10A8A0004008C8F80C0032E0884205D0904203D03E
:10A8B000984201D0A04201D1202022E0A84205D038
:10A8C000B04203D0B84201D0604501D1504618E0F3
:10A8D000DFF85C8240450FD0DFF8588240450BD04E
:10A8E000DFF84C8208F16008404505D0DFF844826B
:10A8F00008F16008404502D14FF4001001E04FF02C
:10A900000060DFF82C82A8F14008C8F80800009821
:10A91000DFF820A200680AF1180A504531D98842B0
:10A9200005D0904203D0984201D0A04201D110201E
:10A9300022E0A84205D0B04203D0B84201D0604521
:10A9400001D1584618E0DFF8E88140450FD0DFF824
:10A95000E48140450BD0DFF8D88108F1600840451C
:10A9600005D0DFF8D08108F16008404502D14FF4EE
:10A97000801001E04FF08060DFF8B881A8F1340862
:10A9800036E0DFF8AC8108F17808404533D98842D9
:10A9900005D0904203D0984201D0A04201D11020AE
:10A9A00022E0A84205D0B04203D0B84201D06045B1
:10A9B00001D1584618E0DFF8788140450FD0DFF824
:10A9C000748140450BD0DFF8688108F1600840458C
:10A9D00005D0DFF8608108F16008404502D14FF4EE
:10A9E000801001E04FF08060DFF84881A8F138085E
:10A9F000C8F800006CE0DFF8388108F1180840451D
:10AA000033D9884205D0904203D0984201D0A04269
:10AA100001D1102022E0A84205D0B04203D0B842B4
:10AA200001D0604501D1584618E0DFF80481404567
:10AA30000FD0DFF8008140450BD0DFF8F48008F13B
:10AA40006008404505D0DFF8EC8008F1600840451B
:10AA500002D14FF4801001E04FF08060DFF8D08029
:10AA6000A8F14008C8F80C0032E0884205D09042B6
:10AA700003D0984201D0A04201D1102022E0A84288
:10AA800005D0B04203D0B84201D0604501D158464C
:10AA900018E0DFF89C8040450FD0DFF898804045F3
:10AAA0000BD0DFF88C8008F16008404505D0DFF856
:10AAB000848008F16008404502D14FF4801001E025
:10AAC0004FF08060DFF86880A8F14008C8F80800FF
:10AAD00000980068504536D9884205D0904203D08E
:10AAE000984201D0A04201D1082029E0A84205D017
:10AAF000B04203D0B84201D0604502D14FF400709B
:10AB00001EE0DFF82C8040450FD0DFF8288040455C
:10AB10000BD0DFF81C8008F16008404505D0DFF855
:10AB2000148008F16008404508D14FF4002007E088
:10AB30004060024040640240641100204FF0007009
:10AB4000DFF8E88439E0DFF8E884404538D9884206
:10AB500005D0904203D0984201D0A04201D10820F4
:10AB600027E0A84205D0B04203D0B84201D06045EA
:10AB700002D14FF400701CE0DFF8B484A8F178082B
:10AB8000404511D0DFF8A48408F1340840450BD0CB
:10AB9000DFF89C84A8F11808404505D0DFF88C84C4
:10ABA00008F19408404502D14FF4002001E04FF035
:10ABB0000070DFF87884A8F10408C8F8000076E097
:10ABC000DFF86C84A8F16008404538D9884205D088
:10ABD000904203D0984201D0A04201D1082027E042
:10ABE000A84205D0B04203D0B84201D0604502D19E
:10ABF0004FF400701CE0DFF83884A8F17808404575
:10AC000011D0DFF8288408F1340840450BD0DFF874
:10AC10002084A8F11808404505D0DFF8108408F119
:10AC20009408404502D14FF4002001E04FF000703D
:10AC3000DFF8FC83A8F1B808C8F80C0037E08842B8
:10AC400005D0904203D0984201D0A04201D1082003
:10AC500027E0A84205D0B04203D0B84201D06045F9
:10AC600002D14FF400701CE0DFF8C483A8F178082B
:10AC7000404511D0DFF8B48308F1340840450BD0CB
:10AC8000DFF8AC83A8F11808404505D0DFF89C83B5
:10AC900008F19408404502D14FF4002001E04FF044
:10ACA0000070DFF88C83A8F1B808C8F80800009895
:10ACB0000068504533D9884205D0904203D098426D
:10ACC00001D0A04201D1042026E0A84205D0B04224
:10ACD00003D0B84201D0604501D170461CE0DFF8D6
:10ACE0005083A8F17808404511D0DFF8408308F17F
:10ACF000340840450BD0DFF83883A8F118084045E8
:10AD000005D0DFF8288308F19408404502D14FF4BC
:10AD1000802001E04FF08070DFF8108338E0DFF82A
:10AD20001083404537D9884205D0904203D09842DD
:10AD300001D0A04201D1042026E0A84205D0B042B3
:10AD400003D0B84201D0604501D170461CE0DFF865
:10AD5000E082A8F17808404511D0DFF8D08208F1F0
:10AD6000340840450BD0DFF8C882A8F118084045E8
:10AD700005D0DFF8B88208F19408404502D14FF4BD
:10AD8000802001E04FF08070DFF8A082A8F1040875
:10AD9000C8F8000074E0DFF89882A8F16008404528
:10ADA00037D9884205D0904203D0984201D0A042C2
:10ADB00001D1042026E0A84205D0B04203D0B84219
:10ADC00001D0604501D170461CE0DFF86482A8F133
:10ADD0007808404511D0DFF8548208F13408404526
:10ADE0000BD0DFF84C82A8F11808404505D0DFF8F9
:10ADF0003C8208F19408404502D14FF4802001E0E4
:10AE00004FF08070DFF82882A8F1B808C8F80C006D
:10AE100036E0884205D0904203D0984201D0A0424B
:10AE200001D1042026E0A84205D0B04203D0B842A8
:10AE300001D0604501D170461CE0DFF8F481A8F133
:10AE40007808404511D0DFF8E48108F13408404526
:10AE50000BD0DFF8DC81A8F11808404505D0DFF8F9
:10AE6000CC8108F19408404502D14FF4802001E0E4
:10AE70004FF08070DFF8B881A8F1B808C8F8080072
:10AE800000980068504529D9884205D0904203D0E7
:10AE9000984201D0A04201D101201DE0A84205D076
:10AEA000B04203D0B84201D0604501D1402013E048
:10AEB0005F49783988420BD05C493431884207D0E9
:10AEC0005B491839884203D058499431884201D1EE
:10AED000484601E04FF4800054492DE0DFF85081EE
:10AEE00040452BD9884205D0904203D0984201D0EA
:10AEF000A04201D101201DE0A84205D0B04203D0FC
:10AF0000B84201D0604501D1402013E0484978396A
:10AF100088420BD045493431884207D0444918391A
:10AF2000884203D041499431884201D1484601E02A
:10AF30004FF480003D49091F08605CE0DFF8F080B5
:10AF4000A8F1600840452BD9884205D0904203D033
:10AF5000984201D0A04201D101201DE0A84205D0B5
:10AF6000B04203D0B84201D0604501D1402013E087
:10AF70002F49783988420BD02C493431884207D088
:10AF80002B491839884203D028499431884201D18D
:10AF9000484601E04FF480002549B839C8602AE0EE
:10AFA000884205D0904203D0984201D0A04201D1FE
:10AFB00001201DE0A84205D0B04203D0B84201D024
:10AFC000604501D1402013E01949783988420BD0FF
:10AFD00016493431884207D015491839884203D0C0
:10AFE00012499431884201D1484601E04FF4800073
:10AFF0000F49B83988600F4802990268D1600E493C
:10B00000019A0B68DA600368039A5A600B68039A26
:10B010005A600068026842F0010202600868016834
:10B0200041F001010160BDE8FF8F00000C640240A7
:10B03000B8600240BC1100201C1200202DE9F04F26
:10B04000384B83461868446844F00204446018682A
:10B05000446844F0010444601868036843F0400306
:10B060000360DFF8C4C0DCF80000036823F00103CC
:10B070000360DCF800000368DB07F6D12B4D2C4B96
:10B080002A4C4C3DDFF8A8A0294EB83B4FF40017DE
:10B09000A5F10409AAF1600AA04201D92F6009E0D4
:10B0A000B04202D9C9F8007004E0504501D9DF6010
:10B0B00000E09F601F4F8760DCF80000C160DCF893
:10B0C00000004260DCF80000016841F010010160FE
:10B0D00019490868D0F800C02CF0010CC0F800C075
:10B0E0000868D0F800C05FEACC7CF3D14FF0006C68
:10B0F000A04202D9C5F800C00BE0B04202D9C9F89D
:10B1000000C006E0504502D9C3F80CC001E0C3F806
:10B1100008C087600B68C3F80CB008684260BDE8DF
:10B12000F08F000064110020BC1100205864024020
:10B13000B86002400C3001401C120020F8B51546E2
:10B140000E460B46009204460122022100F02CF824
:10B15000A0B9134813490068B0FBF1F04FF47A71BD
:10B16000484300906068B0F5827F0DD133460022DD
:10B1700080212046009500F017F870B1606D40F016
:10B18000200060650320F8BD009830B1401E00909B
:10B1900020688068C0430006F6D50020F8BD000096
:10B1A0002C00002000366E012DE9F8431E46914622
:10B1B00088460446089DF8F739F8401B351AF8F719
:10B1C00035F8074626480068C0F3CB3068430AE0EC
:10B1D000701C09D0F8F72AF8C01BA8420FD275B12D
:10B1E0000098B8B3401E00902068816838EA0100DA
:10B1F00033D000204845EBD10020BDE8F88320681B
:10B20000416821F0E00141606068B0F5827F0BD1B8
:10B21000A068B0F5004F02D0B0F5806F04D120686F
:10B22000016821F040010160A06AB0F5005F09D11A
:10B230002068016821F4005101602068016841F430
:10B2400000510160012084F85100002084F8500072
:10B250000320D2E7FFE70025C6E70120CAE7000088
:10B260002C00002010B5104C04F5B870D4ED8A0AFB
:10B2700094ED860AFEF7F8FB84ED0E0AD4ED890AF8
:10B2800094ED850A04F5DC70FEF7EEFB84ED200AF0
:10B29000D4ED880A94ED840A04F59470FEF7E4FB7B
:10B2A00084ED320A10BD000060930020704700005A
:10B2B00070B52DED028B8AB001F058FC31490126A2
:10B2C000002508602F48CDE900650222B7EE000A8C
:10B2D000334611460830FCF749F82A48CDE90065A5
:10B2E0000123B7EE000A022219465030FCF73EF85F
:10B2F000254C07AB9FED258A94E8070083E80700FB
:10B30000DFED238AF0EE480A07AAB0EE680A0021B2
:10B310002048FEF73DFC1F48F0EE480AB0EE680AF0
:10B3200007AA00214830FEF733FC1648CDE9006536
:10B33000B7EE000A0023012203219830FCF716F82B
:10B340000C3404AB07CC83E8070094E8070001AB9A
:10B35000F3EE0E0A83E807000E489FED0F0A04AAD9
:10B3600000219038FEF714FC0A48F0EE480A9FEDE1
:10B370000B0A01AA00214838FEF70AFC0AB0BDEC0E
:10B38000028B70BD609300206CED000800007A44D1
:10B3900000007A46D09400200000964300401C46EE
:10B3A00010B50D48F6F75AFC0B489038F6F756FCE6
:10B3B00009484838F6F752FC0748983890ED070AD4
:10B3C00080ED860A90ED190A80ED850A90ED2B0A32
:10B3D00080ED840A10BD0000F89300207047000043
:10B3E00018499FED190A487910B101280DD104E0E0
:10B3F00081ED8A0A81ED890A07E0DFED140AC1EDCB
:10B400008A0ADFED130AC1ED890A087958B10228CA
:10B410000BD10868B0F90800B0F5257F0ED00D48B3
:10B4200082795AB902E081ED880A70470A4A92F897
:10B430008020022AF7D1C0790028F4D0074890ED87
:10B44000000AF0E76093002000000000008026441E
:10B45000008026C4547E002080820020F405002055
:10B460007CB51B4D00244FF400762879022813D0B8
:10B47000002300941A46314601940120F6F730F972
:10B48000687900940128019413D000231A463146AC
:10B490000220F6F725F97CBD95ED320A00231A4605
:10B4A000BDEEC00A314610EE100A00B2CDE900042C
:10B4B000E3E795ED0E0ABDEEC00A10EE100A95ED19
:10B4C000200A03B2BDEEC00A10EE100A02B2DEE797
:10B4D000609300200B4A10B510680023C17A02293E
:10B4E00002D0012904D000E0807A5371137110BD9D
:10B4F000807A02210124012801D00228F5D154715B
:10B50000117110BD6093002010B5502080F3118898
:10B51000BFF34F8FBFF36F8F03F0D4F918B1044915
:10B520004FF080500860002080F3118810BD0000AB
:10B5300004ED00E030B593B030216846F5F7B8FB74
:10B5400014210CA8F5F7B4FB1D480025016841F053
:10B5500080510160006800F0805011901948016826
:10B5600041F4804101600068022400F480401190A1
:10B5700001200090000401908001CDE906400620E2
:10B580000890A820CDE9090407200B906846F8F739
:10B59000D1FB08B172B6FEE70CA90F2081E831009B
:10B5A0004FF4A0500F904FF48050109005210CA83C
:10B5B000F8F7B4FA002801D072B6FEE713B030BD38
:10B5C00040380240007000400248016841F47001B8
:10B5D0000160704788ED00E00148F9F75EB90000AE
:10B5E000841600200148F9F758B900009C13002088
:10B5F000F0B50268274D284E284FDFF8A4C0294B2C
:10B600004FF0804EA84209D0704507D0B04205D017
:10B61000B84203D0604501D0984203D122F07004B3
:10B620004A682243A8421BD0704519D0B04217D0B7
:10B63000B84215D0604513D0984211D01A4CA042A0
:10B640000ED01A4CA0420BD0194CA04208D0194C75
:10B65000A04205D0184CA04202D0184CA04203D101
:10B6600022F44074CA6822434C6922F080022243CB
:10B670008C68C4620C688462A84201D0984201D1EF
:10B6800009690163016841F0040101600121416120
:10B690000260F0BD000001400004004000080040CE
:10B6A000000C004000040140004001400044014003
:10B6B0000048014000180040001C004000200040ED
:10B6C00010B5846842EA032224F47F440A432243EB
:10B6D000826010BD826822F070020A4342F00701C6
:10B6E00081607047F0B5026A036A23F001030362C8
:10B6F00043688469114E24F073050C68104F2C4385
:10B7000022F002058A682A43B04201D0B84205D12E
:10B7100022F00805CA682A4322F00402B04201D090
:10B72000B84205D14D6923F440731D438B692B4307
:10B7300043608461496841630262F0BD00000140DA
:10B7400000040140F0B5026A036A23F010030362AB
:10B75000436884690D6824F4E64444EA05248D684E
:10B7600022F0200242EA05120F4D104EA84201D0ED
:10B77000B04206D1CF6822F0800242EA071222F0DE
:10B780004002A84201D0B04207D14D6923F4406382
:10B7900043EA85038D6943EA850343608461496810
:10B7A00081630262F0BD000000000140000401401E
:10B7B000F0B5026A036A23F4807303624368C469C4
:10B7C00022F4007224F073050C68124E2C438D682D
:10B7D00042EA05220E4DA84201D0B04206D1CF6800
:10B7E00022F4006242EA072222F48062A84201D0D9
:10B7F000B04207D14D6923F4405343EA05138D69E4
:10B8000043EA05134360C4614968C1630262F0BD45
:10B81000000001400004014030B5036A026A22F4CE
:10B82000805202624268C4690D6824F4E64444EA26
:10B8300005248D6823F4005343EA0533084DA842DC
:10B8400002D0084DA84204D14D6922F4804242EA58
:10B8500085124260C46149680164036230BD000022
:10B86000000001400004014010B5046A036A23F09F
:10B8700001030362836923F0F00343EA021324F017
:10B880000A020A438361026210BD10B5036A046AAA
:10B8900024F010040462846923F0A00324F47044AB
:10B8A00044EA023243EA01118261016210BD10B51F
:10B8B000806B0021C185F9F712FA10BD70B5846B59
:10B8C0002068406994F84110C0F3C0100025212978
:10B8D00004D118B1E584204600F0B4F8206840692E
:10B8E00094F84210C0F38010222904D118B1E585E4
:10B8F000204600F080F8606C40F010006064204644
:10B90000F9F7EDF970BD10B50146806B096809685B
:10B910004FF00003C9052ED4C38501680C3151E8EE
:10B92000002F22F4807241E80024002CF5D1016838
:10B93000143151E8002F22F0010241E80024002CCC
:10B94000F5D10168143151E8002F22F0400241E89E
:10B950000024002CF5D1202180F84210016B012930
:10B9600009D101680C3151E8002F22F0100241E8A2
:10B970000024002CF5D14363016B012902D0F9F7B3
:10B9800043FC10BD818DF9F771F910BD10B5806BC6
:10B9900001214163016B012902D0F9F736FC10BD8A
:10B9A000818D4908F9F762F910BD10B50146806B29
:10B9B00009680968C90516D40021C18401681431D9
:10B9C00051E8002F22F0800241E80023002BF5D13E
:10B9D00001680C3151E8002F42F0400241E8002399
:10B9E000002BF5D110BDF9F755FC10BD10B5806BDB
:10B9F000F9F75CFC10BD01680C3151E8002F22F40E
:10BA0000907241E80023002BF5D10168143151E810
:10BA1000002F22F0010241E80023002BF5D1016B39
:10BA2000012909D101680C3151E8002F22F01002E0
:10BA300041E80023002BF5D1202180F8421000219D
:10BA40000163704701680C3151E8002F22F0C002F9
:10BA500041E80023002BF5D1202180F841107047E8
:10BA600008B590F84210222901D0022008BD816853
:10BA70004FF48053994201D1026922B1826A9942FE
:10BA80001BD049B10AE00268816A5268C2F3080219
:10BA90000A80816A891C08E0016971B101684968FE
:10BAA00001F07F011170816A491C8162C18D491EBC
:10BAB0000904090CC18503D01BE001684968F1E75E
:10BAC0000168CA6822F02002CA600168CA6822F4CC
:10BAD0008072CA6001684A6922F001024A6120212D
:10BAE00080F8421000214163026B012A03D0F9F76C
:10BAF0008BFB002008BD016301680C3151E8002F69
:10BB000022F0100241E80023002BF5D101680A68F9
:10BB1000D20602D50A6849680091818DF9F7A6F826
:10BB2000E7E7000070B5044600680169E26821F4A7
:10BB3000405111430161A1682069E26901436069D4
:10BB4000104301432068C26849F20C639A430A43D8
:10BB5000C26020684169A26921F4407111434161CA
:10BB600031492068884202D03049884202D1F8F732
:10BB70009FF801E0F8F78CF8E269002319216425A9
:10BB80003226B2F5004F626828D0A0FB0101930F66
:10BB90009200F5F743F80146B0FBF5F06FF018029C
:10BBA000504301EB800006EB0010B0FBF5F000F015
:10BBB000F002B1FBF5F002EB0012B1FBF5F06FF013
:10BBC0001803584301EB800006EB0010B0FBF5F0C2
:10BBD00000F00F0021681044886070BDA0FB0101D7
:10BBE00092185B41F5F71AF80146B0FBF5F0020137
:10BBF000B1FBF5F06FF01803584301EB800006EB42
:10BC0000C000B0FBF5F000F0F80002EB4002B1FB21
:10BC1000F5F0584301EB800006EBC000B0FBF5F0F7
:10BC200000F00700D6E700000010014000140140BA
:10BC300037B582B01346039A82620446838500209A
:10BC40006064222184F84210E56B1F49E963E56BCB
:10BC50001E492964E56B1E49E964E16B08652168AA
:10BC6000E06B091DF7F774F938B1102060642020EB
:10BC700084F84200012005B030BD206801684068AA
:10BC80000090206948B120680C3050E8001F41F452
:10BC9000807140E80012002AF5D12068143050E885
:10BCA000001F41F0010140E80012002AF5D1206890
:10BCB000143050E8001F41F0400140E80012002A13
:10BCC000F5D10020D7E7000007B900088DB90008BA
:10BCD000BDB80008084808B500680168C943C9062E
:10BCE00004D401684068009000F0A2F8BDE8084064
:10BCF0000148F8F7F5BF00002C140020F8B52D48D6
:10BD0000006801684FF00005890603D501684068A6
:10BD10000090F8BD28490968C906FAD5016840684D
:10BD20000090F7F783FA254A044611680868244E04
:10BD3000000308684FF0240320F001000860116838
:10BD40004868C0F1240080B230804B601FD4116875
:10BD50000B6843F400230B6011680A6842F001028B
:10BD60000A601228D5D1174901F1170001F074FEBD
:10BD7000B068201A642800D975607068401C706033
:10BD8000F7F754FA0F49B06001F117000EE00E49C1
:10BD90008B6A23F400238B6211680A6842F0010267
:10BDA0000A601228B5D1074901F13B00BDE8F8400F
:10BDB00001F052BE7414002000480040C415002059
:10BDC00020010020767E002000600240144901F12D
:10BDD000400091ED000A80ED030A91ED010A80ED2B
:10BDE000040A91ED020A0F4980ED050A91ED550A0A
:10BDF00080ED000A91ED560A80ED010A91ED570A97
:10BE0000094980ED020A91ED000A80ED060A91EDE4
:10BE1000010A80ED070A91ED020A80ED080A7047D9
:10BE200094810020D87E002088810020FEE7000059
:10BE300010B51E48F8F71BFF1D4800684068C0F1A8
:10BE40008000C2B21B481D2A027023D31A4C2078EE
:10BE500056281FD1607847281CD1E07E452819D18B
:10BE6000207F4E2816D12146A1F19C00F4F707FF50
:10BE7000A4F19C00A17800F8801F54F8031F4160D2
:10BE800061688160A168C160E16801612169416107
:10BE90006169816180210848F4F70AFFBDE810401C
:10BEA000802205490148F9F7A1B900002C140020AF
:10BEB00064150020C40500201C83002041000802F6
:10BEC00018BF04200A0E18BF40F001004FF07F4257
:10BED00032EA010108BF40F00200012808BF052036
:10BEE00070470907090E002804DB00F1E02080F804
:10BEF0000014704700F00F0000F1E02080F8141DDE
:10BF00007047000010B54FF00E402DED028BB0EEE3
:10BF1000408A18EE104A00EB4400B0F1506F4AD846
:10BF20004FF0FC40B0EB440F22D2B0EEC80AF7EE5F
:10BF3000000A30EEC00AF6EE000A60EE208A18EE23
:10BF4000900A01F057FE01EE100A14F0004F1DBFD9
:10BF5000DFED2D0A9FED2D0AB1EE411ADFED2C0A1F
:10BF600008BF9FED2C0AF8EE001A21EE218A05E0A9
:10BF7000DFED290A68EE088AB0EE600A9FED271A05
:10BF8000DFED271A30EE080A48EE811A9FED251AD8
:10BF900008EEA11ADFED241A48EE811A9FED231A4C
:10BFA00008EEA11A68EE281ABDEC028B01EE810A98
:10BFB00030EE200A10BD4FF0E440B0EB440F0CD936
:10BFC00018EE100AFFF77AFF042808BF00F094F972
:10BFD000B0EE480ABDEC028B10BD4FF07F40B0EBD5
:10BFE000440F07D2B0EE480ABDEC028BBDE810400A
:10BFF00000F074B9012000F097F9BDEC028BBDE8A8
:10C00000104000F071B900000000C9BF22AAFDB9BC
:10C010000000C93F22AAFD390000000024FE1C3D9B
:10C02000C78AD83C1E67383D1B93993DAFAA2A3E6C
:10C0300070B54FF068422DED048BF0EE408A18EE9B
:10C04000900AB0EE608A18EE101A02EB4003B3F1CA
:10C05000654F3CBF02EB4102B2F1654F7DD200BF9C
:10C06000C0F3C753C1F3C7529A1A1B2A09DD10F057
:10C07000004F14BF9FED830A9FED830ABDEC048B34
:10C0800070BD12F11A0F36DA11F0004F09D010F01E
:10C09000004F0CBF9FED7D0A9FED7D0ABDEC048B28
:10C0A00070BD88EE889A19EE100AFFF707FF042882
:10C0B00008BF00F021F918EE900AFFF7FFFE0546D1
:10C0C00018EE100AFFF7FAFE044619EE100AFFF701
:10C0D000F5FE042D18BF052D08D1042C18BF052C22
:10C0E00004D1002804BF022000F01EF9B0EE490A76
:10C0F000BDEC048B70BD4200B2EB410F3AD910F099
:10C10000004F19BFDFED630A9FED630ADFED630A9D
:10C110009FED630AB0EE481A0A46B1EE688A80F0D5
:10C120000041F0EE418A10460A1A5200B2F1807FB7
:10C1300034D2484010F0004FDFED5A1A9FED5A2AD2
:10C140001DBFBEEE001A70EEE10A30EE420AB6EEF6
:10C15000001A08BF70EEA10A00E040E008BF30EE10
:10C16000020AB0EE682A01EE482A08EE818AC2EE81
:10C17000081A15E011F0004F04BF9FED4C0AF0EED5
:10C18000400AD1D010F0004F19BFDFED490A9FEDF2
:10C19000490ADFED490A9FED490AC5E7C8EE881A4A
:10C1A00021EEA11A9FED462ADFED462A41EE022A32
:10C1B0009FED452A01EE222ADFED442A41EE022AB4
:10C1C0009FED432ABDEC048B01EE222A21EE811A59
:10C1D00001EE020A30EE210A30EE200A70BD4FF067
:10C1E0007F42B2EB400F28BFB2EB410F09D2F0EE15
:10C1F000480AB0EE680ABDEC048BBDE8704000F060
:10C2000070B840EA01035B0008BF41F0FF410BD06A
:10C21000B2EB400F08BFB2EB410F08D120F08040D5
:10C2200008EE900A21F0804108EE101A18E7B2EBF0
:10C23000400F12BF5FEA410340F0FF4001F00041B0
:10C240003FF40EAFB2EB410F12BF5FEA400200F0C5
:10C25000004041F0FF413FF403AF4A0092EA40033F
:10C260003FF5FEAE002AACBF9FED1A0A9FED1A0AF9
:10C2700068EE808A28EE008A18EE900A18EE101AEE
:10C28000EEE60000DB0FC9BFDB0FC93FDB0F494003
:10C29000DB0F49C00000C9BF22AAFDB90000C93F99
:10C2A00022AAFD390060ED3EC30ACE37000000002F
:10C2B000000049C022AA7DBA0000494022AA7D3A66
:10C2C0002DAD65BD8FB8D53D0FB511BE61C84C3ED3
:10C2D000A8AAAABE0000804F0000802F30EE000AFE
:10C2E000704730EE200A7047DFED020A80EEA00AA8
:10C2F00070470000000000009FED020A20EE000AD7
:10C30000704700000000001002E008C8121F08C1BA
:10C31000002AFAD170477047002001E001C1121FC6
:10C32000002AFBD1704700000149086070470000F7
:10C330000406002030EE600A00F086BEF8B500204A
:10C340008DF800000446F4F7CDFF8020F5F740F9A2
:10C350005520F5F73DF95520F5F73AF98DF800002D
:10C36000F4F7B8FF9620F5F71EF8F4F7BBFF80202E
:10C37000F5F72EF95520F5F72BF95520F5F728F9A3
:10C380008DF80000F4F7A6FF9620F5F70CF8F4F707
:10C39000A9FFB6217E20F5F742F9F4F79BFF502064
:10C3A000F4F7FFFFF4F79EFF8020F5F711F9552011
:10C3B000F5F70EF95520F5F70BF98DF80000F4F7B5
:10C3C00089FF9620F4F7EFFFF4F78CFF8020F5F754
:10C3D000FFF85520F5F7FCF85520F5F7F9F88DF83A
:10C3E0000000F4F777FF9620F4F7DDFF9DF80000DA
:10C3F0001E2801D0FF20F8BD194EF4F773FF04EB9F
:10C400004405AF19705D7978F5F709F9F4F762FF23
:10C410009620F4F7C8FFF4F765FF705D40F08000E8
:10C42000F5F7D6F85520F5F7D3F85520F5F7D0F8FD
:10C430008DF80000F4F74EFF9620F4F7B4FF7878FB
:10C440009DF80010884204D004EB4400304480780A
:10C45000F8BD641CE4B2062CCFD30020F8BD000068
:10C46000C0000020F0B587B00020009001908DF84A
:10C4700008000446F4F736FF8020F5F7A9F85520A8
:10C48000F5F7A6F85520F5F7A3F88DF80800F4F7AE
:10C4900021FF9620F4F787FFF4F724FF8020F5F7BB
:10C4A00097F85520F5F794F85520F5F791F88DF8A1
:10C4B0000800F4F70FFF9620F4F775FFF4F712FF6A
:10C4C000B6217E20F5F7ABF8F4F704FF5020F4F71F
:10C4D00068FFF4F707FF8020F5F77AF85520F5F7A5
:10C4E00077F85520F5F774F88DF80800F4F7F2FEA8
:10C4F0009620F4F758FFF4F7F5FE8020F5F768F87A
:10C500005520F5F765F85520F5F762F88DF8080025
:10C51000F4F7E0FE9620F4F746FF9DF808001E2889
:10C5200002D0FF2007B0F0BD7C4EF4F7DBFE04EB39
:10C530004405AF19705D7978F5F771F8F4F7CAFE24
:10C540009620F4F730FFF4F7CDFE705D40F08000E8
:10C55000F5F73EF85520F5F73BF85520F5F738F894
:10C560008DF80800F4F7B6FE9620F4F71CFF7878F3
:10C570009DF80810884204D004EB440030448078D1
:10C58000D0E75020F4F70DFF641CE4B2042CCCD3A8
:10C590000024F4F7A7FE04EB4407BD19697B287B50
:10C5A000F5F73DF8F4F796FE9620F4F7FCFEF4F765
:10C5B00099FE287B40F08000F5F70AF85520F5F742
:10C5C00007F85520F5F704F88DF80800F4F782FE17
:10C5D0009620F4F7E8FE687B9DF80810884204D0A6
:10C5E00004EB44003044807B9CE75020F4F7D9FEF4
:10C5F000F4F778FE9220F4F7EBFF0622694612204A
:10C60000F4F7C8FFF4F766FE9DF80100641C010210
:10C610009DF80000E4B2014303A8022C20F8171093
:10C620009DF803109DF8022000EB470042EA01212B
:10C6300041809DF805109DF8042042EA0121818087
:10C64000A7D3F4F74FFE00216D20F4F7E8FFF4F7CD
:10C6500041FE9620F4F7A7FEF4F744FEED20F4F730
:10C66000B7FF5520F4F7B4FF5520F4F7B1FF8DF86C
:10C670000800F4F72FFE9620F4F795FE9DF80800C9
:10C6800008B104204EE7F4F72DFEB6217E20F4F722
:10C69000C6FFF4F71FFE5020F4F783FEBDF90C002F
:10C6A000BDF91210411A40F2555081420EDBBDF91E
:10C6B0000E10BDF91420891A814207DBBDF9100064
:10C6C000BDF91610401AB0F52A7F01DA802029E75B
:10C6D000F4F708FE8020F4F77BFF5520F4F778FF8D
:10C6E0005520F4F775FF8DF80800F4F7F3FD962058
:10C6F000F4F759FEF4F7F6FD8020F4F769FF5520B2
:10C70000F4F766FF5520F4F763FF8DF80800F4F79F
:10C71000E1FD9620F4F747FE002003E7ECEC00086B
:10C72000F8B500248DF80040F4F7EEFD69460020CE
:10C73000F4F742FFF4F7E0FD9620F4F734FEF4F747
:10C74000E3FD69460020F4F737FFF4F7D5FD9620A6
:10C75000F4F729FEF4F7D8FDB6211420F4F75FFFB3
:10C76000F4F7CAFD5020F4F71CFEF4F7CDFD69463E
:10C770000020F4F721FFF4F7BFFD9620F4F713FE35
:10C78000F4F7C2FD69460020F4F716FFF4F7B4FD94
:10C790009620F4F708FE9DF800000F2801D0FF2036
:10C7A000F8BD154EF4F7B0FD04EB4405AF19705D0C
:10C7B0007978F4F734FFF4F79FFD9620F4F7F3FD52
:10C7C000F4F7A2FD705D6946F4F7F6FEF4F794FD08
:10C7D0009620F4F7E8FD78789DF80010884204D0A0
:10C7E00004EB440030448078F8BD641CE4B2062CAD
:10C7F000D8D30020F8BD0000D200002038B50020BA
:10C800008DF800000446F4F77FFD69460020F4F738
:10C81000D3FEF4F771FD9620F4F7C5FDF4F774FD2F
:10C8200069460020F4F7C8FEF4F766FD9620F4F799
:10C83000BAFDF4F769FDB6211420F4F7F0FEF4F721
:10C840005BFD5020F4F7ADFDF4F75EFD6946002076
:10C85000F4F7B2FEF4F750FD9620F4F7A4FDF4F7D8
:10C8600053FD69460020F4F7A7FEF4F745FD962036
:10C87000F4F799FDF4F748FD01213C20F4F7CFFED1
:10C88000F4F73AFD5020F4F78CFDF4F73DFD6946CE
:10C890003C20F4F791FEF4F72FFD9620F4F783FD8A
:10C8A000641C9DF80000E4B2800701D40A2CECD38C
:10C8B0000A2C03D09DF80000400701D5402038BD68
:10C8C000002038BD70B586B0244E90ED003A90ED52
:10C8D000012AD0ED021AD1ED002AD1ED013A91EDF5
:10C8E000024A00226C4603AD02EB420306EB8303CF
:10C8F000D3ED000A93ED011A93ED020A63EE204A8C
:10C9000062EEA00A04EB820342EE014A43EE810A82
:10C9100041EE804A44EE000AC3ED004A05EB820373
:10C92000521CD2B2C3ED000A032ADDD3002204EB6D
:10C93000820393ED000A00EB820383ED000A05EB0E
:10C94000820393ED000A01EB8203521CD2B283ED05
:10C95000000A032AEBD306B070BD0000A00500203A
:10C9600010B58AB001200024CDE906400094CDE93D
:10C970000404089001940294694603940D48F5F765
:10C98000D1FD0C48F6F71DF910210A48F5F750FDC6
:10C990000E200990CDE9044069460748F5F7C2FD2D
:10C9A0000548F6F70EF902210348F5F741FD0AB0F4
:10C9B00010BD0000980F0020C00F00200648074956
:10C9C0000068B0FBF1F206490A704FF47A72B0FBCE
:10C9D000F2F04860704700002C00002040420F0039
:10C9E000AC00002070B54FF0E02500216C69094AC9
:10C9F000AB6912785043AA699A42FCD002D2A3EBE9
:10CA0000020302E0A4EB02063344194413468142B8
:10CA1000F1D370BDAC0000208B185B1E0160C0E933
:10CA200001320022C0E90321416110467047B4EE93
:10CA3000E00AF1EE10FA02D2B0EE600A7047B4EEEE
:10CA4000C10AF1EE10FAF9DDB0EE410A70470000BC
:10CA50001B4910B5002001F1240201EB800383ED96
:10CA6000000A02EB8003001DC0B2C3ED000A0928D2
:10CA7000F3D30323002219461248F9F74DFB114C5A
:10CA80000F492422D4F800014839F834F4F7F7F8B4
:10CA90000B49242224392068F4F7F1F824220849AC
:10CAA000E069F4F7ECF8064924222431206AF4F70F
:10CAB000E6F86069BDE8104024220349F4F7DFB8C6
:10CAC000B8040020548000203CED000810B5244834
:10CAD00021EE031A20EE030A60EE830A214C80EC5B
:10CAE000030AB1EE603AD4F8000180ED011AD4F8DF
:10CAF0000001B1EE411A80ED023AD4F8000180ED58
:10CB0000031AD4F8000180ED050AD4F80001B1EE53
:10CB1000400AC0ED060AD4F8000180ED070A54F877
:10CB2000040FC0ED001A54F8800B80ED012A54F870
:10CB3000800CC0ED022A0B48F9F7E2FC0A4A54F8CF
:10CB4000841C002001EB800393ED000A02EB8003BC
:10CB5000401CC0B283ED000A0328F3D310BD0000CF
:10CB60006001002054800020888100200048704728
:10CB7000767E00204FF4FA7001F0D6F9F5F716FA38
:10CB8000F5F726FBF5F7ACFAF5F7D6FAF5F77EF8E8
:10CB9000F5F7F6FA00F0C2FF022000F06FFAEFE7B7
:10CBA00070B55020EFF3118480F31188BFF34F8FDD
:10CBB000BFF36F8F384B1878C5073848D0E912217A
:10CBC00020D010680068C0071CD108680068C00742
:10CBD00018D15878800715D49878800712D418781F
:10CBE00020F001001870187840F002001870002240
:10CBF00001212B48F6F714FB274908222031A1F127
:10CC0000080021E05878C507264820D015682D680F
:10CC1000ED071CD10D682D68ED0718D11D78AD0703
:10CC200015D49D78AD0712D4597821F001015970BF
:10CC3000597841F00201597000221021F6F7F0FAFC
:10CC40001548092218492830FDF7BEF821E09D78E3
:10CC5000ED071ED012681268D2071AD10968096858
:10CC6000C90716D11978890713D45978890710D4C0
:10CC7000997821F001019970997841F00201997039
:10CC80001021F6F7CDFA044904221431A1F10D0068
:10CC9000DAE784F3118870BD0005002064110020DC
:10CCA0000004024000000240F881002001490968A8
:10CCB00048637047E41300202DE9F043DFF8ACC06F
:10CCC000079F0CF12408002408F1240904EB440612
:10CCD0000CEB860593ED050AD5ED000A95ED011ADA
:10CCE00020EE200AD3ED060A00EE810AD3ED070AF2
:10CCF00095ED021A00EB840500EE810A85ED000A2D
:10CD000008EB860593ED010AD5ED000A95ED011AB1
:10CD100020EE200AD3ED020A00EE810AD3ED030AC9
:10CD200095ED021A01EB840500EE810A85ED000AFB
:10CD300009EB860597ED010AD5ED000A95ED011A7C
:10CD400020EE200AD7ED020A00EE810AD7ED030A91
:10CD500095ED021A02EB8405641CE4B200EE810A30
:10CD6000032C85ED000AB1D3BDE8F0833405002023
:10CD700010B51849184C8879A8B1DFED180A20467B
:10CD8000FCF772FE94ED080AB5EEC00AF1EE10FA57
:10CD900003D29FED130A84ED080ABCEEC00A10EE20
:10CDA000100A80B212E010EE100A0E4A90420BDD1B
:10CDB0004879401CC0B24871C82805D901209FEDB0
:10CDC0000A0A887184ED0A0A41F28730BDE81040F2
:10CDD000FFF76CBF000500203882002000000C42E5
:10CDE0000000000000000C4200401C4510EE100A3C
:10CDF000F6EE000A074960EE200AA1EB600000EEA3
:10CE0000100A20EE801AF7EE080A41EE400A20EEE2
:10CE1000800A7047865A375F704700001FB5642448
:10CE2000012303A98DE81A0002461C210348F6F7E6
:10CE3000C7FA9DF80C0004B010BD0000901000204F
:10CE400013B584B06424012305A98DE81A000246B5
:10CE50001C210248F6F7B6FB06B010BD901000206A
:10CE6000012240210148F6F7DBB90000001802401A
:10CE7000002240210148F6F7D3B900000018024013
:10CE8000704700F0FBB800002DE9F0410024FFF7E7
:10CE9000C3FFFFF7F5FFFFF7EBFF3220FFF7F1FFCE
:10CEA000FFF7DEFF3220FFF7ECFF0020FFF7B6FFB1
:10CEB000102802D04020BDE8F0810120FFF7E1FFFB
:10CEC0000F4E04EB4405AF19705D7978FFF7B8FF9A
:10CED0000120FFF7D6FF705DFFF7A0FF0546012098
:10CEE000FFF7CFFF7878A84204D004EB4400304429
:10CEF0008078E0E7641CE4B2042CE2D30020DAE797
:10CF0000FEEC0008F6F7AAFCFEF714FBF9F726FE84
:10CF1000F9F78CFDF9F746FDF9F766FDF9F76EFFB5
:10CF2000FAF78CF8FAF7D6F8FAF7BAF9FAF72EF911
:10CF3000F9F728FFF9F746FFF9F7B6FFFAF732F8E5
:10CF4000F9F780FFFAF790F9FAF7CAF9F9F7DAFE7C
:10CF5000F9F7F8FEF9F7C2FCF9F7F2FCFFF700FD6C
:10CF6000FFF72CFD00F056FDF4F7A4F9F9F7ACFD3E
:10CF700000F08BF8FEE701460020842900D0C81C91
:10CF800070470000F0B50B30154D20F0070100246C
:10CF9000144A0FE003688B420BD38B4205D95E1A0B
:10CFA00043184768C3E9006700E04368136002C0A4
:10CFB00004E0021D10680028ECD12046002802D1B0
:10CFC000286808B10020F0BD064A07481060074AEB
:10CFD000121A22F00702C0E9002401202860D7E7D6
:10CFE00000060020FC050020A4950020A0B500202C
:10CFF0001CB513490A22A1F11800FFF70DFD114CD1
:10D00000012020706846FCF755FC0D4DDDE900015C
:10D01000183DC5E909016846FAF7C4F9DDE90001E0
:10D02000C5E90D016846FAF72FFADDE90001C5E907
:10D030001F012069401C2061052000F075FFF8E702
:10D04000B4830020C8050020DFED090A094801E08B
:10D0500030EE600A10EE101A8142F9DC064910EE3B
:10D06000100A884202D930EE200AF8E77047000023
:10D07000DB0FC940DB0F4940DB0F49C010B500B9D9
:10D08000012000F051FF002010BD10B501F00EF896
:10D09000002010BD7FB50D4604464169B0F9080077
:10D0A00081B1A16971B1FFF766FFD4E905128DE87E
:10D0B0000700D4E900102B46226901F080FB0390A1
:10D0C00004B070BDFFF757FF03A9CDE90001208A26
:10D0D0002B4682B2D4E9001001F044FB012801D0B4
:10D0E0000020EDE70398EBE708B90648006808B1AF
:10D0F00034307047502080F31188BFF34F8FBFF357
:10D100006F8FFEE7300000202DE9F0411A4E0F46E8
:10D110000446F5683168002081F852003068001D2F
:10D1200000F0C0FD38B9306890F82C10012088401C
:10D13000316981433161601C07D137B13168BDE885
:10D14000F0410E48091D00F00DBE30682C44AC4281
:10D150004460316805D2B06BBDE8F041091D00F0B4
:10D16000E9BD706B091D00F0E5FDB06A844200D294
:10D17000B462BDE8F081000030000020E817002014
:10D180002DE9F041054600F0F9FD2E4EB068401C37
:10D19000B06030682C4F10B1706940B32DE035603D
:10D1A000B068012829D1002404EB840007EB80003B
:10D1B00000F0B2FD641C072CF6D323488C3000F03D
:10D1C000ABFD2148A03000F0A7FD1F48B43000F0AF
:10D1D000A3FD1D48C83000F09FFD1B48DC3000F067
:10D1E0009BFD19488C3070631430B06305E03068E3
:10D1F000E96AC06A884200D83560706A0121401C23
:10D200007062E86A326981401143316100EB80004D
:10D2100007EB8000291D00F0A5FD00F0CFFD70692F
:10D2200000280CD03068E96AC06A884207D20749F2
:10D230004FF080500860BFF34F8FBFF36F8FBDE892
:10D24000F0810000300000200C17002004ED00E009
:10D2500038B500F093FD104C2068C8B90F4800F0B5
:10D260005BFD0E48143000F057FD0C48E0601430B0
:10D2700020610A4B0020E83B009003F14802102196
:10D280000A2001F005F8206010B105A100F018FE99
:10D29000BDE8384000F092BD6C000020E41800208A
:10D2A000546D72510000000030B4026C0B46002A2D
:10D2B0000BD0C1681144C1608468A14201D30168E8
:10D2C000C16030BC1846F3F7DABC30BC70472DE9BA
:10D2D000F041856B174604460026026C82B1C7B147
:10D2E000E068F3F7CCFCE168206C091AE160226881
:10D2F000914202D2A168081AE060022F16D017E00E
:10D300002068A8B9A06801F043FB06460020A06091
:10D310000EE06068F3F7B3FC216C6068084460605D
:10D32000A168884204D32068606001E005B16D1EE9
:10D330006D1CA5633046BDE8F08110B5044690F839
:10D34000510058B101280CD002280FD0502080F392
:10D350001188BFF34F8FBFF36F8FFEE7206B00F094
:10D3600041FD2046BDE8104000F03CBD10BD00006E
:10D3700010484FF4C041420706D0C01D0D4920F0AF
:10D380000700411AC1F5C0410B4A00230144C2E91C
:10D3900000030839183A21F0070111604B600B6057
:10D3A0000B1AC0E9001393604FF0004053605061C6
:10D3B000704700000C19002098000020134E144DF7
:10D3C000A6F1C8074FF08058DFF8489011E000F050
:10D3D000D5FCF068C468201D00F064FCA868401EFD
:10D3E000A8606868401E686000F0E8FC2046FFF70F
:10D3F000A4FF68680028EAD138680128F9D9C9F87B
:10D400000080BFF34F8FBFF36F8FF2E7D417002078
:10D410003000002004ED00E00346009829B10260CE
:10D42000C0E90F31012100F067BF0060F8E72DE986
:10D43000F05F0E46DDE90B941746834691009A464D
:10D440000A9DA522206BF3F72CFC6FF00301206BE3
:10D4500001EB8701084420F00707780707D0502028
:10D4600080F31188BFF34F8FBFF36F8FFEE74FF04C
:10D47000000866B100202218315C82F83410315C5B
:10D4800011B1401C1028F6D384F8438001E084F8E1
:10D490003480072D00D30625E562C4E91158201D0C
:10D4A00000F045FC04F1180000F041FC2461C5F1D6
:10D4B00007006462A061C4F84C8084F8508084F84E
:10D4C000528052465946384600F08EFA2060B9F133
:10D4D000000F01D0C9F80040BDE8F09F30B51149F8
:10D4E00000E011460A688242FBD34B685C18844214
:10D4F00003D1406818444860084643681C189442A9
:10D5000009D1084C183C2468A24209D052681A4438
:10D5100042600A6812680260814200D0086030BD33
:10D520000460F9E79800002070B5002441600B4DBD
:10D530000061914206D8D11A8269914206D2011D3A
:10D54000286907E09A4203D2994201D3012403E0FB
:10D55000011DE86800F0EEFB204670BD6C00002065
:10D5600010B5044600F00AFCA06B20B1002400F0C6
:10D5700025FC204610BD0124F9E7000030B587B036
:10D580003C4D6EE00198002806DADDE90301029ABD
:10D5900090470198002864DB039C606910B1201D4E
:10D5A00000F080FB05A800F0D7F8024601980A2891
:10D5B00057D2DFE800F00505052D334A05052D3368
:10D5C00094F8240040F0010084F824000298A16936
:10D5D000034601442046FFF7A7FF68B3216A2046AF
:10D5E000884794F8240040073BD50020009002981B
:10D5F000A169002342181946204601F0E1FAD8B982
:10D60000502080F31188BFF34F8FBFF36F8FFEE779
:10D6100014F8240F20F00100207022E094F8240078
:10D6200040F0010084F824000298A06128B181181C
:10D6300013462046FFF778FF13E0502080F311884F
:10D64000BFF34F8FBFF36F8FFEE794F8240081077D
:10D6500003D4204600F0C6FB03E020F0010084F86C
:10D660002400002201A9286800F09CFF002889D12D
:10D6700007B030BD6C0000202DE9FC410F46054687
:10D6800000F056FD01A800F067F80446019818B1B3
:10D6900001F004FABDE8FC81254EAFB130690068A5
:10D6A000D0B30027291B3A46306800F01BFC01F07C
:10D6B000F5F90028EED11F494FF080500860BFF304
:10D6C0004F8FBFF36F8FE5E7A542EBD801F0E6F986
:10D6D000F0682746C068C468201D00F0E3FA94F89B
:10D6E0002400410719D5A0692B4641193A46204626
:10D6F000FFF71AFFA8B100200346014600902A4612
:10D70000204601F05DFA60B9502080F31188BFF324
:10D710004F8FBFF36F8FFEE707E020F0010084F822
:10D720002400216A20468847B4E70127BAE70000B1
:10D730006C00002004ED00E00648416B096829B147
:10D74000416BC968C9684968816270474FF0FF3111
:10D75000FAE700003000002070B5054601F0ACF893
:10D76000064E0446B068844203D200F03BF8012024
:10D7700000E0002028602046B46070BD6C000020EE
:10D78000F0B50268002552B3426800F108075268FC
:10D790004260BA4201D1536843604268D2F80CC07B
:10D7A000426852684260BA4201D15368436042689D
:10D7B0004FF0000ED36872469C188E5C94F834408B
:10D7C000A64209D11CB1BEF1000F05D101E01D46F2
:10D7D00002E0521C102AEFD30DB96345E0D1284670
:10D7E000F0BD0000F8B5194E20E0C068C4680568B7
:10D7F000201D00F057FA216A2046884794F824003B
:10D80000400713D5A0692844A84206D92461606066
:10D81000211DF06800F08EFA08E000200346014662
:10D8200000902A46204601F0CBF938B1F068016833
:10D830000029DAD13169C6E90310F8BD502080F320
:10D840001188BFF34F8FBFF36F8FFEE76C0000208E
:10D8500008484068401C4FF0500080F3118804D005
:10D86000BFF34F8FBFF36F8FFEE7BFF34F8FBFF351
:10D870006F8FFEE7A0000020084CE068016839B116
:10D88000002139B10020FFF7F7FEFFF777FEF4E73C
:10D890000121F6E7C0680068F5E700006C00002091
:10D8A0002DE9F041044600F069FA94F9455004F17D
:10D8B000240609E0606A48B1304601F0B5F808B1C5
:10D8C00000F060FB6D1E6DB2002DF3DC4FF0FF36F3
:10D8D00084F8456000F072FA00F050FA94F9445070
:10D8E00004F1100709E0206948B1384601F09CF8BE
:10D8F00008B100F047FB6D1E6DB2002DF3DC84F81B
:10D900004460BDE8F04100F059BA00002DE9F04153
:10D910000546002600F00CFC324F386808B9FFF7C6
:10D9200027FD786905424ED1C5B3083568070ED08A
:10D9300005F00700C0F108000544680707D0502033
:10D9400080F31188BFF34F8FBFF36F8FFEE72DB3C6
:10D950007868854237D8234918310846046801E0C1
:10D96000214604466068A84202D220680028F7D108
:10D970003868844227D00E682068086060680836DE
:10D98000411B10290FD96019420708D0502080F39D
:10D990001188BFF34F8FBFF36F8FFEE713E0416035
:10D9A0006560FFF79BFD61687868401A7860BA6827
:10D9B000904200D2B860786901430020C4E90001B8
:10D9C000F868401CF86001F069F8700707D0502033
:10D9D00080F31188BFF34F8FBFF36F8FFEE73046A0
:10D9E000BDE8F0818000002010B5031F4FF0807467
:10D9F0001C601B1F21F001011960191F044B0B60F3
:10DA000014390A60091F6FF0020244380A6010BD21
:10DA100051D8000802492422A1F12400FCF7E6B8FD
:10DA2000B17E00200120FFF729FBFBE7B5EEC00A1D
:10DA3000F1EE10FA02DDB7EE000A7047B5EEC00A4B
:10DA4000F1EE10FA02D2BFEE000A70479FED010A14
:10DA50007047000000000000F0B4002859D00029F1
:10DA600057D00278437842EA0322C2F30A030B80BC
:10DA700042788478D20842EA4412C2F30A024A8009
:10DA80008478C578A40944EA8504057944EA8524A4
:10DA9000C4F30A048C80057946796D0845EAC615F9
:10DAA000C5F30A05CD804679C6F301168E72467914
:10DAB000B609CE728679C77946EA07268E81067A3C
:10DAC000477A46EA0726CE81867AC77A46EA07264B
:10DAD0000E82067B8E74467BCE74867BC77B46EABD
:10DAE00007268E82067C407CA3F580630B80A2F51E
:10DAF00080624A80A4F5806446EA00208C80A5F507
:10DB00008065CD80A0F580600881F0BC0248F8F700
:10DB1000A7BEF0BC70470000547E002000B58BB05B
:10DB200047208DF8000056208DF801001D48C0796F
:10DB300000B101208DF802001B482B22D0F83811CB
:10DB4000CDF80310D0F83C11CDF80710D0F84011F3
:10DB5000CDF80B10D0F84401CDF80F001348D0F8E1
:10DB6000A810CDF81310D0F8B410CDF8171050F855
:10DB7000A41FCDF81B10C068CDF81F000C484168E9
:10DB8000CDF823104088ADF8270045208DF82900F6
:10DB90004E208DF82A0069460648F7F737FB0BB090
:10DBA00000BD0000547E0020D87E00208479002033
:10DBB000F40000202C140020FDF710FCC92000F018
:10DBC000B3F9FDF775FB0A4CFDF7EAFBFDF76EFBB9
:10DBD000FDF780FCFDF704FCFDF744FBFDF740FC7E
:10DBE000022000F0A1F9002000F070F82060EBE7BF
:10DBF000F805002010B500EE100A2DED028BB1EEF5
:10DC0000C08A18EE100A20F00040C0F1FF40C00F9B
:10DC10000AD010EE100A20F00040C0F1FF40C00F03
:10DC200004BF0120FEF780FB18EE100ABDEC028B4A
:10DC300010BD0120FFF722FAFBE7000070B50C468B
:10DC4000064600F09BF8154D2868C06C80B929681D
:10DC5000012081F850005CB101212046FFF754FA01
:10DC60000F494FF080500860BFF34F8FBFF36F8FA5
:10DC700000F0A4F800F082F82868C46C002034B1E9
:10DC800016B12968C86402E02A68611ED164296857
:10DC900081F8500000F092F8204670BD300000205E
:10DCA00004ED00E0D0E9013201699A60D0E9012376
:10DCB0005A604A68824201D182684A600022026149
:10DCC0000868401E086008687047000008B90648E8
:10DCD00000680021006B01E0401C491C0278A52A65
:10DCE000FAD0C1F38F00704730000020034B03606F
:10DCF00003F1540008608020106070476008002025
:10DD0000044B036003F1540008604FF4807010600E
:10DD100070470000B40A002000F108014FF0FF3204
:10DD2000C0E90112C160016100210160704700215A
:10DD30000161704730B50C68621C02D000F1080226
:10DD400002E0026904E01A4653681D68A542FAD948
:10DD500053684B6099608A60516008610168491C92
:10DD6000016030BD42684A6093688B609368596077
:10DD7000916008610168491C01607047502080F380
:10DD80001188BFF34F8FBFF36F8F0A494868401C5B
:10DD9000486001280CD10848006810F0FF0F07D038
:10DDA000502080F31188BFF34F8FBFF36F8FFEE7D2
:10DDB00070470000A000002004ED00E0084948681A
:10DDC00028B1401E486001D180F31188704750206F
:10DDD00080F31188BFF34F8FBFF36F8FFEE7000012
:10DDE000A000002070B500282AD0164DA0F108042C
:10DDF00060686969084207D1502080F31188BFF339
:10DE00004F8FBFF36F8FFEE722683AB1502080F347
:10DE10001188BFF34F8FBFF36F8FFEE788436060B9
:10DE200000F086F960686968084468602046FFF77A
:10DE300055FB2869401C2861BDE8704000F02EBEEB
:10DE400070BD0000800000204FF0E0200021016143
:10DE5000816105494FF47A720968B1FBF2F1491EFC
:10DE600041610721016170472C00002010B5F2F7D5
:10DE7000F3F9114910280ED300F1E02090F8F003D7
:10DE80000A78904207D2502080F31188BFF34F8F59
:10DE9000BFF36F8FFEE709480068896800F4E0600F
:10DEA000884207D9502080F31188BFF34F8FBFF30A
:10DEB0006F8FFEE710BD0000A00000200CED00E019
:10DEC00010B5074B002253F832401CB1521C082AEF
:10DED000F9D310BD43F8321003EBC201486010BD06
:10DEE000CC16002070B515460E460446FFF746FFD7
:10DEF00094F944100020491C01D184F8440094F99D
:10DF00004510491C01D184F84500FFF757FFA06B6D
:10DF100028B92A46314604F1240000F0ABF8204627
:10DF2000BDE87040FFF7BCBC10B5020014D00F482C
:10DF3000006B38B1502080F31188BFF34F8FBFF3CF
:10DF40006F8FFEE700F0F4F800211046FFF7DCF8D1
:10DF500000F0A4FD002807D105494FF0805008606B
:10DF6000BFF34F8FBFF36F8F10BD00003000002054
:10DF700004ED00E002490A6A0260C9684160704726
:10DF80003000002001490120C861704730000020A6
:10DF90002DE9F0418846040015D0FFF767FF5020B7
:10DFA000EFF3118780F31188BFF34F8FBFF36F8FAB
:10DFB00094F85000022184F85010E16C491CE1648F
:10DFC000012808D025E0502080F31188BFF34F8F3F
:10DFD000BFF36F8FFEE7A06A38B1502080F311883D
:10DFE000BFF34F8FBFF36F8FFEE7144D286B0126F1
:10DFF00098B104F118011248FFF7B4FEE06A2968ED
:10E00000C96A884205D9B8F1000F01D0C8F800608C
:10E01000EE6187F31188BDE8F081201DFFF742FE15
:10E02000E06A2A6906FA00F111432961044900EB0C
:10E030008000B43901EB8000211DDDE730000020B5
:10E04000C017002010B50C4650B1094909681831B5
:10E05000FFF770FE2046BDE810400121FFF754B8DD
:10E06000502080F31188BFF34F8FBFF36F8FFEE70F
:10E070003000002070B514460D4668B10A490968A1
:10E080001831FFF76FFE0CB14FF0FF3521462846DF
:10E09000BDE87040FFF738B8502080F31188BFF317
:10E0A0004F8FBFF36F8FFEE73000002030B587B091
:10E0B0000025039505AA04A903A80495FFF716FEF9
:10E0C000DDE903010095CDE90110002314A11648F4
:10E0D000059A00F074FB154CE06218B100F040FDA9
:10E0E000012809D0401C19D1502080F31188BFF3BA
:10E0F0004F8FBFF36F8FFEE7502080F31188BFF37F
:10E100004F8FBFF36F8F4FF0FF30A062012060612F
:10E11000E56007B0BDE8304000F040B807B030BD62
:10E1200049444C4500000000BDD3000830000020E9
:10E130000248016B491C0163704700003000002059
:10E14000144A106B10B10120D06170470020D061DB
:10E1500010691149B0FA80F0C0F11F0000EB800097
:10E1600051F820306BB101EB800000F108034168E9
:10E1700049684160994201D149684160C8681060AE
:10E180007047502080F31188BFF34F8FBFF36F8F1C
:10E19000FEE70000300000200C1700201CB53748B7
:10E1A0000168374A914207D1502080F31188BFF3AC
:10E1B0004F8FBFF36F8FFEE700683149491E8842D9
:10E1C00007D1502080F31188BFF34F8FBFF36F8FBB
:10E1D000FEE72C4908780190FF20087008788DF838
:10E1E00000009DF800009DF8002000F0F000904233
:10E1F00007D0502080F31188BFF34F8FBFF36F8F8C
:10E20000FEE79DF80000204C00F050002070072031
:10E21000A06006E0401EA0609DF8000040008DF860
:10E2200000009DF800000006A068F3D4032807D082
:10E23000502080F31188BFF34F8FBFF36F8FFEE73D
:10E240004FF44070A060019808700C4820300168BD
:10E2500041F470010160016841F070410160FFF715
:10E26000F3FD00206060F1F7BFFF0848016841F04E
:10E2700040410160F1F7A4FF00201CBD00ED00E06B
:10E2800071C20F4100E400E0A000002034EF00E084
:10E2900038B5049D18B153B1CAB181B120E0502006
:10E2A00080F31188BFF34F8FBFF36F8FFEE75020CD
:10E2B00080F31188BFF34F8FBFF36F8FFEE75020BD
:10E2C00080F31188BFF34F8FBFF36F8FFEE739B133
:10E2D000502080F31188BFF34F8FBFF36F8FFEE79D
:10E2E00048241C46012384F846302B460094FFF74F
:10E2F00093F8204638BD000070B50D46040025D0C7
:10E30000FFF73CFDD4E90F20216802FB0011A1605A
:10E310000021A163216861600A46D4E90F01401E13
:10E3200000FB0121E16021464FF0FF3001F8440F6E
:10E33000487004F110008DB1FFF7EEFC04F12400E9
:10E34000FFF7EAFCFFF73AFD012070BD502080F393
:10E350001188BFF34F8FBFF36F8FFEE7216900294C
:10E36000F0D000F061FB0028ECD004494FF0805061
:10E370000860BFF34F8FBFF36F8FE3E704ED00E05A
:10E380002DE9FF4F83B01F468B4604004FF0000677
:10E3900003D0BBF1000F08D011E0502080F31188AA
:10E3A000BFF34F8FBFF36F8FFEE7206C38B1502063
:10E3B00080F31188BFF34F8FBFF36F8FFEE7022FFB
:10E3C0000AD1E06B012807D0502080F31188BFF3F9
:10E3D0004F8FBFF36F8FFEE700F060FADFF8009118
:10E3E0004FF0000A4FF0805848B9059838B15020D6
:10E3F00080F31188BFF34F8FBFF36F8FFEE7FFF7F6
:10E40000BDFCA06BE16B884205D3022F03D00598B9
:10E41000C8B1DEB11EE03A4659462046FEF757FF26
:10E42000616A19B104F1240000F0FEFA28B1C9F8BC
:10E430000080BFF34F8FBFF36F8FFFF7BFFC01204A
:10E4400007B0BDE8F08FFFF7B9FC21E06846FFF7A1
:10E4500091FD0126FFF7B2FCFFF76AFEFFF78EFC85
:10E4600094F94400401C01D184F844A094F945007B
:10E47000401C01D184F845A0FFF7A0FC05A968461F
:10E4800000F02CF930B12046FFF70AFA00F006FB45
:10E490000020D5E7FFF772FCA06BE16B884201D149
:10E4A000012500E00025FFF789FC95B104F110007B
:10E4B0000599FFF7C7FD2046FFF7F2F900F0EEFAE5
:10E4C00000289CD1C9F80080BFF34F8FBFF36F8F36
:10E4D00095E72046FFF7E4F900F0E0FA8FE7000047
:10E4E00004ED00E02DE9F0471F4690468946040000
:10E4F00003D0B9F1000F08D011E0502080F311884B
:10E50000BFF34F8FBFF36F8FFEE7206C38B1502001
:10E5100080F31188BFF34F8FBFF36F8FFEE7022F99
:10E520000AD1E06B012807D0502080F31188BFF397
:10E530004F8FBFF36F8FFEE7FFF798FC5020EFF38C
:10E54000118680F31188BFF34F8FBFF36F8FA06BDD
:10E55000E16B884206D3022F04D0002086F3118895
:10E56000BDE8F08794F94550A06B3A4649462046ED
:10E57000FEF7ADFE681C04D06D1C84F845500120E8
:10E58000ECE7606A0028FAD004F1240000F04CFAAD
:10E590000028F4D0B8F1000FF1D00121C8F8001024
:10E5A000EDE700002DE9F74783B08A4604004FF0FD
:10E5B000000603D0BAF1000F08D011E0502080F31C
:10E5C0001188BFF34F8FBFF36F8FFEE7206C38B118
:10E5D000502080F31188BFF34F8FBFF36F8FFEE79A
:10E5E00000F05CF9DFF8F09000274FF0805848B950
:10E5F000059838B1502080F31188BFF34F8FBFF3D7
:10E600006F8FFEE7FFF7BAFBA56BC5B151462046F9
:10E61000FEF74AFE6D1EA563206950B104F110009B
:10E6200000F002FA28B1C9F80080BFF34F8FBFF3A2
:10E630006F8FFFF7C3FB012006B0BDE8F087059898
:10E6400008B11EB106E0FFF7B9FB27E06846FFF707
:10E6500091FC0126FFF7B2FBFFF76AFDFFF78EFB87
:10E6600094F94400401C01D184F8447094F94500A9
:10E67000401C01D184F84570FFF7A0FB05A968464E
:10E6800000F02CF8002820460AD0FFF709F900F026
:10E6900005FA2046FEF764FF0028B3D00020CBE740
:10E6A000FEF75EFF90B104F124000599FFF7CAFC64
:10E6B0002046FFF7F5F800F0F1F90028A2D1C9F8DB
:10E6C0000080BFF34F8FBFF36F8F9BE72046FFF7AC
:10E6D000E7F800F0E3F995E704ED00E02DE9F041FB
:10E6E0000C4605000FD0B4B1FFF748FB1C4EF16893
:10E6F0006B683268C81A002792F852209AB13068C5
:10E7000080F852701AE0502080F31188BFF34F8FC9
:10E71000BFF36F8FFEE7502080F31188BFF34F8F58
:10E72000BFF36F8FFEE72268B2F1FF3F08D0D5F844
:10E7300000C0366AB44509D08B4207D8012400E0F6
:10E740000024FFF73BFB2046BDE8F081824205D95B
:10E75000101A20602846FFF70DFCF1E72760EDE76F
:10E76000300000202DE9FF5F8346DDE90E879946E2
:10E7700016468A469000FFF7C9F805001CD05420C1
:10E78000FFF7C4F8040014D00020256384F851007A
:10E79000CDE90240CDE900874B4632465146584606
:10E7A000FEF745FE2046FEF7EBFC012004B0BDE875
:10E7B000F09F2846FFF716FB4FF0FF30F6E7F0B565
:10E7C00085B00546DDE90B040A9EA8B1E4B15427E3
:10E7D00000972063022084F851000020CDE9024018
:10E7E00004AF2846CDE90067FEF721FE2046FEF77C
:10E7F000C7FC049805B0F0BD502080F31188BFF32A
:10E800004F8FBFF36F8FFEE7502080F31188BFF367
:10E810004F8FBFF36F8FFEE72DE9F04107460725C5
:10E82000F2F751FA102807D3502080F31188BFF374
:10E830004F8FBFF36F8FFEE7FFF77AFC154E6D1E0B
:10E8400005EB850006EB80003946FEF799FF0400D2
:10E850001BD1002DF3D1104D3946686BFEF790FFA8
:10E86000040012D13946A86BFEF78AFF04000CD1D0
:10E8700008483946DC30FEF783FF040005D105481F
:10E880003946C830FEF77CFF044600F007F9204601
:10E89000BDE8F0810C1700203000002005484169D8
:10E8A00019B1006B18B10020704701207047022099
:10E8B00070470000300000200148C0687047000029
:10E8C000300000202DE9F0412F4F0026386B28B191
:10E8D000B869401CB8613046BDE8F081FD686D1C28
:10E8E000FD6013D1786B006838B1502080F3118837
:10E8F000BFF34F8FBFF36F8FFEE7786BB96B796310
:10E90000B863386A401C3862FEF716FFB86ADFF851
:10E910007C80854209D3786B0068A0B1786BC068B1
:10E92000C4686068854211D2B8623868C06A00EB7A
:10E93000800158F82100012800D90126F869002833
:10E94000C9D00126C7E74FF0FF30EDE7201DFFF7E4
:10E95000A9F9A06A18B104F11800FFF7A3F9E06A59
:10E9600001213A6981401143396100EB800108EBD4
:10E970008100211DFFF7F6F9E06A3968C96A88420B
:10E98000C9D30126C7E70000300000200C17002083
:10E9900070B504004FF0000041D0214D29688C4231
:10E9A00007D0502080F31188BFF34F8FBFF36F8FD4
:10E9B000FEE7A16C71B1491EA164636CE26A9A42E0
:10E9C0002DD000292BD1201DFFF76CF9154901220C
:10E9D00040B112E0502080F31188BFF34F8FBFF396
:10E9E0006F8FFEE7E06A00EB800351F8233023B914
:10E9F0002B6902FA00F083432B61606CE062C0F186
:10EA00000700A061E06A2B6982401A432A6100EB8B
:10EA1000800001EB8000211DFFF7A4F9012070BDEB
:10EA2000300000200C1700202DE9F041C068C468B8
:10EA3000ACB104F118000746FFF734F9154D286B07
:10EA40000126A0B139461448FFF78CF9E06A29681D
:10EA5000C96A88421CD90120EE61BDE8F0815020CE
:10EA600080F31188BFF34F8FBFF36F8FFEE7201D38
:10EA7000FFF718F9E06A2A6906FA00F111432961E3
:10EA8000054900EB8000B43901EB8000211DDBE774
:10EA90000020E2E730000020C01700202DE9F047F9
:10EAA0002C4D00242746286B38B1FFF767F9286BF7
:10EAB000401E2863286B40B146E0502080F3118847
:10EAC000BFF34F8FBFF36F8FFEE7A868224901267F
:10EAD000D0B3A1F1B4098846D8F80010E9B1D8F84C
:10EAE0000C00C46804F11800FFF7DCF8201DFFF7E4
:10EAF000D9F8E06A2A6906FA00F11143296100EBAE
:10EB0000800109EB8100211DFFF72CF9E06A2968DB
:10EB1000C96A8842E0D3EE61DEE70CB1FEF70CFE75
:10EB2000AC693CB1FFF7CEFE00B1EE61641EF9D1D5
:10EB30000020A861E86938B1084901273807086052
:10EB4000BFF34F8FBFF36F8FFFF738F93846BDE83B
:10EB5000F087000030000020C017002004ED00E026
:10EB600010B586B0FEF774FB114C2068B8B10020D8
:10EB70000390049005AA04A903A8FFF7C1F8DDE9F2
:10EB8000032102208DE8070000230AA10B48059A03
:10EB9000FFF715FE606010B106B0012010BD5020D7
:10EBA00080F31188BFF34F8FBFF36F8FFEE7000034
:10EBB0006C000020546D72205376630079D80008F1
:10EBC0002DE9FF411F4603000A9E4FF0000015D0BB
:10EBD000134D2C68002C0ED08DE80E00062917DA94
:10EBE000FFF75CFE02284FF000030FD000226946B9
:10EBF0002868FFF7C5FB04B0BDE8F081502080F322
:10EC00001188BFF34F8FBFF36F8FFEE73246EEE7F9
:10EC100000233A4669462046FFF764FCEBE7000014
:10EC20006C000020CCED000833DC00080000000080
:10EC30000000000080000000000000000000000054
:10EC4000B4ED00086D5F0008030000000000000044
:10EC50000004000000000000000000009CED00081F
:10EC600075CB00080000000000000000000200005A
:10EC70000000000000000000BCED000825DA0008DC
:10EC80000100000000000000800000000000000003
:10EC90000000000090ED0008F1CF0008FFFF000029
:10ECA0000000000000010000000000000000000063
:10ECB000A8ED0008B9DB0008020000000000000019
:10ECC0000002000000000000000000000006101616
:10ECD00000061016000000000000000001020304FE
:10ECE00006070809000000000102030440AC037D90
:10ECF00004014103057C00026D0D026D09020B0841
:10ED00000141090242C0030A0B040000000016433F
:10ED1000000000000000AF440080BB440000004041
:10ED20000000C84200002A43000000000080A24406
:10ED30000080BB440000A040000096430000803FDC
:10ED40000000000000000000000000000000803F04
:10ED50000000000000000000000000000000803FF4
:10ED60000000C844CDCC4C3E00000000008026448A
:10ED70009A99193F0000803F0000C841CDCC4C3D1E
:10ED8000CDCC4C3D0000C8420000003FCDCCCC3D76
:10ED90006D757369635461736B00000067696D6220
:10EDA000616C5461736B000073686F6F74546173AE
:10EDB0006B000000696D755461736B0052656D6F77
:10EDC00074655F7265635F7461736B0074657374FF
:10EDD00000000000F4ED000800000020080600001C
:10EDE00034110008BCEE00080806002098CF00008F
:10EDF00018C30008021F0129208210037524F41A89
:10EE0000AA010110100DE7416B3A58A08B3A7D041E
:10EE1000017C160240AB0341100905530806580453
:10EE2000070F160810820911160A15800B16FD0C23
:10EE300018010DD1011B026D080B8B803F1C0808C7
:10EE40001250C347CDCCCC3D0409531C0C1A401CB6
:10EE5000461C05180AD7233C09521C0D1BBD3786DA
:10EE6000351CD4247449091310031A803F09721CFD
:10EE7000099E900912106FC842CDCCCC3D040912F6
:10EE800010C50AD7233C091310D450C347091810E2
:10EE9000D5A2FFFFFF1A82112901815A92108926FB
:10EEA00069B80B1480BFE80922240912FC09322436
:0CEEB00021022C0104108004440000002A
:040000050800018965
:00000001FF
