:020000040800F2
:1000000038690024A503000849B700085D8B000883
:1000100021B600086111000841DC00080000000062
:10002000000000000000000000000000E5020008E1
:10003000812700080000000041030008B5BF000848
:10004000C3030008C3030008C3030008C303000878
:10005000C3030008C3030008C3030008C303000868
:10006000C3030008C3030008C30300089D2200085F
:10007000A9220008B5220008C1220008C303000815
:10008000C3030008C3030008C3030008A92900082C
:10009000112A0008C3030008C3030008C3030008B3
:1000A000C3030008C3030008C3030008C303000818
:1000B0004DC10008C3030008C3030008C3030008C0
:1000C000C3030008C3030008C3030008C3030008F8
:1000D00055BC0008D9D60008C3030008C3030008B4
:1000E000C3030008C303000800000000C3030008A6
:1000F000C3030008C3030008C3030008C3030008C8
:10010000C3030008C3030008C3030008C3030008B7
:10011000C303000845C60008C3030008C303000862
:10012000CD220008D9220008C3030008C303000839
:10013000C3030008C3030008C3030008C303000887
:1001400000000000000000000000000000000000AF
:10015000C3030008E5220008C3030008C303000826
:10016000C3030008C3030008C3030008C303000857
:10017000C3030008C3030008C30300080000000015
:10018000C3030008C303000851C60008C3030008E6
:10019000C3030008C3030008C3030008C303000827
:1001A000C3030008C3030008C303000800000000E5
:1001B000C3030008C3030008C3030008C303000807
:1001C000C3030008C3030008000000000000000093
:1001D0000000000000000000C30300080000000051
:1001E000000000000000000000000000000000000F
:1001F0000000000000000000C3030008C303000863
:10020000C3030008C303000800000000C303000884
:10021000C3030008C3030008C3030008C3030008A6
:10022000C303000800000000C30300080000000032
:10023000C3030008C303000800000000C303000854
:10024000C3030008C3030008C3030008C303000876
:10025000C3030008C3030008C3030008C303000866
:10026000C3030008C3030008C3030008C303000856
:10027000C3030008C3030008C30300080000000014
:10028000C3030008C3030008C3030008C303000836
:1002900000000000C3030008C303000800000000C2
:1002A00000000000C3030008C3030008C3030008E4
:1002B000B5D60008C3030008C3030008812A00085C
:1002C000C3030008C3030008C3030008DFF810D00D
:1002D00000F0E2FA00480047E1220108AFF3008095
:1002E000386900242C4B19680868B0E8F04F80F397
:1002F0000988BFF36F8F4FF0000080F311887047BB
:100300000000000008480068006880F308884FF08B
:10031000000080F3148862B661B6BFF34F8FBFF35D
:100320006F8F00DF00BF00BF08ED00E0DFF80C00BA
:10033000016841F470010160704700BF88ED00E082
:10034000EFF30980BFF36F8F134B1A681EF0100F85
:1003500008BF20ED108A20E9F04F106009B44FF07B
:10036000500080F31188BFF34F8FBFF36F8F12F0EF
:10037000E1FD4FF0000080F3118809BC196808689E
:10038000B0E8F04F1EF0100F08BFB0EC108A80F3F9
:100390000988BFF36F8F704734000024EFF30580A6
:1003A00070470000074880470748804707480047D4
:1003B000FEE7FEE7FEE7FEE7FEE7FEE7FEE7FEE715
:1003C000FEE7FEE72D29000875C00008CD020008F1
:1003D0002DE9F05F0546002092469B46884606467A
:1003E000814640241BE0284641464746224600F00D
:1003F0008BF853465A46C01A914110D311461846FD
:10040000224600F016F82D1A67EB01084F462246E7
:100410000120002100F00DF817EB00094E41201ECD
:10042000A4F10104DFDC484631462A464346BDE8D4
:10043000F09F202A04DB203A00FA02F100207047E6
:100440009140C2F1200320FA03F319439040704712
:10045000202A06DBCB17203A41FA02F043EAE07388
:1004600006E041FA02F3D040C2F120029140084375
:100470001946704740EA01039B0703D009E008C909
:10048000121F08C0042AFAD203E011F8013B00F859
:10049000013B521EF9D27047D2B201E000F8012BA5
:1004A000491EFBD270470022F6E710B513460A46F4
:1004B00004461946FFF7F0FF204610BD421C10F815
:1004C000011B0029FBD1801A7047034611F8012B4C
:1004D00000F8012B002AF9D11846704730B50B46B9
:1004E000014600202022012409E021FA02F59D4264
:1004F00005D303FA02F5491B04FA02F52844151E38
:10050000A2F10102F1DC30BD202A04DB203A21FAFD
:1005100002F00021704721FA02F3D040C2F120021C
:1005200091400843194670472DE9FE4F804681EA05
:100530000300C00F0C46009021F0004123F000455D
:10054000B8EB0200A94105D24046214690461C4620
:100550000B46024623F00040104347D0270DC7F357
:100560000A00C3F30A510290401A019040286BDA46
:10057000C3F3130040F4801B0098924620B100237F
:10058000D2EB030A63EB0B0B01985946C0F1400212
:100590005046FFF74EFF06460D4650465946019A13
:1005A000FFF756FF10EB08006141002487EA115263
:1005B00084EAE7731A4340D0009A62B3019A012A91
:1005C0004FEA075215DC001B61EB02014FF00042BD
:1005D00002EA0752CDE90042001C41F58011324683
:1005E0002B4600F07AF903B0BDE8F08F4046214673
:1005F000F9E7001B61EB0201001C41F580130018B4
:100600005B412018A2F5001747EB030140EAD570C3
:10061000B6196D4111E06D084FEA360645EAC0751E
:100620004FEA0752001B61EB0201001C41F58011EB
:1006300049084FEA30000019514132462B4603B0B9
:10064000BDE8F04F00F03AB90098012240000023C5
:10065000D0EB020263EBE073009821464FEAE074AE
:10066000B8EB000061EB0401E9E783F000435BE7CE
:1006700081F0004158E72DE9FE4F81EA030404F0C0
:10068000004421F0004100944FF0000B23F00043A0
:1006900050EA01045ED052EA03045BD0C3F30A546B
:1006A000C1F30A552C44A4F2F3340194A0FB025484
:1006B000C1F3130141F48011C3F3130343F4801316
:1006C00001FB024400FB034E840A970A44EA81546A
:1006D00047EA8357A4FB076802958D0A05FB078547
:1006E0004FEA932C04FB0C542705029D4FEA065851
:1006F00047EA1637B5EB08056EEB070C870E920E2E
:1007000047EA811742EA8312A7FB0201B6EB0B010D
:1007100064EB00042B0D43EA0C335E1844EB1C50D1
:10072000DA465146E7FB0201C5F313044FEA0B33E7
:1007300043EA14534FEA0432019C43EA0603A4F14E
:100740000C040294009CCDE900B400F0C6F803B09C
:10075000BDE8F08F00200146F9E72DE9F04D81EA70
:10076000030404F0004B21F0004514464FF0000A4A
:1007700023F0004150EA050220D054EA01021DD0C6
:10078000C5F30A570246C5F31303C1F31300C1F3BF
:100790000A5640F4801543F48013A7EB0608101B9B
:1007A000D64608F2FD3873EB050002D308F10108C4
:1007B00001E092185B41B8F1000F03DA0020014616
:1007C000BDE8F08D00204FF48011064684460EE00F
:1007D000171B73EB050705D3121B63EB05030643D9
:1007E0004CEA010C49084FEA300092185B4150EA8C
:1007F0000107EDD152EA030012D082EA040083EA35
:100800000501084305D0101BAB4106D2012200238D
:1008100006E000224FF0004302E06FF001025310A7
:100820001AEB06004CEB085110EB0A0041EB0B01F0
:10083000BDE8F04D00F042B8C1F30A52C1F3130114
:1008400040F2FF3341F480119A4202DA002001465F
:10085000704740F233439A42A2F2334202DC5242E2
:10086000FFF752BEFFF7E5BD30B5041E71F100047D
:1008700004DB4FF00044404264EB0101141E73F1AD
:10088000000405DB1C464FF00043524263EB0403B7
:10089000994208BF904230BD064C074D06E0E06823
:1008A00040F0010394E8070098471034AC42F6D3B7
:1008B000FFF710FDA4430108C443010810B5141E3E
:1008C00073F1000408DA401C41F1000192185B4109
:1008D0001A4301D120F0010010BD2DE9F04D9246E0
:1008E0009B4611B1B1FA81F202E0B0FA80F22032F7
:1008F0009046FFF79EFD04460F4640EA0A0041EA93
:100900000B0153465A46084313D0114653EA0100DF
:1009100019D0C8F140025046FFF7F6FD05460E46D5
:10092000504659464246FFF784FD084305D0012052
:1009300004E020463946BDE8F08D0020054346EA34
:10094000E0762C4337430A986305E40AA0EB0800DD
:100950000022FD0A44EA47540A3002D5002001462D
:10096000E9E7010510196941DDE908450019694108
:10097000BDE8F04DA2E770B58C1810F8015B15F0DA
:10098000070301D110F8013B2A1106D110F8012B01
:1009900003E010F8016B01F8016B5B1EF9D12B0726
:1009A00005D40023521E0DD401F8013BFAE710F8DC
:1009B000013BCB1A921C03E013F8015B01F8015BC9
:1009C000521EF9D5A142D8D3002070BD30B50546DE
:1009D0000C46002D0CD0022C0AD90648A11E028814
:1009E000284602F00FFD291901F8020D000A48708F
:1009F00030BD00002A0C002430B505460C46002D01
:100A000009D0022C07D9FF222846611E02F012FDF0
:100A1000291901F8010C30BD2DE9F05F2DED048B93
:100A2000C14FD7F8780800EE100AB8EE400ADFEDA3
:100A3000BF0A60EE200AA7F16C044FF0010A0025FE
:100A400004F1540B618804F15C09002918D1A4F861
:100A500002A0A56404F1640197EDAD0A81ED000ADE
:100A600097EDCB1A81ED011A8BED000A8BED011A7F
:100A700097EDB00A89ED000A97EDCE0A89ED010ADB
:100A8000A16C4318A364B1EE000A9FEDA91A20EEF1
:100A9000200A61EE200ADFEDA71AC7ED591AC7ED4B
:100AA0006B1A60884FF4FA66FFEE002A0128B7EE51
:100AB000009A06D0022835D0032866D0042830D109
:100AC00007E10122002071EE401A0BEB8001D1ED0D
:100AD000000AF4EEE10AF1EE10FA05D270EE800A97
:100AE000C1ED000A00220EE031EE002AF4EEC20A47
:100AF000F1EE10FA05DD70EEC00AC1ED000A002229
:100B000001E081ED001A401CC0B20228DDD30AB911
:100B1000B34202D902206080A56487ED599AC7EDDF
:100B20006B2A6CE09FED841A0122002071EE601A9E
:100B300009EB800191ED000AB4EEE10AF1EE10FA42
:100B400005D230EE200A81ED000A00220EE031EEDF
:100B5000202AB4EEC20AF1EE10FA05DD30EE600A8A
:100B600081ED000A002201E081ED001A401CC0B2B4
:100B70000228DDD30AB9B34202D903206080A564FC
:100B800087ED599AC7ED6B2A39E001220020DFED8D
:100B90006B2A72EEC01AB0EE621A0BEB8001D1ED37
:100BA000000AF4EEE10AF1EE10FA05D270EE800AC6
:100BB000C1ED000A00220EE031EE002AF4EEC20A76
:100BC000F1EE10FA05DD70EEC00AC1ED000A002258
:100BD00001E081ED001A401CC0B20228DBD3B7EE61
:100BE000080A87ED590ABFEE080A87ED6B0A1AB9A1
:100BF00040F6B830834202D904206080A564002406
:100C00009FED4F8A4FF0FF3809EB8400D0ED000ACA
:100C1000C4EB041007EBC00604EB440000EB041027
:100C200096EDB00A07EB800000F2C4400AF08EFD9A
:100C3000F0EE408A96EDB00A09F0E4FA38EEC00A08
:100C40000BEB840096EDAD1AD0ED000A70EEC10AF0
:100C500096EDAE1AB1EE411A68EE200A49EE010A8D
:100C6000C4EBC40007EB800585EDFB0AC5EDFC0A6B
:100C700005F57D7106F5437000F068FC95EDFD0A01
:100C8000B3EE0E1AFBEE0E0A0FF0CAFD85EDFD0A5B
:100C900095EDFE0AB3EE0E1AFBEE0E0A0FF0C0FD44
:100CA00085EDFE0AD5EDFD0A002C23D04FF00100A2
:100CB00000EE100A04EBC400B8EEC00A07EB001007
:100CC00020EE800A80ED110AD5EDFE0A14D14046CF
:100CD00014E0257065801B480AF0F2FD19484C307D
:100CE0000AF0EEFD9FED180A84ED040ABDEC048BBA
:100CF000BDE8F09F4046DBE74FF0010000EE100A30
:100D00000AEB4400B8EEC00A00EBC00007EBC000DD
:100D100020EE800A80ED110A04F10104E4B2022CF5
:100D2000FFF472AFE2E70000280100246F12833A5B
:100D3000CDCC4C3F00000000295C0F3EDB0FC93FCB
:100D400000002042EC050024713D0A3E01220248C9
:100D5000114604F049BC0000000802580022024875
:100D6000012104F041BC0000000802587047000057
:100D700001220248082104F037BC00000008025894
:100D800000220248082104F02FBC0000000802588D
:100D9000704730B504464FF47A7502E0284600F0FB
:100DA00004F8641EA4B2F9D230BD70B500214FF032
:100DB000E0256B69C0EB00104401AA69A869904264
:100DC000FCD003D2A2EB0002114403E0A3EB000627
:100DD000324411440246A142F0D370BD10B5FFF772
:100DE000C5FFFFF7D5FF0FF0CFFA04460FF052FB17
:100DF000204310BD2DE9FC4104460D461646002057
:100E000000900190FFF7AAFF922000F0BFF80622A1
:100E10006946122000F09CF8FFF798FF9DF801004A
:100E20009DF80010000200B20843484F00EE100A7F
:100E3000D7ED000AB8EEC00A20EE200A85ED000AC0
:100E40009DF803009DF80210000200B2084300EE76
:100E5000100AF8EEC00A97ED000A60EE800AC5EDB0
:100E6000010A9DF805009DF80410000200B2084335
:100E700000EE900AF8EEE00A20EE800A85ED020A04
:100E8000FFF77EFF08226946002000F061F8FFF7B7
:100E90006FFF9DF800000F2830D19DF803009DF8EA
:100EA0000210000200B2084300EE100AD7ED010A5A
:100EB000B8EEC00A20EE200A84ED000A9DF8050075
:100EC0009DF80410000200B2084300EE100AF8EE8C
:100ED000C00A97ED010A60EE800AC4ED010A9DF890
:100EE00007009DF80610000200B2084300EE900AC9
:100EF000F8EEE00A20EE800A84ED020AFFF72EFFEA
:100F0000A22000F043F802226946222000F020F8D7
:100F1000FFF71CFF9DF800009DF80110C00040EA9B
:100F20005110B0F5806F02DBA0F5006000B200EE5A
:100F3000100AB4EE001AF8EEC00AB3EE070A00EE8B
:100F4000810A86ED000ABDE8FC810000100B002438
:100F500070B50D46144640F0800000F017F806E02A
:100F6000552000F013F805F8010B641EE4B2002CC4
:100F7000F6D170BD10B50C4640F0800000F006F8C8
:100F8000552000F003F8207010BD000001B582B0BC
:100F90004FF47A700123009001AA034802A906F0D9
:100FA000ABFA9DF804000EBD6410002410B50C4689
:100FB000FFF7ECFF2046BDE81040FFF7E7BF000059
:100FC00070B52DED048B5E4C94EDB30A0EF03CFF32
:100FD000D4EDB00A94EDB41A60EE810A20EE208AB6
:100FE00094EDC20A9FED579A00EE098A94EDB30A78
:100FF0000FF080F9D4EDB10A00EE808A94EDD10AA9
:101000000EF022FFD4EDCE0A94EDD21A60EE810AE2
:1010100060EE208A94EDE00A40EE098A94EDD10A50
:101020000FF068F9D4EDCF0A40EE808AF6EE000AA0
:1010300038EE280A20EE208A84ED988A94ED9A0AE8
:1010400004F66C0009F08EFB3F4D686880ED008A65
:1010500004F5006090ED1C0A686880ED010AD4F880
:1010600078089FED3A8A00EE100AD5F80001B8EE34
:10107000400A20EE080A80ED010A284608F082FFA7
:10108000D5F8E80090ED002A84ED992A90ED010A48
:1010900084ED9B0A94ED930A9FED2D1BB7EEC00AD9
:1010A000B0EEC00BB4EEC10BF1EE10FA0ED2D4F8D4
:1010B000780800EE100AB8EE400A62EE000A94EDDD
:1010C000960A00EE880A84ED960A03E09FED220A54
:1010D00084ED960A00219FED210AC1EB011094EDE9
:1010E000A21A04EBC00201EB4100D2EDAD0A04EB01
:1010F000C00070EE600A70EEC10AC0EDEA0AD2EDDF
:10110000AE0A94EDA31AF1EE600A70EEC10AC0EDCA
:10111000EB0AD4ED960AC0EDEC0AD4ED990AC0EDC5
:10112000ED0AD4EDA20AC0EDEE0AD4EDA30AC0ED9B
:10113000EF0A491CC9B20229CFD3BDEC048B70BDA4
:10114000280100248FC2753DD85600246F12833ABF
:10115000000000E04D62503F00000000DB0FC93F7F
:10116000FEE700000B784A78DFED070A42EA032227
:1011700012B200EE102AB8EEC00A80EE201A80EDFE
:10118000001A89780173704700007A4410B504464C
:101190002DED108BB0EE40EAB0EE60FA82B0B7EE03
:1011A000CF0AB0EE40AB0DF0F3FB9FED8F8B20EE3E
:1011B000080BF7EEC0CBB7EECE0AB0EE409B0DF0B9
:1011C000E7FB20EE080BF7EEC0EBB0EE4A0B0DF09C
:1011D000DFFA20EE080BB7EEC0BBB0EE490B0DF006
:1011E000D7FA20EE080BF7EEC0BB7CEEEEAA3BEE82
:1011F0006BAA2AEE0A0A0AEEAA0AB7EEC00A0DF096
:10120000E9FCB7EEC00BF6EE000A2AEE20CA2AEE81
:10121000A0AADFED770AB0EE601A00EE001A71EEB8
:1012200060AA2CEE0C0A0AEE0A0A0AEEEA0AB7EEE7
:10123000C00A0DF0CFFCB7EECA1A30EE010B3CEE3F
:101240002A1AB7EEC11A0DF063F8B0EE001B20EEBB
:10125000010BB7EEC0CBB7EECC0AB0EE40AB0DF051
:1012600097FA3BEECB1AB5EE00BBB7EEC1DA00EE53
:101270000BDBB0EE4A0B0DF08BFBB0EE401B3EEEED
:10128000EC0AB7EEC00A01EE0B0BB0EE4D1B0DF0F1
:101290003FF8F7EEC0CBB0EE490B0DF079FA20EE37
:1012A00008DBB0EE4A0B0DF073FA00EE0BDBB7EE85
:1012B000CDDBB0EE490B0DF06BFB20EE089BB0EEE2
:1012C0004A0B0DF065FB00EE0B9BB7EEC99B2DEEB4
:1012D0000D0A09EE090AB7EEC00A0DF07BFCB7EE65
:1012E000C01B8DED011AB7EECD1AB7EEC90A0DF08D
:1012F0000FF8F7EEC0EB3EEEEC0AB7EEC0AAB0EE88
:101300004A0B0DF045FB20EE089B3EEE4C0AB7EE73
:10131000C0BAB0EE4B0B0DF03BFB29EE00DB3CEE10
:10132000CC0AB7EEC09AB0EE490B0DF031FB8DEE52
:10133000001BF7EEC1FB3EEECC0AB7EEC0DAB0EE12
:101340004D0B0DF025FB20EE08EB3CEECF0AB7EE7F
:10135000C0CAB0EE4C0B0DF01BFB2EEE00EBB0EE56
:10136000490B0DF015FB8EEE001BB7EEC1EBB0EE96
:101370004A0B0DF00DFA20EE08ABB0EE4B0B0DF062
:1013800007FB2AEE00BBB0EE490B0DF001FB9DED13
:10139000011AB7EEC1AA20EE0A0B8BEE001BB7EEC6
:1013A000C1BBB0EE4D0B0DF0F3F920EE088BB0EEA3
:1013B0004C0B0DF0EDFA28EE008BB0EE490B0DF062
:1013C000E7FA20EE0A0B88EE001BB7EEC10BC4ED66
:1013D00000FA84ED01EA84ED02BA84ED030A02B05A
:1013E000BDEC108B10BD0000000000A047E1CA3F1B
:1013F0000000803D90ED000AD1ED000A524B20EE36
:10140000200A83ED1F0A90ED010AD1ED010A20EEBA
:10141000200A83ED200A90ED020AD1ED020A20EEA7
:10142000200A83ED210A90ED030AD1ED030A20EE94
:10143000200A83ED220A90ED040A83ED230A90ED41
:10144000050AD1ED050A20EE200A83ED240A90ED6D
:10145000060AD1ED000A20EE200A83ED250A90ED60
:10146000070AD1ED010A20EE200A83ED260A90ED4D
:10147000080AD1ED020A20EE200A83ED270A90ED3A
:10148000090AD1ED030A20EE200A83ED280A90ED27
:101490000A0AD1ED040A20EE200A83ED290A90ED14
:1014A0000B0AD1ED050A20EE200A83ED2A0A90ED01
:1014B000000AD1ED000A91ED011A20EE200AD0EDCC
:1014C000010A00EE810AD0ED020A91ED021A00EE47
:1014D000810AD0ED030A91ED031A00EE810AD0EDE6
:1014E000040A91ED041A00EE810AD0ED050A91ED8F
:1014F000051A00EE810A82ED000A90ED060AD1ED90
:10150000000A91ED011A20EE200AD0ED070A00EE44
:10151000810AD0ED080A91ED021A00EE810AD0EDA1
:10152000090A91ED031A00EE810AD0ED0A0A91ED45
:10153000041A00EE810AD0ED0B0A91ED051A00EEB7
:10154000810A82ED010A70472809002490ED001AF3
:10155000D0ED022A90ED012AD0ED031A21EE001AF7
:1015600002EEA01A22EE000A01EEA00A81ED001A96
:1015700081ED010A70470000F0B4DDE904560C4C1F
:1015800044F8100C44F80C1C170A277662761A0AE5
:10159000A276E3762A0A22776577320AA277E6777F
:1015A00004F11802F0BC89B208230EF0E1BF00007C
:1015B000780B00240848007A02280BD0032801D0B9
:1015C00000F050BE04486C38007808B1FFF724BA28
:1015D00000F0E8BD00F0E6BD2801002470B5244C01
:1015E000244D94F8380000280BD094F8800040B1C6
:1015F00094F8C80028B194F8100110B1287D012892
:101600001BD11B480C3001F0D5F8012010F0B4FFBD
:101610001748543001F0CEF8012010F0ADFF144807
:101620009C3001F0C7F8012010F0A6FF1048E4300C
:1016300001F0C0F8012010F09FFF207A032802D1AA
:10164000617A032906D1A97B21B902280CD1607ADD
:10165000022809D008484FF4CA71FEF724FF002081
:1016600084F8280384F8A003207A607270BD00001B
:10167000280100248E560024800300242DE9F04F19
:101680002DED048BAFB00FF0DBF8AF4D28600024D8
:10169000671E012305F10C001A46B7EE000ACDE9DA
:1016A0000074194680460AF033F8012305F154000E
:1016B0001A4602218146B7EE000ACDE900740AF00D
:1016C00027F8012605F19C00334603213246B7EE88
:1016D000000ACDE9006482460AF01AF8012305F1F8
:1016E000E4001A4604218346B7EE000ACDE90064FF
:1016F0000AF00EF89FED958A002302220121B0EE38
:10170000480ACDE9007405F596700AF001F8022246
:1017100000231146B0EE480ACDE9006405F5BA7021
:1017200009F0F6FF404601F045F8012010F024FFD3
:10173000484601F03FF8012010F01EFF504601F02E
:1017400039F8012010F018FF584601F033F88048AE
:1017500004700221417003218170C4704FF4CA717A
:1017600005F51670FEF79FFE9C2105F5DE70FEF76D
:101770009AFE85F8284385F8A0432E722CAB754C51
:1017800094E8070007C3DFED748A0021B0EE080A71
:10179000F0EE680A2CAA05F22C400AF0B1F8D4E960
:1017A000041229ABE06807C30021F7EE000AB1EE8E
:1017B000000A29AA05F5EE600AF0A2F8D4E907129A
:1017C00026ABA06907C30021F0EE680AB2EE040A56
:1017D00026AA05F2BC700AF093F8D4E90A02616AFD
:1017E0002391CDE924020021F0EE680AB2EE040A4A
:1017F00023AA05F608000AF083F8D4E90D1220ABFD
:10180000206B07C3F0EE680A9FED549A002120AACE
:10181000B0EE490A05F2C4400AF072F89FED508A12
:1018200005F5806585ED358A0021F0EE680AB0EE99
:10183000490A20AA05F588700AF062F885ED488A01
:10184000D4E910121DABE06B07C3F0EE680A9FED00
:10185000450A00211DAA05F523700AF051F8D4E9C4
:1018600013121AABA06C07C30021F0EE680A9FEDBB
:101870003E0A1AAA05F178000AF042F8D4E91612D5
:1018800017AB606D07C30021F0EE680AB2EE040AE0
:1018900017AA05F5FA700AF033F89FED348A05F2BD
:1018A0005440B0EE480A08F071FFB0EE480A05F265
:1018B0005C4008F06BFFB0EE480A05F2644008F0A7
:1018C00065FFB0EE480A05F26C4008F05FFF204863
:1018D000022300221946283008F072F804F1600053
:1018E00013AD0FC80FC570340FCC0FAC0FC419481F
:1018F0000BAD803090E81E001EC500F1100107AD51
:101900001EC91EC5D0E9092303AC016AC06A0EC412
:10191000069013AA16493CCA88683CC003AA086806
:101920003CCA3CC00FAAC8693CCA3CC00BAA086AA2
:101930003CCA3CC0486907A91EC91EC02FB0BDECF7
:10194000048BBDE8F08F0000280100243C3C7C4162
:10195000B0560024343401080000000000002A437F
:10196000CDCC4C3E0000AF43000016436666663F98
:10197000D057002410B511F0E7FB0E4CD4F87418C2
:10198000401AC4F8780811F0DFFBC4F87408D4F8E2
:101990002804401CC4F828040CF0A0F80BF0A2FEA8
:1019A0000BF05EFF0CF0B8F8FFF70AFBBDE8104043
:1019B0000BF04ABF280100242DE9F0472DED068BDE
:1019C0000027002400219FEDF98AF94E3068B0F914
:1019D000022002F11403292B00D31746B0F9082086
:1019E00002F11403292B00D31446B0F9002002F1B0
:1019F0001403292B00D31146494200EE101AB8EE09
:101A0000C00ADFEDEC8A20EE289ADFF8AC93EB4AAF
:101A100099F81710012903D0B0F90630934202D18A
:101A2000012386F8E83396F8E8339FEDE5AADFF85E
:101A300080C3DF4DDFF88C836C3DDCEDF90A012BB0
:101A40002BD09FEDE10A0EF0E6F8F0EE400A96ED9D
:101A5000F90A70EE200A05F5CC6009F077FEB1EEC8
:101A6000400AB7EEC91AB1EE062BB9F90000B7EE7D
:101A7000C00A01EE020B01EE100AB8EEC11B9FED89
:101A8000D32B01EE420BB7EEC00B85ED070A88EDB4
:101A9000020A96F8E80390B3F7E0B0F90600C1EB4C
:101AA0000111904201D1012000E0002000EBC000B4
:101AB000084400EE100AB8EE400A85ED070ABC495A
:101AC00095ED081A6C39BA48D1ED091AB4EEC10A7D
:101AD000D0F87808F1EE10FA12DD02EE100AB8EE36
:101AE000422A62EE211A01EE8A1A85ED081AB4EE36
:101AF000C01AF1EE10FA15DD85ED080A12E044E097
:101B000010D202EE100AB8EE422A62EE211A01EE5D
:101B1000CA1A85ED081AB4EEC01AF1EE10FA01D215
:101B200085ED080A00EE107AB8EEC00A60EE28AA29
:101B3000B7EEE00A9FEDA79B30EE490BB7EEC00B66
:101B40000CF07EFF60EE2AAA96EDF90AB7EEC00A05
:101B500030EE490BB7EEC00B0CF072FEC8ED00AAD8
:101B600095ED080A88ED020AB7EEC00AB0EEC00B88
:101B70009FED9A1BB4EEC10BF1EE10FA89D285ED00
:101B80000A8A002086F8E80383E700EE107AF0EE78
:101B9000080AB8EEC00A20EE280A20EE200A88EDD6
:101BA000000A99F81600D8B9B7EEC01A99F80810CB
:101BB00000EE101AB8EE402B9FED8A0B02EE001BD0
:101BC000B7EEC11B99F8091002EE101AB8EE422BBD
:101BD000B7EEC11A02EE401BB7EEC10B88ED000A4A
:101BE00001281DD198ED000A99F80800B7EEC01A37
:101BF00000EE100AB8EE402B9FED7C0B02EE001BAE
:101C0000B7EEC11B99F8090002EE100AB8EE422B9C
:101C1000B7EEC11A02EE401BB7EEC10B88ED000A09
:101C200098ED000AD5ED060AB4EEE00AF1EE10FADE
:101C300015DDD6F87808D5ED051A01EE100AB8EED4
:101C4000411A21EE211A41EE0A0AC5ED060AB4EE48
:101C5000E00AF1EE10FA18D285ED060A15E014D26A
:101C6000D6F87808D5ED051A01EE100AB8EE411A3B
:101C700021EE211A41EE4A0AC5ED060AB4EEE00A49
:101C8000F1EE10FA01DD85ED060A95ED050AD5EDB8
:101C9000091A584AA868904206DADFED570A20EE82
:101CA000200A61EEA01A08E05449884205DAF6EEEF
:101CB000000A20EE200A61EEA01A98ED001AB0EE9C
:101CC000C12AD5ED060AF0EEE02AB4EEE22AF1EEE2
:101CD00010FA06D321EE202AB5EEC02AF1EE10FA52
:101CE00001D2012100E00021B1B130EE802AB4EE32
:101CF000C21AF1EE10FA02DD85ED062A3DE030EE63
:101D0000C00AB4EEC01AF1EE10FA02D285ED060A4E
:101D100033E085ED061A30E0904218DAF4EEC00A9E
:101D2000F1EE10FA04DD30EEC00A85ED060A24E07B
:101D3000B1EE401AF4EEC10AF1EE10FA04D230EE20
:101D4000800A85ED060A18E085ED068A15E030EE7A
:101D5000802AB4EEC21AF1EE10FA02DD85ED062AF1
:101D60000BE030EEC00AB4EEC01AF1EE10FA02D267
:101D700085ED060A01E085ED061AD5ED080A98ED15
:101D8000020A30EEA11AB4EEC10AF1EE10FA02DD39
:101D900085ED081A36E070EEE10AB4EEE00AF1EEE5
:101DA00010FA2DD2C5ED080A2CE00000000000005A
:101DB000280100240C98C63A8E5600246CFDFFFFC3
:101DC0006F12833ABC560024967931C079E92631E6
:101DD00008AC9C3FAA9F71C0322F06C00000004093
:101DE0003333D33F333333333333F33F333333334B
:101DF0003333FB3F9A99993ECDCCCC3DCDCC4C3F73
:101E000085ED080AD5ED060A95ED080A88ED020A67
:101E1000307A032833D086ED938A86ED948A86ED56
:101E2000958A002101EB410006EBC00080ED838A1A
:101E300080ED848A80ED858A96ED930A80ED860A8E
:101E400080ED878A80ED888A491CC9B20229E9D3CE
:101E5000307A9FED1E1ADFED1E0A032816D0C5ED5D
:101E6000040A95ED040A0EF0DBFC85ED040A86ED0C
:101E70008F0A86ED900ABDEC068BBDE8F087C6EDB3
:101E8000930A86ED948A86ED950ACAE700EE104A19
:101E90009FED102AB8EEC00A60EE281A95ED040AEC
:101EA00001EEC20A85ED040A96F92404012806D041
:101EB000022807D00328D4D1C5ED040AD1E7C5ED27
:101EC000040ACEE785ED041ACBE700005C8FC23E22
:101ED000295C0F3EA69B443B10B509F055FFBDE8B9
:101EE00010400AF019B8000070B5234B012518689E
:101EF0008189022902D14289022A02D0032902D013
:101F000004E01D7219E04289022A06D01B4A927B26
:101F1000012A02D0012903D005E0022018720CE04A
:101F20004289022A02D0022903D005E00320187258
:101F300003E04089032810D01D7200210024C1EB6A
:101F4000011003EBC00090F828234AB1D0F82463B5
:101F50001E2E05D980F8284309E004201872ECE70A
:101F60002AB9D0F820231E2A01D980F82853491C09
:101F7000C9B20229E3D370BD280100248E56002483
:101F800070B505462DED088BB0EE40ABF0EE419AF2
:101F9000B0EE61BA6F4C2078002805D084ED032A9A
:101FA000C4ED042A0020207094ED030A9FED6A1A04
:101FB00060EE010A9FED690A42EE000AC4ED030AD1
:101FC000D4ED041A21EE811A02EE801A84ED041A6F
:101FD0009FED632A84ED022A6248B0F8570000EEB4
:101FE000100AB8EE400AB5EEC02AF1EE10FA03D19D
:101FF0009FED5D1A84ED021AF7EE00BAB0EE6B9A0F
:1020000010EE100A5949884202DD9FED599A02E00C
:1020100010EE100A574994ED020A60EE098AB0EEFC
:102020004A0A09F0C1FC84ED050AD4ED040AB0EEB9
:10203000690A09F0B9FC84ED060AD4ED050A30EE10
:10204000800A84ED070A3AEE2A0AD4ED030A09F061
:10205000ABFC84ED080A39EE8B0AD4ED040A09F0D2
:10206000A3FC84ED090AD4ED080A70EE800AC4EDE1
:102070000A0AB0EE6B8A9FED401AF4EEE80AF1EE20
:1020800010FA1CD994ED070AF4EEC00AF1EE10FA2A
:1020900015D3B4EEE80AF1EE10FA02DBB0EE418A95
:1020A0000DE078EEC01A30EEC00A344910EE100A86
:1020B000884202DD81EE808A01E0B0EE418A18EEAE
:1020C000100AB0F17E5F01DDB0EE6B8AB5EEC08A1A
:1020D000F1EE10FA01D2B0EE418A94ED010AB4EEAD
:1020E000C08AF1EE10FA02D285ED008A0DE0DFED34
:1020F000240A30EE200AB4EEC80AF1EE10FA02D239
:1021000085ED000A01E085ED008AD5ED000AB0EE0C
:102110004A0A00EEAA0AD4ED030A09F045FC84ED50
:102120000B0AD5ED000AB0EE690A00EE8B0AD4ED79
:10213000040A09F039FC84ED0C0AD4ED0B0A30EEE8
:10214000800A84ED0D0A95ED000A84ED010ABDECCC
:10215000088B70BDDC0900249A99593F9A99193E61
:10216000000096430C5800240000B4420000704266
:102170006666A63F000020410000000017B7D13876
:102180000AD7A33B05480068016841F010010160CF
:1021900003494FF4C872014806F0E6BB1415002449
:1021A0002A5900242DE9F0412DED028B08F0C4F9E5
:1021B00008F0A8F8284E96EDFD0AB1EE400A86ED2B
:1021C000110A96EDFE0AB1EE400A86ED230A06F5E5
:1021D000806797ED040A86ED350A97ED050A86EDCE
:1021E000470A00249FED1D8ADFED1D8A307A022800
:1021F00002D003280FD01CE004EBC400B0EE481A54
:1022000006EBC005F0EE680A95ED110A0EF008FB2A
:1022100085ED110A0DE004EBC400B0EE481A06EBA0
:10222000C005F0EE680A95ED110A0EF0F9FA85ED99
:10223000110A641CE4B2042CD8D397ED010AB1EE64
:10224000400A86ED590A97ED080A86ED6B0ABDEC47
:10225000028BBDE8F0810000280100240000044248
:10226000000004C20C489FED0B0A80ED110A80EDBE
:10227000230A80ED350A80ED470A80ED120A80EDD1
:10228000240A80ED360A80ED480A80ED5A0A80ED76
:102290006C0A70470000000028010024014801F08A
:1022A00017BC0000EC100024014801F011BC000034
:1022B000C0170024014801F00BBC00006411002489
:1022C000014801F005BC0000B0180024014801F0ED
:1022D000FFBB000038180024014801F0F9BB0000E2
:1022E000D0160024014801F0F3BB00004817002479
:1022F00010B52C4A016891423AD02A4A18329142CC
:1023000036D0284A3032914232D0264A4832914261
:102310002ED0244A603291422AD0224A7832914209
:1023200026D0204A9032914222D01E4AA8329142B1
:102330001ED01D4A91421BD01B4A1832914217D021
:10234000194A3032914213D0174A483291420FD085
:10235000154A603291420BD0134A7832914207D02D
:10236000114A9032914203D00F4AA832914214D1BF
:10237000CAB2103A1823B2FBF3F20C4C02F0070376
:10238000E35CC365032A04D96FF30901091D816564
:1023900006E06FF30901816502E021F0FF0181652C
:1023A000806D10BD100002401004024098330108F7
:1023B00010B501680123224CCAB2A1421BD0204CA7
:1023C0001434A14217D01E4C2834A14213D01C4C07
:1023D0003C34A1420FD01A4C5034A1420BD0184CBF
:1023E0006434A14207D0164C7834A14203D0144C77
:1023F0008C34A1420FD1083A1421B2FBF1F1114AF9
:1024000002EB810202660F4A8032426601F01F0130
:102410008B40836610BD103A1824B2FBF4F20A4CCC
:102420002144A82900D80832084901EB820101663D
:1024300006498031416602F01F018B40836610BD62
:102440000854025800580258F0FBFDBF0008024033
:102450000279521E072A31D8194B016899421BD0C4
:10246000174B1433994217D0154B2833994213D088
:10247000134B3C3399420FD0114B503399420BD040
:102480000F4B6433994207D00D4B7833994203D0F8
:102490000B4B8C33994207D10A4901EB8201C1668B
:1024A00008494031016706E0074901EB8201C16636
:1024B00005494031016701219140416770470000A3
:1024C000085402580059025800090240014610B54C
:1024D00000208B694FF0C0748A6A002B0ED0B3F5D0
:1024E000005F1AD062B3012A2AD0022A28D0032A18
:1024F00003D1C96AC90100D5012010BD1AB1012A52
:1025000006D0022AF9D1C96AC901F6D5012010BD49
:10251000C96AA142FBD1012010BD52B1012A0AD0E3
:10252000022A06D0032AF7D1C96AA142F4D10120B8
:1025300010BD012010BDC96AC901FBD5012010BD25
:10254000012010BD2DE9F04F856D8A4E894FDFF8CF
:1025500024C2A836DFF81C82DFF818920CF1180CA0
:10256000DFF810A208F13008DFF808B209F14809D5
:1025700004680AF1600A0BF1780BBC426DD0644527
:102580006BD0444569D04C4567D0544565D05C4517
:1025900063D0DFF8E0E10EF1900E74455DD0B442F7
:1025A0005BD0DFF8D4E1744557D0DFF8CCE10EF111
:1025B000180E744551D0DFF8C0E10EF1300E7445AD
:1025C0004BD0DFF8B4E10EF1480E744545D0DFF88A
:1025D000A8E10EF1600E74453FD0DFF89CE10EF1EA
:1025E000780E744539D0DFF890E10EF1900E744505
:1025F00033D0DFF884E10EF1A80E74452DD0DFF85A
:102600007CE1744529D0DFF874E10EF1140E7445B5
:1026100023D0DFF868E10EF1280E74451DD0DFF8F5
:102620005CE10EF13C0E744517D0DFF850E10EF17D
:10263000500E744511D0DFF844E10EF1640E74457C
:102640000BD0DFF838E10EF1780E744505D0DFF8D5
:102650002CE10EF18C0E744509D1D0E919E4CEF8C5
:102660000440C46E1CB1D0E91CE4CEF804400468F8
:10267000BC422ED064452CD044452AD04C4528D0AD
:10268000544526D05C4524D03A4F9037BC4220D0E8
:10269000B4421ED0384EB4421BD0374E1836B44226
:1026A00017D0354E3036B44213D0334E4836B4428C
:1026B0000FD0314E6036B4420BD02F4E7836B44234
:1026C00007D02D4E9036B44203D02B4EA836B442DC
:1026D0001BD190F85C4004F01F063F24B440AC606E
:1026E0000468256825F48025256004686360836894
:1026F000402B05D0036899600068C260BDE8F08F88
:1027000003689A600068C160F8E71C4EB4421BD0B1
:102710001A4E1436B44217D0184E2836B44213D08D
:10272000164E3C36B4420FD0144E5036B4420BD045
:10273000124E6436B44207D0104E7836B44203D0FD
:102740000E4E8C36B442D9D190F85C4004F01F068E
:102750000124B4406C60046863608368402B04D03B
:10276000036899600068C260C8E703689A600068FF
:10277000C160C3E710000240100402400854025830
:10278000704710B50446208820810A78487840EACE
:10279000022020808A78C87840EA022060800A7986
:1027A000487940EA0220A0808879A07102F024FFD5
:1027B000E06010BD10B50446204600F0EBFA00289A
:1027C00005D062892178BDE8104000F095B810BDB1
:1027D00070B504460D46287800F00F002060287878
:1027E000000960606978A87840EA0120A060E97873
:1027F0002A79090141EA1211E1602A79697902F026
:102800000F0241EA022121611021DFED170A9FED3D
:10281000170A10F03BFA84ED070AE0680C21DFED9F
:10282000140A9FED140A10F031FA84ED080A2069A9
:102830000C21DFED110A9FED110A10F027FA84ED4B
:10284000090AA87900EE100AB8EE400A84ED0C0AD5
:10285000E87900EE100AB8EE400A84ED0D0A02F0A5
:10286000CBFEA06370BD0000DA0F4941DA0F49C109
:1028700000003442000034C200005842000058C238
:1028800010B50446204600F085FA00280ED02178C5
:102890009FED070A94ED0E2ABDE81040F0EE401AB5
:1028A000B0EE401AF0EE400A08F0BCBE10BD0000C9
:1028B0000000000010B504462DED028BB0EE408AFA
:1028C000204600F067FA002810D02178D4ED0F0AD6
:1028D0009FED080AF0EE481ABDEC028BB0EE402ADC
:1028E000B0EE401ABDE8104008F09CBEBDEC028B73
:1028F00010BD0000000000000A4B43F8100C0A4411
:1029000043F80C2CFF21197659769976D9761977E8
:1029100059779977FC21D97791B2024A0823183266
:102920000DF026BE780B002472B6FEE7054801685C
:1029300041F0020101600348083801688904FCD5B0
:10294000704700000C48025810B58AB00024029469
:10295000039402200490012005900694079402A994
:10296000104802F070F808B1FFF7DEFF02220D48B0
:1029700000231146009402F0AAF808B1FFF7D4FF33
:1029800008480022012101F0E5FF08B1FFF7CCFF64
:10299000044802F0FDFC002801D0FFF7C5FF0AB093
:1029A00010BD0000840E0024014802F081B900002F
:1029B000840E002410B58AB00024029403940220EF
:1029C000049005900694079402A9104802F03BF881
:1029D00008B1FFF7A9FF02220C480023114600941A
:1029E00002F075F808B1FFF79FFF08480022102198
:1029F00001F0B0FF08B1FFF797FF044802F0C8FCF0
:102A0000002801D0FFF790FF0AB010BD240F00246A
:102A1000014802F04DB90000240F002410B58AB01F
:102A200000240294039404940120059080020690EF
:102A300040F2FF700790114802A902F004F808B1B3
:102A4000FFF772FF02220D4800231146009402F0A6
:102A50003EF808B1FFF768FF08480022012101F0A5
:102A600079FF08B1FFF760FF044802F091FC0028ED
:102A700001D0FFF759FF0AB010BD0000C40F0024B9
:102A8000014802F015B90000C40F002430B5426BB4
:102A9000036853F8844F4FF6FC718C4344EA820478
:102AA0001C60036853F8844F058F24F47F0444EAC4
:102AB00005441C60836B1A44036853F8884F8C43A9
:102AC00044EA82041C60036853F8884F858F24F41D
:102AD000FE0444EA05441C60C36B02EB4302036836
:102AE00053F8A04F8C4344EA82041C60036853F8F7
:102AF000A04FB0F8405024F4FE0444EA05441C60A2
:102B0000D0E9103403FB0422036853F8B04F8C4320
:102B100044EA82041C60036853F8B04FB0F8485090
:102B200024F4FE0444EA05441C60D0E9123403FB9B
:102B30000422036853F8AC4F8C4344EA82041C60BF
:102B4000D0E9143403FB0422036853F8F04F8C439C
:102B500044EA82041C60036853F8F04FB0F8585000
:102B600024F47C1444EA05441C60836D02EB4303A7
:102B7000026852F8C04F8C4344EA83011160016837
:102B800051F8C02FB0F85C3022F47C1242EA0342C4
:102B90000A60016851F8C02F90F8603022F07C5232
:102BA00042EA03620A60416B224A02EB8101C1667C
:102BB000826B01EB82020267C36B02EBC3024267C6
:102BC000D0E91034634302EB83028267D0E9123408
:102BD000634302EB8302C267D0E91434634302EB20
:102BE0008302C0F88020836D02EBC302C0F884200A
:102BF000C46D836E5C4302EB8402C0F88820046ECF
:102C00005C4302EB8402C0F890200B4B9A4208D937
:102C10009830416841F0200141600321017001209A
:102C200030BD002200E004C1D0F890308B42FAD8C9
:102C3000002030BD00AC0040FCD30040F0B5D1E92D
:102C400001650C692C430D68002E1AD045F08045B3
:102C50002C4391F82070D1E9066535434E6946EA68
:102C6000076635438E8945EA0645D0F88460806E54
:102C7000584306EB80031C605D60083300200B4E58
:102C80000FE044EA8544E4E71418155CE77845EA68
:102C90000765A77864783F0447EA0424254320C3E6
:102CA000001DCC68345D8442EED8F0BDA03301082D
:102CB00070B504460D46DFED1C0AB5F9020000EEC2
:102CC000100AB8EEC00A20EE200A84ED050A288812
:102CD0009FED171A400000EE100AF8EE400A9FED33
:102CE000130A60EE800A10EE810A84ED070AA879C3
:102CF00000EE100AB8EE400A84ED080AB5F90400A7
:102D000000EE100AB8EEC00A84ED090A2888608532
:102D100002F072FCE968401A0A2802D901202073E7
:102D200070BD0020207370BD5077D63DDB0F494049
:102D3000000000390C2901D2022801D00348704755
:102D40000248103800EB011070470000506000246A
:102D500070B504460D4695ED070A84ED070A95ED1A
:102D6000080A84ED050A95ED090A84ED060A95ED39
:102D70000C0A84ED080A287984F82C0002F03CFC47
:102D8000A96B401A0A2802D90120207370BD0020C7
:102D9000207370BD4178012901D0002070478078F0
:102DA000012803D0022803D0002070470148704753
:102DB00001487047840E0024240F002460EE000AAE
:102DC00020EE801AC64B1A7A022A02D0032A7DD03E
:102DD0006AE1DFEDC41A61EE211A9FEDC32A40EECD
:102DE000821A9FEDC22A40EE021A9FEDC12A71EEAF
:102DF000821AC0ED001ADFEDBF1A61EE211A9FEDB5
:102E0000BE2A40EE821A9FEDBD2A40EE021A9FEDC7
:102E1000BC2A71EE821AC0ED011ADFEDBA1A61EE1A
:102E2000211A9FEDB92A40EE821A9FEDB82A40EE92
:102E3000021A9FEDB72A71EE821AC0ED021ADFED79
:102E4000B51A61EE211A9FEDB42A40EE821A9FED69
:102E5000B32A40EE021A9FEDB22A71EE821AC0ED3B
:102E6000031ADFEDB01A61EE211A9FEDAF2A40EE92
:102E7000821A9FEDAE2A40EE021A9FEDAD2A71EE46
:102E8000821AC0ED041ADFEDAB1A61EE211A9FED34
:102E9000AA2A40EE821A9FEDA92A40EE021A9FED5F
:102EA000A82A71EE821AC0ED051ADFEDA61A61EEAE
:102EB000211A9FEDA52A40EE821A9FEDA42A40EE2A
:102EC000021A9FEDA32A71EE821A00E014E0C0ED11
:102ED000061ADFEDA01A21EE211ADFED9F1A00EE8F
:102EE000A11ADFED9E0A00EE201A9FED9D0A31EE39
:102EF000000A80ED070AD7E0DFED9A1A61EE211A89
:102F00009FED992A40EE821A9FED982A40EE021A10
:102F10009FED972A71EE821AC0ED001ADFED951A27
:102F200061EE211A9FED942A40EE821A9FED932ABA
:102F300040EE021A9FED922A71EE821AC0ED011A3C
:102F4000DFED901A61EE211A9FED8F2A40EE821A72
:102F50009FED8E2A40EE021A9FED8D2A71EE821AA5
:102F6000C0ED021ADFED8B1A61EE211A9FED8A2A5D
:102F700040EE821A9FED892A40EE021A9FED882AC0
:102F800071EE821AC0ED031ADFED861A61EE211A86
:102F90009FED852A40EE821A9FED842A40EE021AA8
:102FA0009FED832A71EE821AC0ED041ADFED811ABB
:102FB00061EE211A9FED802A40EE821A9FED7F2A52
:102FC00040EE021A9FED7E2A71EE821AC0ED051ABC
:102FD000DFED7C1A61EE211A9FED7B2A40EE821A0A
:102FE0009FED7A2A40EE021A9FED792A71EE821A3D
:102FF000C0ED061ADFED771A61EE211A9FED762AF1
:1030000040EE821A9FED752A40EE021A9FED742A57
:1030100071EE821AC0ED071ADFED721A61EE211A05
:103020009FED712A40EE821A9FED702A40EE021A3F
:103030009FED6F2A71EE821AC0ED081ADFED6D1A4E
:1030400061EE211A9FED6C2A40EE821A9FED6B2AE9
:1030500040EE021A9FED6A2A71EE821AC0ED091A3B
:10306000DFED681A61EE211A9FED672A40EE821AA1
:103070009FED662A40EE021A9FED652A71EE821AD4
:10308000C0ED0A1ADFED631A21EE211ADFED621A94
:1030900000EEA11ADFED610A00EE201A9FED600A32
:1030A00031EE000A80ED0B0A002918D0197A0329A5
:1030B00015D19FED5C0A80ED000A80ED010A80EDDC
:1030C000020A80ED030A80ED040A80ED050A80ED16
:1030D000080A80ED090A80ED0A0A80ED0B0A7047A4
:1030E00028010024778D46C3C2977043AFA5F5C26F
:1030F0008E06C2C06ABC943E1D5A143F341107C1EB
:10310000F931A6BEBE3095C111B6B741FE4325C107
:10311000E414ADBFB1BF42C15F878841265314C1DB
:103120003E792CC09FFC8BC2C482FC421E56AFC2AB
:10313000355EE34110FAA7C1E403E7417FFB82C19A
:1031400080489F4081E50D432D0396C2410204C291
:1031500046D41242F2D253410E4F4AC1BADA2A4043
:1031600072F9274086B8DFC19E5ED642DA9BC3C2A1
:10317000BF7D853FC1A8A24136CD89C1789C32C0B0
:103180009EEFA73DE4831AC0660899419C4482C122
:10319000E0BE3E3FA1D684BFE94891410C9386C171
:1031A000ECC0093F5BF1AE4373F78AC319049B413E
:1031B000CEAAFB41022B214162A1B6C04A0C7EC0BF
:1031C000B37B7A409E49B54441ECAAC49C2C9E43F3
:1031D00010E96742E1BACC42714CFDC259974942AD
:1031E000FF219D3F34128543274153C36ADE81414D
:1031F000A312B141CB001A431826BCC2A768DEC196
:10320000E8EAEB41133D154457E5C9C42FD78F4475
:103210001A5197C2C10A8542178819C3D794D6425A
:10322000143F4AC10000000010B504462DED0A8B82
:10323000B0EE408AB7EEE00AB0EE40AB0BF0A8FB70
:103240009FED479B20EE090BB7EEC0BBB7EEC80A57
:10325000B0EE408B0BF09CFB20EE090BF7EEC0BBF1
:10326000B0EE4A0B0BF094FA20EE090BB7EEC0ABB0
:10327000B0EE480B0BF08CFA20EE090BB7EEC00B4A
:103280007BEE6BAA3AEE40AA2AEE0A0A0AEEAA0AD6
:10329000B7EEC00A0BF09EFCB7EEC00BF6EE000ACC
:1032A0002AEE20BA6AEEA0AA9FED2F1AF0EE410A8C
:1032B00040EE000A30EEC1AA2BEE0B0A0AEEAA0A73
:1032C0000AEE4A0AB7EEC00A0BF084FCB7EEEA1A1F
:1032D00030EE010B3BEE0A1AB7EEC11A0BF018F8EC
:1032E000B0EE001B20EE010BB7EEC0ABB0EE480B0A
:1032F0000BF04EFA20EE09BBB7EECA0AB0EE40ABB7
:103300000BF046FAB5EE00CB00EE0CBBB7EECBBB34
:10331000B0EE480B0BF03CFB20EE098BB0EE4A0BF5
:103320000BF036FB00EE0C8BB7EEC88B2BEE0B0AC6
:1033300008EE080AB7EEC00A0BF04CFCF7EEC08BA3
:10334000B7EECB1AB7EEC80A0AF0E2FFB7EEC00B31
:10335000C4ED008A84ED010ABDEC0A8B10BD0000AB
:10336000000000A047E1CA3F0000803DD0ED001AF8
:1033700090ED032AD0ED012A90ED023A21EE821A57
:1033800002EEC31AC2EE013AB1EE622AC2EE012A7F
:10339000B1EE433A83EE012A81EE813A23EE801AA0
:1033A00002EE201A22EE800A03EE200A81ED001AB6
:1033B00081ED010A70470000024610B550780028E0
:1033C00010D001281AD19078012817D110780C4913
:1033D000401EBDE81040C0EB001001EB800110461C
:1033E000FFF7B6BC1078401EC1B29078FFF7A2FC80
:1033F00001461046BDE81040FFF75ABC10BD000062
:10340000505F00240346104610B5002B01D0084C35
:103410000AE04FF6FF7010BD13F8012B4240D2B204
:1034200034F8122082EA1020491E4A1CF4D110BD43
:103430000437010810B5054C03E010F8013B534078
:10344000E25C491E4B1CF8D1104610BD0436010841
:10345000014890ED690A7047F85B0024014890ED3F
:10346000680A7047F85B0024014890ED6A0A7047CB
:10347000F85B002490ED001AD0ED011A21EE001A3D
:1034800001EEA01AD0ED021A21EE800AD0ED031A47
:1034900001EEA00A81ED001A81ED010A70470000DB
:1034A0002DE9F84F044602F0A7F800905CB194F8BB
:1034B0003500022809D080206065002084F834009F
:1034C0000120BDE8F88F0120FBE7D14ED04FD04955
:1034D0001836DFF83C833037DFF83493DFF830A359
:1034E00008F14808DFF828B309F1600920680AF1FB
:1034F000780A0BF1900B88422ED0B0422CD0B84203
:103500002AD0404528D0484526D0504524D058459B
:1035100022D0BF4AA83290421ED0BE4A90421BD051
:10352000BC4A1832904217D0BA4A3032904213D077
:10353000B84A483290420FD0B64A603290420BD01F
:10354000B44A7832904207D0B24A9032904203D0C7
:10355000B04AA83290420AD1026822F01E020260EC
:103560002068426922F080024261256804E0026816
:1035700022F00E0202602568206888424DD0B042D9
:103580004BD0B84249D0404547D0484545D050453A
:1035900043D0584541D09E4AA83290423DD09D4AE2
:1035A00090423AD09B4A1832904236D0994A3032F3
:1035B000904232D0974A483290422ED0954A60329B
:1035C00090422AD0934A7832904226D0914A903243
:1035D000904222D08F4AA83290421ED08E4A90420A
:1035E0001BD08D4A1432904217D08B4A2832904219
:1035F00013D0894A3C3290420FD0874A50329042D1
:103600000BD0854A6432904207D0834A7832904288
:1036100003D0814A8C32904204D1206E026822F499
:10362000807202607A49206888422ED0B0422CD045
:10363000B8422AD0404528D0484526D0504524D00D
:10364000584522D07249A83188421ED0714988421B
:103650001BD070491831884217D06E4930318842EA
:1036600013D06C49483188420FD06A496031884292
:103670000BD068497831884207D06649903188423A
:1036800003D06449A831884204D1016821F00101C6
:10369000016013E0016821F0010101600EE001F01A
:1036A000ABFF0099401A052808D920203434206245
:1036B0000320607000202070012002E72868C00706
:1036C000EDD1534A0121206890422ED0B0422CD037
:1036D000B8422AD0404528D0484526D0504524D06D
:1036E000584522D04A4BA83398421ED0494B9842A5
:1036F0001BD0484B1833984217D0464B3033984272
:1037000013D0444B483398420FD0424B6033984219
:103710000BD0404B7833984207D03E4B90339842C1
:1037200003D03C4BA833984208D1A06D94F85C308C
:1037300003F01F053F23AB40836007E0A06D94F8C2
:103740005C3003F01F0301FA03F3436020689042EA
:103750004DD0B0424BD0B84249D0404547D0484503
:1037600045D0504543D0584541D0294AA8329042CF
:103770003DD0284A90423AD0264A1832904236D05C
:10378000244A3032904232D0224A483290422ED0DF
:10379000204A603290422AD01E4A7832904226D087
:1037A0001C4A9032904222D01A4AA83290421ED02F
:1037B000194A90421BD0184A1432904217D0164A28
:1037C0002832904213D0144A3C3290420FD0124A11
:1037D000503290420BD0104A6432904207D00E4AC9
:1037E0007832904203D00C4A8C3290420BD1D4E90B
:1037F00019205060E06E30B1026822F480720260DD
:10380000D4E91C205060343461700020207058E6E8
:103810001000024010040240085402582DE9F05FE5
:10382000002808D090F83510022906D08021416583
:103830000120BDE8F09F0120FBE7A14AA04BA04C6E
:1038400018329F4D30339E4E4834DFF874B26035E5
:10385000DFF870C27836DFF86C82DFF868920CF11E
:10386000300CDFF860A208F16008016809F17809FE
:10387000944F0AF1900A594531D091422FD0994284
:103880002DD0A1422BD0A94229D0B14227D0DFF8B8
:1038900030E20EF1900E714521D0DFF824E20EF1F6
:1038A000A80E71451BD0DFF81CE2AEF1180E714571
:1038B00015D0B94213D0DFF80CE20EF1180E7145A5
:1038C0000DD061450BD0DFF8FCE10EF1480E7145DB
:1038D00005D0414503D0494501D0514537D14FF07E
:1038E000040E80F835E0594527D0914225D0994201
:1038F00023D0A14221D0A9421FD0B1421DD070488F
:103900009030814219D06E48A830814215D06D4860
:103910001838814211D0B9420FD06A48183081421C
:103920000BD0614509D067484830814205D04145F8
:1039300003D0494501D0514504D1086820F0010069
:103940000860BAE0086820F001000860B5E0D1F82E
:1039500000E02EF00E0EC1F800E00168DE46594589
:1039600031D091422FD099422DD0A1422BD0A942E3
:1039700029D0B14227D0DFF848B10BF1900B59455F
:1039800021D0DFF83CB10BF1A80B59451BD0DFF873
:1039900034B1ABF1180B594515D0B94213D0DFF84B
:1039A00024B10BF1180B59450DD061450BD0DFF850
:1039B00014B10BF1480B594505D0414503D0494599
:1039C00001D0514506D1D1F800B02BF0010BC1F860
:1039D00000B005E0D1F800B02BF0010BC1F800B049
:1039E00001684FF0010B714546D0914244D0994295
:1039F00042D0A14240D0A9423ED0B1423CD0304A50
:103A00009032914238D02E4AA832914234D02D4A79
:103A1000183A914230D0B9422ED02A4A18329142F7
:103A20002AD0614528D0274A4832914224D04145C6
:103A300022D0494520D051451ED0234A91421BD067
:103A4000214A1432914217D01F4A2832914213D092
:103A50001D4A3C3291420FD01B4A503291420BD04A
:103A6000194A6432914207D0174A7832914203D002
:103A7000154A8C32914218D1016E0A6822F4807284
:103A80000A60816D90F85C2002F01F020BFA02F2CE
:103A90004A60D0E919215160C16E31B10A6822F43F
:103AA00080720A60D0E91C21516080F835B0002195
:103AB00080F83410016D01B188470020B9E600009C
:103AC000100002402804024008540258406D70471C
:103AD0002DE9FF5F0446002001904FF41651FD4888
:103AE0000068B0FBF1F00090A56D2E682968FA4FD0
:103AF000DFF8E4B3DFF8E083DFF8DC930BF1180BB9
:103B0000DFF8D4A308F13008206809F148090AF168
:103B1000600AB8423BD05A46904238D0404536D031
:103B2000484534D0504532D0EB4A783290422ED0BE
:103B3000E94A903290422AD0E74AA832904226D0F1
:103B4000E64A904223D0E54A183290421FD0E34B18
:103B5000303398421BD0E14B4833984217D0DFF8FE
:103B60007CC30CF1600C604511D0DFF870C30CF120
:103B7000780C60450BD0DFF864C30CF1900C604505
:103B800005D0DFF858E30EF1A80E70457ED194F809
:103B90005C10082301F01F0103FA01F232424BD0FE
:103BA000B84232D0584530D040452ED048452CD070
:103BB00050452AD0C8497831884226D0C64990312C
:103BC000884222D0C449A83188421ED0C3498842C5
:103BD0001BD0C2491831884217D0C04930318842C1
:103BE00013D0BE49483188420FD0BC496031884269
:103BF0000BD0BA497831884207D0B8499031884211
:103C000003D0B649A831884203D1016801F004010C
:103C100002E0016801F0080171B1016821F00401BE
:103C2000016094F85C0000F01F0003FA00F2AA6043
:103C3000606D40F00100606594F85C00012100F0C7
:103C40001F008140314240D02068B84234D05845EE
:103C500032D0404530D048452ED050452CD09E4AD9
:103C60007832904228D09C4A9032904224D09A4A8E
:103C7000A832904220D0994A90421DD0974A1832DB
:103C8000904219D0954A3032904200E0D2E113D0F0
:103C9000924A483290420FD0904A603290420BD004
:103CA0008E4A7832904207D08C4A9032904203D0AC
:103CB0008A4AA83290427DD1406910F0800F04D02A
:103CC000A960606D40F00200606594F85C0004211A
:103CD00000F01F00814031423ED02068B84232D00F
:103CE000584530D040452ED048452CD050452AD09C
:103CF000794A7832904226D0774A9032904222D048
:103D0000754AA83290421ED0744A90421BD0734A22
:103D10001832904217D0714A3032904213D06F4A15
:103D2000483290420FD06D4A603290420BD06B4ABD
:103D30007832904207D0694A9032904203D0674A65
:103D4000A83290424ED1006810F0020F04D0A96052
:103D5000606D40F00400606594F85C00102100F094
:103D60001F008140314260D02068B84234D05845AD
:103D700032D0404530D048452ED050452CD0564A00
:103D80007832904228D0544A9032904224D0524AFD
:103D9000A832904220D0514A90421DD04F4A18324A
:103DA000904219D04D4A3032904215D04B4A483299
:103DB000904200E014E00FD0484A603290420BD0AD
:103DC000464A7832904207D0444A9032904203D01B
:103DD000424AA832904207D1006800F0080006E08D
:103DE000006872E70068B7E7006800F0040058B1A7
:103DF000A9602068016849030CD50068000304D459
:103E0000216C09B1204688470FE0A16C69B12046BA
:103E100088470AE00168C90503D4016821F0080158
:103E20000160216C09B12046884794F85C0020218C
:103E300000F01F00814031427BD02068B84232D070
:103E4000584530D040452ED048452CD050452AD03A
:103E5000214A7832904226D01F4A9032904222D096
:103E60001D4AA83290421ED01C4A90421BD01B4AC9
:103E70001832904217D0194A3032904213D0174A64
:103E8000483290420FD0154A603290420BD0134A0C
:103E90007832904207D0114A9032904203D00F4AB4
:103EA000A832904203D1006800F0100002E00068E0
:103EB00000F00200E8B3A96094F83500042812D09D
:103EC0002068016849033DD50068000335D4616C62
:103ED00079B305E02C0000241000024010040240D9
:103EE000204688473FE02068016821F01601016004
:103EF0002068416921F080014161206C08B9A06C03
:103F000020B12068016821F00801016094F85C008C
:103F100000F01F013F208840A860012084F8350090
:103F2000002084F83400216D002974D004B02046AC
:103F300000E018E0BDE8F05F0847E16B99B120466A
:103F4000884710E00168C90509D4016821F0100113
:103F50000160012084F83500002084F83400E16B12
:103F600009B120468847606D002854D0606DC007B5
:103F700058D0042084F835002068B84231D0584524
:103F80002FD040452DD048452BD0504529D0B7499A
:103F9000884226D0B5491831884222D0B349303101
:103FA00088421ED0B24988421BD0B149183188429C
:103FB00017D0AF493031884213D0AD4948318842DB
:103FC0000FD0AB49603188420BD0A9497831884283
:103FD00007D0A7499031884203D0A549A83188422B
:103FE00004D1016821F00101016003E0016821F0C2
:103FF0000101016021680198009A401C01909042E3
:1040000002D80868C007F6D10868C00704D00320AA
:1040100084F8350003E087E0012084F835000020B3
:1040200084F83400E16C00297ED004B02046BDE85D
:10403000F05F08478F4EB0421BD08E4E1436B04210
:1040400017D08C4E2836B04213D08A4E3C36B04240
:104050000FD0884E5036B0420BD0864E6436B042F8
:1040600007D0844E7836B04203D0824E8C36B042B0
:104070005AD106684FF0040E94F85CB00BF01F0B99
:104080000EFA0BFE1EEA010FCDF80CE05ED05FEADF
:10409000467E5BD503986860300411D5F00307D4E1
:1040A000A16C002940D004B02046BDE8F05F08476D
:1040B000216C002938D004B02046BDE8F05F0847E5
:1040C000B0063BD42068B8422DD068496039884298
:1040D00029D0404527D0484525D0504523D06349B5
:1040E000884220D06149183188421CD05F49303164
:1040F000884218D05E49884215D0904213D05C495E
:10410000303188420FD098420DD0594960318842F1
:1041100009D057497831884205D0604503D05449C9
:10412000A831884206D100E07CE0016821F0080156
:10413000016003E0016821F004010160216C0029A5
:1041400070D004B02046BDE8F05F08474FF0020E83
:104150000EFA0BFE1EEA010FCDF808E063D05FEA0D
:10416000867E60D502986860300411D5F00307D4CC
:10417000616C002978D004B02046BDE8F05F0847A4
:10418000E16B002970D004B02046BDE8F05F08471D
:10419000B0063FD42068B8422DD0344960398842F7
:1041A00029D0404527D0484525D0504523D02F4918
:1041B000884220D02D49183188421CD02B493031FB
:1041C000884218D02A49884215D0904213D02849F5
:1041D000303188420FD098420DD025496031884255
:1041E00009D023497831884205D0604503D0204961
:1041F000A831884204D1016821F01401016003E074
:10420000016821F00A010160012084F835000020D6
:1042100084F83400E16B002926D004B02046BDE8C4
:10422000F05F084720E0082202FA0BF20A421BD096
:10423000310719D5016821F00E01016094F85C0086
:1042400000F01F01012000FA01F16960606584F847
:104250003500002084F83400E16C002904D004B05B
:104260002046BDE8F05F0847BDE8FF9F8800024098
:1042700010040240085402582DE9F05F044601F092
:10428000BBF90646002C7DD0F24F0222DFF8C48332
:104290000025DFF8C093DFF8BCA308F13008DFF891
:1042A000B4B309F1480920680AF1600A0BF1780BF0
:1042B000B84232D0E749183188422ED040452CD040
:1042C00048452AD0504528D0584526D0E14990315C
:1042D000884222D0DF49A83188421ED0DE49884278
:1042E0001BD0DD491831884217D0DB493031884274
:1042F00013D0D949483188420FD0D749603188421C
:104300000BD0D5497831884207D0D34990318842C3
:1043100003D0D149A83188427ED184F8352084F871
:104320003450B84234D0CB491831884230D040455F
:104330002ED048452CD050452AD0584528D0C549C4
:104340009031884224D0C349A831884220D0C24944
:1043500088421DD0C0491831884219D0BE49303139
:10436000884215D0BC494831884211D0BA496031E1
:1043700088420DD0B8497831884209D0B649903189
:10438000884200E009E003D0B349A831884207D150
:10439000016821F00101016013E00120BDE8F09FF8
:1043A000016821F0010101600BE001F025F9801B9B
:1043B000052806D920206065032084F835000120F7
:1043C000ECE720680068C007EFD122681168A348B5
:1043D0000140D4E902031843D4E9043633431843B7
:1043E000A3691843E3691843236A18430843616AC1
:1043F000042903D1D4E90B13194308436168A1F1DF
:104400002903052B0DD9163B032B0AD9083B012B99
:1044100007D9083B032B00E02AE002D974390329AD
:1044200001D840F4801010602068406920F0070136
:10443000606A40EA010604280DD1A06A0643E06ADA
:1044400048B12046FEF742F828B1402060650120BF
:1044500084F83500A2E7206846612046FDF748FF52
:1044600094F85C1001F01F023F219140816066E0EA
:104470007B4988421BD07A4B1433984217D0784B33
:104480002833984213D0764B3C3398420FD0744B6C
:10449000503398420BD0724B6433984207D0704B24
:1044A0007833984203D06E4B8C3398427ED1884249
:1044B00011D06B49143188420DD0694928318842A6
:1044C00009D067493C31884205D06549503188425E
:1044D00001D06349643184F8352084F8345002688F
:1044E00060490A40A16840297ED080297DD0002102
:1044F000E36841EAD301236941EAD301636941EAF0
:10450000D301A36941EAD301E36941EAD301236AF4
:1045100041EA13111143016051492068494208449E
:104520001421B0FBF1F08000E0652046FDF7E0FECD
:1045300094F85C1001F01F02012191404160206855
:10454000B84256D043491831884252D0404550D0E5
:1045500048454ED050454CD058454AD03D49903101
:10456000884246D03B49A831884242D03A498842E5
:104570003FD03949183188423BD0374930318842E1
:1045800037D035494831884233D033496031884289
:104590002FD03149783188422BD02F499031884231
:1045A00027D02D49A831884223D000E02DE02C49A6
:1045B00088421ED02A49143188421AD0284928310D
:1045C000884216D026493C31884212D024495031C5
:1045D00088420ED02249643188420AD0204978317D
:1045E000884206D01E4901E00AE00BE08C31884287
:1045F00029D12046FDF7DCFEA06880280CD00CE015
:10460000102175E74FF4804172E740206065032078
:1046100084F835000120C1E66560216E20790860CC
:10462000D4E9191048606068401E072808D8204661
:10463000FDF70EFFE06E0560D4E91C10486002E053
:10464000E566256765676565012084F8350000200B
:10465000A4E6000010000240100402403F8010FE5B
:10466000085402580F00FEFF2DE9F84F04460020C1
:104670000090002C15D094F83400012813D00120AC
:1046800084F8340094F835500020012D0DD04FF4FB
:104690000061616584F83400012000900098BDE855
:1046A000F88F0120FBE70220F9E7022584F8355056
:1046B0006065A54DA44EA44F1835DFF88CC2303686
:1046C000DFF884824837DFF88092DFF87CA208F1B7
:1046D0006008DFF874B209F1780920680AF1900ADD
:1046E0000BF1A80B60453BD0A84239D0B04237D07F
:1046F000B84235D0404533D0484531D050452FD011
:1047000058452DD0DFF844C2604529D0DFF83CC2BF
:104710000CF1180C604523D0DFF830C20CF1300CDE
:1047200060451DD0DFF824C20CF1480C604517D05D
:10473000DFF818C20CF1600C604511D0DFF80CC234
:104740000CF1780C60450BD0DFF800C20CF1900C36
:10475000604505D0DFF8F4C10CF1A80C604506D126
:10476000D0F800C02CF0010CC0F800C005E0D0F873
:1047700000C02CF0010CC0F800C02046FDF7E2FE9E
:104780007149206888422CD0A8422AD0B04228D053
:10479000B84226D0404524D0484522D0504520D0AC
:1047A00058451ED0694A90421BD0684A1832904240
:1047B00017D0664A3032904213D0644A4832904251
:1047C0000FD0624A603290420BD0604A78329042F9
:1047D00007D05E4A9032904203D05C4AA8329042A1
:1047E0000DD1026822F01E0242F016020260206C17
:1047F00090B12068026842F0080202600CE0026892
:1048000022F00E0242F00A020260206C20B1206801
:10481000026842F004020260206888424BD0A8423D
:1048200049D0B04247D0B84245D0404543D0484532
:1048300041D050453FD058453DD0444A90423AD0AF
:10484000424A1832904236D0404A3032904232D0FA
:104850003E4A483290422ED03C4A603290422AD0A2
:104860003A4A7832904226D0384A9032904222D04A
:10487000364AA83290421ED0354A90421BD0344A64
:104880001432904217D0324A2832904213D0304A24
:104890003C3290420FD02E4A503290420BD02C4ADC
:1048A0006432904207D02A4A7832904203D0284A94
:1048B0008C3290420DD1206E0268D20303D502687B
:1048C00042F480720260E06E18B1026842F48072B5
:1048D0000260206888422CD0A8422AD0B04228D05A
:1048E000B84226D0404524D0484522D0504520D05B
:1048F00058451ED0154988421BD0144918318842AA
:1049000017D012493031884213D0104948318842BB
:104910000FD00E49603188420BD00C497831884263
:1049200007D00A499031884203D00849A83188420B
:1049300004D1016841F001010160AFE6016841F076
:1049400001010160AAE600001000024010040240CC
:104950000854025810B590F89830012B08D0022B5B
:1049600006D050F89C1F41F002010160012010BDEB
:1049700003689C6D0C4204D1DC6D44F00104DC65DD
:1049800005E09C6D31EA04041CD00324DC658B0532
:1049900004D5036853F8E04F14431C604B0504D55D
:1049A000036853F8E44F14431C600068426D084BE1
:1049B0000B401A4342650748026842EA9171016060
:1049C000002010BDDC6D44F00204DC65DFE7000070
:1049D000FFFFCF3F14A8004070B5044694F898003C
:1049E000022806D054F89C0F40F0080020600120F7
:1049F00070BD2068D0F8C03013F07C5F0AD0D0F8CA
:104A0000C4309B020DD554F89C0F40F40070206018
:104A1000012070BD54F89C0F40F020002060012060
:104A200070BDD0F8C400C0F3044520462B46FEF705
:104A300005F921680120A840C1F8D000C4F894000D
:104A4000002070BD704710B590F89820012A08D05A
:104A5000022A06D050F89C1F41F00201016001209B
:104A600010BDCA680B688BB1072A0B6943EA427311
:104A70002BD00C7A4A6942EA84724968006F00EBD5
:104A8000C100036042604FF0000010BD072A10D043
:104A90000C7A4FEAC2624B6943EA84730C8A42EA99
:104AA000044243EA02034968C06E00EB81000360E0
:104AB000E9E70B8A4FF060548A6942EA0343CA6906
:104AC00044EA022243EA0203EDE78A69D5E730B5FA
:104AD000039C90F89850012D06D050F89C1F41F08F
:104AE00004010160012030BD0068090141EA820132
:104AF00041EA43012143C0F88010002030BD7047D7
:104B000070470000F0B5002490F89850022D06D0B0
:104B100050F89C1F41F0080101600120F0BD4029C0
:104B20000BD0412936D0056D8D4260D850F89C1FBE
:104B300041F0200101600120F0BD0568D5F8A060BA
:104B400016F4FE0F18D0D5F8A46076061BD0D5F861
:104B5000A460F60105D5D5F8A06016F0004F00D589
:104B60000124D5F8A450C5F305252C44456C466FA7
:104B7000654306EB85063FE050F89C1F41F020019D
:104B800001600120F0BD50F89C1F41F4807101606C
:104B90000120F0BD0568D5F8B06016F4FE0F18D0FE
:104BA000D5F8B46076061BD0D5F8B460F60105D50B
:104BB000D5F8B06016F0004F00D50124D5F8B450F8
:104BC000C5F305252C44C56C866F654306EB850649
:104BD00012E050F89C1F41F0200101600120F0BD5F
:104BE00050F89C1F41F4807101600120F0BD456DBB
:104BF000C66F4D4306EB8506356805F08045556068
:104C00002DB3356825F060451560356805F0005511
:104C10009560356805F000451561B588ADB2D56180
:104C20007568C5F30345D560756805F48015556151
:104C3000756805F4001595617568C5F3066515621C
:104C400075680836ED0F55620025174F09E0356885
:104C5000C5F38A451560D8E716F805C003F805C006
:104C60006D1CD2F80CC017F80CC0AC45F4D8402924
:104C700009D041290BD0012220290CD200688A409A
:104C8000C0F898200DE00068C0F8A84009E000686E
:104C9000C0F8B84005E0006801F01F018A40C0F884
:104CA0009C200020F0BD0000A033010870470000E8
:104CB0002DE9FE4F0446B64F38688007391D096854
:104CC00000EA817002902068016D01F47041D0F813
:104CD00054A00AEA010A016D01F00F01D0F854B0A6
:104CE0000BEA010B016D01F0F001426D0A400192E7
:104CF000016D01F07151D0F8548008EA0108016D8E
:104D000001F06071426D0A400092416D056D4FF0F7
:104D10000009CE43F10509D4E943C90506D4B91504
:104D20000165C7F800902046FFF7C0FF700510D45A
:104D3000E84340050DD42068D0F8DC20D0F8E4101A
:104D400011404FF480620265C7F80090204600F0E1
:104D50003DFB029858B18F490298084021680865C8
:104D60000298800F386002992046FFF76BFEBAF177
:104D7000000F0BD0216887480AEA000008654FEA57
:104D80009A7038605146204600F022FBBBF1000FBC
:104D90000BD021687F480BEA000008654FEA9B7042
:104DA00038605946204600F0D3FA019858B1794945
:104DB00001980840216808650198800F38600199C2
:104DC000204600F0DBFA30050BD4E843000508D498
:104DD00021684FF400600865C7F80090204600F095
:104DE000F8FAB00510D4E84380050DD42068D0F857
:104DF000D820D0F8E01011404FF400720265C7F8D7
:104E00000090204600F0E3FA30030BD4E84300039F
:104E100008D421684FF400200865C7F800902046A8
:104E200000F094FAF0030BD4E843C00308D42168DF
:104E30004FF480300865C7F80090204600F0C5FAAE
:104E400070030BD4E843400308D421684FF480205A
:104E50000865C7F80090204600F0B6FAB0030ED4FB
:104E6000E84380030BD421684FF400300865C7F88D
:104E70000090D4F89C0040F08000C4F89C0000989A
:104E800058B1444900980840216808650098800F8F
:104E9000386000992046FFF733FEB8F1000F0DD0BF
:104EA00021683C4808EA000008654FEA98703860BD
:104EB000D4F89C0040EA0800C4F89C0036492068F9
:104EC00088425BD160688168890757D0016A01F028
:104ED0000F02416A1140026A02F03002476A17402D
:104EE000026A02F4C072D0F8248008EA0208026A5A
:104EF00002F4FC42456A1540026A02F4F022466A56
:104F00001640D0F82490D0F820A019B101622046B4
:104F100000F057FA2FB1606807623946204600F06A
:104F200052FA6FEA090040060ED46FEA0A00400602
:104F30000AD46068C16B090CC26B02F03F024023C7
:104F40000362204600F03EFAB8F1000F06D0606818
:104F5000C0F820804146204600F032FA35B1606842
:104F60000562D4F89C002843C4F89C0036B1606800
:104F70000662D4F89C003043C4F89C00D4F89C002E
:104F8000002802D02046FFF7BAFDBDE8FE8F0000E2
:104F900010A80040FFFFCF3F00A000402DE9F043E4
:104FA00093B004464C2295496846FBF763FA6CB10E
:104FB000934F2068B84202D100F5807060604FF4D2
:104FC000407994F89800002620B108E0012013B041
:104FD000BDE8F08384F89960204600F013F920685A
:104FE000816921F01001816100F006FB05464FF058
:104FF00003080DE000F000FB401B0A2808D954F814
:105000009C0F40F00100206004F8048C0120DEE7D2
:10501000206880690007EDD42068816941F00101B2
:10502000816100F0E9FA05460DE000F0E5FA401B69
:105030000A2808D954F89C0F40F00100206004F8B9
:10504000048C0120C3E720688069C007EDD0206888
:10505000816941F002018161207C012839D02068FA
:10506000816941F040018161607C012837D020686E
:10507000816921F480418161A07C012835D02068BC
:10508000816941F48051816120688169A26821F4BD
:105090004071114381612068816921F0A40181611F
:1050A0002068016921F010010161E068012822D027
:1050B00030B302282BD02068816941F080018161E2
:1050C0002068016941F010010161E068032818D0EF
:1050D00022E02068816921F040018161C4E72068F5
:1050E000816941F480418161C6E72068816921F4CA
:1050F00080518161C8E72068816941F004018161C4
:105100000AE02068816941F02001816104E02068A3
:10511000816941F020018161207E401E4106E069E5
:10512000401E41EA0020216A491E0843A18A491E07
:1051300040EA01402168C861A06848450FD1E16A92
:10514000A06A491E401E40EA0121206B401E41EA30
:105150000011A08C401E41EA00402168C860206E0A
:1051600028B1206850F8C01F626E11430160D4E975
:105170001701C842694609D0206850F8C82FA36EAD
:1051800022F0070251F823301A430260206C48B124
:10519000206850F8BC2F636C22F0070251F82330CE
:1051A0001A430260A06C50B1206850F8BC2FE36C29
:1051B00022F0700251F8233042EA03120260206D9F
:1051C00050B1206850F8BC2F636D22F4E06251F8B2
:1051D000231042EA012101602068B84204D16068CE
:1051E000816821F00301816044F8946FA66001207A
:1051F0002071943C2046FDF749FCE8E6B0330108F5
:1052000000A000402DE9F04186B00446142101A819
:10521000FBF749F9474B002522680227464C4FF01F
:10522000090CDFF80C8119680C3C434E4348491CBB
:10523000424527D11960012907D1316841F48071B5
:105240003160316801F480710091216841F00801FA
:105250002160216801F0080100910321019102976A
:1052600003950495CDF814C001A900F0B3F800220D
:105270000521132000F064FA132000F053FA06B061
:10528000BDE8F081DFF8B880424526D119600129D8
:1052900007D1306840F480703060306800F480706E
:1052A0000090206840F002002060206800F00200BA
:1052B000009060200190029703950495CDF814C0EA
:1052C00001A9204800F086F800220521142000F0F2
:1052D00037FA142000F026FAD1E7DFF86CC06245F7
:1052E000CDD11960012907D1316841F48071316055
:1052F000316801F480710091216841F0080121605A
:10530000216801F0080100914FF44051019102978A
:10531000039504950521059101A900F05BF8002291
:1053200005219F2000F00CFA9F2000F0FBF9A6E772
:1053300000A0004018000024EC440258000C025861
:1053400000A400400004025800D400407047000050
:1053500010B50446C8070BD00648844201D10BF0B3
:10536000BFF90548844203D1BDE810400BF022BAD2
:1053700010BD0000840E0024C40F0024C90604D50B
:105380000249884201D10BF0E9B97047240F00248B
:1053900090F89810012906D050F89C1F41F00401A4
:1053A000016001207047022180F8981001688A6925
:1053B00022F001028A610021C0F89C100020704791
:1053C0007047704770477047704770477047704725
:1053D000704770472DE9F84F0022784D03264FF0B3
:1053E00001080F274FF0B04CE1E008FA02F31C402F
:1053F0009A46002C7ED00B7903F00303012B01D0D9
:10540000022B1BD1D0F80890530006FA03FB29EABF
:105410000B09D1F80CB00BFA03FB4BEA090BC0F8EF
:1054200008B0436823EA0A0391F80490C9F300190D
:1054300009FA02F949EA0309C0F804900B79DB4341
:105440009B070ED0D0F80C90530006FA03FA29EA15
:105450000A09D1F808A00AFA03FA4AEA090AC0F8C8
:105460000CA00B7903F00303022B14D1D30800EB3B
:105470008303D3F820A04FEA42794FEAD96907FAAB
:1054800009FB2AEA0B0AD1F810B00BFA09FB4BEA28
:105490000A0BC3F820B0D0F80090530006FA03FAC4
:1054A00029EA0A0991F804A00AF0030A0AFA03FAA1
:1054B0004AEA090AC0F800A04B6813F4403F75D0CF
:1054C0003F4BD3F8009049F00209C3F800901B68E5
:1054D00003F00203009322F0030909F1B049D9F85F
:1054E00008B493074FEA137A07FA0AF32BEA030B7F
:1054F000344B00E05AE0984201D1002328E0324BBF
:10550000984201D1012323E0304B984201D102237C
:105510001EE02F4B984201D1032319E02D4B9842F6
:1055200001D1042314E02C4B984201D105230FE054
:105530002A4B984201D106230AE0294B984201D117
:10554000072305E0274B984201D1092300E00A23F5
:1055500003FA0AF343EA0B03C9F80834DCF8003015
:10556000A343D1F804905FEAC92900D52343CCF8BE
:105570000030DCF80430A343D1F804905FEA8929B5
:1055800000D52343CCF804306B68A343D1F80490D2
:105590005FEA893900D523436B602B68A343D1F8B8
:1055A00004905FEAC93900D523432B60521C0C6874
:1055B00034FA02F37FF419AFBDE8F88F8000005889
:1055C000F44402580000025800040258000802582F
:1055D000000C02580010025800140258001802581B
:1055E000001C025800240258002A01D08161704733
:1055F000090481617047000001488068704700001D
:1056000020000024024881680278114481607047BC
:105610002000002410B5032000F0B2F801F03CF99E
:105620000F490A68C2F303230E4AD35C03F01F0339
:10563000D840096801F00F01515C0B4A01F01F01CD
:1056400020FA01F11160094908600F2000F010F8FC
:1056500008B1012010BD00F053F8002010BD00007B
:105660001844025824340108300000242C0000247F
:1056700010B58AB00446102C30D2002221461C20DE
:1056800000F05EF81C2000F04DF81948046019483D
:10569000016841F001010160006800F00100009024
:1056A00001A902A801F082F80798C8B101F0D0F86A
:1056B00040001149B0FBF1F1491E10484FF0804203
:1056C000026040F2E732C260416000210161816006
:1056D00002F056F938B101200AB010BD0120FBE7F5
:1056E00001F0B6F8E5E7054802F072F9F4E70000CA
:1056F00024000024E844025840420F0028190024E6
:1057000082B00748016841F002010160006800F0C2
:105710000200019000220F21901E02B000F010B88C
:10572000F4440258002809DB012100F01F029140D7
:105730004009800000F1E020C0F80011704700002F
:10574000F0B40D460D4B1B68C3F30223C3F10704ED
:10575000042C00D90424191D072901D2002300E0DC
:10576000DB1E012606FA04F1491E294099409E409D
:10577000761E16403143F0BC08F089BB0CED00E00A
:1057800000F00701054A10684FF6FF03184040EA91
:105790000120034908431060704700000CED00E051
:1057A0000000FA0570B514490A68D243520708D5BB
:1057B000096801F00701814201D0012070BD00207D
:1057C00070BD0A6822F0070202430A60FFF714FF67
:1057D0000446094D4FF47A76083D06E0FFF70CFFCA
:1057E000001BB04201D9012070BD2868C04380046D
:1057F000F4D4002070BD00000C48025810B501F030
:1058000005F805490968054AC1F30211515C01F028
:105810001F01C84010BD0000204402582434010874
:1058200010B569490A6802F003020968C1F305313D
:10583000654B1B1D1B68C3F30013634C14342468B1
:10584000C4F3CC0414FB03F300EE103AB8EE400AA4
:10585000002971D09FED5D1A5B4BF7EE000A103303
:10586000F2B39FED5B2A012A7FD0022A7CD001EEA1
:10587000901A1968F8EE611AC2EE212AC1F30801E4
:1058800001EE901AF8EE611A40EE011A31EEA00A0C
:1058900022EE800A1968C1F3462101EE101AB8EE13
:1058A000411A31EE201AC0EE011ABCEEE11A80ED69
:1058B000001A1968C1F3064101EE101AB8EE411A38
:1058C00031EE201AC0EE011ABCEEE11A80ED011A89
:1058D0001968C1F3066101EE101AB8EE411A00E032
:1058E00008E071EE200A80EE201ABCEEC10A80EDBD
:1058F000020A10BD344A283A1468A4061ED512685C
:10590000C2F3C104334AE24001EE902AF8EE612A64
:1059100001EE901A1968F8EE611A82EEA12AC1F31D
:10592000080101EE901AF8EE611A40EE011A31EE0C
:10593000A00A22EE000AADE741E016E001EE901A5F
:10594000DFED252A1968F8EE611A82EEA12AC1F36B
:10595000080101EE901AF8EE611A40EE011A31EEDC
:10596000A00A22EE000A95E713E001EE901A1968EA
:10597000F8EE611AC2EE212AC1F3080101EE901A75
:10598000F8EE611A40EE011A31EEA00A22EE800A0A
:1059900080E701EE901ADFED112A1968F8EE611A1E
:1059A00082EEA12AC1F3080101EE901AF8EE611A05
:1059B00040EE011A31EEA00A22EE000A6AE7002149
:1059C00001604160816010BD284402580000003928
:1059D0000024744A0090D0030024744C001BB74B81
:1059E00010B569490A6802F003020968C1F305515C
:1059F000654B1B1D1B68C3F30023634C1C342468D8
:105A0000C4F3CC0414FB03F300EE103AB8EE400AE2
:105A1000002971D09FED5D1A5B4BF7EE000A183339
:105A2000F2B39FED5B2A012A7FD0022A7CD001EEDF
:105A3000901A1968F8EE611AC2EE212AC1F3080122
:105A400001EE901AF8EE611A40EE011A31EEA00A4A
:105A500022EE800A1968C1F3462101EE101AB8EE51
:105A6000411A31EE201AC0EE011ABCEEE11A80EDA7
:105A7000001A1968C1F3064101EE101AB8EE411A76
:105A800031EE201AC0EE011ABCEEE11A80ED011AC7
:105A90001968C1F3066101EE101AB8EE411A00E070
:105AA00008E071EE200A80EE201ABCEEC10A80EDFB
:105AB000020A10BD344A283A1468A4061ED512689A
:105AC000C2F3C104334AE24001EE902AF8EE612AA3
:105AD00001EE901A1968F8EE611A82EEA12AC1F35C
:105AE000080101EE901AF8EE611A40EE011A31EE4B
:105AF000A00A22EE000AADE741E016E001EE901A9E
:105B0000DFED252A1968F8EE611A82EEA12AC1F3A9
:105B1000080101EE901AF8EE611A40EE011A31EE1A
:105B2000A00A22EE000A95E713E001EE901A196828
:105B3000F8EE611AC2EE212AC1F3080101EE901AB3
:105B4000F8EE611A40EE011A31EEA00A22EE800A48
:105B500080E701EE901ADFED112A1968F8EE611A5C
:105B600082EEA12AC1F3080101EE901AF8EE611A43
:105B700040EE011A31EEA00A22EE000A6AE7002187
:105B800001604160816010BD284402580000003966
:105B90000024744A0090D0030024744C001BB74BBF
:105BA0002DE9FC5F044600250026F94F2068DFF848
:105BB000E493C043010104F10800019004F12800BE
:105BC00000900DD4606EB8B1B0F5801F19D0B0F55B
:105BD000001F1CD0B0F5401F00D00125EDB12E46AE
:105BE0002088C043C00535D4A06D05282FD2DFE83A
:105BF00000F01D22282F2F00386840F40030386054
:105C0000ECE70198022105F001FF0546E6E7009860
:105C1000022105F08DFF0546E0E7D9F80000616E2E
:105C200020F440100843C9F80000D9E7386840F470
:105C3000003038600CE00198002105F0E7FE0546D1
:105C400006E00098002105F073FF054600E00125FD
:105C5000A5B12E462088DFF84083C04340051FD4FD
:105C6000D4F8A400B0F5C00F18D010DC50B3B0F5D4
:105C7000001F2CD0B0F5800F0FD12EE0D9F8000016
:105C8000A16D20F007000843C9F80000E2E7B0F575
:105C9000000F03D0B0F5200F00D001251DB32E4614
:105CA0002088C043000531D4D4F8A800B0F1407F6B
:105CB0002AD022DCF0B3B0F1807F4BD0B0F1007F6E
:105CC00021D14DE0386840F400303860E6E70198B3
:105CD000002105F09BFE0546E0E70098002105F055
:105CE00027FF0546DAE7D8F80000D4F8A41020F41E
:105CF00060000843C8F80000D2E7B0F1806F03D01D
:105D0000B0F1A06F00D0012585B32E462068C043B6
:105D100080010AD4E06C30B1102832D0202836D06F
:105D2000302800D001258DB32E462088C043C00402
:105D300046D400E009E0E06DB0F5005F5CD036DCF1
:105D4000A0B3B0F5805F38D150E0386840F400303F
:105D50003860D9E70198002105F058FE0546D3E7E1
:105D60000098002105F0E4FE0546CDE7FFE7D8F8EE
:105D70000000D4F8A81020F0E0600843C8F8000044
:105D8000C4E7386840F400303860CCE705E001989B
:105D9000022105F03BFE0546C5E77E48001F01686D
:105DA000E26C21F0300111430160BEE719E0B0F56B
:105DB000405F03D0B0F5804F00D0012515B32E46CB
:105DC0002088C04380042FD4206EB0F5403F29D0F6
:105DD00021DC38B3B0F5803F38D0B0F5003F20D19A
:105DE0003AE0386840F400303860E7E70198002175
:105DF00005F00CFE0546E1E70098002105F098FE4D
:105E00000546DBE7D9F80000E16D20F4E0400843E7
:105E1000C9F80000D4E7B0F5802F03D0B0F5A02F6B
:105E200000D00125F5B12E462088C04340042BD474
:105E3000D4F8AC00B0F1405F24D01CDC10B3B0F15A
:105E4000805F4FD0B0F1005F1BD152E0019801217B
:105E500005F0DCFD0546E5E70098012105F068FE48
:105E60000546DFE7D9F80000216E20F4E020084362
:105E7000C9F80000D8E7B0F1804F03D0B0F1A04FCF
:105E800000D00125A5B32E462088C04300040AD4C3
:105E9000E06E30B1B0F1805F3DD0B0F1005F3FD037
:105EA0000125B5B32E462068C043C0010AD4A06CBA
:105EB00030B1012843D0022846D0032800D0012564
:105EC00045B32E462068C04340025AD4DFF8CCB018
:105ED000DBF8000040F48070CBF80000FFF78CFB8B
:105EE000824648E00198012105F090FD0546C9E78A
:105EF00005E00098012105F01BFE0546C2E7D8F831
:105F00000000D4F8AC1020F0E0400843C8F80000CE
:105F1000BAE70BE01EE0386840F400303860C0E7B4
:105F20000198012105F072FD0546BAE7D9F8000095
:105F3000E16E20F040500843C9F80000B3E738682C
:105F400040F400303860BBE70198022105F05EFDA7
:105F50000546B5E70F48001F0168A26C21F0030158
:105F600011430160AEE7FFF747FBA0EB0A0064288E
:105F700001D9032503E0DBF80000C005F3D58DB19E
:105F80002E462078DFF818A0C043C00763D073E026
:105F90002C440258504402585844025800480258B1
:105FA00054440258DFF850B4DBF80000B4F8B010E5
:105FB00000F4407001F44071884211D0DBF8000019
:105FC00020F44070DBF8001041F48031CBF8001071
:105FD000DBF8001021F48031CBF80010CBF8000082
:105FE000D4F8B000B0F5807F11D1FFF705FB8246F1
:105FF00009E0FFF701FBA0EB0A0141F28830814282
:1060000001D9032503E0DBF800008007F1D50DB1CD
:106010002E46B6E7D4F8B000C0F3012103290FD013
:10602000F5486038016821F47C510160DBF800001C
:10603000B4F8B010C1F30B010843CBF80000A0E79F
:10604000ED4960390A68ED4B22F47C52184042EA6F
:1060500010100860EAE7A06F18280BD005DC48B1E3
:10606000082815D0102804D118E0202802D02828AC
:1060700000D00125C5B12E462078C04380072BD41F
:10608000606F062825D2DFE800F025181E2525259B
:106090000198012105F0BAFC0546EBE700980121C3
:1060A00005F046FD0546E5E7DAF80000A16F20F0AF
:1060B00038000843CAF80000DEE70198012105F026
:1060C000A5FC054606E00098012105F031FD0546D6
:1060D00000E001256DB12E462078C043400720D452
:1060E000D4F89000062819D2DFE800F0190C121934
:1060F0001919DAF80000616F20F007000843CAF8A8
:106100000000E9E70198012105F080FC054606E062
:106110000098012105F00CFD054600E0012595B130
:106120002E462078C043800620D4D4F88C00B0F1ED
:10613000405F19D011DCB8B1B0F1805F28D0B0F168
:10614000005F10D12AE0D8F80000D4F8901020F0B9
:1061500007000843C8F80000E3E7B0F1804F03D020
:10616000B0F1A04F00D00125F5B12E462078C043F4
:1061700040062CD4D4F89800B0F5406F25D01DDC33
:1061800018B3B0F5806F34D0B0F5006F1CD136E095
:106190000198002105F03AFC0546E5E70098022148
:1061A00005F0C6FC0546DFE7DAF80000D4F88C10ED
:1061B00020F0E0400843CAF80000D7E7B0F5805F60
:1061C00003D0B0F5A05F00D00125F5B12E462078B0
:1061D000C04300062CD4D4F89C00B0F5C04F25D0A5
:1061E0001DDC18B3B0F5005F2CD0B0F5804F1CD18A
:1061F0002EE00198002105F009FC0546E5E700982E
:10620000022105F095FC0546DFE7D8F80000D4F838
:10621000981020F4E0500843C8F80000D7E7B0F524
:10622000004F03D0B0F5204F00D00125B5B12E4668
:106230002078C04300072AD4D4F88000B0F5805FEE
:1062400016D01BE00198002105F0E0FB0546EDE7C4
:106250000098022105F06CFC0546E7E7D8F800003D
:10626000D4F89C1020F460400843C8F80000DFE731
:106270000098022105F05CFC00B10126DAF800006C
:10628000D4F8801020F440500843CAF80000207869
:10629000C043C00613D4D4F89400B0F5807F05D174
:1062A0000098022105F044FC00B10126D8F8000056
:1062B000D4F8941020F440700843C8F80000206817
:1062C000C04300030BD4D4F8A000E8B3B0F5803F7E
:1062D0007DD0B0F5003F00D00125B5B32E46206833
:1062E000C04340030DD4D4F88400B0F5801F70D0B3
:1062F000B0F5001F6ED0B0F5401F00D001252DB3C2
:106300002E462068C043C00307D4206DF0B3B0F51B
:10631000803F75D00125D5B32E462068C04380004C
:1063200005D40098022105F003FC00B10126206885
:10633000C043800311D4E06F68B1B0F5807F76D0A0
:10634000B0F5007F07D002E05BE066E07BE0B0F5EF
:10635000407F00D00125DDB32E462068C043C00237
:1063600007D4D9F80000216F20F000400843C9F895
:1063700000002068C043800207D4D9F80000A16E55
:1063800020F080700843C9F8000001E065E06FE08C
:106390002068C04340000AD417486038016821F4DF
:1063A000004101600168D4F8B42011430160206805
:1063B000C04307D4104824380168626D21F0405171
:1063C000114301602068C04300020DD403E01EE0C9
:1063D0005BE02DE031E0DAF80000D4F8881020F41A
:1063E00040000843CAF8000020790025C04300F0AF
:1063F0000100284352D057E070440258FFFCFF0FC1
:1064000030E00198002105F001FB054665E70098A2
:10641000022105F08DFB05465FE7D8F80000D4F8AF
:10642000A01020F440300843C8F8000057E727E0E8
:10643000386840F40030386061E70098012105F0C9
:1064400077FB05465BE7DAF80000D4F8841020F407
:1064500040100843CAF8000053E7386840F40030A1
:10646000386058E70198022105F0D0FA054652E756
:106470002E480168226D21F48031114301604CE700
:10648000386840F40030386065E7DAF80000E16F02
:1064900020F440700843CAF800005EE7019800212C
:1064A00005F0B4FA00B106462079C04300F00200BE
:1064B000284305D10198012105F0A8FA00B106464C
:1064C0002079C04300F00400284305D1019802213F
:1064D00005F09CFA00B106462079C04300F00800A0
:1064E000284305D10098002105F022FB00B10646A3
:1064F0002079C04300F01000284305D10098012105
:1065000005F016FB00B106462079C04300F02000DC
:10651000054305D10098022105F00AFB00B10646AB
:1065200016B10120BDE8FC9F0020FBE74C44025857
:106530002DE9F05F04460D46002C17D0DFF84C82A1
:10654000D8F8000000F00F00A84211D2D8F80000DF
:1065500020F00F002843C8F80000D8F8000000F031
:106560000F00A84204D00120BDE8F09F0120FBE706
:106570002078874E40070AD52069316801F0700104
:10658000884204D9316821F07001014331602078DC
:10659000804F00070AD56069396801F070018842B0
:1065A00004D9396821F07001014339602078C006B0
:1065B0000AD5A069396801F4E061884204D93968D4
:1065C00021F4E061014339602078DFF8CC91800646
:1065D0000DD5E069D9F8001001F07001884206D9A4
:1065E000D9F8001021F070010143C9F8001020789B
:1065F00080070AD5E068316801F00F01884204D9AC
:10660000316821F00F01014331602078C00743D089
:106610003068A16820F47060084330605C496068AD
:106620001839022808D003280BD001280ED0096899
:10663000490710D4012097E7096889030BD401208A
:1066400092E70968890106D401208DE70968C90528
:1066500001D4012088E7DFF838A1AAF1080ADAF8A6
:10666000001021F007010143CAF80010FEF7C4FF33
:10667000834609E0FEF7C0FFA0EB0B0141F2883032
:10668000814201D903206FE7DAF80000616800F069
:106690003800B0EBC10FEDD1207880070AD5E06853
:1066A000316801F00F01884204D2316821F00F01F6
:1066B00001433160D8F8000000F00F00A8420ED965
:1066C000D8F8000020F00F002843C8F80000D8F8E0
:1066D000000000F00F00A84201D0012044E720781C
:1066E00040070AD52069316801F07001884204D260
:1066F000316821F0700101433160207800070AD52C
:106700006069396801F07001884204D2396821F06B
:106710007001014339602078C0060AD5A069396844
:1067200001F4E061884204D2396821F4E061014358
:106730003960207880060DD5E069D9F8001001F0A5
:106740007001884206D2D9F8001021F0700101438F
:10675000C9F8001000F0A0F83168C1F303220F4916
:106760008A5C02F01F02D040326802F00F02895C9E
:106770000B4A01F01F0120FA01F11160094908607C
:1067800009480068BDE8F05FFEF772BF00200052C4
:10679000184402581C44025820440258243401086A
:1067A000300000242C000024240000243F2202603A
:1067B000144A126802F007024260124A0832136853
:1067C00003F470638360136803F00F03C3601268FF
:1067D00002F0700202610B4A0C32136803F070037E
:1067E0004361126802F4E0628261064A1032126864
:1067F00002F07002C2610448006800F00F000860F7
:1068000070470000104402580020005200B500F00C
:1068100043F80B490A68C2F303230A4AD35C03F026
:106820001F03D840096801F00F01515C064A01F0CE
:106830001F0120FA01F11160044A1060084600BDF2
:106840001844025824340108300000242C0000248D
:1068500000B5FFF7DBFF05490968054AC1F30211DE
:10686000515C01F01F01C84000BD00001C440258EB
:106870002434010800B5FFF7C9FF05490968054A36
:10688000C1F30221515C01F01F01C84000BD0000AE
:106890001C4402582434010830B564480068654C33
:1068A00010F03801624808D0021108290DD01029D3
:1068B0000DD018290DD0104630BD21688906FBD5B2
:1068C0002168C1F3C101C84030BD104630BD5A48EF
:1068D00030BD564918310A6802F003020968C1F355
:1068E0000511524B1C331B6803F001034F4D243537
:1068F0002D68C5F3CC0515FB03F300EE103AB8EE96
:10690000400A002977D0DFED4D0A484BB7EE001A58
:1069100020333AB39FED4A2A012A58D0022A6CD07C
:1069200001EE901A1868F8EE611AC2EE212AC0F33F
:10693000080001EE900AF8EE611A40EE201A31EEDE
:10694000810A22EE800A1868C0F34620401C00EE3F
:10695000900AF8EE600A80EE201ABCEEC10A10EE32
:10696000100A30BD226892061BD52268C2F3C1020C
:10697000D04001EE900A1868F8EE612A01EE901AF4
:10698000F8EE611A82EEA12AC0F3080001EE900A27
:10699000F8EE611A40EE201A31EE810A22EE000A6A
:1069A000D1E701EE901ADFED272A1868F8EE611A98
:1069B00082EEA12AC0F3080001EE900AF8EE611AF7
:1069C00040EE201A31EE810A22EE000ABBE701EE0A
:1069D000901A1868F8EE611AC2EE212AC0F3080076
:1069E00001EE900AF8EE611A40EE201A31EE810AAB
:1069F00022EE800AA7E716E0FFE701EE901ADFED2E
:106A0000122A1868F8EE611A82EEA12AC0F3080073
:106A100001EE900AF8EE611A40EE201A31EE810A7A
:106A200022EE000A8FE7002030BD0000104402581B
:106A30000090D0030044025800366E010000003977
:106A40000024744A0024744C001BB74B2DE9F05FFE
:106A50000446002C10D02078DFF8F883FE4EFF4D5E
:106A6000C0075DD0D8F8000000F038003168102869
:106A70001FD0182803D006E00120BDE8F09F01F0E8
:106A80000300022815D06068B0F5803F18D0E0B14F
:106A9000B0F5A02F22D0286820F480302860286824
:106AA00020F480202860606860B3FEF7A5FD0746EB
:106AB00024E02868800333D5606810BB0120DCE740
:106AC000286840F480302860EDE7286820F48030A2
:106AD0002860286820F480202860E4E7286840F4D3
:106AE00080202860286840F480302860DBE7FEF7CB
:106AF00083FDC01B642801D90320BEE728688003FA
:106B0000F5D50DE0FEF778FD074606E0FEF774FDCB
:106B1000C01B642801D90320AFE728688003F5D49F
:106B20002078800764D5D8F8000000F0380031687C
:106B3000DFF8289309F1040970B1182801D18807FA
:106B40000AD0E068A0B3296821F019010143296047
:106B5000FEF752FD07462CE02868400701D5E068A3
:106B600048B12868E16820F0190008432860FEF762
:106B700043FD074608E001207FE7FEF73DFDC01B0F
:106B8000022801D9032078E728684007F5D5D9F80D
:106B90000000217C20F0FE4040EA0160C9F80000BE
:106BA00026E0FEF729FDC01B022802D9032064E776
:106BB0000CE028684007F4D5D9F80000217C20F0CB
:106BC000FE4040EA0160C9F8000011E0286820F0AA
:106BD00001002860FEF710FD074606E0FEF70CFDF9
:106BE000C01B022801D9032047E728684007F5D4D5
:106BF0002078C00655D5D8F8000000F0380031687C
:106C0000DFF850920828A9F104090FD0182803D101
:106C100001F00300012809D0E06978B3286840F04A
:106C200080002860FEF7E8FC074619E02868C005E8
:106C300004D5E069802801D001201EE7D9F80000C2
:106C400094F8201020F07C5040EA0160C9F8000060
:106C500027E0FEF7D1FCC01B022801D903200CE776
:106C60002868C005F5D5D9F8000094F8201020F068
:106C70007C5040EA0160C9F8000012E0FFE7286894
:106C800020F080002860FEF7B7FC074606E0FEF71C
:106C9000B3FCC01B022801D90320EEE62868C0051A
:106CA000F5D42078000730D5DFF8AC91606909F1A0
:106CB0004C09A8B1D9F8000040F00100C9F8000063
:106CC000FEF79AFC074606E0FEF796FCC01B02287A
:106CD00001D90320D1E6D9F800008007F4D514E0EB
:106CE000D9F8000020F00100C9F80000FEF784FC8C
:106CF000074606E0FEF780FCC01B022801D90320EE
:106D0000BBE6D9F800008007F4D42078800626D5A9
:106D1000A06990B1286840F480502860FEF76CFCB0
:106D2000074606E0FEF768FCC01B022801D90320D5
:106D3000A3E628688004F5D511E0286820F4805087
:106D40002860FEF759FC074606E0FEF755FCC01B1D
:106D5000022801D9032090E628688004F5D4207821
:106D600040075DD53E4F386840F480703860FEF7CC
:106D700043FC814607E0FEF73FFCA0EB09006428D6
:106D800001D9032079E63868C005F4D5324FA068F0
:106D90004837012812D0B0B105281DD0386820F03E
:106DA00001003860386820F004003860A06841F2C3
:106DB000883930B3FEF720FC82461EE0386840F088
:106DC00001003860F2E7386820F001003860386868
:106DD00020F004003860E9E7386840F004003860CB
:106DE000386840F001003860E0E7FEF705FCA0EBF2
:106DF0000A00484501D903203FE638688007F4D5EA
:106E00000EE0FEF7F9FB824607E0FEF7F5FBA0EB8C
:106E10000A00484501D903202FE638688007F4D4DA
:106E2000616AB1B1D8F800004FF6F87BDFF828A00E
:106E30000AF1080AC0F3C20003280AF10409AAF102
:106E400004087CD0022911D0286820F080702860C6
:106E500008E0E5E010440258284402580044025873
:106E600000480258FEF7C8FB044689E0286820F075
:106E700080702860FEF7C0FB074606E0FEF7BCFB0B
:106E8000C01B022801D90320F7E528688001F5D44A
:106E9000306840F2F3318843E16A40EA0110A16AA8
:106EA00008433060208E4FF6FF72616B401E491E12
:106EB000C0F3080002EA41210843218F4FF4FE028B
:106EC000491E02EA0141084394F83C10491E12028F
:106ED00002EA01610843CAF80000D8F8000020F077
:106EE0000100C8F80000D9F80000A16C20EA0B00EE
:106EF00040EAC100C9F80000D8F80000216C20F079
:106F00000C000843C8F80000D8F80000616C20F0BD
:106F100002000843C8F80000D8F8000040F48030B0
:106F2000C8F80000D8F8000040F40030C8F80000AD
:106F3000D8F8000040F48020C8F8000000E023E00A
:106F4000D8F8000040F00100C8F80000286840F0C0
:106F500080702860FEF750FB044606E0FEF74CFB0D
:106F6000001B022801D9032087E528688001F5D598
:106F700056E0FEF741FB001B022801D903207CE507
:106F800028688001F5D44BE03268DAF80000012966
:106F900021D0A36A02F0030199421CD1E16AC2F335
:106FA0000512914217D1216BC0F30802491E8A4293
:106FB00011D1616BC0F34622491E91420BD1A16BE6
:106FC000C0F30642491E914205D1E16BC0F3066051
:106FD000491E814201D001204FE5D9F80000C0F3DD
:106FE000CC00A16C81421BD0D8F8000020F0010039
:106FF000C8F80000FEF700FB0546FEF7FDFAA842C0
:10700000FBD0D9F80000A16C20EA0B0040EAC100D7
:10701000C9F80000D8F8000040F00100C8F80000EE
:1070200000202AE5704700002DE9F0470446266855
:107030003169726901EA0205D6F80890002094F8D7
:10704000817006F1300812050AD5090708D5B06924
:1070500040F40060B061204600F04DFABDE8F087D2
:1070600005F0400105F02002114308D1690706D55B
:10707000616F20468847216F20468847012005F030
:107080004101012905D1690703D4216F20468847B2
:10709000012005F02201022905D1690703D4616F9F
:1070A0002046884701200028D8D128074FF0010644
:1070B0005DD52068816941F008018161206881699E
:1070C00041F0100181612068816941F400618161B2
:1070D0002068016921F0080101612068806810F4CE
:1070E000404F22D025E0E0680F2807D92068006BC8
:1070F000616E0860606E001D606611E0072807D9A8
:10710000B8F80000616E0880606E801C606607E061
:10711000206890F83000616E0870606E401C6066F8
:10712000B4F86A00401EA4F86A00B4F86A000028A7
:10713000D9D1204604F094FD84F88160D4F884000D
:1071400018B12046FFF76EFF88E7052F07D0042F00
:1071500009D0032F82D1204600F0AAFB7EE720460B
:1071600000F0A7FB7AE7204600F0C4F976E715F4B3
:10717000587FE9D068060AD5D4F8840040F00400AE
:10718000C4F884002068816941F040018161A8054C
:107190000AD5D4F8840040F00100C4F884002068C7
:1071A000816941F400718161E8050AD5D4F8840051
:1071B00040F00800C4F884002068816941F48071BF
:1071C0008161A8060AD5D4F8840040F08000C4F894
:1071D00084002068816941F020018161D4F8840035
:1071E0000028B1D02068016821F001010160206809
:1071F000016940F26B3291430161C9F38130032888
:1072000005D084F881602046FFF70CFF26E7206850
:10721000816821F4404181600E4DE06F50B10565F9
:10722000E06FFCF7FBFA28B1D4F8840040F040008E
:10723000C4F88400A06F002886D00565A06FFCF715
:10724000EDFA00288AD054F8840F40F04000206006
:1072500004E700001BBD00082DE9F0410446002CA6
:1072600012D00025A562DFF858812068554E564F90
:1072700040450BD0B04209D0B84207D0E0680F2893
:1072800004D90120BDE8F0810120FBE7204604F08D
:1072900050FD01462068404505D0B04203D0B842B9
:1072A00001D0082907D8404503D0B04201D0B842E8
:1072B00003D1102901D90120E4E794F8810020B915
:1072C00084F88050204600F081F8022084F8810084
:1072D0002068016821F0010101602068816801F4E3
:1072E000F812A169B1F1806F0ED16168B1F5800F1C
:1072F00001D1A36B23B139B9A16BB1F1805F03D187
:10730000016841F480510160606840020AD5E0687C
:10731000072807D320680168236D21F48071194381
:10732000016004E02068016821F480710160A16AB5
:10733000E0690843E16B11430843E16808432168B1
:107340008860616A606BA2690843A16B11430843BE
:107350002169084361690843216A08436168084359
:10736000E16C0843A1680843A16C0843A16D084380
:107370002168C860606868B92068816821F4C051DC
:1073800041F4006181602068816821F4C06141F4AA
:10739000806181602068016D21F0010101656068F4
:1073A000400206D52068C168626D21F0004111439A
:1073B000C160C4F88450012084F88100002061E796
:1073C0000030014000380040003C0040F0B5B5B04E
:1073D0000646142130A8F9F766F8B82102A8F9F793
:1073E00062F83E493068884275D181140020CDE9A9
:1073F00002100024199402A8FEF7D2FB08B1FBF793
:1074000093FA3748016841F480410160006800F454
:107410008040019032480838016841F00401016061
:10742000016801F004010191016841F0020101606D
:10743000006800F00200019006203090022731978A
:10744000329433940525349530A92648FDF7C2FFC0
:1074500038033090319732943394349530A92248D0
:10746000FDF7B8FF224D2148286027206860AC60F6
:10747000EC607F022F616C61AC61EC614FF44030D5
:1074800028626C622846FCF7F7FE08B1FBF74CFA5D
:10749000F567AE631548164D3030783528602820E2
:1074A00068604020A860EC602F616C61AC61EC61A9
:1074B000C00228626C622846FCF7DEFE08B1FBF7CA
:1074C00033FAB567AE63002205212420FEF738F9B0
:1074D0002420FEF727F935B0F0BD00000038004049
:1074E000E844025800080258000402581000024004
:1074F000EC100024704770472DE9FF4F83B004461D
:1075000092461D46109FD4F800B00BF12000029067
:107510000BF1300BE06B4009401C1FFA80F9FEF7BD
:107520006BF880462E4694F88100012803D0022093
:1075300007B0BDE8F08F049878B3BAF1000F2DD0F2
:1075400028002BD094F88000012829D001202C3469
:1075500084F85400052084F855000020A065C4F884
:1075600038A0E587A58704992163E586A586606430
:10757000A06454F82C0CC16821F4C021C16054F8F7
:107580002C0DC849884205D0C749884202D0C74956
:10759000884207D14FF0100A06E0FFE70120C7E755
:1075A0000220C5E74FF0080A41686FF30F01294335
:1075B00041602068016841F0010101606068B0F538
:1075C000800F04D12068016841F400710160E06817
:1075D0000F2856D94FEA9A0A41E020684169890785
:1075E00010D57EB106EB0A01A9420BD954F85C1FF5
:1075F000096801622068001D2060E088401EE0806C
:10760000E6885C3C20684169FDB14269D2070CD034
:10761000006B54F8641F08602068001D2060E0883B
:10762000401EE080E588643C19E04D450ED2090417
:107630000CD5006B54F8641F08602068001D2060A2
:10764000E088401EE080E588643C08E0FDF7D4FF58
:10765000A0EB0800B84201D3781C04D11FB156EA50
:107660000500BAD1F3E0204604F0FAFA80346068ED
:1076700040F4807060600120607000202070032062
:1076800056E7072871D94FEA5A0A5CE0206840693A
:10769000800711D586B106EB0A00A8420CD954F830
:1076A0005C0F0188029801802068801C2060E088BF
:1076B000401EE080E6885C3C216848693DB349692A
:1076C000C9070DD0BBF8000054F8641F088020687B
:1076D000801C2060E088401EE080E588643C32E049
:1076E0004D4515D2010413D5BBF8000054F8641FB2
:1076F00008802068801C2060BBF800100180206892
:10770000801C2060E088801EE080E588643C1AE0F0
:10771000012D0FD180040DD5BBF8000054F8641F73
:1077200008802068801C2060E088401EE080E5889A
:10773000643C08E0FDF760FFA0EB0800B84201D30D
:10774000781C04D11FB156EA05009FD17FE0204686
:1077500004F086FA8034606840F480706060012034
:107760006070002020700320E2E650E0206841694C
:10777000890711D586B106EB0A01A9420CD954F844
:107780005C1F097880F820102068401C2060E08889
:10779000401EE080E6885C3C20684169BDB34269D8
:1077A000D2070DD090F8300054F8641F087020689C
:1077B000401C2060E088401EE080E588643C43E097
:1077C0004D4525D20A0423D590F83000616E08702B
:1077D000606E401C6066216891F830100170606E28
:1077E000401C6066216891F830100170606E401C8A
:1077F0006066216891F830100170606E401C606610
:10780000B4F86A00001FA4F86A00B4F86A501BE0DC
:10781000042D10D211F4C04F0DD090F8300054F860
:10782000641F08702068401C2060E088401EE080D3
:10783000E588643C08E0FDF7DFFEA0EB0800B842F5
:1078400001D3781C1ED1EFB156EA05008ED100227B
:107850003B4608212046CDF8008004F074FA28B198
:10786000D4F8840040F02000C4F88400204604F0DE
:10787000F7F901208034607000202070606878B1D2
:10788000012055E6204604F0EBF98034606840F4AE
:10789000807060600120607000202070032047E647
:1078A000002045E60030014000380040003C004028
:1078B00070477047024A136883430B431360704755
:1078C000040400587047704770470000F0B590F806
:1078D0003C20012A40D0012680F83C60022280F83A
:1078E0003D2003685A689C681C4FDFF874C0BB4297
:1078F00001D0634503D122F470054A682A4322F07F
:1079000070050A682A435A600268BA4219D0B2F177
:10791000804F16D0134B9A4213D0134B9A4210D07B
:10792000124B9A420DD062450BD0114B9A4208D0AF
:10793000104B9A4205D0104B9A4202D00F4B9A42FC
:1079400004D124F080038968194391603C3046706B
:10795000002101700020F0BD0220F0BD00000140B8
:10796000000401400004004000080040000C0040FA
:10797000001800400040014000E0004000E40040EA
:1079800010B50446002C03D094F83D0010B107E078
:10799000012010BD002084F83C00204600F017F8BC
:1079A000022084F83D002068211D04F0D5FB012051
:1079B0003D34E0726070A070E07020716071A07161
:1079C000E07120726072A0722070002010BD7047BC
:1079D00090F83D10012901D001207047022180F864
:1079E0003D100168CA6842F00102CA600068184987
:1079F00088421AD0B0F1804F17D01649884214D06F
:107A00001549884211D0154988420ED01449884240
:107A10000BD01449884208D01349884205D0134935
:107A2000884202D0124988420CD18168114A114023
:107A300006290BD0B1F5803F08D0016841F0010163
:107A4000016003E0016841F001010160002070471E
:107A5000000001400004004000080040000C00400D
:107A600000040140001800400040014000E00040D8
:107A700000E400400700010070472DE9F041044692
:107A80002068C66805694FF00007A90714D5B1073B
:107A900012D5F91E016101202077206880698007D6
:107AA00003D02046FFF7E8FF05E0204600F0B6F8D7
:107AB000204600F08BF92777680717D5700715D592
:107AC00021686FF004000861022020772068806937
:107AD00010F4407F03D02046FFF7CEFF05E020469C
:107AE00000F09CF8204600F071F92777280716D59A
:107AF000300714D521686FF0080008610420207752
:107B00002068C069800703D02046FFF7B5FF05E075
:107B1000204600F083F8204600F058F92777E80661
:107B200017D5F00615D521686FF010000861082000
:107B300020772068C06910F4407F03D02046FFF70B
:107B40009BFF05E0204600F069F8204600F03EF972
:107B50002777E80708D0F00706D021686FF001000A
:107B60000861204600F0D2F9280601D4A80408D5FF
:107B7000300606D521686FF4025008612046FFF7F1
:107B8000A2FEE80508D5300606D521686FF480709E
:107B900008612046FFF796FE680608D5700606D5F0
:107BA00021686FF040000861204600F0B6F9A80691
:107BB0000AD5B00608D521686FF02000086120467C
:107BC000BDE8F041FFF780BEBDE8F08110B586B09A
:107BD0000446142101A8F8F766FC0D492068884284
:107BE00013D10C48016841F002010160006800F007
:107BF0000200009002200190029000210391049164
:107C0000059001A90448FDF7E5FB06B010BD000092
:107C100000040040E044025800040258704770B568
:107C200004460D46002694F83C0001280BD00120A4
:107C300084F83C000C2A4FD007DC82B1042A22D001
:107C4000082A06D134E0022070BD102A59D0142A27
:107C50006BD00126002084F83C00304670BD2068BF
:107C6000294604F0F5FA2068816941F00801816134
:107C70002068816921F004018161206881692A6995
:107C800011438161E6E72068294604F031FB206852
:107C9000816941F4006181612068816921F480611A
:107CA0008161206881692A6941EA02218161D1E705
:107CB0002068294604F066FB2068C16941F008018C
:107CC000C1612068C16921F00401C1612068C169F6
:107CD0002A691143C161BDE72068294604F09CFB75
:107CE0002068C16941F40061C1612068C16921F463
:107CF0008061C1612068C1692A6941EA0221C161CC
:107D0000A8E72068294604F0C1FB2068416D41F0D6
:107D1000080141652068416D21F00401416520683A
:107D2000416D2A691143416594E72068294604F0B2
:107D3000E5FB2068416D41F4006141652068416DBB
:107D400021F4806141652068416D2A6941EA022180
:107D500041657FE710B50446002C03D094F83D0040
:107D600010B107E0012010BD002084F83C0020463F
:107D700000F018F8022084F83D002068211D04F06E
:107D8000EBF901203D34E0726070A070E07020716A
:107D90006071A071E07120726072A072207000208A
:107DA00010BD000008B500680649884208D10648A1
:107DB000016841F002010160006800F002000090DB
:107DC00008BD000000040040E8440258704700006D
:107DD00030B5044600290DD004290ED008290FD053
:107DE0000C2910D0102911D094F84300012810D08C
:107DF000012030BD94F83E00F8E794F83F00F5E725
:107E000094F84000F2E794F84100EFE794F842005C
:107E1000ECE70220F1B304294DD008294ED00C29FB
:107E20004FD0102950D084F843000122206804F07C
:107E300001FA2A4A20682A4B2A49904209D09842DE
:107E400007D0884205D0284DA84202D0274DA8422D
:107E500003D1456C45F4004545642068904218D034
:107E6000B0F1804F15D0224A904212D0214A904260
:107E70000FD0214A90420CD098420AD01F4A90421B
:107E800007D0884205D01E49884202D01D49884249
:107E90001DD100E00CE081681B4A114006291AD070
:107EA000B1F5803F17D0016841F00101016012E097
:107EB00084F83E00B9E784F83F00B6E784F8400054
:107EC000B3E784F84100B0E784F84200ADE7016809
:107ED00041F001010160002030BD000000000140C0
:107EE00000040140004001400044014000480140BE
:107EF0000004004000080040000C00400018004052
:107F000000E0004000E40040070001000068B0F11C
:107F1000804F01D1FDF776BB7047704790F8841011
:107F2000012918D0012180F884102421C0F888107C
:107F300001680A680B6823F001030B6022F000510E
:107F400000224266036819602021C0F8881080F87A
:107F50008420002070470220704710B50446D4F8F2
:107F60008C00202801D0022010BD51B14AB101205F
:107F7000E06600202067204605F04EFA014611B168
:107F800005E0012010BDE06E012802D00121084665
:107F900010BD226810201062206850E8002F42F0C7
:107FA000100240E80023002BF6D1F0E770B504463C
:107FB0000025D4F88C00202801D0022070BD69B1C2
:107FC00062B10120E06600202067204605F076FAC5
:107FD000E06E012804D00125284670BD012070BD47
:107FE000216810200862206850E8001F41F010014D
:107FF00040E80012002AF6D1EEE7000010B5006854
:10800000084A90420DD112290BD107491222074884
:10801000FFF7A3FF0449BDE81040A1F118000AF0E2
:1080200085BD10BD005000407C5600248014002403
:10803000704770B5044694F8840001281DD00120D3
:1080400084F884002420C4F8880020680568026849
:1080500022F0010202602068826822F060620A4316
:108060008260204604F006FB206805602020C4F8EA
:108070008800002084F8840070BD022070BD70B5B7
:10808000044694F8840001281DD0012084F884005F
:108090002420C4F8880020680568026822F00102E4
:1080A00002602068826822F060420A4382602046B3
:1080B00004F0E0FA206805602020C4F88800002061
:1080C00084F8840070BD022070BD7047704770B5A1
:1080D0000446D4F88800D4F88C60216889684FF091
:1080E0001005090618D5212816D12068083050E857
:1080F000001F21F0800140E80012002AF5D1E06F56
:1081000038B1FBF7CDF920B1E06FFBF7DFFC202899
:1081100009D0204604F070FC2068806840061FD516
:10812000222E04D01CE0C4F89050032070BD2068BB
:10813000083050E8001F21F0400140E80012002AFA
:10814000F5D1D4F8800040B1FBF7AAF928B1D4F8F2
:108150008000FBF7BBFC202804D0204604F010FC74
:10816000002070BDC4F89050032070BD10B50068A9
:10817000074988420AD1074912220748FFF7EDFE56
:10818000BDE8104003481221F8F78DB910BD00007A
:10819000005000407C560024801400242DE9F0415A
:1081A00004462368D86919689A6840F60F0500EA02
:1081B0000507002F0ED185060CD501F0200502F031
:1081C0008056354306D0616F00297DD02046BDE83A
:1081D000F041084700260225002F76D0D54FDFF862
:1081E00058C3174001EA0C0C57EA0C0C6DD05FEA3B
:1081F000C07C0CD05FEAC15C09D54FF0010CC3F81C
:1082000020C0D4F8903043F00103C4F890308307C5
:1082100009D5D30707D023681D62D4F8903043F006
:108220000403C4F8903043070AD5D30708D0256863
:1082300004232B62D4F8903043F00203C4F890304A
:1082400003070CD501F020033B4308D02568082321
:108250002B62D4F8903043F00803C4F89030030543
:108260000BD54B0109D525684FF400632B62D4F878
:10827000903043F02003C4F89030D4F89030002BB5
:108280003CD0800609D501F0200002F0805108435F
:1082900003D0616F09B120468847D4F89000216867
:1082A0008968490602D410F0280F2DD0204604F02A
:1082B00067FB20688068400622D52068083050E8B7
:1082C000001F21F0400101E018E023E040E8001227
:1082D000002AF2D1D4F8800068B198490165D4F839
:1082E0008000FBF79BFA002808D0D4F88000016DCD
:1082F000BDE8F04108472046FFF738FFBDE8F081B0
:108300002046FFF733FFF9E72046FFF72FFFC4F8B9
:108310009060F3E7E76E012F7ED1C7067CD5CF06CC
:108320007AD510201862206880684FF0200340063C
:1083300073D5D4F880208249106888423AD08049A9
:108340001831884236D07E493031884232D07C495B
:10835000483188422ED07A49603188422AD0784903
:108360007831884226D076499031884222D07449AB
:10837000A83188421ED0734988421BD071491831F8
:10838000884217D06F493031884213D06D49483147
:1083900088420FD06B49603188420BD069497831EF
:1083A000884207D067499031884203D06549A83197
:1083B000884201D1406800E0406880B24FF4807785
:1083C00060B3B4F85C10814240D9A4F85E00D06973
:1083D000B84230D0206850E8001F21F4807140E896
:1083E0000012002AF6D12068083050E8001F21F062
:1083F000010140E80012002AF5D12068083050E859
:10840000001F21F0400140E80012002AF5D1C4F815
:108410008C30E666206802E056E023E016E050E883
:10842000001F21F0100140E80012002AF2D1D4F818
:108430008000FBF735F82567B4F85C00B4F85E10EF
:10844000401A81B22046FFF7D9FD57E7B4F85C1017
:108450008142FAD1D069B842F7D125672046FFF7AB
:10846000CDFD4BE734F85C0F6188401A81B260881B
:108470005C3C0028E9D00029E7D0206850E8002FB4
:1084800022F4907240E80027002FF6D1294FFF43D5
:108490002068083050E8002F3A4040E8002CBCF13A
:1084A000000FF5D1C4F88C30E6666667206850E8A6
:1084B000002F22F0100240E80023002BF6D12567A0
:1084C0002046FFF79BFD19E7C50209D5550207D5E0
:1084D0004FF4801018622046BDE8F041FFF7F6BD6A
:1084E00003060CD501F0800302F40002134306D00A
:1084F000A16F0029A9D02046BDE8F04108474206F7
:1085000006D54A0604D52046BDE8F04104F062BA1B
:10851000020206D54A0004D52046BDE8F041FFF727
:10852000D4BDC00191D500298FDA2046BDE8F041C5
:10853000FFF77EBD01000010200100042FC80008D5
:10854000100002401004024010B50446002C03D075
:10855000D4F8880010B107E0012010BD002084F895
:108560008400204600F028F82420C4F88800206801
:10857000016821F001010160A06A10B1204604F0F9
:108580009DF8204604F0B0FC012813D02068416813
:1085900021F4904141602068816821F02A018160C6
:1085A0002068016841F0010101602046BDE81040EB
:1085B00004F0E8B8012010BD2DE9F04FB5B0044635
:1085C000142130A8F7F76FFFB82102A8F7F76BFF67
:1085D000D84A0226D84D002021684FF00809DFF85C
:1085E0005883083D17154FF0040A91426AD10222C0
:1085F0000021CDE9022183461F9002A8FDF7D0FAA1
:1086000008B1FAF791F9D8F8000040F48010C8F8E2
:108610000000D8F8000000F480100190286840F0B5
:1086200004002860286800F004000190286840F0E9
:1086300008002860286800F0080001904FF480507E
:1086400030903196CDF8C8B0CDF8CCB0CDF8D09000
:1086500030A9BA48FCF7BEFECDF8C0A03196CDF8DF
:10866000C8B0CDF8CCB0CDF8D09030A9B448FCF764
:10867000B1FEB54DB348286041206860C5F808B028
:10868000C5F80CB02F61C5F814B0C5F818B04FF498
:108690008070E861C5F820B0C5F824B02846FBF723
:1086A000EBFD08B1FAF740F9C4F88050AC63002242
:1086B00005213520FDF744F83520FDF733F835B0B6
:1086C000BDE8F08FA14A4FF0070B914272D1022210
:1086D0000021CDE9022181461F9002A8FDF760FA32
:1086E00008B1FAF721F9D8F8000040F08040C8F846
:1086F0000000D8F8000000F080400190286840F0A9
:1087000010002860286800F0100001904FF4C0703D
:1087100030903196CDF8C890CDF8CC90CDF8D0B04F
:1087200030A98B48FCF756FE8648874D783078355F
:1087300028604F206860C5F80890C5F80C902F613C
:10874000C5F81490C5F81890C5F81C90C5F820908D
:10875000C5F824902846FBF78FFD08B1FAF7E4F836
:10876000C4F88050AC63784D7A48F03528605020CA
:1087700068604020A860C5F80C902F61C5F814907F
:10878000C5F81890C5F81C90C5F82090C5F824903D
:108790002846FBF771FD08B1FAF7C6F8E567AC6348
:1087A000002205215220FCF7CBFF5220FCF7BAFF34
:1087B00085E7FFE7684ADFF88081914208F1080801
:1087C00052D101210022CDE902128146209002A857
:1087D000FDF7E6F908B1FAF7A7F8D8F8000040F07D
:1087E0001000C8F80000D8F8000000F01000019058
:1087F000286840F001002860286800F0010001901E
:108800004FF4C06030903196CDF8C890CDF8CC9040
:10881000CDF8D0B030A95148FCF7DCFD504D4948A7
:10882000183828602A2068604020A860C5F80C909D
:108830002F61C5F81490C5F81890C5F81C90C5F8BC
:108840002090C5F824902846FBF716FD08B1FAF7EA
:108850006BF8E567AC63002205212520FCF770FF6B
:108860002520FCF75FFF2AE73E4A9142A0D1012173
:108870000022CDE902128346209002A8FDF790F96C
:1088800008B1FAF751F8D8F8000040F08000C8F8B5
:108890000000D8F8000000F080000190286840F047
:1088A00010002860286800F010000190CDF8C0A0EA
:1088B0003196CDF8C8B0CDF8CCB0CDF8D0A030A965
:1088C000234D2846FCF786FDCDF8C0903196CDF8B3
:1088D000C8B0CDF8CCB00B20349030A92846FCF7B6
:1088E00079FD1C481E4D3030783528607620686050
:1088F000C5F808B0C5F80CB02F61C5F814B0C5F8BC
:1089000018B0C5F81CB04FF480302862C5F824B008
:108910002846FBF7B1FC08B1FAF706F8C4F8805016
:10892000AC63002205219C20FCF70AFF9C20FCF789
:10893000F9FEC4E600500040E8440258000802581E
:10894000000C025828040240D01600240078004091
:108950000010025828000240001001400000025898
:1089600038180024001C014030B4D0F88C30202B83
:1089700002D0022030BC7047A9B1A2B10023C36667
:108980000A4C0368A3420BD05B681B0208D503683E
:1089900053E8004F44F0806443E80045002DF6D1D1
:1089A00030BC04F039BD0120E4E70000000C0058A1
:1089B0007047704770B50446D4F88800202801D06D
:1089C000022070BD31B32AB344F8501FA280E28068
:1089D000002121642120A063E06A503CE0B1164BE5
:1089E000C363E36F15481864E36F1548D864E06FFC
:1089F000016513462068E56F2830216D0246284640
:108A0000FBF732FE40B110208834A06020202060A7
:108A1000012070BD012070BD2168402008622068DF
:108A2000083050E8001F41F0800140E80012002AA1
:108A3000F5D1002070BD000033C9000875C90008D9
:108A40003FC8000800680349884202D1024901205A
:108A500008707047001001401C000024704700009F
:108A600070B50446002020743B4DA27B61682888C5
:108A70004243D4F8F400F7F7FDFCA17B288841437A
:108A80006068F7F710FDA07B10FB00F128884143D8
:108A9000D4F81801F7F707FD207BA17B10FB01F14B
:108AA00028884143D4F80C01F7F7FDFC002029E0A9
:108AB000D4F8F41001EB800292ED000AB5EEC00A82
:108AC000F1EE10FA1CD0227C01EB820181ED000A4C
:108AD000227C616A8854A169227B01EB8001237C9E
:108AE00091ED000A6169095C12FB0311D4F80C21B5
:108AF000491E02EB810181ED000A217C491C217491
:108B0000401CC0B2A17B8142D2D8002010E0636A31
:108B1000E26900FB01011B5C02EB830292ED000A9B
:108B2000D4F8182102EB810181ED000A401CC0B28B
:108B3000217C8142EBD85C3414F84C0CA08314F8EF
:108B4000500CE083A084E184A186E186A087E187C0
:108B500024F8141C70BD0000480A0024FEE7000041
:108B600010B586B00446D4F8EC0090ED000A8DED07
:108B7000050A90ED010A8DED040A90ED020A8DEDD3
:108B8000030A90ED030A8DED020A9DED050ADDED65
:108B9000050A9DED041A20EE200ADDED040A00EE20
:108BA000810ADDED030A9DED031A00EE810ADDED79
:108BB000020A9DED021A00EE810A07F073FE8DEDA8
:108BC000010A0020D4F8EC10DDED010A01EB800170
:108BD00091ED000A20EE200A81ED000A401CC0B28F
:108BE0000428EFD34148F834DDED040A90ED6F0A14
:108BF000A16860EE200AB6EE000A60EE800AC1EDC0
:108C0000040AD0ED6F0A9DED031AA16860EE810A97
:108C100060EE800AC1ED050AD0ED6F0A9DED051AE0
:108C2000A16820EE811AFEEE000A21EE201A81EDE5
:108C30000A1A90ED6F1ADDED021AA16821EE211AD1
:108C400021EE001A81ED0B1A90ED6F1ADDED021A7C
:108C5000A16821EE211A21EE201A81ED101A90ED63
:108C60006F1ADDED051AA16821EE211A21EE201AF6
:108C700081ED111A90ED6F1ADDED031AA16821EE56
:108C8000211A21EE000A81ED160A90ED6F0A9DED82
:108C9000041AA16820EE010A20EE200A81ED170ACD
:108CA0002168D0ED740A91ED1C0A80EE201A81ED46
:108CB0001C1A2168D0ED740A91ED230A80EE201A67
:108CC00081ED231A54F8F80909499FED0A0A026F49
:108CD0008A4201DD80ED1C0AD4F8F800D0F88C201F
:108CE0008A4201DD80ED230A06B010BDF85B002446
:108CF00000401C4600401C4670B52DED028B01253E
:108D00002C4C257084ED6C0AC4ED6D0A84ED6E1A4E
:108D10009FED290A84ED730A002084F83801D034CD
:108D2000002121676167A167E16784ED3B2AD03CA0
:108D300011EE900AB7EE008AB0F17E5F01DDF0EE31
:108D4000481AC4ED741A032300220621201D00F0E6
:108D500037FE1A4B01221146A3F1080007F0DCF898
:108D60008834606E80ED008A606E9FED150A80ED9C
:108D7000010A606E80ED020A606E80ED030A114800
:108D8000A0641148E064114820651148606504F84A
:108D90005A5C04F8595C90220E49E06FF7F76AFBC1
:108DA000606F90220C49BDEC028BBDE87040F7F774
:108DB00061BB0000F85B002477CC2B32C05D00243F
:108DC00000000000DD8D0008618B0008118E000896
:108DD000E1920008E43401084C0A002410B504466E
:108DE0000948902254F8F81FF7F744FB0748482237
:108DF000616AF7F73FFB054848226169BDE810400A
:108E00004830F7F737BB00004C0A0024D85D002437
:108E10001FB50446B0EE000A54F8EC0FD0ED000A7E
:108E200060EE800ACDED030AD0ED010A60EE800A03
:108E3000CDED020AD0ED020A60EE800ACDED010A06
:108E4000D0ED030A20EE800A8DED000A14F8DE0C46
:108E500014F8E01C10FB01F1234800884143206A0C
:108E6000F7F721FB9DED010A206AB1EE400A80ED83
:108E7000000A206ADDED000AC0ED010ADDED030AFB
:108E8000206AF1EE600AC0ED020A206ADDED020AF6
:108E9000C0ED030A206ADDED020AC0ED060A206A71
:108EA000DDED030AC0ED070A206ADDED000AC0ED22
:108EB000080A206ADDED010AC0ED090A206ADDED2D
:108EC000030AC0ED0C0ADDED020A206AF1EE600A29
:108ED000C0ED0D0A206A80ED0E0A206A9DED000AA1
:108EE00080ED0F0A1FBD0000480A002410B52DEDCB
:108EF000048BF0EE619AB0EE429AF0EE628A84B092
:108F0000ED4CD4ED171A30EE610A84ED1A0AD4ED57
:108F1000181A70EEE10AC4ED1B0AD4ED191A31EEED
:108F2000611A84ED1C1AB6EE008A60EE081A94ED00
:108F30002E0A61EE801ACDED031A60EE880A60EE0B
:108F4000800ACDED020A61EE080A20EE800A8DED5E
:108F5000010ADA4990222068F7F78CFA9DED030A9E
:108F60002068B1EE400A80ED010ADDED020A2068BA
:108F7000F1EE600AC0ED020A9DED011A2068B1EE23
:108F8000411A80ED031A2068DDED031AC0ED061AC0
:108F90002068DDED011AC0ED081A2068C0ED090A4D
:108FA0002068DDED020AC0ED0C0A206880ED0D1A84
:108FB0002068DDED030AC0ED0F0A2068DDED010A2F
:108FC000C0ED120A2068DDED020AC0ED130A206828
:108FD00080ED140AD4E91101A4F5827450EA01026B
:108FE0000BD1C4ED5E9A84ED5F9AC4ED608A04F5FE
:108FF000A472401C41F1000103C294ED5E0A94ED9D
:10900000641A94ED6F3A60EE011A33EE010AC1EE74
:10901000800A63EE291A81EE802A70EE821AC4ED6E
:109020005E1AD4ED5F0A20EE812AC2EE000A23EE1A
:10903000092AC2EE002A30EEA22A84ED5F2AD4ED7E
:10904000600A20EE811AC1EE000A23EE281AC1EE52
:10905000002A30EEA20A84ED600A61EEA10A42EE17
:10906000020A40EE000AB1EEE00A84ED660AF7EE6D
:10907000000A80EE801A8DED001A9DED000AA068AE
:1090800021EE800A80ED000A94ED5F0ADDED000A12
:10909000A06820EE200A80ED010A94ED600ADDED63
:1090A000000AA06820EE200A80ED020A94ED5B0A17
:1090B00060EE000A94ED5C0A40EE000A94ED5D0A51
:1090C00040EE000AB1EEE00A84ED650A10EE100AE7
:1090D0007B4988420BDA7B49D4F89801884206DD47
:1090E0007949884203DA012084F8390102E000203E
:1090F00084F8390104F58C7494ED260AD4ED290A1C
:10910000206820EE200A80ED000A94ED260AD4EDB6
:10911000290A206820EE200A80ED070A94ED260A2D
:10912000D4ED290A206820EE200A80ED0E0A94ED85
:10913000260AD4ED290A206820EE200A80ED150ABF
:1091400094ED270AD4ED290A206820EE200A80ED4C
:109150001C0A94ED270AD4ED290A206820EE200A83
:1091600080ED230A606894ED280A80ED000A6068AB
:1091700094ED280A80ED040A606894ED280AA4F5AD
:109180008C7480ED080A201D00F0FCFE6068D0EDB4
:10919000001AC4ED541A90ED010A84ED550A90EDC1
:1091A000021A84ED561AD0ED030AC4ED570AB0EE48
:1091B000482A414800EE402A21EE800A9C3001EE08
:1091C000200A01EE412AF0EE420A06F029FD94ED54
:1091D000680ADFED3E8A20EE280A84ED680A94EDE5
:1091E000550AD4ED570A94ED561A20EE200AD4ED14
:1091F000540A00EEC10AF8EE000A20EE200A04F03C
:10920000E9FE20EE280A84ED690A94ED560AD4EDB1
:10921000551A94ED571A00EE408A21EE800AD4EDDB
:10922000541A254801EE810AF0EE480AA43041EEB6
:10923000410A06F0F5FC94ED6A0A20EE280A84ED56
:109240006A0A6068D0ED040AC4ED580AD0ED050A38
:10925000C4ED590ADFED1E0AC4ED5A0AD4ED760AB0
:109260001C4970EE600A10EE900A884205DDB4F8E1
:10927000D401401EA4F8D40109E010EE900A16496A
:10928000884204D9B4F8D401401CA4F8D401B4F93C
:10929000D401DFED121A00EE900AB8EEE01AF0EEFB
:1092A000400A41EE210AC4ED6B0A84ED760A04B04F
:1092B000BDEC048B10BD0000FC5C0024E43401080C
:1092C0009A99993ECDCC1441CDCC2441E12E6542F2
:1092D0000000000000003443000034C30000B44329
:1092E0002DE9F04F85B0044604F1780004F18001C7
:1092F0000546049106F0DCFF6C3484F85C00A0891C
:10930000A08734F8120CE0876C3C04F1A8022846D0
:1093100004F158019246894606F060FF823484F8D1
:109320004600E08CE08520882086823C04F1B00273
:1093300004999346504606F051FF903484F8380063
:109340002088208260886082903C04F1A002584608
:1093500004F19001154606F0BBFDB0342076594665
:10936000284606F0DDFD2076E06B90ED000A8DEDDD
:10937000030A90ED010A8DED020A90ED020A8DEDCF
:10938000010A90ED030A8DED000A34F8380C2081B3
:10939000012565819DED020ADDED000A9DED011AB2
:1093A000E06F60EE200A9DED030A40EE410AB0EE48
:1093B000000A60EE800AC0ED000ADDED030A9DEDB3
:1093C000021ADDED001AE06F60EE810A9DED011AD0
:1093D00041EE210A20EE800A80ED010A9DED030A8C
:1093E000DDED030A9DED021AE06FB03C20EE200A8D
:1093F000DDED020A00EEC10ADDED010A9DED011A64
:1094000000EEC10ADDED000A9DED001A00EE810AB2
:1094100080ED020A0027A54ED4F82C0100EB87004E
:1094200090ED000AB0EEC00A06F00EFD06EB8700D4
:1094300080ED610A7F1CFFB2032FEDD3B4F8480022
:10944000A4F8C000A4F8C25004F1C00204F1B801AD
:10945000174604F14800884606F006FFAA34A077B4
:10946000E08A24F8020C258052463946584606F018
:10947000B5FEA077E581E08A20824146384606F0B5
:1094800017FFA07751468A4A404606F0A7FEA0770C
:10949000AA3C96ED730AB6EE001AD6ED720A20EEDB
:1094A000011AF4EEC10AF1EE10FA01D286F8385131
:1094B0000020F4EEC00AF1EE10FA3CDD96F8381107
:1094C000C1B396F8391149B106F5A07106F5A0733C
:1094D00006C9491C42F1000206C304E00022C6F896
:1094E0004021C6F8442106F5A0724FF0320C00214D
:1094F0000CCABCEB0202994104D286F8380184F808
:109500002C003AE06B4E227B803430884243D4E911
:109510001A01F6F7AFFF14F8740C10FB00F2308854
:109520004243D4E91E01F6F7A5FF04F8545C05B0E8
:10953000BDE8F08FFFE79FED601A20EE011AF4EE10
:10954000C10AF1EE10FA0DDD96F8381151B170EE46
:10955000600A9FED5A1A20EE010A80EE801A86ED0D
:10956000671A03E0B7EE000A86ED670A0022C6F824
:109570004021C6F8442184F82C006C3434F8140CD3
:10958000A087E08AE08752460499484606F026FE06
:1095900084F85C006C3C04F19802594691465046B0
:1095A00006F01CFE84F8C80000200DE0D4F81C1161
:1095B000D6ED670A01EB800191ED000A20EE200A4A
:1095C00081ED000A401CC0B2B4F89810B4F89A209B
:1095D00051438142EADC04219FED390A00200A1F31
:1095E00001EB410C06EB8203D4F81C210CEB000AC2
:1095F00093ED611A02EB8A02C1EE000A92ED001AA5
:1096000060EE810AC2ED000A401CC0B20328EBD311
:10961000491CC9B20629E1D334F8980F2084658427
:1096200042463946484606F0D9FD84F83000983C59
:1096300096F8380150B30420DFED220A9FED221A7C
:10964000D4F8BC1096ED6F0A01EB800120EE200AE1
:10965000D1ED001AF4EEC01AF1EE10FA01DD81ED41
:10966000000AD4F8BC1096ED6F0A01EB800120EEE1
:10967000010AD1ED001AF4EEC01AF1EE10FA01D28F
:1096800081ED000A401CC0B20628D9D3D4F8BC0032
:109690009FED0E0A80ED030A04F13002414604F109
:1096A000380006F015FC84F8C80040E7F85B002499
:1096B000B85D0024480A0024CDCCCC3D6666663FE8
:1096C000DA0FC93F0AD7233C0AD723BC00000000A9
:1096D00010B50D4C0D48D4ED010A94ED050A02F0C9
:1096E00035F80A4890ED090AFCEEC00AC4ED040AF8
:1096F000B5EEC00AF1EE10FA01D200202061044953
:1097000020690968086410BD3C0B0024685E0024D1
:10971000DC11002410B5DFED130ADFED112AF7EE9E
:10972000001AB0EE602A9FED101AB2EE040AFFF79D
:10973000E3FA104A00211048DFED0C0A9FED0C0AF5
:1097400002F0DEF89FED0D0A01F02EFD0C480C2111
:10975000FEF73EFBF7F742FB0028FBD110BD0000EF
:10976000000000006F12833A8096184B00004843B7
:109770000000FA445C0B0024685E002400007A4478
:10978000DC1100242DE9F0412DED028B00278049EA
:109790007E4AA1F10C00F7F72DFB7C4E7C4C143E69
:1097A00070789FED7C8A78B901207070F0EE481ACD
:1097B00094ED021AD4ED010A94ED000AF0EE612A4C
:1097C000B0EE612A01F00EFB714D30780C3D02289D
:1097D00002D001287ED0C1E095ED000AB7EEC00AA4
:1097E0009FED6D1B30EE410BB7EEC00B85ED000A0F
:1097F000D5ED010AB7EEE01A9FED692B31EE421B61
:10980000F7EEC10BC5ED010A95ED021AB7EEC11ACC
:109810009FED652B31EE421BB7EEC11B85ED021AA1
:10982000B0EEC11A11EE100A6149884201DA85EDE5
:10983000028AD4ED022A94ED012AD4ED001A95EDA6
:10984000021AFFF753FBB0EE483AD4ED022A94ED2A
:10985000012AD4ED001A95ED021AD5ED010A95ED15
:10986000000AB0EE434AF0EE433A01F03BFD01F04E
:10987000BBFCF9F7EDFD9FED4F8AC0EE080AC6ED7F
:10988000070AF9F7EBFDC0EE080AC6ED060AF9F77C
:10989000EBFDC0EE080AC6ED020A474896ED060A3F
:1098A000416881ED000A416896ED070A81ED010AE1
:1098B000416896ED020A81ED020A416895ED000AC1
:1098C00081ED030A416895ED010A81ED040A95EDE9
:1098D000020A00E012E0416881ED050A416894ED5A
:1098E000000A81ED060A416894ED010A81ED070A3C
:1098F000406894ED020A80ED080A2FE02448D5ED77
:10990000000A183890ED000A70EE200AC0ED000A37
:1099100090ED010A95ED011A30EE011A80ED011A61
:1099200090ED020AD5ED021A30EE210A80ED020A0E
:10993000F168491CF160B1F57A7F0FD3DFED1F1A92
:1099400080EEA12A80ED002AC1EE210AC0ED010AB5
:10995000C0EE210AC0ED020A022030700A20B7FBD7
:10996000F0F100FB117000280BD1FFF7B1FE96ED6E
:10997000050AD6ED010A30EE600AB0EEC00A10EE1C
:10998000100ABDEC028BBDE8F0810000500B0024F2
:10999000CC5E00240000000012BDBD1FA1FE663F8A
:1099A0008C95C69F10506DBF757FE77FD5CA68BF85
:1099B000A69B443BE12E65422801002400007A4426
:1099C0002DE9F04704460D4690461E46F74F042009
:1099D000388008207880257384F80D80A6734FF0B6
:1099E000000984F81090304609F064F9606131464E
:1099F000F6F759FD3888704309F05CF9A0613988A1
:109A00007143F6F750FD3888704309F053F9E0616F
:109A100039887143F6F747FD3888684309F04AF9F9
:109A2000206239886943F6F73EFD304609F042F975
:109A300060623146F6F737FD3888684309F03AF935
:109A4000206039886943F6F72EFD3888704309F0A5
:109A500031F9606039887143F6F725FD388800FBDD
:109A600008F009F027F9A060398801FB08F1F6F742
:109A70001AFD3888684309F01DF9C4F8E8003988F0
:109A80006943F6F710FD217B0122D4F8E83004F198
:109A9000300006F041FA3888684309F00BF9C4F841
:109AA000EC0039886943F6F7FEFC217B0122D4F8EB
:109AB000EC3004F1380006F02FFAB8F1000F13D0A3
:109AC000388800FB08F009F0F5F8C4F8F000398890
:109AD00001FB08F1F6F7E7FC617B0122D4F8F030D6
:109AE00004F1400006F018FA3888704309F0E2F8F3
:109AF000C4F8F40039887143F6F7D5FCA17B012244
:109B0000D4F8F43004F1480006F006FA38886843C7
:109B1000684309F0CFF8C4F8F8003988694369430D
:109B2000F6F7C1FC217B04F15000D4F8F8300A4666
:109B300006F0F2F938886843684309F0BBF8C4F8C6
:109B4000FC00398869436943F6F7ADFC217B04F1D9
:109B50005800D4F8FC300A4606F0DEF9388868432D
:109B6000684309F0A7F88834A067388868436843D9
:109B700009F0A0F8E0673988A06F69436943F6F7F8
:109B800092FC3988E06F69436943F6F78CFC14F85E
:109B90007C1CA36F883C04F160000A4606F0BCF907
:109BA000217B04F16800D4F804310A4606F0B4F9C8
:109BB000B8F1000F15D03888684300FB08F009F0B1
:109BC00079F8C4F808013988694301FB08F1F6F710
:109BD0006AFC627B04F17000217BD4F8083106F046
:109BE0009BF938887043684309F064F89434A0679F
:109BF00038886843704309F05DF8E0673988A06FE2
:109C000071436943F6F74FFC3988E06F694371434C
:109C1000F6F749FC14F8882C14F8861CA36F943CC2
:109C200004F1780006F078F9A27B04F18000217B32
:109C3000D4F8103106F070F938886843684309F0A9
:109C400039F8C4F81401398869436943F6F72BFCE5
:109C5000217B04F18800D4F814310A4606F05CF93F
:109C600038887043704309F025F8C4F81801398822
:109C700071437143F6F717FCA17B04F19000D4F80F
:109C800018310A4606F048F938886843704309F0ED
:109C900011F8C4F81C01398869437143F6F703FCD5
:109CA000A27B04F19800217BD4F81C3106F034F932
:109CB000207B398810FB00F0484308F0FBFFC4F814
:109CC0002001217B3A8811FB01F15143F6F7EBFBB0
:109CD000207B398810FB00F0484308F0EBFFC4F804
:109CE0002401217B3A8811FB01F15143F6F7DBFB9C
:109CF000207B398810FB00F0484308F0DBFFC4F8F4
:109D00002801217B3A8811FB01F15143F6F7CBFB87
:109D1000207B3988484308F0CDFFC4F82C01217B13
:109D20003A885143F6F7BFFB207B3988484308F057
:109D3000C1FFC4F83001217B38884143D4F82C019D
:109D4000F6F7B1FB217B04F1A000D4F820310A46DC
:109D500006F0E2F8217B04F1A800D4F824310A4689
:109D600006F0DAF8217B04F1B000D4F828310A4675
:109D700006F0D2F8217B0122D4F82C3104F1B8008E
:109D800006F0CAF8217B0122D4F8303104F1C0007A
:109D900006F0C2F884F8289084F8299084F82A9074
:109DA00084F82B9084F82C90BDE8F087480A0024B2
:109DB00070B504460F4DE07B002803D02046FEF727
:109DC0004FFE0DE0A27B288861684243D4F8F4007E
:109DD000F6F750FBA17B288841436068F6F763FBE8
:109DE000627B2888A1684243D4F8F000BDE8704047
:109DF000F6F740BB480A00242DE9F041044694F8E8
:109E00002C00002827D17434A08CA086E188E1863C
:109E1000A08734F81A0CE087743C04F1A80204F11E
:109E20007801154604F1980006F0D8F984F8C800C6
:109E300004F1B00204F1580116460F46284606F018
:109E4000CDF984F8C80004F150023146384606F0D6
:109E50000BFA84F8C800BDE8F0812DE9F041044612
:109E600094F8290000282CD104F1680104F1600065
:109E70000D46074606F01CFA84F8C80004F15802A3
:109E800004F150011646384606F0A8F984F8C800D7
:109E9000B4F85800A4F8A800B4F86A00A4F8AA001E
:109EA00004F1A80217462946304606F097F984F8CF
:109EB000C80004F188013246384606F009F884F8F3
:109EC000C800BDE8F0812DE9F047044694F82A0067
:109ED000002855D104F1800104F178000D460746B1
:109EE00006F0E6F96C3484F85C00A089A08734F8A9
:109EF000120CE0876C3C04F1A802384604F15801CA
:109F00001646884606F06AF9823484F84600E08CEA
:109F1000E08520882086823C04F1B002294617465D
:109F2000304606F05BF9903484F8380020882082AF
:109F300060886082903C04F1A002384604F19001F0
:109F4000914605F0C5FFAA34A0773946484605F08A
:109F5000E7FFA07734F8520C24F8020C34F8280CF0
:109F6000208032462946404606F038F9A077AA3CC0
:109F700004F198023946304606F030F984F8C800FA
:109F8000BDE8F08770B504462046FFF711FFD4F80E
:109F9000CC1009B120468847204600F067F8D4F875
:109FA000D01009B1204688472046FFF756FFD4F865
:109FB000D41009B120468847207C2B4DC0B9E07BE6
:109FC000B0B1227B28884243D4E93A01F6F752FA2D
:109FD000207B10FB00F228884243D4E93E01F6F7CB
:109FE00049FAD4F8E01009B120468847002029E05A
:109FF0002046FFF768FFD4F8D81009B120468847FB
:10A00000204600F06DF8D4F8DC1009B120468847EE
:10A010002046FFF7F1FEE4E700FB0101D4F8F82049
:10A0200002EB8101226A02EB8002D1ED000A92ED7F
:10A03000000AF4EEC00AF1EE10FA01D281ED000A36
:10A04000401CC0B2217B8142E6D8227B2888D4F80C
:10A05000E81042432068F6F70DFAD4F8E41009B18D
:10A0600020468847206870BD480A00242DE9F04149
:10A07000044694F8280000282AD1627B04F13001BC
:10A0800004F1600004F1380522B3227BA4F8B82063
:10A090000126A4F8BA6004F1B802174606F09EF84B
:10A0A00084F8C800207BA4F8C000A4F8C26004F1C2
:10A0B000C00204F14001164604F1700006F08EF86B
:10A0C00004F8C80F2A463146384605F001FF2070D3
:10A0D000BDE8F0812A4606F081F884F8C800F7E769
:10A0E0002DE9F041044694F82B00002836D1B4F84D
:10A0F0007800A4F8B8000125A4F8BA5004F1B80219
:10A1000004F13801164604F178000F4606F066F8AF
:10A11000AA34A07734F8620CE0822583AA3C04F1CB
:10A12000C002314604F14800904606F09DF898348C
:10A1300084F83000208820846584983C04F19800DD
:10A140003246414606F04AF884F8C80004F130026D
:10A150003146384605F0BCFE84F8C800BDE8F08101
:10A16000F0B58A7D02F0010202728A7DC2F34002DC
:10A1700042728A7DC2F3800282728A7DC2F3C0027B
:10A18000C2728A7DC2F3001282758A7DC2F34012C8
:10A19000C2758B7DC3F3801505738B7DC3F3C0132C
:10A1A0004373CB8AC3F300238373CB8AC3F3402367
:10A1B000C373CB8AC3F380230374CC8AC4F3C02453
:10A1C0004474CE8AC6F300368674CE8AC6F340360F
:10A1D000C674CE8AC6F380360675CE8AF60B4675EF
:10A1E000CF8907800F8A7F4247804F8A87800F7D03
:10A1F0008771497DC171057643768476C67602778C
:10A20000F0BD000010B52DED088BB0EE409ADFEDEB
:10A2100032AA9FED32BA9FED32AADFED320A9FEDEE
:10A22000321A49EE490A80EE810A03F041FEF0EE4F
:10A23000408AB0EE680A06F05DF89FED2C0A30EE19
:10A24000680AF0EE409A05F0FFFDF0EE400A9FED3F
:10A25000280A9FED281A01EE600A04F0EEFCB0EE29
:10A26000408AB0EE690ACAEE08BA06F043F82BEE4F
:10A27000800A03F0AFFE38EEC00AF0EE409A05F017
:10A28000E3FDF0EE400A9FED1C0A9FED1C1A08EE5C
:10A29000080A21EE081A01EE600A04F0CEFCB0EEC6
:10A2A00040AAB0EE690A06F025F86BEE080A20EE27
:10A2B000200A20EE090A20EE2A8AB0EE680A06F08B
:10A2C00019F8DFED0F0A20EE200A60EE0A0A88EE88
:10A2D000200ABDEC088B10BD0000C843B81E853DA8
:10A2E0007F6ABC3D1A51DA3D3D0AD73DFDB5454078
:10A2F00022ADB13CBD57AD3CDE718A3BB81E053E78
:10A300003D0A573D2DE9F0472DED028B824E96ED2B
:10A310008F0A9FED828AB0EE481ADFED818AF0EE57
:10A32000680A06F07DFA86ED8F0A96ED900AB0EE87
:10A33000481AF0EE680A06F073FA86ED900A307A51
:10A34000354605F28C690328A6F16C0805F5806591
:10A350007DD1002496F92404022805D003280CD0CE
:10A36000317A032927D04FE09FED6E0AC4EBC40079
:10A3700006EB800080EDFB0A46E09FED6B0A88ED5E
:10A38000130A06EB8400D0ED8F0AC4EB041006EB31
:10A39000C00090EDB00A484601F0D8F988ED140AE3
:10A3A000D8ED130AC4EBC40030EE800A06EB80003F
:10A3B00080EDFB0A28E038BB98ED010A88ED130A0E
:10A3C00006EB8400D0ED8F0AC4EB041006EBC00747
:10A3D00004EB440000EB041097EDB00A06EB80009C
:10A3E00000F2C44001F0B2F988ED140AD8ED130A66
:10A3F000C4EBC40030EE800AD7EDB80A06EB80004B
:10A4000030EE600A80EDFB0A641CE4B2022CA1D39A
:10A4100046483446D6ED7F0A96EDA60A01F096F935
:10A4200094F8280330B194F8A00318B19FED400AC6
:10A4300085ED270AD4EDFB0A95ED270A70EEC00AD8
:10A44000C4EDFB0AD5ED020A30EE800A00E026E0FA
:10A4500085ED020A94EDB30AD4EDD10A30EE601A0C
:10A4600084EDE91A334801F071F994EDFC0AD5ED59
:10A47000F80A30EE600A84EDFC0A2E48D4EDB30AE7
:10A480004C3094EDD10A01F061F92A4895ED030AA8
:10A490004430D0ED0B0A30EE600A85ED030A307AC5
:10A4A000022821D10024BBEE0E8A88ED138A06EB28
:10A4B0008400D0ED8F0AC4EB041006EBC00090EDD1
:10A4C000B00A484601F042F988ED140AD8ED130AA3
:10A4D000C4EBC40030EE800A06EB800080EDFB0A7E
:10A4E000641CE4B2022CE0D31049D6EDFC0A843996
:10A4F00096EDFB0AA1F1E800F7F728F8D5ED030A7D
:10A5000095ED020A09496839BDEC028BA1F18C0076
:10A51000BDE8F047F7F71AB8280100245C8FC23E67
:10A52000295C0F3E00002043000070C2A0050024FB
:10A5300000000000E40800242DE9F0432DED048B19
:10A540009BB000200790089005900690039004901F
:10A5500000247F4D07AF0DF114080DF10C0905F132
:10A560006C06C4EB041006EBC00090EDB00A90F846
:10A5700028130FA8F8F722FC04EB440006EBC000F8
:10A5800090EDEA0AD0ED830A30EE600AD5ED0B0AB1
:10A5900030EE200A8DED090A90EDEB0AD0ED840A29
:10A5A00030EE600AD5ED0C0A30EE200A8DED0A0A75
:10A5B00090EDEC0AD0ED850A30EE600AD5ED0D0A7B
:10A5C00030EE200A8DED0B0A90EDED0AD0ED860AF3
:10A5D00030EE600AD5ED0E0A30EE200A8DED0C0A41
:10A5E00090EDEE0AD0ED870A30EE600AD5ED0F0A45
:10A5F00030EE200A8DED0D0A90EDEF0AD0ED880ABD
:10A6000030EE600AD5ED100A30EE200A8DED0E0A0C
:10A6100001AA09A90FA8F6F7EDFE9DED010A07EBC7
:10A62000840080ED000AC4EBC400DDED020A06EBF5
:10A630008000C0EDFC0ADDED120A9DED0C1A08EB5E
:10A64000840060EE810AC0ED000A30EE600A09EB7A
:10A65000840080ED000A641CE4B2022C81D33D48E2
:10A66000D6ED950A96EDA90A01F070F8394C2C3C0C
:10A6700094ED010AD4ED140A30EE600A84ED010A6B
:10A6800094ED080A30EE200A84ED080A9FED328A24
:10A690009DED031A95ED112A81EE020ADDED041AF3
:10A6A00081EE821ADDED051A71EEE08ADDED061A03
:10A6B00031EEA09AC8EE820AC9EE021AD6ED502AEF
:10A6C0009FED263A82EE832AD6ED623AC3EE832AC4
:10A6D000B7EE003A85ED023A307A032803D1A4F2AE
:10A6E0006440F7F74DFCDDED030A95ED020A40EEFC
:10A6F000280AC4ED010ADDED040A40EE090AC4EDA2
:10A70000080A0020164AC0EB001106EBC10191F8BF
:10A71000281359B900EB400102EBC101097D03295F
:10A7200004D0022902D0317A022907D1C0EBC0013E
:10A7300006EB810101F5806181ED018A401CC0B208
:10A740000228E0D31BB0BDEC048BBDE8F083000011
:10A75000BC00002454050024000000005077D63DC2
:10A76000BC5A0024D0ED000AD0ED011AB7EE002A41
:10A77000B0EE401A60EEA11A72EE600AB0EE610A05
:10A7800000EE810A80ED010A7047000080ED000AAA
:10A790009FED020A80ED010A7047000000000000F2
:10A7A000F0B40446049E0020012C04D0022C04D0F6
:10A7B000032C04D004E0154802E0154800E01548D9
:10A7C000002821D0DFED140A20EE200ABDEEC00AD9
:10A7D00010EE105A114C44F8100C44F80C1C170AD7
:10A7E000277662762A0AA276E5761A0A22776377B6
:10A7F000A6770B4A92F8E823E27704F11802F0BC3E
:10A8000089B2082305F0B4BEF0BC7047840E002462
:10A81000240F0024C40F002400007A44780B002485
:10A820002801002408B52548016841F002010160B3
:10A83000016801F002010091016841F0010101602D
:10A84000006800F001000090002205210B20FAF7BB
:10A8500077FF0B20FAF766FF002205210C20FAF79C
:10A860006FFF0C20FAF75EFF002205210D20FAF79A
:10A8700067FF0D20FAF756FF002205210E20FAF798
:10A880005FFF0E20FAF74EFF002205213820FAF76D
:10A8900057FF3820FAF746FF002205213920FAF742
:10A8A0004FFF3920FAF73EFF002205214520FAF735
:10A8B00047FFBDE808404520FAF734BFD8440258A6
:10A8C00010B517481549016000218160C16001225F
:10A8D0000274417481740523436182610E24C46152
:10A8E000036243628262C462036341638263C16341
:10A8F0000422026442648164C26401654265816528
:10A90000C1650323036641668266FAF747FB0028A8
:10A9100003D0BDE81040F8F707B810BD00A0004014
:10A92000840E002410B5184816490160002181608A
:10A93000C160012202744174817405234361826104
:10A940000E24C461036243628262C462036340F204
:10A95000563343638263C1630164042242648264A8
:10A96000C264016542658165C16503230366416672
:10A970008266FAF713FB002803D0BDE81040F7F712
:10A98000D3BF10BD00A40040240F002410B5184808
:10A990001649016000218160C160017441748174B5
:10A9A00005224261012383610E24C4610262426276
:10A9B0008362C462026340F2AD6242638363C16337
:10A9C0000422026442648164C26401654265816557
:10A9D000C1650266416608218166FAF7DFFA002840
:10A9E00003D0BDE81040F7F79FBF10BD00D4004072
:10A9F000C40F002410B5AAB01C22214923A8F5F7E2
:10AA000039FD002123A807F0C4FD1E4C20601C2244
:10AA10001B491C311CA8F5F72DFD00211CA807F0CF
:10AA2000B8FD60601C221649383115A8F5F722FDE3
:10AA3000002115A807F0ADFDA0601C22104954317B
:10AA40000EA8F5F717FD00210EA807F0A2FDE060A3
:10AA50001C220B49703107A8F5F70CFD002107A84F
:10AA600007F097FD20611C2205498C316846F5F7F7
:10AA700001FD0021684607F08CFD60612AB010BD21
:10AA8000F03201080000002470B586B0142101A83E
:10AA9000F5F709FD3148016841F0100101600168D6
:10AAA00001F010010091016841F0040101600168AA
:10AAB00001F004010091016841F08001016001682A
:10AAC00001F080010091016841F00201016001681C
:10AAD00001F002010091016841F008010160016884
:10AAE00001F008010091016841F001010160006876
:10AAF00000F0010000901A4E4FF40044002221465D
:10AB00003046FAF771FD012230460921FAF76CFD53
:10AB100001940125029500240394049401A9304670
:10AB2000FAF758FC09200190029503940320049041
:10AB300001A93046FAF74EFC4FF4A05001904FF4B3
:10AB400088100290039401A90648FAF743FC0021FB
:10AB5000E806FCF7AFFE06B070BD0000E044025806
:10AB6000000802580010025810B516481449016038
:10AB70004FF480014160002181600722C2604FF0E4
:10AB80000072026152104261920082611201C26140
:10AB9000016241628162C16242638163C163016497
:10ABA00041648164C164016541658165FCF754FBC2
:10ABB000002803D0BDE81040F7F7B6BE10BD000076
:10ABC000003800406410002410B58AB000240794B7
:10ABD000089409941C216846F5F765FC1648154948
:10ABE000016017214160846042F20F71C16004610D
:10ABF00080218161FDF7AEF808B1F7F795FE079463
:10AC0000099407A90C48FCF761FE08B1F7F78CFE20
:10AC1000602000900194029404940C220648694636
:10AC2000FCF7FDFF08B1F7F77FFE0348FCF7CEFF06
:10AC30000AB010BD00040040DC11002410B5194812
:10AC400017490160184941604FF480518160490003
:10AC5000C160C91001610C21416100218161C161A4
:10AC6000016241628162FDF76FFC08B1F7F75CFE9B
:10AC70000C480021FDF703FA08B1F7F755FE094823
:10AC80000021FDF7D6F908B1F7F74EFE0548FDF7AC
:10AC900045F9002803D0BDE81040F7F745BE10BDC8
:10ACA0000050004080140024A086010010B5184810
:10ACB000164901604FF4E131416000218160C160BB
:10ACC00001610C2242618161C16101624162816264
:10ACD000FDF73AFC08B1F7F727FE0D480021FDF714
:10ACE000CEF908B1F7F720FE09480021FDF7A1F9D8
:10ACF00008B1F7F719FE0648FDF710F9002803D050
:10AD0000BDE81040F7F710BE10BD0000007800400D
:10AD10001415002410B51848164901604FF4E131AC
:10AD2000416000218160C16001610C22426181614A
:10AD3000C161016241628162FDF706FC08B1F7F76B
:10AD4000F3FD0D480021FDF79AF908B1F7F7ECFD86
:10AD500009480021FDF76DF908B1F7F7E5FD064850
:10AD6000FDF7DCF8002803D0BDE81040F7F7DCBDA4
:10AD700010BD0000001C01403C16002410B518480E
:10AD8000164901604FF4E131416000218160C160EA
:10AD900001610C2242618161C16101624162816293
:10ADA000FDF7D2FB08B1F7F7BFFD0D480021FDF715
:10ADB00066F908B1F7F7B8FD09480021FDF739F940
:10ADC00008B1F7F7B1FD0648FDF7A8F8002803D051
:10ADD000BDE81040F7F7A8BD10BD0000001001400D
:10ADE000A815002410B52DED088BF0EE40AAF0EE6A
:10ADF000609AB0EE41AAB0EE619AB0EE428B2AEEB4
:10AE0000AA0A09EEA90A0AEE0A0A05F05BFD6AEE33
:10AE100080AA69EE809A2AEE00AAB5EEC09AF1EEF9
:10AE200010FA17D0B5EEC08AF1EE10FA12D0F5EE96
:10AE3000C08AF1EE10FA0DD029EE090A08EE080AD0
:10AE400008EEA80A05F03EFD29EE009A28EE008AD9
:10AE500068EE808AF0EE4A0AB1EE6A0A03F03CFB23
:10AE6000B0EE40BAF0EE4A0AB0EE690A03F034FBE5
:10AE7000F0EE40AAB0EE6A0A03F0E2FDB0EE40AA9E
:10AE8000B0EE6A0A03F0DCFCF0EE409AB0EE4B0A3A
:10AE900003F0D6FCF0EE40BAB0EE4B0A03F0D0FD62
:10AEA000B5EEC09AF1EE10FA1ED0B5EEC08AF1EE02
:10AEB00010FA19D0F5EEC08AF1EE10FA14D069EE4E
:10AEC0002B0A28EE001A28EE800A41EE0A0A40EE0C
:10AED000290A28EE290A08EECA0AB1EE400A03F050
:10AEE000FBFAB0EE408A01E09FED388AF6EE009A58
:10AEF0002AEEA90AF0EE40AA03F0A2FCF0EE408A86
:10AF00002BEE290AB0EE40AA03F09AFCB0EE409A6C
:10AF100028EE290AB0EE40BA03F092FCB0EE408A67
:10AF2000B0EE6A0A03F08CFDF0EE409AB0EE4A0AE9
:10AF300003F086FDB0EE40AAB0EE4B0A03F080FDB0
:10AF400068EE891A69EE8A2A214A21EE882A02EEE1
:10AF5000802A82ED022A29EE893A28EE8A1A63EEC7
:10AF6000080A41EE400AC2ED030A21EE081A03EE78
:10AF7000001A82ED041A61EE801A42EEC81AC2ED80
:10AF8000051A22EE020A00EEA00A01EE010A01EE05
:10AF9000A10A00F089F9D2ED020A60EE800AC2ED42
:10AFA000020AD2ED030A60EE800AC2ED030AD2ED76
:10AFB000040A60EE800AC2ED040AD2ED050A20EE12
:10AFC000800A82ED050ABDEC088B10BD0000000070
:10AFD000DC0A002410B52DED088BB0EE408BB0EEEE
:10AFE000419AB0EE61BAF0EE429AB0EE62AAB5EEC6
:10AFF000C0BAF6EE00BAF1EE10FA694C09D1F5EEDE
:10B00000C09AF1EE10FA04D1B5EEC0AAF1EE10FA32
:10B0100065D02BEE0B0A09EEA90A0AEE0A0A05F022
:10B0200051FC6BEE002A29EE803A2AEE002AD4ED7C
:10B03000031A94ED050AD4ED020AD4ED043A21EE88
:10B04000801A00EEE31A60EEA11A43EE801AF0EEC9
:10B050006BAA50EEA0AA40EE00AA63EE2A0A42EEC6
:10B06000610A22EE012A02EEEA2A62EEA11A43EEFA
:10B07000411A94ED010AB5EEC00AF1EE10FA20DD96
:10B0800020EE203A94ED091AD4ED062A43EE012A67
:10B09000C4ED062A60EE023A94ED073A03EE813AD7
:10B0A00084ED073A60EE213A94ED080A03EE810A36
:10B0B00084ED080A38EE228A78EE838A39EE009A07
:10B0C00007E09FED380A84ED060A84ED070A84ED57
:10B0D000080A38EE208A78EE828A39EE219A94EDB9
:10B0E000090A20EE2B1A21EE080A61EE280A21EE49
:10B0F000091AD4ED021A94ED032AD4ED042AB1EE14
:10B10000423A63EE003A94ED053A42EEE03A43EEFD
:10B11000413A73EEA14AC4ED024A61EE803A42EE32
:10B12000813A43EE603A73EE823AC4ED033A21EE7F
:10B13000A04A02EE414A03EE004A34EE224A84ED70
:10B14000044A21EE811A02EE201A02EEC01A71EEB4
:10B15000030AC4ED050A24EEA40A03EEA30A04EED2
:10B16000040A00EEA00A05F0ADFBD4ED020A60EE81
:10B17000800AC4ED020AD4ED030A60EE800AC4ED31
:10B18000030AD4ED040A60EE800AC4ED040AD4ED8B
:10B19000050A20EE800A84ED050ABDEC088B10BD7F
:10B1A000DC0A0024000000000E48DFED0D0AC0EDAF
:10B1B000010AB7EE001A80ED021AC0ED030AC0EDD5
:10B1C000040AC0ED050AC0ED060AC0ED070AC0ED8D
:10B1D000080A00210170C1EE000AC0ED090A70479B
:10B1E00000000000DC0A002410B52DED028BF6EE05
:10B1F000008A2B4CF0EE680A04F1280094ED030A53
:10B20000D4ED021A94ED041A40EE400A21EE800AB1
:10B21000D4ED051A01EE210A41EE410A04F000FDC9
:10B2200094ED0A0A9FED1F8A20EE080A84ED0A0AAF
:10B2300094ED030AD4ED050A94ED041A20EE200AD9
:10B24000D4ED020A00EEC10AF8EE000A20EE200A50
:10B2500002F0C0FE20EE080A84ED0B0A94ED040A09
:10B26000D4ED031A94ED051A40EE408A21EE800ACF
:10B27000D4ED021A04F1300001EE810AF0EE680A02
:10B2800041EE410A04F0CCFC94ED0C0A20EE080AD1
:10B2900084ED0C0A01202070BDEC028B10BD000073
:10B2A000DC0A0024E12E6542F6EE000A60EE200A78
:10B2B00010EE100A0A49A1EB600000EE100AB7EE8A
:10B2C000081A20EE802AF0EE411A42EE401A21EED2
:10B2D000800A60EE800A00EEC01A21EE000A704774
:10B2E000DF59375F10B52DED108BB0EE408BB0EE0F
:10B2F000419AF0EE61BAF0EE429AB0EE62AAB0EE78
:10B3000043CAB0EE63BAF0EE44AA84B0B5EEC0CA48
:10B31000F1EE10FA1CD1B5EEC0BAF1EE10FA17D169
:10B32000F5EEC0AAF1EE10FA12D104B0F0EE4A2AFE
:10B33000B0EE692AF0EE6B1AB0EE491AF0EE680A28
:10B34000B0EE480ABDEC108BBDE81040FFF742BEDE
:10B35000F5EEC0BAF6EE00DAF1EE10FAAE4C09D115
:10B36000F5EEC09AF1EE10FA04D1B5EEC0AAF1EEF6
:10B3700010FA7CD02BEEAB0A09EEA90A0AEE0A0AF3
:10B3800005F0A0FA2BEE80DA29EE80EA6AEE00EAF8
:10B390002CEE0C0A0BEE0B0A0AEEAA0A05F092FA42
:10B3A0006CEE009A2BEE00AA6AEE80AAD4ED021A87
:10B3B00021EEA12A8DED002A94ED031A21EE81BA27
:10B3C000D4ED040A61EEA0BA94ED050A61EE801A8C
:10B3D00021EE013A21EE202A21EE00CA60EEA0FA09
:10B3E00060EE80CA20EE00FA7CEE2B0A3DEEEF0AFA
:10B3F00070EE4F2ACDED032A22EEA90A72EE612AE1
:10B40000CDED022A0AEE220A0AEEA00AF0EE000AA8
:10B4100060EE200A32EE210A7DEEC31A20EE290AE0
:10B4200031EECF1ACDED011A0AEE010A3CEECB1A2D
:10B430000AEE810AB0EE001A20EE010A60EEA00AC0
:10B4400040EE000AB0EE600A03F0F7FB3CEE6B1A28
:10B450007CEE8B1A61EE290A4AEE210ADDED011A13
:10B4600071EEEF3AF0EE001A4AEEA30A00E06FE048
:10B4700060EEA10A7BEE2C1A9DED002A32EE6D2AB9
:10B4800032EE0F3ADDED032A22EE802A00EE812A09
:10B49000DDED022A62EE802A40EEA12A3BEE8C4AC4
:10B4A00024EE000A00EEA30A6EEE030A4EEEE10A55
:10B4B0006AEE003A4AEEE23A70EEA30A6EEE813A84
:10B4C0004DEE433A2AEE823A09EEC03A33EE833A21
:10B4D0002DEE210A0EEE410A29EEA21A0AEE421AB8
:10B4E00030EE011A94ED010AB5EEC00AF1EE10FA41
:10B4F00020DD60EE202AD4ED091A94ED062A02EE32
:10B50000A12A84ED062A60EE033AD4ED072A43EE21
:10B51000A12AC4ED072A60EE013A94ED080A03EE71
:10B52000A10A84ED080A38EE028A78EEA28A39EE82
:10B53000009A07E09FED390A84ED060A84ED070AB8
:10B5400084ED080A38EE208A78EE838A39EE019A73
:10B5500094ED090A20EE2D1A21EE080A61EE280A60
:10B5600021EE091AD4ED021A94ED032AD4ED042A2F
:10B57000B1EE423A63EE003A94ED053A42EEE03A1B
:10B5800043EE413A73EEA14AC4ED024A61EE803ABD
:10B5900042EE813A43EE603A73EE823AC4ED033AEA
:10B5A00021EEA04A02EE414A03EE004A34EE224A5E
:10B5B00084ED044A21EE811A02EE201A02EEC01A2E
:10B5C00071EE030AC4ED050A24EEA40A03EEA30AF1
:10B5D00004EE040A00EEA00A05F074F9D4ED020AA4
:10B5E00060EE800AC4ED020AD4ED030A60EE800A20
:10B5F000C4ED030AD4ED040A60EE800AC4ED040A27
:10B60000D4ED050A20EE800A84ED050A00202070A2
:10B6100004B0BDEC108B10BDDC0A0024000000005B
:10B62000FEE700002DE9F0412DED048BB0EE608ABD
:10B63000F0EE418AB0EE619AF0EE429A2B4C44F85B
:10B64000100C44F80C1C10209FED291ADFED290A7C
:10B6500005F0D2F805460C209FED271ADFED270AEA
:10B66000B0EE480A05F0C8F806469FED268A0C2081
:10B670009FED231AF0EE480AB0EE680A05F0BCF818
:10B6800007460C20B1EE041AF0EE480AB0EE490A63
:10B6900005F0B2F880460C209FED1B1ADFED1B0A67
:10B6A000B0EE690A05F0A8F80146280A207665760A
:10B6B0003009A076320142EA1720E07627774FEA78
:10B6C000181060774FEA081242EA1120A077E1775C
:10B6D00004F1180234F80C0C082381B254F8100C51
:10B6E000BDEC048BBDE8F04104F042BF780B0024B0
:10B6F000DA0F4941DA0F49C100003442000034C278
:10B700000000FA430000000000005842000058C248
:10B7100030B5DDE90354017082704370057280ED2D
:10B72000010A448101210173064A054B116843F85F
:10B730002100491C11601E2901D91E20106030BD56
:10B74000D85E0024980B0024FEE70000002814D0E7
:10B75000D0ED111AC0ED121A90ED101A80ED111AE9
:10B76000C0ED070A80ED080A30EEC00A80ED100A2D
:10B77000017829B101295CD09CE09FED500A704707
:10B78000D0ED010A20EE802A80ED0A2AD0ED0B0AC6
:10B79000D0ED021A41EE800AC0ED0B0AD0ED0E1A70
:10B7A000C0ED0F1AD0ED0D1AC0ED0E1AD0ED042A1F
:10B7B00030EE410AB7EE001A62EEA11A31EE621ABB
:10B7C00041EE001AC0ED0D1A90ED030A20EE211A89
:10B7D00080ED0C1A90ED060AF4EEC00AF1EE10FAB4
:10B7E00002DD80ED0B0A08E0B1EE400AF4EEC00A7B
:10B7F000F1EE10FA01D280ED0B0A90ED0B0A32EE59
:10B80000000A30EE010A80ED090AD0ED050AB4EE17
:10B81000E00AF1EE10FA02DDC0ED090A4AE0F1EEAD
:10B82000600AB4EEE00AF1EE10FA43D2C0ED090A64
:10B8300040E070EE410A90ED012A20EE822A80ED70
:10B840000A2AD0ED020A60EE800AC0ED0B0AD0EDA4
:10B850000E2AC0ED0F2AD0ED0D2AC0ED0E2AF0EE13
:10B86000002A01EE620A30EE210A80ED0D0A90ED09
:10B87000031A21EE000A80ED0C0A72EE200A30EE67
:10B88000800AD0ED090A30EE200A80ED090AD0EDD9
:10B89000050AB4EEE00AF1EE10FA02DDC0ED090A85
:10B8A00008E0F1EE600AB4EEE00AF1EE10FA01D21F
:10B8B000C0ED090A90ED090A704700000000000081
:10B8C000002819D09FED0D0A80ED120A80ED110AB3
:10B8D00080ED100A80ED0F0A80ED0E0A80ED0D0A52
:10B8E00080ED0C0A80ED0B0A80ED0A0A80ED090A52
:10B8F00080ED070A80ED080A704700000000000094
:10B9000000282AD0002A28D0017092ED001A80ED7C
:10B91000011A92ED011A80ED021A92ED021A80EDE1
:10B92000031A9FED0E1A80ED041A80ED050AC0ED92
:10B93000060A80ED0F1A80ED0E1A80ED0D1A80EDCB
:10B94000091A80ED0C1A80ED0B1A80ED0A1A80EDB1
:10B95000121A80ED111A80ED101A704700000000D5
:10B9600000B5AFB0B8216846F4F79DFD00204FF454
:10B970000041CDE9001018200290C8200390022059
:10B9800004900590069000200790202108910990CE
:10B9900008061B906846FAF703F9002801D0F6F76D
:10B9A000C3FF2FB000BD000020EE201AB0EEC11A78
:10B9B000DFED101A21EE211ADFED0F1A60EE211AC9
:10B9C00021EE800ADFED0D1A60EEA11A01EEA00A49
:10B9D000DFED0B0A30EE200ADFED0A0A31EE000A35
:10B9E00020EE200AB5EEC00AF1EE10FA01D29FED6A
:10B9F000060A70474F020636FC110434C3031C3498
:10BA0000355E8A3FCDCC8C3F000000002DE9F04729
:10BA1000044688460027DFF81491D9F80000C04397
:10BA2000800709D0414D283D286820F080602860BB
:10BA3000F9F7E2FD064609E00120BDE8F087F9F7D5
:10BA4000DBFD801B022801D90320F6E728680001EE
:10BA5000F5D4D9F80000216820F47C3040EA0130A8
:10BA6000C9F80000A0884FF6FF72A168401E491E69
:10BA7000C0F3080002EA41210843A1894FF4FE0205
:10BA8000491E02EA01410843217C1202491E02EAD2
:10BA9000016108432549103108602448001D0168F0
:10BAA000626921F0C001114301600168A26921F0BF
:10BAB000200111430160016821F0100101601B4960
:10BAC00014310A684FF6F8739A43E36942EAC302F5
:10BAD0000A60016841F010010160B8F1000F0ED05A
:10BAE000B8F1010F10D0016841F40011016028681D
:10BAF00040F080602860F9F77FFD044610E001689F
:10BB000041F400210160F2E7016841F48011016015
:10BB1000EDE7F9F771FD001B022801D903208CE73E
:10BB200028680001F5D5384687E700002844025808
:10BB30002DE9F047044688460027DFF81491D9F82C
:10BB40000000C043800709D0414D283D286820F0FF
:10BB500080502860F9F750FD064609E00120BDE855
:10BB6000F087F9F749FD801B022801D90320F6E789
:10BB700028688000F5D4D9F80000218820F07C7076
:10BB800040EA0150C9F80000A0884FF6FF72A16892
:10BB9000401E491EC0F3080002EA41210843A18962
:10BBA0004FF4FE02491E02EA01410843217C1202C1
:10BBB000491E02EA016108432549183108602448FA
:10BBC000001D0168626921F4406111430160016850
:10BBD000A26921F4007111430160016821F48071B0
:10BBE00001601B491C310A684FF6F8739A43E369F8
:10BBF00042EAC3020A60016841F480710160B8F151
:10BC0000000F0ED0B8F1010F10D0016841F0807123
:10BC10000160286840F080502860F9F7EDFC044688
:10BC200010E0016841F480010160F2E7016841F42D
:10BC300000010160EDE7F9F7DFFC001B022801D9E4
:10BC400003208CE728688000F5D5384687E7000098
:10BC5000284402580148FBF7E7B9000064100024AB
:10BC600010B502685169936943F008039361026853
:10BC7000936943F0100393610268136823F0010392
:10BC800013600268136940F26F34A34313610268C2
:10BC9000936823F44043936090F88120042A0CD0E9
:10BCA0008A060AD5D0F8842042F08002C0F88420A9
:10BCB0000268936943F02003936190F88120032A7E
:10BCC0000CD04A060AD5D0F8842042F00402C0F80D
:10BCD00084200268936943F0400393618A050AD582
:10BCE000D0F8842042F00102C0F8842002689369F1
:10BCF00043F400739361C9050AD5D0F8841041F06C
:10BD00000801C0F8841001688A6942F480728A616F
:10BD1000002120F8621F018110BD10B5806B002149
:10BD20006230018101800121C1776238FBF77AF925
:10BD300010BDC16B012202EB5111C068401CC01D37
:10BD4000C008484370472DE9F04106460D461746A6
:10BD50001C46DDF8188008E0F9F74EFCA0EB08005F
:10BD6000A04201D3601C0BD154B13068406935EA60
:10BD7000000007D00020B842EED00020BDE8F081DE
:10BD80000320FBE70120F6E72DE9F0472DED048BBA
:10BD90005E4C204600F10C05217A00F1540600F1BA
:10BDA0009C07022900F1E40826D0032924D09FED46
:10BDB000588A042939D084ED118A84ED238A84EDD0
:10BDC000358A84ED478A2846F6F75AFD012006F0A9
:10BDD000D3FB3046F6F754FD012006F0CDFB384684
:10BDE000F6F74EFD012006F0C7FBBDEC048B404684
:10BDF000BDE8F047F6F744BD2846F6F741FD0120BF
:10BE000006F0BAFB3046F6F73BFD012006F0B4FB26
:10BE10003846F6F735FD012006F0AEFBBDEC048B8D
:10BE20004046BDE8F047F6F72BBDDFF8E890F8EEA6
:10BE3000088AB0EE089A99F8140003282CD199F8D2
:10BE40002C00032828D1C4ED128AC4ED248A84ED85
:10BE5000369A84ED489A84ED598A84ED6B8AB1EE66
:10BE6000040A2846F6F726FD012006F085FBB1EE10
:10BE7000040A3046F6F71EFD012006F07DFBB1EE08
:10BE8000040A3846F6F716FD012006F075FBB1EE00
:10BE9000040A4046F6F70EFD99F81400022830D146
:10BEA00099F82C0002282CD1C4ED128AC4ED248A02
:10BEB00084ED369A84ED489A84ED598A84ED6B8A34
:10BEC000B7EE080A2846F6F7F5FC012006F054FB09
:10BED000B7EE080A3046F6F7EDFC012006F04CFB01
:10BEE000B7EE080A3846F6F7E5FC012006F044FBF9
:10BEF000BDEC048B4046B7EE080ABDE8F047F6F704
:10BF0000D9BCBDEC048BBDE8F087000028010024FB
:10BF100000000000BC5A00241CB5174800224FF452
:10BF20000071037A032B07D000231448009201927A
:10BF30001A46F5F721FB1CBD0F4B90ED591A6C3BCF
:10BF400093ED110AC1EE000AC0ED570AD0ED6B1A4D
:10BF500081EE801A80ED691ABDEEC10A009201924D
:10BF600010EE100ABDEEE00A03B210EE100A02B2A3
:10BF70000248F5F701FB1CBD28010024240F002412
:10BF8000064C07A094EDFB0AB7EEC00A53EC102B49
:10BF900006F02CFB012006F0EFFAF2E7280100245E
:10BFA00025660A0004F058FC04F00AFB012006F0A4
:10BFB000E3FAF9E710B5502080F31188BFF34F8FF3
:10BFC000BFF36F8F07F0C6F818B104494FF08050E7
:10BFD0000860002080F3118810BD000004ED00E02F
:10BFE00010B59CB04C2109A8F4F75DFA202101A8F6
:10BFF000F4F759FA0220F9F7D5FB00241C48016830
:10C0000021F440410160016801F440410091016860
:10C010008904FCD50121099108040A90022012909C
:10C0200013901490282215921691179018900C20B6
:10C0300019901A941B9409A8FAF708FD08B1F6F7AD
:10C0400073FC3F2001900320029003940820049089
:10C05000402005900690010107910890032101A856
:10C06000FAF766FA002801D0F6F75EFC1CB010BDA6
:10C070001848025810B52D48016841F4700101605C
:10C080002B4A106800F00F00072804D2106820F037
:10C090000F00C01D10602749086840F001000860CB
:10C0A000244B0020103318600B68234C23400B6096
:10C0B000136803F00F03072B04D9136823F00F0351
:10C0C000DB1D13601B4A18321060121D1060121D18
:10C0D0001060184B194A28331A601B1D184A1A6041
:10C0E0001B1D184A1A601B1D18601B1D1A601B1DA2
:10C0F00018601B1D1A601A1D10600A6822F4802245
:10C100000A600C49603108600A48D4300168C904EB
:10C110000BD4016841F4805101600B4A43F2D20113
:10C120001160016821F48051016010BD88ED00E0CC
:10C1300000200052004402587FEDF6EA000202029D
:10C140000000FF0180020101004000520148FBF79E
:10C1500094BC0000281900242DE9F04F02684FF02C
:10C16000804A2A4D2A4E2B4FA842DFF8ACC02B4BF9
:10C1700009D0504507D0B04205D0B84203D0604541
:10C1800001D0984203D122F070044A682243DFF8BC
:10C190009080DFF89090A842DFF88CB015D0504521
:10C1A00013D0B04211D0B8420FD060450DD09842A4
:10C1B0000BD0404509D0484507D0584505D01B4C09
:10C1C000A04202D01A4CA04203D122F44074CA68A3
:10C1D00022434C6922F0800222438C68C4620C68BE
:10C1E0008462A84207D0984205D0404503D0484514
:10C1F00001D0584501D109690163016841F004018A
:10C200000160012141610260BDE8F08F0000014042
:10C210000004004000080040000C00400004014001
:10C2200000400140004401400048014000E000405F
:10C2300000E4004010B5012301F01F018B40046AA7
:10C240009C430462036A8A401343036210BD0000EA
:10C250002DE9F043046A026A22F001020262426898
:10C2600083691D4D2B4023F003030D681D4324F00B
:10C2700002048B682343194E194FDFF868C0B0429F
:10C28000DFF86480DFF8649007D0B84205D06045DD
:10C2900003D0404501D0484505D123F00804CB68C0
:10C2A000234323F00403B04207D0B84205D06045D1
:10C2B00003D0404501D0484507D122F4807222F4D2
:10C2C00000724C6914438A6922434260856149685F
:10C2D00041630362BDE8F0838FFFFEFF0000014071
:10C2E000000401400040014000440140004801407A
:10C2F000F0B5056A026A22F01002026242688369A0
:10C300001A4C234023F440730C6843EA042425F0BC
:10C3100020038D6843EA0513154D164EA84201D03F
:10C32000B04206D123F08003CF6843EA071323F01D
:10C330004003A8420AD0B04208D00F4DA84205D011
:10C340000E4DA84202D00E4DA84209D122F48062BF
:10C3500022F400624D6942EA85028D6942EA850253
:10C3600042608461496881630362F0BDFF8FFFFE14
:10C370000000014000040140004001400044014031
:10C3800000480140F0B5056A026A22F48072026238
:10C390004268C3691A4C234023F003030C681C4312
:10C3A00025F400738D6843EA0523164D164EA84206
:10C3B00001D0B04206D123F40063CF6843EA0723DB
:10C3C00023F48063A8420AD0B04208D00F4DA8429F
:10C3D00005D00F4DA84202D00E4DA84209D122F43B
:10C3E000805222F400524D6942EA05128D6942EAF8
:10C3F00005124260C4614968C1630362F0BD000078
:10C400008FFFFEFF0000014000040140004001409A
:10C41000004401400048014030B5046A026A22F439
:10C42000805202624268C369124D2B4023F440736C
:10C430000D6843EA052324F400548D6844EA05346A
:10C440000D4DA8420BD00D4DA84208D00C4DA8426E
:10C4500005D00C4DA84202D00B4DA84204D122F4C5
:10C4600080424D6942EA85124260C36149680164B5
:10C47000046230BDFF8FFFFE000001400004014058
:10C4800000400140004401400048014030B5056AC9
:10C49000026A22F4803202624268436D114C2340EA
:10C4A0000C681C4325F400330D8943EA05430E4D07
:10C4B000A8420BD00D4DA84208D00D4DA84205D082
:10C4C0000C4DA84202D00C4DA84204D122F4803277
:10C4D0004D6942EA0522426044654968816503620C
:10C4E00030BD00008FFFFEFF00000140000401404E
:10C4F00000400140004401400048014030B5056A59
:10C50000026A22F4801202624268436D114C234099
:10C510000C6843EA042425F400130D8943EA05530B
:10C520000D4DA8420BD00D4DA84208D00C4DA8428D
:10C5300005D00C4DA84202D00B4DA84204D122F4E4
:10C5400080224D6942EA8522426044654968C1659E
:10C55000036230BDFF8FFFFE000001400004014078
:10C560000040014000440140004801400548006887
:10C57000016841F010010160034980220148FCF785
:10C58000F3B900003C160024745B00241CB5DFF8EE
:10C59000A4900127284C4FF4967A284E40F2555B20
:10C5A000274D4FF000085946207A00902068B9F9CD
:10C5B0005920C38AD9F8750000EE100A0320FEF74F
:10C5C000EFF8012005F0D8FF2068B0F90410B0F9A9
:10C5D0000000CDE90001B6F902300320B6F90020D1
:10C5E00040F2565105F0E4FD012005F0C5FF20683A
:10C5F000B0F90610514501DB2F7001E085F800808D
:10C60000B0F90400504501DB6F7001E085F801804E
:10C6100068782978CDE90010F3790320B27940F2E7
:10C62000575194EDA90A05F0F9FD012005F0A4FF8A
:10C63000B9E700000C580024280100248E5600247D
:10C64000140A00240148FBF7A9BD0000801400244F
:10C6500010B507480068C169C943C90603D4102151
:10C66000016201F06BFBBDE810400148FBF796BD8D
:10C670001415002430B5416E002917D00268916866
:10C68000C1F342619268520F0B4B9C5C250103F190
:10C690000804A25CB5FBF2F2A0F86A205A5C615C67
:10C6A0001201B2FBF1F1A0F8681030BD0121683031
:10C6B0004180018030BD00001434010890F828103A
:10C6C000090706D501684A68836B22F400421A43C1
:10C6D0004A6090F82810C90706D001684A68C36A02
:10C6E00022F400321A434A6090F82810890706D5D0
:10C6F00001684A68036B22F480321A434A6090F85A
:10C700002810490706D501684A68436B22F4802245
:10C710001A434A6090F82810C90606D501688A684D
:10C72000C36B22F480521A438A6090F8281089065D
:10C7300006D501688A68036C22F400521A438A60A5
:10C7400090F82810490611D501684A68436C22F414
:10C7500080121A434A60416CB1F5801F06D101680E
:10C760004A68836C22F4C0021A434A6090F8281089
:10C77000090606D501684A68C06C22F4002202430B
:10C780004A6070472DE9F84304460025C4F89050EC
:10C79000F8F732FF8046206800686FF07E474FF060
:10C7A0002006000716D50022434631042046009794
:10C7B00000F016FF70B1206850E8001F21F08001E2
:10C7C00040E80012002AF6D1843466602570032008
:10C7D000BDE8F88320680068400720D50022434662
:10C7E0004FF480012046009700F0FAFEB8B12068AF
:10C7F00050E8001F21F4907140E80012002AF6D1A1
:10C800002068083050E8001F21F0010140E80012C4
:10C81000002AF5D18434A66025700320D8E76C3453
:10C82000E66126622560656025760020D0E710B5B8
:10C83000806B0021A0F85E10FBF798FC10BD70B56E
:10C84000846BD4F88800D4F88C50216889684FF044
:10C850000006090606D5212804D1A4F85660204612
:10C8600000F0CAF820688068400606D5222D04D161
:10C87000A4F85E60204600F083F8D4F8900040F001
:10C880001000C4F890002046FBF770FC70BD014614
:10C8900010B5886B0023C969B1F5807F2DD0A0F851
:10C8A0005E30016851E8002F22F4807241E80024D4
:10C8B000002CF6D10168083151E8002F22F0010266
:10C8C00041E80024002CF5D10168083151E8002F1F
:10C8D00022F0400241E80024002CF5D12021C0F8CC
:10C8E0008C10C16E012908D1016851E8002F22F097
:10C8F000100241E80024002CF6D10367C16E012923
:10C9000002D0FCF755F810BDB0F85C10FBF776FBD1
:10C9100010BD10B5806B01210167C16E012902D0E5
:10C92000FCF747F810BDB0F85C104908FBF766FB50
:10C9300010BD014610B5886BC969B1F5807F16D06E
:10C940000021A0F856100168083151E8002F22F0AC
:10C95000800241E80023002BF5D1016851E8002F47
:10C9600042F0400241E80023002BF6D110BDFCF755
:10C9700069F810BD10B5806BFCF770F810BD0000B1
:10C9800010B5016851E8002F22F4907241E80023AD
:10C99000002BF6D10E4B0168083151E8002F1A40E8
:10C9A00041E80024002CF6D1C16E012908D10168AC
:10C9B00051E8002F22F0100241E80023002BF6D1AD
:10C9C0002021C0F88C100021C166416710BD000015
:10C9D000FEFFFFEF10B5016851E8002F22F0400282
:10C9E00041E80023002BF6D12021C0F88810002157
:10C9F0008167FCF727F810BD016851E8002F22F08D
:10CA0000C00241E80023002BF6D10168083151E84B
:10CA1000002F22F4000241E80023002BF5D1202151
:10CA2000C0F888107047000010B5B0F86020D0F84A
:10CA30008C300168222B04D0886940F0080088619E
:10CA400010BD496A50F8583F114019800168891C8F
:10CA50000160C188491EC180C18858380029EFD1C2
:10CA6000016851E8002F22F4907241E80023002B66
:10CA7000F6D10168083151E8002F22F0010241E8A7
:10CA80000023002BF5D12021C0F88C10002444672E
:10CA90000467164A016891420BD04968090208D51B
:10CAA000016851E8002F22F0806241E80023002B4A
:10CAB000F6D1C16E012902D0FBF77AFF10BDC46622
:10CAC000016851E8002F22F0100241E80023002BFA
:10CAD000F6D10168CA69D243D20601D410220A6293
:10CAE000B0F85C10FBF78AFA10BD0000000C00588B
:10CAF0002DE9F0470446B4F860802068C569D0F895
:10CB000000908668D4F88C10222905D0816941F004
:10CB100008018161BDE8F087B4F868A0002743E010
:10CB20002068406AA16D00EA08000880A06D801CA2
:10CB3000A065B4F85E00401EA4F85E002068C569D8
:10CB400069072ED0E9070AD05FEAC95107D501214C
:10CB50000162D4F8900040F00100C4F89000A807EA
:10CB60000AD5F00708D0216802200862D4F89000A6
:10CB700040F00400C4F8900068070AD5F00708D018
:10CB8000216804200862D4F8900040F00200C4F844
:10CB90009000D4F8900020B12046FBF7E7FAC4F8E3
:10CBA0009070B4F85E0010B3BAF1000F01D0A8067F
:10CBB000B6D4B4F85E000028ACD0B4F86810814256
:10CBC000A8D92068083050E8001F21F0805140E8C3
:10CBD0000012002AF5D129486067206850E8001F3C
:10CBE00041F0200140E80012002AF6D192E72068C7
:10CBF00050E8001F21F4807140E80012002AF6D1AD
:10CC00001F4A2068083050E8001F114040E8001318
:10CC1000002BF6D12020C4F88C00676727671949DC
:10CC2000206888420BD04068000208D5206850E890
:10CC3000001F21F0806140E80012002AF6D1E06E6A
:10CC4000012803D02046FBF7B3FEB2E7E766206871
:10CC500050E8001F21F0100140E80012002AF6D130
:10CC60002068C169C943C90601D410210162B4F822
:10CC70005C102046FBF7C2F99BE7000029CA0008B8
:10CC8000FEFFFFEF000C005810B5B0F86020D0F8A0
:10CC90008C300168222B04D0886940F0080088613C
:10CCA00010BD496A114050F8582F11700168491C95
:10CCB0000160C188491EC180C18858380029EFD160
:10CCC000016851E8002F22F4907241E80023002B04
:10CCD000F6D10168083151E8002F22F0010241E845
:10CCE0000023002BF5D12021C0F88C1000244467CC
:10CCF0000467164A016891420BD04968090208D5B9
:10CD0000016851E8002F22F0806241E80023002BE7
:10CD1000F6D1C16E012902D0FBF74AFE10BDC466F0
:10CD2000016851E8002F22F0100241E80023002B97
:10CD3000F6D10168CA69D243D20601D410220A6230
:10CD4000B0F85C10FBF75AF910BD0000000C005859
:10CD50002DE9F0470446B4F860802068C569D0F832
:10CD600000908668D4F88C10222905D0816941F0A2
:10CD700008018161BDE8F087B4F868A0002743E0AE
:10CD80002068406AA16D00EA08000870A06D401C90
:10CD9000A065B4F85E00401EA4F85E002068C56976
:10CDA00069072ED0E9070AD05FEAC95107D50121EA
:10CDB0000162D4F8900040F00100C4F89000A80788
:10CDC0000AD5F00708D0216802200862D4F8900044
:10CDD00040F00400C4F8900068070AD5F00708D0B6
:10CDE000216804200862D4F8900040F00200C4F8E2
:10CDF0009000D4F8900020B12046FBF7B7F9C4F8B2
:10CE00009070B4F85E0010B3BAF1000F01D0A8061C
:10CE1000B6D4B4F85E000028ACD0B4F868108142F3
:10CE2000A8D92068083050E8001F21F0805140E860
:10CE30000012002AF5D129486067206850E8001FD9
:10CE400041F0200140E80012002AF6D192E7206864
:10CE500050E8001F21F4807140E80012002AF6D14A
:10CE60001F4A2068083050E8001F114040E80013B6
:10CE7000002BF6D12020C4F88C006767276719497A
:10CE8000206888420BD04068000208D5206850E82E
:10CE9000001F21F0806140E80012002AF6D1E06E08
:10CEA000012803D02046FBF783FDB2E7E766206840
:10CEB00050E8001F21F0100140E80012002AF6D1CE
:10CEC0002068C169C943C90601D410210162B4F8C0
:10CED0005C102046FBF792F89BE7000089CC000825
:10CEE000FEFFFFEF000C00582DE9F04387B0044629
:10CEF0000026DFF8FC9320682269A168E3691143EA
:10CF000062691A4311430268FA4B1A400A430260ED
:10CF100020684168E26821F4405111434160A069F2
:10CF20002168494501D0226A10438A68F24B1A40B1
:10CF300002438A602068C16A626A21F00F011143CE
:10CF4000C162EE4A2068EE4990421DD1096801F0A5
:10CF50003801182912D005DC51B108290AD010294E
:10CF600004D109E020290BD028290BD080212DE104
:10CF700001212BE1042129E1082127E1102125E1EC
:10CF8000202123E1402121E1DE4A904217D10968A6
:10CF900001F00701062910D2DFE801F003050709B7
:10CFA0000B0D002112E1042110E108210EE11021F6
:10CFB0000CE120210AE1402108E1802106E1D24A6A
:10CFC000904217D1096801F00701062910D2DFE865
:10CFD00001F0030507090B0D0021F7E00421F5E03E
:10CFE0000821F3E01021F1E02021EFE04021EDE005
:10CFF0008021EBE0C54A904217D1096801F0070192
:10D00000062910D2DFE801F0030507090B0D002106
:10D01000DCE00421DAE00821D8E01021D6E020216C
:10D02000D4E04021D2E08021D0E0B94A904217D12B
:10D03000096801F00701062910D2DFE801F00305B5
:10D0400007090B0D0021C1E00421BFE00821BDE06C
:10D050001021BBE02021B9E04021B7E08021B5E0FC
:10D06000AC4A90421DD1096801F03801182912D04C
:10D0700005DC51B108290AD0102904D109E0202982
:10D080000BD028290BD08021A0E001219EE00421B3
:10D090009CE008219AE0102198E0202196E04021B0
:10D0A00094E09D4A904217D1096801F007010629D2
:10D0B00010D2DFE801F0030507090B0D002185E020
:10D0C000042183E0082181E010217FE020217DE020
:10D0D00040217BE0802179E0904A904217D1096895
:10D0E00001F00701062910D2DFE801F00305070966
:10D0F0000B0D00216AE0042168E0082166E01021A0
:10D1000064E0202162E0402160E080215EE0844A0A
:10D1100090421DD1096801F03801182912D005DCB0
:10D1200051B108290AD0102904D109E020290BD0D7
:10D1300028290BD0802149E0012147E0042145E066
:10D14000082143E0102141E020213FE040213DE063
:10D15000744A90421DD1096801F03801182912D093
:10D1600005DC51B108290AD0102904D109E0202991
:10D170000BD028290BD0802128E0012126E00421B2
:10D1800024E0082122E0102120E020211EE040219F
:10D190001CE0484519D15A49091D096801F00701E9
:10D1A000062910D2DFE801F0030507090B0D022163
:10D1B0000CE004210AE0082108E0102106E020210B
:10D1C00004E0402102E0802100E08021564D4C4ADD
:10D1D0004FF4004C554F4FF000082B11543A48457E
:10D1E00056D110292BD006DC02291AD004291CD0D4
:10D1F000082904D11EE0202929D0402929D0002562
:10D200000126EDB3606A37F81020B5FBF2F06768CD
:10D2100007EB4701814202D8B0EB073F1BD901263B
:10D22000EDE0F8F7EBFA0546EBE704A8F8F7F8FAB3
:10D23000059DE6E701A8F8F7D3FB029DE1E710683A
:10D240008006DED51068C0F3C100C540D9E71D4691
:10D25000D7E76546D5E7002328461946F3F7B8F81F
:10D260000902020241EA1061780810183A460023C8
:10D2700041EB0801F3F7ACF82D4AA0F5407100E04E
:10D2800058E0914202D82168C860B8E00126B6E0B3
:10D29000E0694FF6EF7960456DD1082958D005DC7B
:10D2A00029B301294BD0042906D14CE0102954D0D0
:10D2B00020295AD040295AD000250126D5B3606ACA
:10D2C00037F81000B5FBF0F04100606801EB500149
:10D2D000B1FBF0F0A0F1100149454AD84FF6F071CA
:10D2E0000140C0F3420001432068C16087E022E0B2
:10D2F000000C0058F369FFCFFFF4FF11001001404C
:10D30000544402580044004000480040004C004093
:10D31000005000400014014000780040007C0040B4
:10D3200000180140001C01400090D003FC330108AC
:10D33000FFFC0F0061E0F9F78BFA0546BEE7F9F74D
:10D3400099FA0546BAE704A8F8F76AFA059DB5E721
:10D3500001A8F8F745FB029DB0E710688006ADD53F
:10D360001068C0F3C100C540A8E71D46A6E76546A2
:10D37000A4E7012643E008292ED005DCF9B10129F4
:10D3800021D0042906D122E010292AD0202930D02A
:10D39000402930D0002501267DB3606A37F810009F
:10D3A000B5FBF0F1606801EB5001B1FBF0F0A0F1CA
:10D3B0001001494522D8216880B2C8601FE0F9F702
:10D3C00047FA0546E8E7F9F755FA0546E4E704A801
:10D3D000F8F726FA059DDFE701A8F8F701FB029DA3
:10D3E000DAE710688006D7D51068C0F3C100C540E1
:10D3F000D2E71D46D0E76546CEE700E001260120D2
:10D40000683460802080C4F80C80C4F8108007B0B5
:10D410003046BDE8F083000070B5044644F8581F5C
:10D42000A2800021A16322206063A06A583C0028EA
:10D430001DD01F4BC363241D1E48E36F1864E36FA8
:10D440001D48D864E06F0165134654F8041CE56F6D
:10D45000606D2431241F02462846F7F705F930B1E4
:10D4600010208C34606020202060012070BD206975
:10D4700040B1206850E8001F41F4807140E800127C
:10D48000002AF6D12068083050E8001F41F0010161
:10D4900040E80012002AF5D12068083050E8001F4B
:10D4A00041F0400140E80012002AF5D1002070BD93
:10D4B0008FC8000813C900083FC8000870B581650F
:10D4C000A0F85C20A0F85E2000234367FF24816859
:10D4D0004FF48055A94209D1016911B1A0F860400B
:10D4E0000BE040F2FF11A0F8601006E07F26C1B10A
:10D4F000B1F1805F1DD0A0F86030C0F890302221DB
:10D50000C0F88C100168083151E8003F43F0010376
:10D5100041E80034002CF5D1416EB1F1005F11D02B
:10D5200034E0016911B1A0F86060E6E7A0F860405E
:10D53000E3E7016919B13F21A0F86010DDE7A0F829
:10D540006060DAE7B0F8681091421FD88168A9429C
:10D5500001D10169B9B11E494167016941B1016851
:10D5600051E8002F42F4807241E80023002BF6D1ED
:10D570000168083151E8002F42F0805241E8002351
:10D58000002BF5D121E013494167E6E78168A94204
:10D5900001D1016969B110494167016961B101684F
:10D5A00051E8002F42F4907241E80023002BF6D19D
:10D5B0000BE00A494167F0E7016851E8002F42F0AB
:10D5C000200241E80023002BF6D1002070BD0000AE
:10D5D00051CD0008F1CA000889CC000829CA00080A
:10D5E0002DE9F04704460D4617469846089E4FF031
:10D5F000000935E0701C33D0F7F7FEFFA0EB080000
:10D60000B04219D8C6B120680168490728D5802DD5
:10D6100026D0402D24D0C169C94309070ED4206803
:10D62000082505622046FFF7ABF9C4F8905084F84E
:10D6300084900120BDE8F0870320FBE7C069C04368
:10D6400000050DD421684FF4006008622046FFF702
:10D6500097F92020C4F8900084F884900320E9E72B
:10D660002068C06935EA000004D00020B842C1D06B
:10D670000020DFE70120F9E740F6B83004F07CFF36
:10D6800003F03AFA4FF4FA6004F076FF084C41F2E6
:10D690008835217D012904D103F02EFA284604F0B3
:10D6A0006BFF03F06BFF1E2004F066FFF1E7000044
:10D6B0008E56002410B507480068C169C943C906E1
:10D6C00003D41021016200F0BDFABDE8104001480A
:10D6D000FAF764BD3C1600240148FAF75FBD00006C
:10D6E000A815002410B52DED088B544C606890ED02
:10D6F000000A84EDA40AD0ED030AC4EDA50AD0ED1A
:10D70000010AC4EDA60AD0ED040AC4EDA70AD0EDC3
:10D71000020AC4EDA80AD0ED050AC4EDA90AD0EDAD
:10D7200006AA90ED07BAD0ED08BA01F089F8F0EE3C
:10D73000408A94EDA40A01F083F9B0EE409A94ED8A
:10D74000A60A01F07DF8B0EE408A94EDA60A01F039
:10D7500077F9B0EE40AA94EDA80A01F071F8F0EE66
:10D76000409A94EDA80A01F06BF9DFED350A6AEEF4
:10D77000200AC4ED9F0A9FED332A29EE021A61EEBA
:10D78000081AC4EDA01A28EE821A21EE081A84EDB8
:10D79000A11A7AEEE00AC4ED9C0A7BEE610AC4EDA0
:10D7A0009D0A3BEEC11A84ED9E1A68EE293A29EED5
:10D7B0000A1A61EE292A48EEC02A68EE8A1A21EE7A
:10D7C000A93A09EE003A28EE004A21EE001A08EEC6
:10D7D000A91A21EE800A09EE690AF1EE4A1A69EEE9
:10D7E000084A28EE885A63EEAA3A42EE8B3A43EE94
:10D7F0002B3AC4EDAA3A64EE2A2A41EE0B2A40EEF7
:10D800002B2AC4EDAB2A21EEAA0A04EE8B0A05EE00
:10D810002B0A30EE420A84EDAC0A94EDA40AB1EE74
:10D82000400A84EDA20A94EDA50AB1EE400A84ED07
:10D83000A30AC4ED9A0ABDEC088B10BD2801002490
:10D84000CDCC1CC1CDCC1C41034890ED000A03484F
:10D8500080EDF90A70470000C85600242801002412
:10D860002DE9F0472DED068B86B000260121934D62
:10D870008C1E204695ED0A0ADFED910A05F0DEF9CF
:10D8800085EDBD0A0121204695ED1C0ADFED8D0ACC
:10D8900005F0D4F985EDBE0A012195ED2E0A084662
:10D8A000DFED890A05F0CAF985EDDB0A012195ED66
:10D8B000400A0846DFED850A05F0C0F985EDDC0A6F
:10D8C00095ED080AB1EE400A85EDBF0A95ED1A0AFA
:10D8D000B1EE400A85EDC00A95ED2C0A85EDDD0A12
:10D8E00095ED3E0A85EDDE0A95ED090AB1EE400A96
:10D8F00085EDBB0A95ED1B0AB1EE400A85EDBC0A29
:10D9000095ED2D0A85EDD90A95ED3F0A85EDDA0AE8
:10D9100095ED500AD5ED4C0AB1EE400A80EE201A82
:10D9200085EDC21A95ED620AD5ED5E0A80EE201AE9
:10D9300085EDE01ADFED669A9FED669ADFF898A113
:10D94000A5F16C094FF00008C6EB061005EBC0040A
:10D9500094EDB1AA94EDAE8AD4EDB48AD4EDBE0AAA
:10D9600094EDBD0A04A8F5F75FFC9DED040A84ED73
:10D97000B00A9DED050A84EDAD0A39EEC00AD5ED79
:10D98000A20A30EE600A84EDB30A04F54377D4EDC1
:10D99000BE0A94EDBD0A3846F3F7F8FBD4EDC00A91
:10D9A00094EDBF0A02A93846F5F764FD95EDB00A7B
:10D9B000FCF728FC84EDB80A9DED021A84EDB11A3B
:10D9C0009DED030A84EDAE0AD5EDA31AF1EE400AEF
:10D9D00070EEE10AC4EDB40AD5F8780871EE4A1A7F
:10D9E00001EE100AB8EE411A21EE092A81EE821AE0
:10D9F00084EDB21AD5F8780830EE481A00EE100A15
:10DA0000B8EE400A60EE091A81EE210A84EDAF0AF1
:10DA1000D5F8780870EEE80A00EE100AB8EE400A71
:10DA200020EE091A80EE810A84EDB50AD4EDBC0A15
:10DA300094EDBB0A38466946F5F798FC9DED008ADF
:10DA400084EDB68ADDED018AC4EDB78A99ED030A4B
:10DA500000F0F6FF20EE280AD4EDB00AC0EE208ACE
:10DA600099ED030A00F0ECFE48EE008A94EDB80A46
:10DA700038EE800A84EDC70A10EE100A504509DA24
:10DA8000C4F82483D4F82003D5F878180844C4F8DF
:10DA9000200308E0D4F82403D5F878180844C4F823
:10DAA0002403C4F82083761CF6B2022EFFF44CAF98
:10DAB00006B0BDEC068BBDE8F0870000280100240D
:10DAC000CFC5434000DF1D3DE3544740C4661F40BF
:10DAD000DB0FC93F6F12833A0000F04170B500249C
:10DAE0000C4D04EBC40005EBC0000C30F5F764FCF2
:10DAF000641CE4B2042CF4D3002404EBC40005EB52
:10DB0000C00000F59670F5F757FC641CE4B2022CD7
:10DB1000F3D370BD2801002470B5414C207A03284E
:10DB200053D194EDEA0AD4EDF00A30EE200AF6EE75
:10DB3000000A20EE200A94EDEB1AD4EDF11A31EE32
:10DB4000211A61EE200AA4F16C0300211878E8BBC9
:10DB5000344AD4F84C0290425DDD2046324E10EE3D
:10DB6000102A01250068B24209DD10EE902A2F4EDE
:10DB7000B24204DDB0F90420642A00DB1D702C4A97
:10DB8000537D012B23D0B0F9040010F1C80F1EDD26
:10DB9000D07C01281BD0224B94F92404254D012868
:10DBA000D3F8C022D3F8383316D002281FD01C4A2D
:10DBB0000328D2F8282425D0002806D0B2F57A7F91
:10DBC00003D9C4F8281484F8241470BD23E0C4F8E1
:10DBD000281484F82454F8E7174EB242F5DAB34219
:10DBE000F3DAC4F82814285C84F82404EDE7134E13
:10DBF000B242EADDB342E8DDC4F82814285C84F8B8
:10DC00002404E2E7B2F5967FDFD9C4F82814285C33
:10DC100084F82404D9E7C4F8281484F82414D4E739
:10DC200028010024CDCC4C3E9A99993E9A99193EF0
:10DC30008E560024B05600240AD7233E3333B33E19
:10DC4000FEE7000010B53748FAF741FA3648374981
:10DC5000006888423AD035491831884236D0334975
:10DC60003031884232D03149483188422ED02F4954
:10DC7000603188422AD02D497831884226D02B49FC
:10DC80009031884222D02949A83188421ED02849A3
:10DC900088421BD026491831884217D02449303198
:10DCA000884213D02249483188420FD02049603140
:10DCB00088420BD01E497831884207D01C499031E8
:10DCC000884203D01A49A831884201D1406800E057
:10DCD00040681849C0F18000087017480178592938
:10DCE00014D14178592911D1C278817801EB0221F0
:10DCF00000EE101AA0F18801B8EE400A81ED200A6A
:10DD00000279407902EB0020A1F884000A488021C2
:10DD1000F2F7C9FBBDE81040074980220148FAF735
:10DD200023BE00003C160024B0180024100002405E
:10DD300010040240D8090024745B002410B509487F
:10DD4000FAF7C5F9084802F0CDFD4FF4C87406484B
:10DD50002146F2F7A8FB22460349BDE810400148DE
:10DD6000FAF702BE141500242A59002430B50546DE
:10DD70000C46002D01D0022C01D8002030BD0A48ED
:10DD8000A11E02882846F5F73DFB2919C2B211F8F9
:10DD9000023C9A4206D111F8011CB1EB102F01D1BF
:10DDA000012030BD002030BD2A0C002430B50546CE
:10DDB0000C46002D01D0022C01D8002030BDFF22DE
:10DDC0002846611EF5F736FB291911F8011C81421E
:10DDD00001D1012030BD002030BD00000FB4084B40
:10DDE00010B504A902AA039801F082FB044602A917
:10DDF000002001F00BFF204610BC5DF814FB000072
:10DE00000DFC00087CB50C001D461646014601D0ED
:10DE1000601E00E00020CDE90010064B6A4629464E
:10DE2000304601F065FB002C02D0009A00211170F1
:10DE30007CBD0000F7FB000803B401984100009886
:10DE400050EAC12018BF04204A0D18BF40F001005D
:10DE500040F2FF72B2EB515F08BF40F002000128B0
:10DE600008BF052002B070474100080218BF042017
:10DE70000A0E18BF40F001004FF07F4232EA010164
:10DE800008BF40F00200012808BF052070470907BD
:10DE9000090E002804DB00F1E02080F80014704730
:10DEA00000F00F0000F1E02080F8141D7047000022
:10DEB00010B510EE104A4FF01A402DED028B00EB1A
:10DEC0004400B0F1C85F4AD84FF0FC40B0EB440FBB
:10DED00022D2B0EEC00ADFED310A30EEC00ADFED2B
:10DEE000300A20EE208A18EE100A04F087FE00EEB9
:10DEF000100A14F0004F1DBF9FED2A1ADFED2A0A09
:10DF0000B1EE400A9FED291A08BFF0EE410ADFED9D
:10DF1000281A20EE210A05E020EE008A9FED251A3E
:10DF2000DFED250ADFED251A9FED252A70EEC00AE8
:10DF300020EE080A08EE212ADFED221A48EE021A26
:10DF40009FED212A08EE212ADFED201A48EE021A61
:10DF5000BDEC028B40EE610A30EE810A10BD4FF03D
:10DF6000CC40B0EB440F82BF9FED190ABDEC028B91
:10DF700010BD4FF07F40B0EB440F05D2BDEC028BDB
:10DF8000BDE8104001F01CB9012001F0E9F9BDEC39
:10DF9000028BBDE8104001F019B900000000803F7D
:10DFA0000000003F0000494022AA7D3A0000000026
:10DFB000000000C00000C93F22AAFD3924FE1C3D1C
:10DFC000C78AD83C1E67383D1B93993DAFAA2A3EAD
:10DFD000DB0FC93F10B54FF00E402DED028BB0EEB8
:10DFE000408A18EE104A00EB4400B0F1506F4AD856
:10DFF0004FF0FC40B0EB440F22D2B0EEC80ADFED88
:10E00000360A30EEC00ADFED350A60EE208A18EEDF
:10E01000900A04F0F3FD01EE100A14F0004F1DBF4A
:10E02000DFED2F0A9FED2F0AB1EE411ADFED2E0A28
:10E0300008BF9FED2E0ADFED2E1A21EE218A05E0A2
:10E04000DFED2C0A68EE088AB0EE600A9FED2A1A0E
:10E05000DFED2A1A30EE080A48EE811A9FED281AE1
:10E0600008EEA11ADFED271A48EE811A9FED261A55
:10E0700008EEA11A68EE281ABDEC028B01EE810AA7
:10E0800030EE200A10BD4FF0E440B0EB440F0CD945
:10E0900018EE100AFFF7E8FE042808BF01F09EF80A
:10E0A000B0EE480ABDEC028B10BD4FF07F40B0EBE4
:10E0B000440F07D2B0EE480ABDEC028BBDE8104019
:10E0C00001F07EB8012001F04BF9BDEC028BBDE8F8
:10E0D000104001F07BB800000000803F0000003FCE
:10E0E0000000C9BF22AAFDB90000C93F22AAFD391C
:10E0F000000000C00000000024FE1C3DC78AD83C80
:10E100001E67383D1B93993DAFAA2A3E00000000D0
:10E1100070B565482DED020B2DED048B059D25F0A6
:10E120000044A04218DC6148844202DC0AD1049811
:10E1300040B19DED040BBDEC048B02B0BDE8704016
:10E1400001F01EB8002DCCBF9FED590B9FED5A0B6F
:10E15000BDEC048B02B070BD5948A04215DD594892
:10E16000A042D8BF4FF0FF3455DD9DED040B51ECBC
:10E17000100BFFF761FE042808BF01F015F89DEDB4
:10E18000040BBDEC048B02B070BD9DED040B51EC93
:10E19000100B02F099FACDE904014B489FED4C0BAE
:10E1A000A0421CDD4C48A0420BDD9DED042B002459
:10E1B0009FED4B1B12EE010B32EE011B80EE012B8B
:10E1C00027E09DED041B9DED042B012431EE401B47
:10E1D00032EE000B81EE002B8DED042B1BE042484C
:10E1E000A0420FDD9DED042B02249FED411B9DED10
:10E1F000043B32EE412B03EE010B82EE001B8DED52
:10E20000041B08E09DED040B9FED3B1B032481EEF6
:10E21000002B8DED042B9DED040B3948062120EEDB
:10E22000009B29EE098BB0EE480B784400F01CFFF0
:10E2300020EE099B3348B0EE480B0521784400F0EE
:10E2400013FF20EE080B002C0BDA9DED042B39EEAA
:10E25000001B9DED040BBDEC048B02B002EE410BE4
:10E2600070BD2948784439EE000B00EBC4009DEDE9
:10E27000042B90ED001B254812EE001B9DED040BB6
:10E2800031EE400B784400EBC400002D90ED001BF4
:10E2900031EE400BB8BFB1EE400BBDEC048B02B0C9
:10E2A00070BD000000000000000010440000F07F7E
:10E2B000182D4454FB21F93F182D4454FB21F9BF7C
:10E2C0000000DC3F0000203E0000F33F00000000A3
:10E2D000000000000000F03F0000E63F00000000EA
:10E2E000000000000000004000800340000000002B
:10E2F000000000000000F83F000000000000F0BF38
:10E30000B25F0000785F0000305F0000F05E000048
:10E3100070B5614E2DED040B2DED048B82B0DDF850
:10E3200024C0DDE907235C422CF000411C4341EA94
:10E33000D474069D22F00040B44205D86C422C43B0
:10E3400040EAD474B4420BD99DED081B9DED060B39
:10E3500002B0BDEC048B04B0BDE8704000F013BF08
:10E36000ACF14054A4F17F641C430BD0022404EAB6
:10E37000AC7444EAD27405439FED498B9FED4A2B60
:10E380000DD016E09DED060B51EC100B01F0F4FFE3
:10E3900041EC100B02B0BDEC048B04B070BD002C3E
:10E3A00014BF012C9DED060BF4D0022C2ED0032CB3
:10E3B0002FD00B439FED3E1B9FED3F0B0AD0B14288
:10E3C0001DD1B04209D121F0804120F08040099157
:10E3D000079014E0002ADDDA15E0394B7B44002C6D
:10E3E00008BF93ED000BD5D0012C04BF93ED000BBB
:10E3F000B1EE400BCED0022C08D0032C09D0B04295
:10E400000AD1002AC6DAB0EE410BC3E7B0EE480BE2
:10E41000C0E7B0EE420BBDE7401A00159FED2A9B06
:10E420003C28C8BF8DED000B15DCBCF1000FBCBF54
:10E4300010F13C0F8DED009B0DDB9DED061B9DED5E
:10E44000082B81EE020B51EC100B02F03DF901F0AC
:10E4500093FFCDE9000194B1012C0CD09DED001B80
:10E460009FED1B0B022C31EE400B0CBF38EE400B26
:10E4700030EE480B8EE7019880F0004001909DED52
:10E48000000BB4EE490BF1EE10FA04BF022000F0CD
:10E4900067FF9DED000B7DE70000F07F00000000AE
:10E4A000182D4454FB210940182D4454FB2109C068
:10E4B000182D4454FB21F9BF182D4454FB21F93F7A
:10E4C000605E00000000000000000000000000008E
:10E4D000075C143326A6A13C70B54FF068422DEDC1
:10E4E000048BF0EE408A18EE900AB0EE608A18EEC7
:10E4F000101A02EB4003B3F1654F3CBF02EB41023F
:10E50000B2F1654F7DD200BFC0F3C753C1F3C7520C
:10E510009A1A1B2A09DD10F0004F14BF9FED830AE1
:10E520009FED830ABDEC048B70BD12F11A0F36DA31
:10E5300011F0004F09D010F0004F0CBF9FED7D0A85
:10E540009FED7D0ABDEC048B70BD88EE889A19EEB4
:10E55000100AFFF789FC042808BF00F03FFE18EE00
:10E56000900AFFF781FC054618EE100AFFF77CFCC5
:10E57000044619EE100AFFF777FC042D18BF052D8D
:10E5800008D1042C18BF052C04D1002804BF022098
:10E5900000F0E6FEB0EE490ABDEC048B70BD42000F
:10E5A000B2EB410F3AD910F0004F19BFDFED630A0B
:10E5B0009FED630ADFED630A9FED630AB0EE481A30
:10E5C0000A46B1EE688A80F00041F0EE418A1046BA
:10E5D0000A1A5200B2F1807F34D2484010F0004F46
:10E5E000DFED5A1A9FED5A2A1DBF9FED5A1A70EEA1
:10E5F000E10A30EE420A9FED581A08BF70EEA10AF8
:10E6000000E040E008BF30EE020AB0EE682A01EEFA
:10E61000482A08EE818AC2EE081A15E011F0004F70
:10E6200004BF9FED4E0AF0EE400AD1D010F0004F2B
:10E6300019BFDFED4B0A9FED4B0ADFED4B0A9FED53
:10E640004B0AC5E7C8EE881A21EEA11A9FED482AA9
:10E65000DFED482A41EE022A9FED472A01EE222AE9
:10E66000DFED462A41EE022A9FED452ABDEC048BE0
:10E6700001EE222A21EE811A01EE020A30EE210A71
:10E6800030EE200A70BD4FF07F42B2EB400F28BF42
:10E69000B2EB410F09D2F0EE480AB0EE680ABDECC9
:10E6A000048BBDE8704000F08EBD40EA01035B00C2
:10E6B00008BF41F0FF410BD0B2EB400F08BFB2EBF7
:10E6C000410F08D120F0804008EE900A21F08041EF
:10E6D00008EE101A18E7B2EB400F12BF5FEA4103D1
:10E6E00040F0FF4001F000413FF40EAFB2EB410FAC
:10E6F00012BF5FEA400200F0004041F0FF413FF4EA
:10E7000003AF4A0092EA40033FF5FEAE002AACBFD9
:10E710009FED1C0A9FED1C0A68EE808A28EE008A95
:10E7200018EE900A18EE101AEEE60000DB0FC9BFD3
:10E73000DB0FC93FDB0F4940DB0F49C00000C9BFF9
:10E7400022AAFDB90000C93F22AAFD390060ED3EB2
:10E75000C30ACE37000000BF0000003F00000000E9
:10E76000000049C022AA7DBA0000494022AA7D3A91
:10E770002DAD65BD8FB8D53D0FB511BE61C84C3EFE
:10E78000A8AAAABE0000804F0000802F0000000051
:10E7900010B529499FED261B2DED020B84B005987D
:10E7A00020F000408842D8BF9DED040B2DDD2349A9
:10E7B000884209D1049840B94FF0010000F0D0FD23
:10E7C00000F0E6FC06B010BD05DB9DED040B30EE5D
:10E7D000000B06B010BD68469DED040B00F04CFA2E
:10E7E00010F0030004BF9DED021B9DED000B0CD04B
:10E7F00001280ED09DED021B9DED000B022810D0CC
:10E80000012000F069FC06B010BD00F0BDFB06B0B1
:10E8100010BD9DED021B9DED000B012000F05CFC86
:10E8200001E000F0B1FB06B0B1EE400B10BD0000FE
:10E830000000000000000000FB21E93F0000F07F25
:10E8400010EE101A08B5434A6846B2EB410F26D9BC
:10E850004FF0E640B0EB410F94BF00204FF0FF3087
:10E8600000900098DFED3C0A002860DB10F0010FFB
:10E8700046D060EE000ADFED391A9FED391A10F02C
:10E88000020F00EEE11ADFED371A40EE811A21EE99
:10E89000A01AF0EE400A40EE010A2ED041E0324BC1
:10E8A00021F0004293423FD911F0004FDFED2F0AD3
:10E8B00020EE201ADFED2E0A19BF31EE601A71EE3C
:10E8C000200A31EE201A71EE600ABDEEE01A11EE58
:10E8D000100A9FED281A00F0030000EEC10A9FED18
:10E8E000261A009000EEC10A9FED241A00EEC10A1C
:10E8F0009FED231A00EEC10AB3E7F1EE600A10E0C3
:10E9000020EE000A9FED1F1ADFED1F1A10F0020F14
:10E9100040EE011A9FED1D1A00EE211A40EE010A89
:10E92000EBD1B0EE600A08BD00F060FC99E710EE94
:10E93000100A4000B0F17F4FF3D307D14FF0010030
:10E9400000F00EFDBDE8084000F040BCBDE8084006
:10E9500000F036BCB61F927E0000803F336D4C390C
:10E96000DA82083CA0AA2ABE490E494683F9223F12
:10E970000000004B0000C93F00A0FD390020A23379
:10E980001A61342CB93AB2BACA9F2A3DDDFFFFBEE4
:10E9900010B529499FED261B2DED020B84B005987B
:10E9A00020F000408842DCBF00209DED040B2EDDEE
:10E9B0002249884209D1049840B94FF0010000F083
:10E9C000CFFC00F0E5FB06B010BD05DB9DED040BB0
:10E9D00030EE000B06B010BD68469DED040B00F054
:10E9E0004BF910F003000DD0012814D09DED021B4F
:10E9F0009DED000B022816D000F0C6FA06B0B1EE6D
:10EA0000400B10BD9DED021B9DED000B012000F0A1
:10EA100063FB06B010BD9DED021B9DED000B00F0E9
:10EA2000B3FA06B010BD012000F056FBE6E7000087
:10EA30000000000000000000FB21E93F0000F07F23
:10EA400000B510EE101A2DED028B81B0524A6846C7
:10EA5000B2EB410F2ED94FF0E640B0EB410F94BF1F
:10EA600000204FF0FF3000900098B0EE408A002860
:10EA70006ADB10F0010F4BD068EE080A9FED471AD1
:10EA80009FED470A00EE810A9FED461A00EE801ABC
:10EA90009FED450A10F0020F00EE810A02BF01B09F
:10EAA000BDEC028B00BD00BF01B0B1EE400ABDEC71
:10EAB000028B00BD3D4B21F00042934241D911F041
:10EAC000004FDFED3B0A20EE201ADFED3A0A19BFB6
:10EAD00031EE601A71EE200A31EE201A71EE600AF2
:10EAE000BDEEE01A11EE100A9FED331A00F003009C
:10EAF00000EEC10A9FED311A009000EEC10A9FEDB1
:10EB0000301A00EEC10A9FED2F1A00EEC10AABE7E2
:10EB100028EE080A9FED2C1ADFED2C0A10F0020FE8
:10EB200040EE410A9FED2A1A00EE201A61EE000A1B
:10EB3000B0EE480A08EE200AB6D101B0BDEC028B57
:10EB400000BD00F053FB8FE718EE100A4000B0F153
:10EB50007F4F0DD218EE100AFFF786F9042808BF80
:10EB600000F03CFBB0EE480A01B0BDEC028B00BDEA
:10EB700009D1012000F0F4FB01B0BDEC028B5DF87F
:10EB800004EB00F023BB01B0B0EE480ABDEC028BF1
:10EB90005DF804EB00F014BBB61F927EB93AB2BA2E
:10EBA000CA9F2A3DDDFFFFBE0000803F490E494657
:10EBB00083F9223F0000004B0000C93F00A0FD394F
:10EBC0000020A2331A61342C336D4C39DA82083CB0
:10EBD000A0AA2ABE00B52DED028BB1EEC08B83B08A
:10EBE00018EE100A18EE901A8DED008B002818BF51
:10EBF0000120084320F00040C0F17F6000F1E040B8
:10EC0000C00F14D010EE101A10EE900A8DED000B0C
:10EC1000002918BF0121084320F00040C0F17F60A7
:10EC200000F1E040C00F04BF012000F099FBB0EEFE
:10EC3000480B03B0BDEC028B00BD10B52DED028B6F
:10EC4000B1EEC08A18EE100A20F00040C0F1FF407B
:10EC5000C00F0AD010EE100A20F00040C0F1FF40B3
:10EC6000C00F04BF012000F07BFBB0EE480ABDECF2
:10EC7000028B10BD000000002DE9F14F04462DED80
:10EC8000020B2DED048B94B09FED9D0B80ED020BDC
:10EC9000199E9D4826F0004585420ADC9DED180B23
:10ECA000002084ED000B14B0BDEC048B03B0BDE874
:10ECB000F08F96489FED969B9FED978BA84225DDA0
:10ECC00097489FED991B9FED9A2B9DED180B002EF9
:10ECD0000DDD30EE490B854212BF30EE480B30EEB1
:10ECE000410B30EE420B84ED000B0120DBE730EEF0
:10ECF000090B854212BF30EE080B30EE010B30EEEF
:10ED0000020B84ED000B4FF0FF30CCE78A48A8429D
:10ED100053DB9DED180B51EC100B01F0D5FC41ECD1
:10ED2000100BB0EE401B9FED862B9FED870B290D3E
:10ED3000DFF81CC201EE020B0120FDEEC00B10EE4D
:10ED4000903A00EE903AB8EEE02BB0EE410B02EEB6
:10ED5000490B22EE081BFC44032830EE411B84EDD6
:10ED6000001B1DD011EE902A00EB4015113DC2F39F
:10ED70000A528A1A954213DA0CEB0012B0EE403BAD
:10ED800092ED000B401C20EE021B33EE410B33EEE4
:10ED9000403B33EE411B92ED023B12EE031BDBE7DF
:10EDA000002EA8BF1846BFF67EAF94ED000B584268
:10EDB000B1EE400B84ED000B75E7C6F3130040F491
:10EDC000801EC6F30A50A0F2F530471100F01F056F
:10EDD000C5F12000DDF860B0139000200890099084
:10EDE00005200DF1080C5B49002D07EB000279446A
:10EDF00008BF51F8221009D051F8223001EB8201EE
:10EE0000AB404A68139922FA01F11943A1FB0E267F
:10EE1000A1FB0B131A449A4234BF0123002303EBD6
:10EE200006080CEB8003D3E901A60E448E4234BFE2
:10EE30000121002192448A4411B1924502D903E094
:10EE4000924501D2012100E00021C3E901A641441D
:10EE50004CF82010011EA0F10100C4DC04989DEDC7
:10EE6000050A00F10050810F04989FED3B4B800094
:10EE700001EE100ADDED060A9DED072AB8EEC13B52
:10EE8000B8EE401BB8EE600BB8EE422B002021EE2E
:10EE9000041B9FED334B20EE040B9FED334B22EE12
:10EEA000042B30EE024B34EE014B34EE034B8DED70
:10EEB000004B00909DED004B199834EE433B10F051
:10EEC000004F33EE411B31EE400B32EE401B9DED07
:10EED000000B9FED272B20EE020B9FED272B01EE61
:10EEE000020B9DED001B9FED262B01EE020B1CBFBC
:10EEF0004942B1EE400B84ED000B0846D3E600001A
:10EF00000000000000000000FB21E93F7CD9024026
:10EF100000004054FB21F93F3163621A61B4D03DD7
:10EF2000FB21F93F000000000000601A61B4D03DF1
:10EF30007370032E8A19A33BFB21394100000000A6
:10EF400083C8C96D305FE43F000000000000E03F6F
:10EF5000EE54000086540000000000000000103E47
:10EF6000000000000000103C000000000000103A0B
:10EF70003326A611460B113C182D4454FB21F93DB4
:10EF800000000054FB21F93D10B52DED040B2DEDD3
:10EF9000068B82B0B0EE41AB09989FED299B20F023
:10EFA0000044B4F1795F0FDA9DED080BBDEEC00BA4
:10EFB00010EE100A002801BFB0EE490B02B0BDEC04
:10EFC000068B04B008BF10BD9DED080B1E4806213E
:10EFD00020EE008BB0EE480B784400F045F820EEB0
:10EFE000080B9DED081B1C48844228EE000B01EE27
:10EFF0004A0B9FED171B28EE011BBCBF31EE400BE7
:10F0000039EE400B16DB1548A042BCBF9FED142B18
:10F010008DED002B06DBA4F5001001900020009080
:10F020009DED002B31EE421B39EE422B31EE400BB1
:10F0300032EE400B02B0BDEC068B04B010BD0000F8
:10F04000000000000000F03F34520000000000000B
:10F05000000000000000E03F3333D33F0000E93FF1
:10F06000000000000000D23F491E00EBC102B0EEDC
:10F07000401B92ED000B31F006020DD0491E00EB53
:10F08000C102B0EE403B92ED002B31F00602B0EE33
:10F09000420B03EE010BF1D1022914D004290AD04E
:10F0A000062918BF704790ED0A2B00EE012B90ED5A
:10F0B000080B02EE010B90ED062B00EE012B90EDFC
:10F0C000040B02EE010B90ED022B00EE012B90EDF4
:10F0D000000B02EE010B704731B504462DED040B19
:10F0E0002DED068BB0EE419B07989DED060B20F0B1
:10F0F0000040B0F1795F0DDA51EC100BFEF79CFE89
:10F10000042808BF00F050F89DED060BBDEC068BFF
:10F1100005B030BD20EE008B1348052128EE00AB72
:10F12000B0EE480B7844FFF79FFF9FED111B8CB1A9
:10F130009FED112B29EE022B0AEE402B9DED060BC5
:10F1400018EE029B0AEE419B30EE490BBDEC068B9C
:10F1500005B030BD08EE001B9DED060B0AEE010B5D
:10F16000BDEC068B05B030BD085200000000000069
:10F17000495555555555C5BF000000000000E03FFA
:10F1800030EE000B704730EE010B704700000000BE
:10F190009FED031B81EE010B704700000000000093
:10F1A00000000000000000009FED030B20EE000BAC
:10F1B0007047000000000000000000000000001088
:10F1C00030EE000A704730EE200A7047DFED020A89
:10F1D00080EEA00A70470000000000009FED020AC8
:10F1E00020EE000A70470000000000102DE9F00139
:10F1F0004FF07F42B2EB410F9FBF4FF0FF310160F4
:10F20000BDE8F00170474FF0004242EA0123C1F32C
:10F21000C752783A551112F01F0C434CCCF120061E
:10F220007C44C1F3C752A2F178024FEA621204EBA8
:10F23000820254F8254008BFD2E9015612D0556821
:10F2400004FA0CF425FA06F73C43976805FA0CF526
:10F2500027FA06F8D26807FA0CFCF24045EA0805DE
:10F260004CEA0206A4FB034CA5FB0352A6FB036376
:10F270001D449D4234BF012600261319334416B1A4
:10F28000934202D903E0934201D2012200E000221E
:10F29000624402F1200C9206DC0C42EA443200EE99
:10F2A000102A5B03DFED210AF8EEC01A00EE103AD7
:10F2B0004FEA9C1C11F0004FB8EE400AC0F800C0A5
:10F2C00020EE201A00EE105ADFED190AB8EE400ABF
:10F2D00020EE200A71EE810A70EE800A10EE902A6C
:10F2E00002F500626FF30B0200EE902A70EEE11A55
:10F2F00031EEC11ADFED101A30EE411A9FED0D0A02
:10F3000020EE800A01EE210A9FED0C1A00EE810A20
:10F3100004BFBDE8F0017047CCF180510160BDE849
:10F32000F001B1EE400A7047EC50000000000036DA
:10F330000000802C22AAFD29DB0FC92F0000C92F55
:10F3400002E008C8121F08C1002AFAD170477047AE
:10F35000002001E001C1121F002AFBD1704700000C
:10F3600001490860704700002C0C00242DE9FF5F64
:10F3700082B00021DDE90430020DDDF840B0034326
:10F3800018D044F61050A2F2FF32424315141198DF
:10F3900001281FD0A5EB0B00401C5FEA000A4FF0CC
:10F3A00000064E4FDFF83891B046504615D5CAF1E9
:10F3B000000413E0119801244AA3012801D16FEA47
:10F3C0000B010298119AC0E90031C0E9024206B06F
:10F3D000BDE8F09FCBF10000DFE704460021404A82
:10F3E000491842EB0450CDE9001012E0E00707D0C5
:10F3F00032463B4640464946F1F73DF9804689464C
:10F4000032463B4610461946F1F735F906460F4697
:10F410006410002CEAD1DDE90401DDE90023BAF132
:10F42000000F06DAF1F727F942464B46F1F723F9C8
:10F4300005E0F1F792F942464B46F1F78EF90446A2
:10F440000E460022284BF1F70FFA03D84FF0FF3099
:10F45000014607E00022254B20463146F1F764F8CB
:10F46000F1F7EAF9102409E0002C0ADB0A22002354
:10F47000F0F7AEFF039B30321A55641E50EA0102CA
:10F48000F2D1641C039AC4F111031444119A012AA5
:10F4900003D0012208430DD10AE0084304D0002024
:10F4A0004FF0110B119072E7A3EB0B056D1E0DE0F1
:10F4B0005B4504DD4FF0000205F1010504E003DACD
:10F4C0004FF00002A5F10105002AECD00298119935
:10F4D000C0E90231C0E9004579E7000000001440AE
:10F4E0000000F03F300000000000F0430000E03F6B
:10F4F0002DE9FF4F95B09A46884606460025EEE175
:10F50000252877D100242746F94A0121039400E0F9
:10F51000044316F8013F203B01FA03F01042F7D1F3
:10F5200030782A2811D06FF02F033078A0F1300204
:10F53000092A16D8039A44F0020402EB820203EB74
:10F5400042021044761C0390EFE758F8042B039214
:10F55000002A03DA504244F40054039044F00204B9
:10F56000761C30782E2816D116F8010F44F00404CA
:10F570002A280DD06FF02F023078A0F13003092B2C
:10F5800009D807EB870302EB4303C718761CF3E7A0
:10F5900058F8047B761C30786C280FD006DC4C2899
:10F5A00017D068280DD06A2814D104E0742810D030
:10F5B0007A280FD10DE044F400140AE044F48014DA
:10F5C00001E044F440147278824202D104F58014C0
:10F5D000761C761C307866280BD013DC582877D040
:10F5E00009DC002875D04528F6D04628F4D04728F5
:10F5F0001AD193E118E0632835D0642879D06528C2
:10F6000012D18BE1702873D008DC6728F1D069280B
:10F610006FD06E280DD06F2806D1ACE073282CD0A7
:10F62000752874D0782853D05246179990476D1C8E
:10F6300054E1C4F30250022809D003280DD0D8F8B1
:10F64000001004280DD00D6008F1040846E1D8F838
:10F650000010EA17C1E90052F6E7D8F800100D8053
:10F66000F2E70D70F0E718F8041B8DF80010002089
:10F670008DF80100EB46012003E058F804BB4FF081
:10F68000FF3061074FF0000102D40DE009F10101E4
:10F690008946B9420FDA8145F8DB1BF809100029C9
:10F6A000F4D108E009F1010189468142FADB1BF837
:10F6B00009100029F6D103985346A0EB090721460B
:10F6C0003846179A00F080FA284400EB090507E055
:10F6D00044E008E10DE01BF8010B524617999047F2
:10F6E000B9F10109F7D2534621463846179AF2E09C
:10F6F00039E00A21C4F302524FF0000B0091022AB4
:10F7000006D058F8040BC117032A09D00AE023E0F9
:10F7100008F1070020F00702F2E80201904605E038
:10F7200000B2C117042A01D140B2C117002906DA7C
:10F730000A460021404261EB02012D2202E022052F
:10F7400004D52B228DF80420012203E0E20701D02A
:10F750002022F7E7914657E00A2100E010214FF000
:10F76000000B00910BE010214FF0000B44F004045B
:10F770000827009103E008204FF0000B0090C4F32D
:10F780000252022A05D058F8040B0021032A08D09F
:10F7900008E008F1070020F00702F2E802019046B5
:10F7A00003E080B2042A00D1C0B24FF00009220762
:10F7B0002AD53278702A07D0DDF800C08CF0100C02
:10F7C0005CEA0B0C05D00EE040228DF804200122EB
:10F7D00008E050EA010306D030238DF804308DF89C
:10F7E000052002229146009B83F0080353EA0B0395
:10F7F0000AD150EA010201D1620705D530228DF805
:10F8000004204FF001097F1E3278582A04D039A213
:10F810000C920CAA02920BE03BA2F9E75B46009A1D
:10F82000F0F7D6FD0C9B9B5C029A521E029213705D
:10F8300050EA0102F2D1029804A9081A00F1200B43
:10F84000600702D524F4803400E001275F4502DD23
:10F85000A7EB0B0000E0002000EB0B0100900398E9
:10F860004944401A0390E00306D453462146179AB0
:10F87000039800F0A9F90544002706E001A85246C4
:10F88000C05D179990476D1C7F1C4F45F6DBE00368
:10F890000CD553462146179A039800F095F9054474
:10F8A00004E030205246179990476D1C0099481E7D
:10F8B00000900029F5DC08E0029802995246007891
:10F8C000491C0291179990476D1CBBF10001ABF1E7
:10F8D000010BF1DC5BE100F065F90544761C307842
:10F8E00000287FF40DAE19B02846BDE8F08F000067
:10F8F0000928010030313233343536373839616206
:10F9000063646566000000003031323334353637C9
:10F91000383941424344454600000000600700D4A6
:10F92000062708F1070020F00700F0E802238046D0
:10F9300003F0004C5FEA0C0001D097A009E020051D
:10F9400001D596A005E0E00701D095A001E0AFF257
:10F950004C001390307823F0004365280CD006DC6F
:10F96000452809D046281DD047287FD13BE066288E
:10F9700018D067287AD136E00021112F01DB112041
:10F9800000E0781CCDE9000104A90CA8FFF7EEFC0B
:10F99000DDE90D010C9A4FF0000B07F101091092FF
:10F9A00000914EE04FF000400097CDE9011004A90E
:10F9B0000CA8FFF7DBFCDDE90D020C9B0F994FF063
:10F9C000000B91461093009211B9791C00EB0109CC
:10F9D000B7EB090003D4C0F1FF3B07F10109A9EB24
:10F9E0000700019042E0012F00DA01270021112FCA
:10F9F00001DD112000E03846CDE9000104A90CA882
:10FA0000FFF7B4FCDDE90D010C9A00914FF0000BFB
:10FA1000B946109221070FD4009A4A4503DA91465D
:10FA200001E0A9F10109B9F1010F05DD109AA9F171
:10FA30000101515C3029F4D0B84202DA10F1040F10
:10FA400003DA0121CDE9011010E0002803DC834432
:10FA5000A9EB000102E0411C494500DD8946A0EB0D
:10FA60000B00401C01904FF000400290200705D48D
:10FA70000198484502DB4FF0FF30019000208DF8DF
:10FA80004B0002980DF14B07B0F1004F25D002203A
:10FA90000C902B200D90029800280CDA4042029026
:10FAA0002D200D9007E00A210298F0F717FD303164
:10FAB000029007F8011D0C99481E0C900029F2DCF9
:10FAC00002980028EFD1791E0D980870307800F068
:10FAD000200040F0450007F8020D11A8C01BC01D12
:10FAE00002901398007800B1012000EB0901019801
:10FAF00001EBE071029801440398401A401E039004
:10FB0000E00306D453462146179A039800F05CF8A8
:10FB100005441398007818B15246179990476D1C08
:10FB2000E00323D553462146179A039800F04CF87A
:10FB300005441BE0BBF1000F07DB0098584504DDCE
:10FB40001098179910F80B0001E0179930205246D1
:10FB5000904701980BF1010B401E05F10105019042
:10FB600004D12E205246179990476D1CB9F100011F
:10FB7000A9F10109DEDC05E017F8010B52461799DF
:10FB800090476D1C0299481E02900029F4DC5346F0
:10FB90002146179A03989EE62D0000002B000000D6
:10FBA000200000002DE9F041044600251E461746BE
:10FBB000880404D405E039462020B0476D1C641E3B
:10FBC000F9D52846BDE8F0812DE9F041044600252D
:10FBD0001E469046C80301D5302700E02027880440
:10FBE00004D505E041463846B0476D1C641EF9D582
:10FBF0002846BDE8F0814A68002A06D00A68531CEE
:10FC00000B6010704868401E486070470A68531CBB
:10FC10000B601070704730EE600A02F093BC000079
:10FC200010B59FED823AF7EE003A4FF07E51DFEDCE
:10FC3000801ADFED802AF5EEC00A7F4AF1EE10FA55
:10FC40003CDD80EE201A0023B5EEC01AF1EE10FA6A
:10FC500002D20123B1EE411A11EE104A8C4214DD9A
:10FC600083EE810A0121C1F10904F0EE610A02EB81
:10FC7000840494ED001AF0EE411A40EE201A491C5B
:10FC80000A29F0DB32EEE10A11E00121C1F1090499
:10FC9000F0EE610A02EB840494ED000AF0EE401AE3
:10FCA00041EE201A491C0A29F0DB31EE830A0BB120
:10FCB000B1EE400A80ED000A002010BDF5EEC00A4A
:10FCC000F1EE10FA7ED29FED5D2AB5EEC00AF1EE9C
:10FCD00010FA3DDD80EE201A0023B5EEC01AF1EED9
:10FCE00010FA02D20123B1EE411A11EE104A8C42F1
:10FCF00014DD83EE810A0121C1F10904F0EE610AED
:10FD000002EB840494ED001AF0EE411A40EE201A42
:10FD1000491C0A29F0DB32EEE10A11E00121C1F1B0
:10FD20000904F0EE610A02EB840494ED000AF0EE9F
:10FD3000401A41EE201A491C0A29F0DB31EE830AF1
:10FD40000BB1B1EE400A30EE020A80ED000A4FE03E
:10FD5000B5EEC00AF1EE10FA3FD280EE201A002371
:10FD6000B5EEC01AF1EE10FA02D20123B1EE411A3B
:10FD700011EE104A8C4214DD83EE810A0121C1F19B
:10FD80000904F0EE610A02EB840494ED001AF0EE2F
:10FD9000411A40EE201A491C0A29F0DB32EEE10A32
:10FDA00013E00121C1F10904F0EE610A02EB8404C1
:10FDB00094ED000AF0EE401A41EE201A491C0A297F
:10FDC000F0DB00E016E031EE830A0BB1B1EE400A41
:10FDD00030EE420A80ED000A0AE010EE101AC90F58
:10FDE00021B19FED170A80ED000A01E080ED002AA5
:10FDF000002010BDF5EEC00AF1EE10FA13D1B5EEF9
:10FE0000C00AF1EE10FA03DDC0ED002A002010BD9B
:10FE1000B5EEC00AF1EE10FA05D29FED0A0A80EDA8
:10FE2000000A002010BD6FF0030010BD00000000AC
:10FE3000A59204BDDB0FC93F08410108DB0F494013
:10FE4000DB0F49C0DB0FC9BF9FED1E1AF5EE000A9C
:10FE500040EE010ABDEEE00A10EE100AF5EEC00A0F
:10FE6000F1EE10FA00D2401E00EE100AB8EEC00A01
:10FE700030EEC00ADFED140A20EE200ABCEEC01AF4
:10FE800011EE100A80B2B0F5007F02D3002030EEF0
:10FE9000600A00EE900AF8EE600A70EE600A0B4904
:10FEA00001EB800292ED000A401C01EB800090ED16
:10FEB000001AF7EE001A71EEE01A21EE800A00EE49
:10FEC000810A704783F9223E00000044043901088A
:10FED000F0B546684C68556803880F88BB4209D165
:10FEE00040884988884205D111888B4202D15188C7
:10FEF000884202D06FF00200F0BD434308E0B6EC48
:10FF0000010AF4EC010A30EE200AA5EC010A5B1E9E
:10FF1000002BF4D10020F0BD018042804360704787
:10FF20002DE9F04F4A680588B0F80290DFEDAA0A83
:10FF3000B0EE600A4FF0000C4D4505D10B884C889F
:10FF4000A34201D19D4202D06FF0020142E12B4653
:10FF5000F7EE001A10E0EC1A02E0E2EC010A641E6F
:10FF6000002CFAD1E2EC011A5C1E02E0E2EC010A7C
:10FF7000641E002CFAD15B1E002BECD198466FF06A
:10FF8000040A07E14788466807FB088306EB8303FA
:10FF9000D3ED000A44464246531C12E007FB038B94
:10FFA00006EB8B0B9BED000AB0EEC01AB0EEE02A18
:10FFB000B4EEC21AF1EE10FA02DD1C46F0EE400A71
:10FFC0005B1CAB42EAD3F5EEC00AF1EE10FA30D07A
:10FFD00044452ED0A7EB080C02FB078306EB8303F6
:10FFE00004FB078706EB8706002708E093ED000A6D
:10FFF00096ED001AA3EC011AA6EC010A7F1C6745D6
:020000040801F1
:10000000F4DB4E684F8802FB07F306EB83037C4367
:1000100006EB8404002608E093ED000A94ED001A34
:10002000A3EC011AA4EC010A761CBE42F4DB4FF0EB
:10003000010CBCF1010F07D0F5EEC00AF1EE10FA89
:1000400002D15046BDE8F08F81EEA00A4468438893
:10005000A3EB080602FB038304EB8303002406E002
:10006000D3ED000A60EE800AE3EC010A641CB4429E
:10007000F6DB4B684E8802FB06F403EB8403002496
:1000800006E0D3ED000A60EE800AE3EC010A641C8E
:10009000B442F6DB00233AE04688476806FB038457
:1000A00007EB840494ED000AA6EB080B03FB06F4AF
:1000B00007EB840404EB8804564307EB860606EB43
:1000C0008807002608E0B7EC011AD4ED000A40EEDC
:1000D000410AE4EC010A761C5E45F4DB4E68B1F897
:1000E00002B003FB0BF406EB840402FB0BF706EBF8
:1000F0008707002608E0B7EC011AD4ED000A40EEAD
:10010000410AE4EC010A761C5E45F4DB5B1C934279
:10011000C2D3531C3AE04688476806FB038407EBCA
:10012000840494ED000AA6EB080B03FB06F407EB2E
:10013000840404EB8804564307EB860606EB880725
:10014000002608E0B7EC011AD4ED000A40EE410A9F
:10015000E4EC010A761C5E45F4DB4E68B1F802B0AF
:1001600003FB0BF406EB840402FB0BF706EB87079B
:10017000002608E0B7EC011AD4ED000A40EE410A6F
:10018000E4EC010A761C5E45F4DB5B1CAB42C2D397
:1001900008F10108C845FFF4F5AE0021BCF1010FDC
:1001A00018D0B5EEC00AF1EE10FA13D14268002063
:1001B00005FB09F509E002EB800393ED000AB5EEBB
:1001C000C00AF1EE10FA02D1401C8542F3D88542F4
:1001D00000D15146084635E7000000002DE9F04FF8
:1001E0004768D1F80490D2F804A0B0F800C04E8857
:1001F000B0F802B04FF000080888834505D1138895
:100200009C4502D15288964203D06FF00200BDE8AF
:10021000F08FDFED141A0AEB880235464868B0EE1D
:10022000610A3B465C4608E0F3EC010A90ED001AD7
:1002300000EE810A00EB8600641E002CF4D1A2ECD3
:10024000010A6D1E701B09EB8000002DE7D1B04440
:1002500007EB8B07ACF1010CBCF1000FDBD10020E8
:10026000D5E7000000000000F0B546684C6855680E
:1002700003880F88BB4209D140884988884205D14C
:1002800011888B4202D15188884202D06FF002005F
:10029000F0BD434308E0B6EC010AF4EC010A30EE8D
:1002A000600AA5EC010A5B1E002BF4D10020F0BD12
:1002B000F0B542684E68058847882B460024488878
:1002C000854202D109888F4202D06FF00200F0BD52
:1002D00006EB8401384606E0B2EC010A81ED000A23
:1002E00001EB8501401E0028F6D1641C5B1E002B2B
:1002F000EED1F0BDDFED1D0A20EE200AFDEEC00AB2
:1003000010EE900AB5EEC00AF1EE10FA00D2401ECF
:1003100000EE900AF8EEE00A30EE600ADFED140A13
:1003200020EE200ABCEEC01A11EE100A80B2B0F521
:10033000007F02D3002030EE600A00EE900AF8EE53
:10034000600A70EE600A0B4901EB800292ED000A30
:10035000401C01EB800090ED001AF7EE001A71EEE0
:10036000E01A21EE800A00EE810A704783F9223EEE
:10037000000000440439010810B541EC100BFDF7F2
:10038000C7FE51EC100B10BD2DE9F0410024F0F731
:10039000E5FC8020F0F7FAFD5520F0F7F7FD552039
:1003A000F0F7F4FDF0F7D2FC9620F0F7FEFCF0F742
:1003B000D5FC8020F0F7EAFD5520F0F7E7FD552049
:1003C000F0F7E4FDF0F7C2FC9620F0F7EEFCF0F752
:1003D000C5FCB6217E20F0F7E9FDF0F7B7FC502010
:1003E000F0F7D7FCF0F7BAFC8020F0F7CFFD5520EE
:1003F000F0F7CCFD5520F0F7C9FDF0F7A7FC9620EB
:10040000F0F7D3FCF0F7AAFC8020F0F7BFFD5520F1
:10041000F0F7BCFD5520F0F7B9FD0546F0F796FC66
:100420009620F0F7C2FC1E2D02D0FF20BDE8F0811F
:10043000174FF0F793FC04EB4405EE19785D7178E3
:10044000F0F7B4FDF0F782FC9620F0F7AEFCF0F781
:1004500085FC785D40F08000F0F798FD5520F0F7BE
:1004600095FD5520F0F792FD0546F0F76FFC9620BC
:10047000F0F79BFC7078A84204D004EB44003844A9
:100480008078D3E7641CE4B2062CD2D30020CDE7F9
:10049000180B0024F8B5002400200090F0F770FC41
:1004A00000206946F0F766FDF0F762FC9620F0F751
:1004B0007CFCF0F765FC00206946F0F75BFDF0F787
:1004C00057FC9620F0F771FCF0F75AFCB621142087
:1004D000F0F76CFDF0F74CFC5020F0F75AFCF0F709
:1004E0004FFC00206946F0F745FDF0F741FC9620EF
:1004F000F0F75BFCF0F744FC00206946F0F73AFDAA
:10050000F0F736FC9620F0F750FC9DF800000F281D
:1005100001D0FF20F8BD154FF0F732FC04EB440585
:10052000EE19785D7178F0F741FDF0F721FC962027
:10053000F0F73BFCF0F724FC785D6946F0F71AFD14
:10054000F0F716FC9620F0F730FC70789DF800105C
:10055000884204D004EB440038448078F8BD641C21
:10056000E4B2062CD8D30020F8BD00002A0B0024EA
:1005700000B589B00091002101910291039304918B
:1005800005910691079108916946F4F725FA10B193
:10059000012009B000BD0020FBE74FF4967002F087
:1005A00055FCF1F76BF8F1F7E5F9F1F717F8F1F70A
:1005B0009BFCF1F701FAF0F7FDFFF1F78DFCF2E794
:1005C000F0B500213D4E3E4C0325002301EB4100D8
:1005D00006EBC00094EDA20AB7EEC00AB0EEC00B65
:1005E000B7EEC00BC1EB011204EBC202D2EDB30AAD
:1005F000B7EEE01AB0EEC11BF7EEC10B027D42B1BF
:10060000022A2AD0032A4BD00375491C0229DDDBBC
:10061000F0BDD0ED021AB0EE401AF4EEC11AF1EEC0
:1006200010FA01D20575F0E790ED001AB4EEC01A89
:10063000F1EE10FA06D390ED010AB4EEE00AF1EE05
:1006400010FA08D2C268521CC2600769BA42DCD3F1
:1006500002220275D9E7C360D7E7D0ED001AB0EEE9
:10066000401AF4EEC11AF1EE10FA0DDB90ED011A0A
:10067000B4EEE01AF1EE10FA06DBC268521EC26058
:10068000002AC2D10375C0E7D0ED020AF4EEC00A19
:10069000F1EE10FA01D20575B7E70269C260B4E75E
:1006A000D0ED020A9FED071A60EE810AF4EEC00A4F
:1006B000F1EE10FAA9DB0375C360A6E7BC5A00246B
:1006C00028010024CDCC4C3F82B0CDE9000121F0BF
:1006D000004001909DED000B02B051EC100B7047F3
:1006E00010B58AB01A4B1B4840216A46F4F70AFA43
:1006F00000282BD1164C0098A41F80B220800399AB
:10070000082923D8A0F58071013903D11248A11D11
:10071000F2F75EF82088B0F5817F04D10E480C49CD
:100720003C30F2F755F82088A0F58071033904D1E8
:10073000094807497830F2F74BF82088B0F5827FF6
:1007400004D105480249B430F2F742F80AB010BDAE
:10075000A2000024840E0024505F002410B58AB04B
:10076000114B124841216A46F4F7CCF9002819D1FF
:100770000D4C00980E3C80B260800399082911D876
:10078000A0F50071023903D107490948F1F7F9FFD3
:100790006088A0F50071013904D105480249103084
:1007A000F1F7EFFF0AB010BDAA000024240F0024C7
:1007B0004060002400B58BB00C4B0D48402101AACD
:1007C000F4F7A0F900280FD108490198163980B232
:1007D00088800499082907D8A0F5C061663903D13B
:1007E00002490448F0F7BEFC0BB000BDB200002483
:1007F000C40F0024C856002431EE601A012170EEA7
:10080000600A8140491E00EE101AB8EEC00A20EEC0
:10081000800AC0EE010ABDEEE00A10EE100A704731
:10082000B4EEE00AF1EE10FA02D2B0EE600A7047C0
:10083000B4EEC10AF1EE10FAF9DDB0EE410A7047EC
:100840000048704764560024F8F764FFF8F79AFFF1
:10085000012001F091FEF9E70F489FED0E1A80ED9F
:10086000001A9FED0E0A80ED010ADFED0D0AC0EDC2
:10087000020A4FF4167202610021C160017580ED19
:10088000061A80ED070AC0ED080A8262416280F80C
:100890002C1070479A99193FBC5A00246666663F2F
:1008A0009A99993F08B5F7EE000ACDED000AB1EE2E
:1008B000C01ADDED000A80EE810A8DED000A9DED83
:1008C000000A08BD08B5F7EE000ACDED000AB1EE4A
:1008D000C01ADDED000A80EE810A8DED000A9DED63
:1008E000000A08BD2DE9F0410446804D804E0027E6
:1008F000F0E00521FDF75AFA01286ED1B6F8011093
:10090000288809312044FDF731FA0128F5D12888DB
:100910002118B1F80520F280225C521C2254B6F84E
:100920000120093010446880F38840F2062C6345AA
:10093000A3F2062079D025DCB3F5827F54D00EDCFB
:10094000032B3ED004DC012B2FD0022B32D132E01E
:10095000A3F58073013B3AD0012B2BD13EE040F24E
:10096000022C6345A3F2022050D006DCA3F580736D
:10097000053B3FD0FC2B1DD142E001284BD0022883
:1009800018D153E006287FD006DC062812D2DFE813
:1009900000F097595F656C7207287BD008287FD0DC
:1009A000FB2870D0FE2805D185E05148C91D0830CC
:1009B000EFF760FD84E04E48C91D1330EFF75AFD94
:1009C0007EE04B48C91D1430EFF754FD78E04848ED
:1009D000C91D3430EFF74EFD72E079E04448C91D7F
:1009E0003830EFF747FD6BE04148C91D3C30EFF769
:1009F00041FD65E03E48C91D3F30EFF73BFD5FE03C
:100A00003B48C91D4230EFF735FD59E03848C91D54
:100A10004F30EFF72FFD2888B6F801202118344811
:100A2000C91D5F30EFF726FD4AE005E03048C91DDB
:100A30006B30EFF71FFD43E02D48C91D7130EFF714
:100A400019FD3DE02A48C91D7230EFF713FD37E06C
:100A50002748C91D7930EFF70DFD31E02448C91D45
:100A60007F30EFF707FD2BE00EE02148C91D8330F2
:100A7000EFF700FD24E01E48C91D8930EFF7FAFCAE
:100A80001EE007E00CE011E01948C91DB130EFF796
:100A9000F1FC15E01648C91DB730EFF7EBFC0FE08D
:100AA0001348C91DBB30EFF7E5FC09E01148C91D2B
:100AB000EFF7E0FC04E00F48C91D4638EFF7DAFC19
:100AC00068882880B0F5C87F04D92F80BDE8F08100
:100AD0002F80FBE72888204401683160017931715B
:100AE0003178A5293FF405AFF2E70000D4090024CE
:100AF0000C5800240E5900242DE9F04F8BB0FE480D
:100B000090F8424004F58075FC48FF210170417067
:100B1000817042F20F71018141814FF0030980F829
:100B2000049080F8059080F806906F21F448EFF764
:100B3000BAFC01264FF4EB7740F28E304FF00008FC
:100B4000EE4A0423CDE9057607960C32049040F274
:100B5000B630CDE90207EA480321CDE9009801F05B
:100B60004FFCCDE9057640F2F230E44A07960423C3
:100B7000049040F2CA30CDE90207E1480F32CDE9D6
:100B80000098194601F03CFC4FF40270DB4A4FF428
:100B9000707ACDE90506CDF810A04FF4F070CDE9DC
:100BA000018A03900423D64812320521CDF8009023
:100BB000079601F025FC4FF4D270D04ACDE9050626
:100BC000CDF810A04FF4E670CDE9018A039004231C
:100BD000CB4815320621CDF80090079601F010FCA5
:100BE000C74F4FF4827038807C80BD806F23A52072
:100BF0003A4640F2013101F053FF1E2002F026F97F
:100C00006F213846EFF74FFCFA20BC4ACDE90506C4
:100C10000421CDF810A08DE80205B4200796022328
:100C2000039018323846032101F0EAFB4FF45C7060
:100C3000B24ACDE905064FF41B7007964FF4C87110
:100C4000049132214FF0020ACDE902100123384607
:100C50001B320421CDE900A601F0D2FB4FF42F7026
:100C600040F2F461CDE905064FF49670A34A079669
:100C70000823049140F2CC61CDE902101E323846BF
:100C80000521CDE900A601F0BBFB40F2B22B40F2FA
:100C9000E650CDE905B6994A062307961946049011
:100CA00040F29650CDE9020B21323846CDE900A83A
:100CB00001F0A6FB4FF4827038807C80BD806F23EA
:100CC000A5203A4640F2013101F0EAFE1E2002F072
:100CD000BDF86F213846EFF7E6FBCDE905B640F2E7
:100CE0007C60864A07960123049040F22C60CDE98F
:100CF000020B243238460021CDE900A801F080FB28
:100D00004FF4967040F2DA21CDE905064FF0080B5A
:100D10007A4ACDE900B8CDE903814FF4F070079627
:100D20000623029027323846012101F069FB4FF477
:100D3000967040F2A641CDE90506CDE900B8CDE9AF
:100D400003816E4A4FF4B460079606232A3202905C
:100D50000221384601F054FB4FF4437040F2B45185
:100D6000CDE905064FF4A570644A07960223049165
:100D70004FF4E671CDE902102D3238460321CDE95A
:100D8000009601F03DFB97F8450020F0070087F83A
:100D9000450097F8540020F0070087F8540097F8B2
:100DA000630020F0070087F863004FF482703880FA
:100DB0007C80BD806F23A5203A4640F2013101F0CE
:100DC0006FFE1E2002F042F86F213846EFF76BFBF2
:100DD00040F2523940F28660CDE9066A474A08235C
:100DE000CDE9040940F29650CDE902093032384687
:100DF0000021CDE900B801F003FB40F2EE2040F203
:100E00000E67CDE9066A3D4A0121CDE9047006204E
:100E1000CDE90008333203463948CDE9027901F0C3
:100E2000EFFA4FF41670354ACDE9066A0421CDE990
:100E30000470CDE9018740F2EE200390304806238C
:100E400036320091022101F0DBFA022740F2EE2057
:100E5000B04640F20E690026284A06214346CDE9F5
:100E60000490CDE906878DE8420240F252300390AB
:100E700023483932032101F0C3FA4FF416701F4A98
:100E80000421CDE90687CDE904908DE8420240F2C5
:100E9000EE2003901A4801233C3201F0B1FA4FF4DE
:100EA0000779164ACDE905984FF45C7007974FF41F
:100EB0003E7104900320CDE90219CDE900061048E7
:100EC00002233F32052101F09BFACDE905984FF44A
:100ED00091600A4A4FF48261079704900320CDE99C
:100EE0000219CDE90006064802234232062101F02C
:100EF00087FA4FF4827005E00C5800249C0B002404
:100F000090600024DFF82C94A9F80000A9F80240B2
:100F1000A9F804506F23A5204A4640F2013101F0A0
:100F2000BFFD1E2001F092FF6F214846EFF7BBFA8C
:100F30004FF0B40B03204FF4707A0623CDE904ABD5
:100F4000FD4A00218DE8410CCDE90687484601F0B5
:100F500057FAF94A0623CDE90687CDE904ABD21C3E
:100F600048460121CDE902ABCDE9007601F048FA0F
:100F7000F14A0623CDE90687CDE904AB921D484628
:100F80000221CDE902ABCDE9007601F039FAEA4A57
:100F90000623CDE90687CDE904AB09324846032193
:100FA000CDE902ABCDE9007601F02AFA0420E24A4D
:100FB000CDE904AB8DE8410C062301460C324846CE
:100FC000CDE9068701F01CFA99F8540020F00700DB
:100FD00089F8540099F8630020F0070089F863004D
:100FE0004FF48270A9F80000A9F80240A9F8045053
:100FF0006F23A5204A4640F2013101F051FD1E2029
:1010000001F024FF6F214846EFF74DFA40F24331DB
:101010006420CDE90687CDE904010F224FF44D711C
:10102000CDE90026C44A0823CDE902010F32484623
:10103000002101F0E5F940F2FD216420CDE90687A9
:10104000CDE904010F2240F2EE20CDE90026BA4A94
:101050006421CDE90210082348461232012101F033
:10106000CFF940F2B7216420CDE90687CDE904012C
:101070000F224FF42A71CDE90026AF4A0823CDE9AB
:10108000020115324846022101F0BAF90496032301
:10109000CDE90568A84A19460296484618320797CE
:1010A000CDE90068039601F0ABF940F2BA204FF4A5
:1010B000DC61CDE90687CDE9041024224FF4977056
:1010C000CDE900269C4A0223CDE902101B32484696
:1010D000042101F095F9F020974ACDE90687032312
:1010E000CDE904A006208DE8410C1E3248460521BA
:1010F00001F086F906200A964FF4B47107910A218F
:101100008D4ACDE90806CDE90087CDE9031AF02024
:10111000CDF80880CDE90506032348462132062193
:1011200001F020F94FF48270A9F80000A9F80240FC
:10113000A9F804506F23A5204A4640F2013101F07E
:10114000AFFC1E2001F082FE332109F16F00EFF7A2
:10115000AAF94FF007094FF08C0ACDE9059877A05E
:1011600004900320079718214FF44D72CDE9001029
:10117000714908236F48CDE902A2002224316F3063
:1011800001F084F96B4E4FF488776F3637807480A6
:10119000B5803323A520324640F2013101F080FCB6
:1011A000502001F053FE33213046EFF77CF94FF029
:1011B00002084FF0030B012063A1CDE90419CDE92A
:1011C0000608CDE901BA40F2EE2103915A491820F0
:1011D0000823009000223046273101F057F937806C
:1011E0007480B5803323A520324640F2013101F0EE
:1011F00057FC502001F02AFE33213046EFF753F917
:10120000012054A1CDE90419CDE90608CDE901BAC0
:101210004FF42A71039148491820082300900022B6
:1012200030462A3101F032F937807480B58033239B
:10123000A520324640F2013101F032FC502001F08D
:1012400005FE33213046EFF72EF9012040F29E2AA9
:1012500040F2965142A2CDE9059007901020CDE9C9
:10126000021A35490623CDE900083331304604928D
:10127000002201F00BF937807480B5803323A5205C
:10128000324640F2013101F00BFC502001F0DEFD4E
:1012900033213046EFF707F9012040F22C6132A2EA
:1012A0000123CDE9059007901020CDE9021A2249CB
:1012B000CDE90008363130460492002201F0E6F80C
:1012C00037807480B5803323A520324640F2013147
:1012D00001F0E6FB502001F0B9FD33213046EFF775
:1012E000E2F8012040F2A23122A20223CDE90590CA
:1012F0000790381F04920E22CDE90028CDE9021094
:101300000D4900223046303101F0C0F8378074803A
:10131000B5803323A520324640F2013101F0C0FBF5
:10132000502001F093FD33213046EFF7BCF8012047
:1013300024E0000090600024E10B00244D443A209A
:10134000574149540000000041494D3A2057414956
:1013500054000000465249433A2057414954000086
:101360004C284359414E2900522859454C4C4F575F
:101370002900000047494D5F4657440073A1CDE95D
:10138000060BCDE9041904204FF42F711C234FF4F0
:101390004D72CDE90030CDE902216F4903230022CF
:1013A000304601F073F837807480B5803323A52070
:1013B000324640F2013101F073FB502001F046FD4E
:1013C00033213046EFF76FF8012040F24A6163A203
:1013D0004FF0140A0823CDE9059007904FF40C70E4
:1013E000CDE900A804920022CDE902105A49304606
:1013F0000C3101F04BF837807480B5803323A52081
:10140000324640F2013101F04BFB502001F01EFD4D
:1014100033213046EFF747F801224FF4027051A113
:10142000CDE9059207920823049140F24A61CDE983
:10143000021049490022CDE900A80F31304601F0E1
:1014400025F837807480B5803323A520324640F2DA
:10145000013101F025FB502001F0F8FC332130462A
:10146000EFF721F840A14FF4E1620120CDE9041922
:10147000CDE9060B4FF4F07104202423CDE90221BD
:1014800035490022CDE9003002233046123100F008
:10149000FDFF37807480B5803323A520324640F2AB
:1014A000013101F0FDFA502001F0D0FC332130462B
:1014B000EEF7F9FF2DA140F2744BCDE9041901209C
:1014C0002549CDE90608CDE9018B4FF40C70CDF824
:1014D00000A00123039000223046153100F0D6FF12
:1014E00037807480B5803323A520324640F2013125
:1014F00001F0D6FA502001F0A9FC33213046EEF776
:10150000D2FF1CA1CDE9041901201349CDE9060839
:10151000CDE9018B4FF40270CDF800A001230390B8
:1015200000223046183100F0B1FF37807480B5805A
:101530003323A520324640F2013101F0B1FA0BB05D
:101540005020BDE8F04F01F081BC00002020202099
:1015500020202020202020000E0C00245355504530
:101560005200000043415000250000005941573A05
:10157000203000005049543A203000002DE9F04F4F
:101580002DED0A8BA1B0FD4890F8425005F580760C
:10159000FB48FC494FF00308007A0A78904202D0D9
:1015A000087081F804800224F6484FF4887AF64FD8
:1015B0004FF007090079A8B3F248007803283ED01D
:1015C000012843D04FF0080BF0A108A8EEF77DFFEB
:1015D000ED483321EEF767FFCDE905944FF44D71E7
:1015E000079408A804908C205B46CDE90201E549E8
:1015F0001822CDE90028E4480022693100F046FFB6
:10160000A7F800A07D80BE803323DF4AA52040F2EA
:10161000013101F045FA052001F018FCD9480179A3
:10162000491E0171DFF85CB39BF80500002848D023
:101630009BF80100002810D04FF003000FE04FF09E
:10164000020BD5A108A8EEF740FFC1E74FF0080B49
:10165000D4A108A8EEF739FFBAE74FF008000B90C5
:1016600001D0D3A000E0D5A00A90C7484FF03301C5
:10167000EEF719FF0A981821CDE9059440F2EE2201
:101680000794CDE90018BF4904908C20CDE90202EF
:10169000BD4800220B9B6C3100F0F8FEA7F800A0BB
:1016A0007D80BE803323B84AA52040F2013101F08D
:1016B000F7F9052001F0CAFB9BF80500401E8BF8E6
:1016C00005009BF80600D0B39BF80200002802D06A
:1016D0004FF0020001E04FF008000B9001D0BAA0DB
:1016E00000E0BCA00A90A8484FF03301EEF7DBFE03
:1016F0000A981821CDE905944FF42A720794CDE990
:101700000018A04904908C20CDE902029E480022D6
:101710000B9B6F3100F0BAFEA7F800A07D80BE8061
:101720003323994AA52040F2013101F0B9F905208F
:1017300001F08CFB9BF80600401E8BF80600002091
:10174000A749097B61B98E4991F8382042B191F8D7
:1017500080202AB191F8C82012B191F8101101B976
:1017600001209BF80310884203D08BF803008BF80C
:1017700007808448C079A0B38248C078002802D08E
:101780004FF0030001E04FF008000B9002D00FF281
:10179000542B01E00FF25C2B7B484FF03301EEF746
:1017A00082FE0421CDE906481C23CDE904B94FF49B
:1017B0002F72CDE9003173494FF44D70CDE902022B
:1017C000714800220B9B723100F060FEA7F800A068
:1017D0007D80BE8033236C4AA52040F2013101F0A8
:1017E0005FF97F4890ED010ABDEEC00A10EE101AB5
:1017F0000AB290ED020ABDEEC00A10EE100A0FFA0E
:1018000080FB6048B0F9080082422CD05D4802811C
:101810007CA108A8FCF7E2FA5B483321EEF743FE0F
:10182000CDE90594142107944FF40C72CDE900140E
:1018300008A85449049040F27440CDE9020252488D
:1018400001230022873100F021FEA7F800A07D804F
:10185000BE8033234C4AA52040F2013101F020F92B
:10186000052001F0F3FA4748B0F90A108B452DD056
:10187000A0F80AB065A108A85A46FCF7AFFA42489A
:101880003321EEF710FECDE90594142107944FF4AF
:101890000272CDE9001408A83A49049040F274405D
:1018A000CDE902023848012300228A3100F0EEFD22
:1018B000A7F800A07D80BE803323334AA52040F2E4
:1018C000013101F0EDF8052001F0C0FA2E486F213A
:1018D0006F38EEF7E8FD2C484FF482716F380180C5
:1018E00045808680264890EDA6AAB0EE4A0AFCF70D
:1018F000A7FF9FED488A20EE080ABDEEC00A10EE51
:10190000100A0FFA80FBB0EE4A0AFDF799F820EEB4
:10191000080ABDEEC00A10EE100A00B2B0EECA0A04
:1019200010EE101A3C4A914201DD032100E008212B
:10193000159100F25232022192B20BF20E63CDE900
:101940000521A0F252300791ABF20E6B4042CBF171
:1019500000014FF0000B80B289B20822CDE9002BC4
:10196000CDE90210074A9BB207485946049330322A
:10197000159B6F3800F044FD00244FE00C58002404
:10198000280100249C0B0024FF6000244D443A20D1
:101990004F544845520000004D443A2046524545B8
:1019A000000000004D443A2053414645000000002D
:1019B00041494D3A204F4E200000000041494D3A28
:1019C000204F464600000000465249433A204F4E01
:1019D00020000000465249433A204F46460000008E
:1019E000C8560024204D544F525F4F46464C494E36
:1019F00045212000202020202020202020202020E1
:101A0000202000005941573A202564005049543A9B
:101A1000202564000000F0423333B33E9FEDFEBA50
:101A2000DFEDFEAADFEDFEBA9FEDFECADFEDFE9A06
:101A3000FE49C4EB041001EBC000209090EDB00A09
:101A400004EB440001EBC000D0EDEA8A20EE0B8AE3
:101A5000B0EE6A0A08EE080A28EE0C1A70EE6B0A5D
:101A600080EE810A10EE100AB0F17E5F01DDB7EE64
:101A7000000A10EE100A10F1814F01D9BFEE000AE2
:101A8000FCF716FA38EE809AB0EE490AFCF7D8FF58
:101A900020EE290A40F20E61BDEEC00A10EE100AD7
:101AA00001FA80F000B20B90B0EE490AFCF7C8FED4
:101AB00020EE290ADE49BDEEC00A10EE100A01FA36
:101AC00080F040420FFA80FBB0EE680AFCF7B8FFE6
:101AD00020EE080A40F20E61BDEEC00A10EE100AB8
:101AE00001FA80F000B20A90B0EE680AFCF7A8FE96
:101AF00020EE080ACE49BDEEC00A10EE100A01FA27
:101B000080F0404200B20990002C7CD00120089067
:101B1000209890F8280308B1042008900B9802211F
:101B20001FFA8BFB80B21F90CDE905B10022049013
:101B300040F252300791062340F20E61002CCDE9AD
:101B40000032CDE902107CD0BA4A012000EB4400FB
:101B5000089BC1B2B84800F053FC099902200A9AC8
:101B6000042389B2CDE9051092B2049200221F9994
:101B70000790002CCDE9021BCDE900327ED0AD4AA2
:101B8000D21C089B00EB4400C1B2AB4800F038FC0B
:101B9000641C022CFFF64CAFB0EE4A0AFCF750FE74
:101BA000B0EE408AB0EE4A0AFCF74AFF0224DFEDAD
:101BB000A30A4FF4077104AB20EE201A68EE200A46
:101BC000FDEEC18ABDEEE09A18EE900A01FA80F0AF
:101BD00082B219EE100A00B2C0F5707080B215C35F
:101BE000DFED970A20EE200AFDEEC09A28EE200ACB
:101BF00019EE900ABDEEC08A01FA80F081B218EEAB
:101C0000100A00B200E061E000224FF00308C0F5C6
:101C10007070079480B2CDE90082864ACDE9020156
:101C20008548921D159B052100F0EAFB19EE900AEC
:101C30004FF4707B00B2C0F5077081B218EE100A45
:101C400000E045E004AA0BFA80F080B213C218EE5F
:101C5000900A0022079400B2C0F5077081B219EE15
:101C6000100ACDE90082734A0BFA80F0159B80B20E
:101C70000932CDE902017048062100E02BE000F0B6
:101C8000BFFB6D4A6F23A52040F2013100F008FF31
:101C9000052001F0DBF868486F21EEF704FC664888
:101CA0004FF48271018045808680664890ED000A7D
:101CB000B7EEC01A9FED642B9FED650B11EE020B82
:101CC000B7EEC08B9FED640A644909E006201EE769
:101CD000584A921F39E7574AD21E52E738EE408AD7
:101CE00018EE100A8842F9DC5D4901E038EE008AFE
:101CF00018EE100A8842F9D89FED5A0A28EE000A19
:101D0000DFED590AC0EE20AAB0EE6A0AFCF798FE91
:101D1000B1EE40AAB0EE6A0AFCF792FDB0EE409A2E
:101D2000B0EE6A0AFCF78CFDF0EE408AB0EE6A0A6B
:101D3000FCF786FEF0EEC80A10EE900A4B49884286
:101D400001DD032000E006201490DFED490A20EEBB
:101D50008A8ADFED480AD846B0EE481A00EEA81A83
:101D6000BDEEC11A11EE100A0BFA80FC4FF0B40B55
:101D70009FED3F1A61EE099AB0EE691A00EE801AE3
:101D8000BDEEC11A11EE100A0BFA80F3B0EE481A3C
:101D900000EEE81ABDEEC11A11EE100A08FA80F141
:101DA000B0EE691A00EEC01ABDEEC11A11EE100AAB
:101DB0000BFA80F0DFED301A21EE8A1AB0EE412ADC
:101DC00000EEA82ABDEEC22A12EE102A08FA82F20C
:101DD000139261EE891AB0EE612A00EE802ABDEE00
:101DE000C22A12EE102A0BFA82F2129200EEE81AC0
:101DF000BDEEC11A11EE102A08FA82F2119240EEDD
:101E0000C01ABDEEE10A10EE102A0BFA82F210920F
:101E100080B289B2022431E00000484400B2D446C6
:101E200000401C470000A543000025432801002472
:101E3000AEFCFFFFD50B0024906000240000A04200
:101E400000004843C85600249A99999999D94A4064
:101E5000C0ED183DA8DC63C00000B443000034436B
:101E6000000034C3DB0F49400000344300007042DF
:101E70000000B442000080420000B4C2CDE91D1051
:101E8000CDE905040022079498B204911FFA8CF161
:101E90001C90CDE900421B91CDE90210B84A002107
:101EA000B848149B00F0ACFA109A91B2119A1A91AA
:101EB00090B2199004AA13C207940022DDE91D1004
:101EC000CDE90042AE4A149BCDE90210AD48D21CC8
:101ED000012100F095FA129A90B21890139A91B2DB
:101EE0001791CDE90504079400220491DDE9190159
:101EF000CDE90042A24A149B921DCDE90201A148FE
:101F0000022100F07DFADDE91B0104AA13C2079447
:101F10000022DDE91710CDE90042994A149BCDE972
:101F2000021098480932032100F06AFABDEEC80A8F
:101F300010EE100A08FA80F0BDEEE90A10EE101A51
:101F40000BFA81F104AA89B280B213C200208C4A34
:101F50000321CDE9028BCDE900108A480C32149B95
:101F60000421079400F04CFA864C94F8540020F0B9
:101F7000070084F8540094F8630020F0070084F808
:101F800063006F232246A52040F2013100F088FD56
:101F9000052000F05BFF6F212046EEF784FA4FF436
:101FA000827020806580A6807748007A03281FD041
:101FB000082340F2433104AA4FF0000B02246420AE
:101FC00013C20F2207944FF44D71CDE9002B6C4AD8
:101FD000CDE902016B480F32594600F011FA6B4807
:101FE000B0F8570030B100EE100AB8EE400A03E036
:101FF0000223DEE79FED660A664910EE100A88426A
:10200000DFED658A38FE800A80EE288ADFED630AFC
:1020100068EE200AFDEEE00A10EE900A01B2604A76
:1020200010EE100A904201DD022007E010EE100AC7
:102030005C4A904201DD012000E003200F9004AAD9
:1020400001F5977189B24FF4DC6013C24FF49772B7
:1020500007942421CDE9001BCDE90202484A04215E
:1020600048480F9B1B3200F0CBF9B0EE6A0AFCF730
:10207000E7FC20EE280A4FF47071BDEEC00A10EEA6
:10208000100A01FA80F8B0EE6A0AFCF7D9FB20EEDC
:10209000280AB421BDEEC00A10EE100A01FA80F041
:1020A00080B216901FFA88F80622CDE90504CDE922
:1020B000002BCDE90318324A4FF4707007940521C4
:1020C00002901E322F48149B00F09AF90620CDF89A
:1020D00028B0CDE9080B4FF4B471079116980A2186
:1020E00000940194CDE9050B254ACDE90318254854
:1020F0002132149B0621029400F034F940F2013899
:10210000204A6F234146A52000F0CAFC9FED260A15
:1021100028EE000ABCEEC00A10EE100AC2B223A1DB
:102120000CA8FBF75BFE174833216F30EEF7BBF9C5
:1021300003204FF4E163CDE90594079004200CA936
:1021400004912421CDE900104FF4F0720C490D48A0
:102150003F31CDE902320F9B00226F3000F096F93B
:10216000A7F800A07D80BE803323064AA520414603
:102170006F3200F095FC21B0BDEC0A8BBDE8F08F0A
:10218000E10B002490600024280100240C58002456
:102190000000000000007042000070420000C643D2
:1021A00000002042000070410000C8422564000089
:1021B000F0B40446DDE904560020012C04D0022CC2
:1021C00004D0032C04D004E0104802E0104800E0E2
:1021D0001048002817D0104C44F8100C44F80C1C80
:1021E000170A277662761A0AA276E3762A0A2277F7
:1021F0006577320AA277E67704F11802F0BC89B25B
:102200000823FEF7B5B9F0BC70470000840E002427
:10221000240F0024C40F0024280A0024F0B404462C
:10222000DDE904670020012C04D0022C04D0032C2B
:1022300004D004E0134802E0134800E013480028EB
:102240001DD0DFED130A20EE200ABDEEC00A10EE0D
:10225000105A104C44F8100C44F80C1C227663768B
:102260002A0AA276E576267767770022A277E277B8
:1022700004F11802F0BC89B20823FEF779B9F0BC6A
:1022800070470000840E0024240F0024C40F002493
:1022900000007A44280A0024B4EEE01AF1EE10FAA5
:1022A0000ED371EE601AB4EEC10AF1EE10FA02DC40
:1022B00007E030EE610AB4EEC10AF1EE10FAF8DC84
:1022C0007047B4EEE00AF1EE10FA02D3704730EE38
:1022D000210AB4EEE00AF1EE10FAF8D370470000DC
:1022E000F3F798F9F9F77CFEF9F73AFBF8F7CCFB2E
:1022F000F8F798FAF8F7E4FAF8F714FBF8F746FB62
:10230000F8F732FCF8F760FCF8F798FCF8F736FDC0
:10231000F8F7CCFCF8F7FEFCF0F716FBF0F74AFBF9
:10232000F0F77CFB094912220948F5F73FFEEFF769
:1023300029FFFAF71BF901220648D103F3F754F9F4
:10234000F8F758FB00F020F9FEE700007C56002467
:10235000801400240008025801460020842900D07F
:10236000C81C70472DE9F04F0FADDDE90BBE95E8B5
:10237000E010DDE9099ADDF84C80C1EB0111084459
:102380001478C01D00F8014C5178017091784170AB
:10239000817869F302016AF3C501817041886BF3AA
:1023A00089114180C17863F38501C170C1886EF3E2
:1023B0000901C180B0F8031065F38E11A0F8031075
:1023C000818866F3CF118180B0F807200D9961F301
:1023D0008C02A0F8072002890E9961F34F12028146
:1023E000418967F309014181B0F80B106CF38C014E
:1023F000A0F80B10818968F34F118181BDE8F08F3F
:102400002DE9F04F09AD95E8E010DDE90FABDDE90E
:102410000D89C1EB011114780144C91D01F8014C6B
:1024200054780C7092784A708A786AF3020266F3E4
:10243000C5028A704A886BF389124A80CA7863F3AE
:102440008502CA70CA8865F30902CA80428948F2C7
:102450003F031A404281C27A02F07F02A0F80B20AB
:10246000B1F8070067F38C00A1F8070008896CF346
:102470004F100881B1F80B0068F38C00A1F80B0035
:10248000888969F34F108881BDE8F08F2DE9F05FEE
:102490000EAE0446DDE90BC896E8404CDDF83490FA
:1024A0000A9FC2EB021020440D78C01D00F8015CA9
:1024B0004A7802708978417081786BF302016AF37F
:1024C000C501817041886EF389114180C17863F341
:1024D0008501C170B0F8031067F38E11A0F80310E6
:1024E0008188042262F3CF118180C1886CF30901D5
:1024F000C180B0F8071068F38C01A0F807100189BB
:1025000069F34F11018141896FF309014181B0F8ED
:102510000B104EF203021140A0F80B10017B01F0EA
:102520001F01818104F115001E210446EDF7BBFF58
:102530003046EDF7C3FF024631462046BDE8F05F66
:10254000EDF798BF0A48DFED090A01E030EE600AB6
:1025500010EE101A8142F9DC064901E030EE200A43
:1025600010EE100A8842F9D870470000DB0FC9400E
:10257000DB0F4940DB0F49C010B5002800D1012016
:1025800000F064FC002010BD10B500F087FC0020B6
:1025900010BD7FB504460D466169B4F908000029F5
:1025A00010D0A16971B1FFF7D7FED4E905212B4600
:1025B000CDE9012100902269D4E9001000F096FDD8
:1025C000039010E0FFF7C8FE03A92B46CDE90001F8
:1025D000208A82B2D4E9001000F056FD012802D012
:1025E000002004B070BD0398FBE700000FB470B585
:1025F0000B4C20780028FCD005AB0A48049A40F226
:102600005921FBF7FFFB054600260649AAB201F552
:102610006070F6F7CFF92670284670BC5DF814FBA1
:102620001C000024281200242DE9F04104460F4626
:10263000174EF5683068001D00F03EFB38B9306871
:1026400090F82C1001208840316981433161601C71
:1026500007D137B13168BDE8F0410E48091D00F0DF
:102660006FBB2C4430684460AC4206D23168B06B1A
:10267000091DBDE8F04100F04BBB3168706B091DCE
:1026800000F046FBB06A844200D2B462BDE8F0813B
:1026900034000024501A002470B5044600F05CFB9E
:1026A0001C4DA868401CA860286810B1686938B142
:1026B0000CE02C60A868012808D100F0F3F805E0D0
:1026C0002868E16AC06A884200D82C60686A401CA9
:1026D0006862E06A01212A698140114329610E493B
:1026E00000EB800001EB8000211D00F029FB00F0D1
:1026F00053FB686900280CD02868E16AC06A8842E8
:1027000007D206494FF080500860BFF34F8FBFF3E8
:102710006F8F70BD340000247419002404ED00E0B4
:1027200070B50C4D0C4E11E000F016FBF068C4685B
:10273000201D00F0C1FAA868401EA8606868401E0D
:10274000686000F029FB204600F008F8686800285F
:10275000EAD170BD340000243C1A002410B50446B0
:1027600094F8510000280BD0012811D0022814D071
:10277000502080F31188BFF34F8FBFF36F8FFEE7B8
:10278000206B00F01FFB2046BDE8104000F01ABB94
:102790002046BDE8104000F015BB10BD4FF470514D
:1027A0000F48420706D0C01D20F007000C49411A0F
:1027B000C1F570510B4A1060002353600144083981
:1027C00021F00701183A11604B600B600B1A43604F
:1027D00001604068906050604FF000405061704769
:1027E000641A002488000024074E4FF08054074DDF
:1027F000FFF796FF30680128FAD92C60BFF34F8F9E
:10280000BFF36F8FF4E700007419002404ED00E0BB
:102810002DE9F04782469946DDE908580A9C521E88
:10282000206B00EB820020F00706700707D05020D5
:1028300080F31188BFF34F8FBFF36F8FFEE7002740
:1028400061B1002023180A5C83F834200A5C12B1BD
:10285000401C1028F6D384F8437001E084F83470EB
:10286000072D00D30625E5626564A764201D00F0EE
:102870004CFA04F1180000F048FA2461C5F1070091
:10288000A0616462E76484F850704A46514630465D
:1028900000F0F4F82060B8F1000F01D0C8F8004053
:1028A000BDE8F08770B50024124D04EB840005EB01
:1028B000800000F01FFA641C072CF6D30D488C3002
:1028C00000F018FA0B48A03000F014FA0948B430B0
:1028D00000F010FA0748C83000F00CFA0548DC3068
:1028E00000F008FA044803498C31416314318163D4
:1028F00070BD0000741900243400002430B5134961
:1029000000E011460A688242FBD34B685C1884429F
:1029100003D140681844486008460D68446823188D
:10292000AB420DD1094B183B1B689A4206D0526846
:10293000224442600A681268026002E0036000E01C
:102940000260814200D0086030BD00008800002491
:102950000748416B0968002905D0416BC968C968FF
:102960004968816270474FF0FF3181627047000013
:102970003400002409484068401C07D0502080F3F0
:102980001188BFF34F8FBFF36F8FFEE7502080F3A6
:102990001188BFF34F8FBFF36F8FFEE790000024C5
:1029A0002DE9F0410546002600F0BCFA324F3868A8
:1029B00008B9FFF7F3FE786905424DD18DB10835AE
:1029C00068070ED005F00700C0F10800054468074D
:1029D00007D0502080F31188BFF34F8FBFF36F8F64
:1029E000FEE7CDB37868854236D8234918310846CA
:1029F000046801E0214604466068A84202D22068CB
:102A00000028F7D13868844226D00E68083620683E
:102A100008606068411B10290ED96019420707D071
:102A2000502080F31188BFF34F8FBFF36F8FFEE705
:102A300041606560FFF762FF61687868401A7860FE
:102A4000BA68904200D2B8607869014361600020A2
:102A50002060F868401CF86000F0E4FB700707D0C5
:102A6000502080F31188BFF34F8FBFF36F8FFEE7C5
:102A70003046BDE8F08100007000002424384FF09B
:102A80008073036221F00101C161044981614260E8
:102A90006FF0020140F82019704700007529010805
:102AA000FFB5B9B005461746BDF8F04004F109017D
:102AB0008EB268463146EDF7F6FC8DF80050BDF851
:102AC000F000ADF80100174D28788DF803000521BE
:102AD0006846EDF791FFBDF8E800ADF805000DF18F
:102AE000070022463946EDF7C5FC31466846EDF74A
:102AF0006DFF2878FF2811D0401C28700A4C402018
:102B000021680862324669462046F5F753FF20687F
:102B1000C169C9434906FBD43DB0F0BD002028700F
:102B2000ECE70000290C00241415002410B504461D
:102B300000295FD0002C5DD04A78087840EA022056
:102B4000C0F30A00208048788A78C00840EA421022
:102B5000C0F30A0060808878CA78800940EA820061
:102B60000A7940EA8220C0F30A00A08008794A79F5
:102B7000400840EAC210C0F30A00E0804879C0F380
:102B80000110608148798009A081CA79887940EA7A
:102B90000220E0814A7A087A40EA02202082CA7A3A
:102BA000887A40EA02206082087B2075487B607545
:102BB000CA7B887B40EA0220E082087C497C40EAAC
:102BC000012020810C482146F7F7CAFA2088A0F599
:102BD000806020806088A0F580606080A088A0F57B
:102BE0008060A080E088A0F58060E0802089A0F56A
:102BF0008060208110BD00008E56002410B500EECC
:102C0000100A2DED028BB1EEC08A18EE100A20F0EA
:102C10000040C0F1FF40C00F0AD010EE100A20F0B3
:102C20000040C0F1FF40C00F04BF0120FCF798FB3B
:102C300018EE100ABDEC028B10BD0000B0EE604A29
:102C400000EE901A9FED0D2B9FED0E3BB8EE601B32
:102C500000EE901A21EE021BB8EE602B22EE032B41
:102C6000B7EEC11B70EE041A00EE100AF7EEC20BAD
:102C7000B8EEC00A21EE800AFFF70EBBFCDEA63FCD
:102C8000FB210940FCDEA63FFB2109C070EEC00A13
:102C900001EE100A0120B8EEC11A8840401E21EE54
:102CA000201A00EE900AF8EEE01AC1EE210A30EE8A
:102CB000800A7047FFF774BE0169D0E901329A605B
:102CC000D0E901235A604A68824201D182684A6091
:102CD000002202610868401E086008687047000012
:102CE000034B036003F154000860802010607047BC
:102CF000300C002400F1080141604FF0FF32826087
:102D0000C1600161002101607047002101617047CD
:102D100030B50C68621C02D000F1080202E00269C2
:102D200004E01A4653681D68A542FAD953684B60FF
:102D300099608A60516008610168491C016030BD7A
:102D400042684A6093688B6093685960916008613B
:102D50000168491C01607047502080F31188BFF35F
:102D60004F8FBFF36F8F0A494868401C48600128A5
:102D70000CD10848006810F0FF0F07D0502080F3F6
:102D80001188BFF34F8FBFF36F8FFEE770470000CE
:102D90009000002404ED00E009494868002806D0AE
:102DA000401E4860002801D180F3118870475020F0
:102DB00080F31188BFF34F8FBFF36F8FFEE70000E2
:102DC0009000002470B500282AD008380446154D1C
:102DD00060686969084207D1502080F31188BFF309
:102DE0004F8FBFF36F8FFEE722683AB1502080F318
:102DF0001188BFF34F8FBFF36F8FFEE7884360608A
:102E000000F090F860686968084468602046FFF741
:102E100075FD2869401C2861BDE8704000F002BAC9
:102E200070BD0000700000244FF0E020002101611F
:102E300081614FF47A7204490968B1FBF2F1491ECD
:102E400041610721016170472C000024024610B542
:102E50000020002A12D00F48006B38B1502080F3B8
:102E60001188BFF34F8FBFF36F8FFEE700F05AF862
:102E700000211046FFF7D8FB00F0D4F9002807D155
:102E800005494FF080500860BFF34F8FBFF36F8F3D
:102E900010BD00003400002404ED00E010B586B041
:102EA00000240594049403AA04A905A8FFF718FFB9
:102EB000DDE90410039A002302901848CDE900418F
:102EC00014A100F013F91649C86208B1012000E00E
:102ED0000020012809D0401C19D1502080F311880E
:102EE000BFF34F8FBFF36F8FFEE7502080F3118841
:102EF000BFF34F8FBFF36F8F4FF0FF308862012019
:102F00004861CC6006B0BDE8104000F043B806B0A0
:102F100010BD000049444C4500000000E9270108AD
:102F2000340000240248016B491C01637047000013
:102F300034000024154A106B002802D00120D06113
:102F400070470020D0611069B0FA80F0C0F11F0016
:102F50000F4900EB800051F8203073B101EB800085
:102F600041684968416000F10803994201D149680C
:102F700041604068C06810607047502080F311883D
:102F8000BFF34F8FBFF36F8FFEE7000034000024C4
:102F9000741900241CB537480168374A914207D19B
:102FA000502080F31188BFF34F8FBFF36F8FFEE780
:102FB00000683149491E884207D1502080F31188AA
:102FC000BFF34F8FBFF36F8FFEE72C490878019056
:102FD000FF200870087800909DF800009DF8002000
:102FE00000F0F000904207D0502080F31188BFF32A
:102FF0004F8FBFF36F8FFEE79DF80000204C00F06D
:10300000500020700720A06006E0A068401EA0606D
:103010009DF80000400000909DF800000006F4D4E8
:10302000A068032807D0502080F31188BFF34F8F8A
:10303000BFF36F8FFEE74FF44070A06001980870F7
:103040000C482030016841F470010160016841F0D2
:1030500070410160FFF7E8FE00206060EDF766F95F
:103060000848016841F040410160EDF74BF900204C
:103070001CBD000000ED00E071C20F4100E400E063
:103080009000002434EF00E02DE9FF5F81468A467E
:1030900016469B46DDE90E78B000FFF781FC054639
:1030A00028000AD05420FFF77BFC04460CB12563AE
:1030B00004E02846FFF786FE00E000249CB10020D3
:1030C00084F85100CDE900785B463246CDE90240F4
:1030D00051464846FFF79CFB2046FFF7DDFA0120EA
:1030E00004B0BDE8F09F4FF0FF30F9E7F0B585B0D0
:1030F0000746DDE90A600C9C002815D0E4B1542590
:1031000003952063022084F85100002004ADCDE92E
:103110000240CDE900653846FFF77AFB2046FFF70D
:10312000BBFA049805B0F0BD502080F31188BFF3BE
:103130004F8FBFF36F8FFEE7502080F31188BFF3EE
:103140004F8FBFF36F8FFEE70148C06870470000E4
:10315000340000242DE9F0410026304F386B002860
:1031600005D0B869401CB8613046BDE8F081FD6803
:103170006D1CFD609DB9786B006838B1502080F3FC
:103180001188BFF34F8FBFF36F8FFEE7786BB96B7A
:103190007963B863386A401C3862FFF7D9FBB86AB4
:1031A000DFF87C8085420DD3786B006838B1786B8E
:1031B000C068C4686068854212D2B86202E04FF00D
:1031C000FF30B8623868C06A00EB800058F8200011
:1031D000012800D90126F8690028C5D00126C3E7D7
:1031E000201DFFF769FDA06A18B104F11800FFF770
:1031F00063FDE06A01213A6981401143396100EBC6
:103200008000211D08EB8000FFF79AFDE06A396815
:10321000C96A8842C8D30126C6E7000034000024EA
:10322000741900242DE9F041002400272D4D286B4E
:10323000002807D0FFF790FD286B401E2863286BFD
:1032400040B14AE0502080F31188BFF34F8FBFF3A5
:103250006F8FFEE7A868E8B3DFF88C8001261EE0D8
:10326000D8F80C00C46804F11800FFF725FD201DF4
:10327000FFF722FDE06A2A6906FA00F1114329618D
:10328000194900EB8000B43901EB8000211DFFF7E4
:1032900057FDE06A2968C96A884200D3EE61D8F810
:1032A00000000028DCD10CB1FFF752FBAC6944B13F
:1032B000FFF750FF00B1EE61641E002CF8D1002032
:1032C000A861E86930B10127084938070860BFF3F1
:1032D0004F8F00E001E0BFF36F8FFFF75DFD3846D1
:1032E000BDE8F08134000024281A002404ED00E039
:1032F0008C43010881BF0008FEFF000000000000B1
:103300008000000000000000000000007C43010875
:103310009B05010801000000000000000002000001
:10332000000000000000000098430108490801085F
:103330000300000000000000000400000000000086
:103340000000000058430108A5BF0008000000006D
:1033500000000000800000000000000000000000ED
:103360006443010879D60008000000000000000056
:10337000000200000000000000000000704301088F
:103380008DC5000800000000000000008000000063
:1033900000000000000000000006101600061016D5
:1033A0000001020304050607080C10141820304021
:1033B000000000000000000000000000000000000D
:1033C00000000000010000000200000003000000F7
:1033D00004000000000000000500000000000000E4
:1033E00000000000000000000600000000000000D7
:1033F00000000000000000000700000001000200C3
:103400000400060008000A000C0010002000400024
:10341000800000010101010307010000080402040B
:10342000080101010000000001020304010203047D
:10343000060708090000C03F000000000000A0408F
:1034400000004041000000000000484300002A4303
:10345000000000000000964400002A430000000025
:1034600000009644000096440000000000606A4698
:103470000080A244000000000000C8420080D44444
:103480000000000000A08C4500008040000000000B
:10349000000020410000803F0AD7A33B000000004D
:1034A0000000803F0AD7233C00000000000000001D
:1034B0000AD7A33B0000004100000000000000000C
:1034C000000040400000803F0000000000000000BD
:1034D000000000000000204100000000000000008B
:1034E000000020410000803F0000000000000000BC
:1034F00000000000000000000000000000000000CC
:103500000000803F000000000000000000000000FC
:103510000000000000000000000000000000803FEC
:10352000000000000000000000000000000000009B
:1035300000000000000000000000803F00000000CC
:10354000000000000000000000000000000000007B
:10355000000000000000803F0000000000000000AC
:10356000000000000000000000000000000000005B
:103570000000803F0050C347CDCCCC3DCDCCCC3DEE
:10358000CDCCCC3DCDCCCC3DCDCCCC3DCDCCCC3DB3
:103590000050C347CDCCCC3DCDCCCC3DCDCCCC3DEB
:1035A000CDCCCC3DCDCCCC3DCDCCCC3D0050C347DB
:1035B000CDCCCC3DCDCCCC3DCDCCCC3DCDCCCC3D83
:1035C000CDCCCC3DCDCCCC3D0050C347CDCCCC3DBB
:1035D000CDCCCC3DCDCCCC3DCDCCCC3DCDCCCC3D63
:1035E000CDCCCC3D0000C842CDCCCC3DCDCCCC3DEB
:1035F000CDCCCC3DCDCCCC3DCDCCCC3DCDCCCC3D43
:103600000000C842005EBCE2613FDD83C29C7E20B8
:10361000A3FD1F419DC3217FFCA2401E5F01E3BDAE
:103620003E6082DC237D9FC1421CFEA0E1BF5D03A2
:1036300080DE3C62BEE0025CDF81633D7C22C09E96
:103640001D43A1FF4618FAA427799BC584DA386682
:10365000E5BB5907DB856739BAE406581947A5FB6E
:103660007826C49A653BD987045AB8E6A7F91B4562
:10367000C6987A24F8A6441A99C7257B3A6486D856
:103680005B05E7B98CD2306EEDB3510F4E10F2AC42
:103690002F7193CD114FADF3702ECC92D38D6F312E
:1036A000B2EC0E50AFF1134DCE90722C6D33D18F22
:1036B0000C52B0EE326C8ED0530DEFB1F0AE4C1216
:1036C00091CF2D73CA947628ABF517490856B4EA02
:1036D0006937D58B5709EBB536688AD495CB2977EE
:1036E000F4AA4816E9B7550B88D6346A2B7597C9E2
:1036F0004A14F6A8742AC896154BA9F7B6E80A54D6
:10370000D7896B350000891112239B322446AD57AF
:103710003665BF74488CC19D5AAFD3BE6CCAE5DB19
:103720007EE9F7F88110080193331A22A5562C4739
:10373000B7753E64C99C408DDBBF52AEEDDA64CBF9
:10374000FFF976E802218B30100299132667AF76D5
:103750003444BD554AADC3BC588ED19F6EEBE7FAD9
:103760007CC8F5D983310A2091121803A7772E66F9
:10377000B5543C45CBBD42ACD99E508FEFFB66EAB9
:10378000FDD874C904428D5316619F702004A91599
:103790003227BB364CCEC5DF5EEDD7FC6888E19999
:1037A0007AABF3BA85520C4397711E60A1142805B9
:1037B000B3373A26CDDE44CFDFFD56ECE998608979
:1037C000FBBB72AA06638F7214409D512225AB3455
:1037D0003006B9174EEFC7FE5CCCD5DD6AA9E3B859
:1037E000788AF19B87730E6295501C41A3352A2479
:1037F000B1163807CFFF46EEDDDC54CDEBB962A839
:10380000F99A708B088481951AA793B62CC2A5D318
:103810003EE1B7F04008C919522BDB3A644EED5F28
:10382000766DFF7C899400859BB712A6ADD224C328
:10383000BFF136E0C1184809D33B5A2AE55E6C4F08
:10384000F77D7E6C0AA583B4188691972EE3A7F2C4
:103850003CC0B5D14229CB38500AD91B666FEF7EE8
:10386000744CFD5D8BB502A499961087AFF326E2E8
:10387000BDD034C1C3394A28D11A580BE77F6E6EC8
:10388000F55C7C4D0CC685D71EE597F42880A19188
:103890003AA3B3B2444ACD5B5669DF78600CE91DA8
:1038A000722FFB3E8DD604C79FF516E4A9902081A8
:1038B000BBB332A2C55A4C4BD7795E68E11C680D88
:1038C000F33F7A2E0EE787F61CC495D52AA1A3B044
:1038D0003882B193466BCF7A5448DD59622DEB3C68
:1038E000700EF91F8FF706E69DD414C5ABB122A068
:1038F000B9923083C77B4E6AD5585C49E33D6A2C48
:10390000F11E780F00000000920E493CB10AC93C3C
:103910002BC3163D2EFB483D752B7B3D04A9963DE0
:1039200080B6AF3D36BDC83D2FBCE13D73B2FA3D18
:1039300087CF093E8340163EB5AB223EA2102F3EF4
:10394000CF6E3B3EC2C5473E0115543E135C603E00
:103950007F9A6C3ECCCF783EC07D823E938E883E6F
:10396000229A8E3E32A0943E86A09A3EE59AA03ED0
:10397000128FA63ED47CAC3EEF63B23E2A44B83EE2
:10398000491DBE3E15EFC33E53B9C93ECA7BCF3E6B
:103990004136D53E80E8DA3E4F92E03E7533E63E52
:1039A000BBCBEB3EEA5AF13ECBE0F63E275DFC3E58
:1039B000E4E7003F3D9C033F824B063F9BF5083FF9
:1039C0006B9A0B3FDA390E3FCDD3103F2A68133F75
:1039D000D9F6153FC07F183FC6021B3FD17F1D3F60
:1039E000CBF61F3F9967223F25D2243F5636273F0B
:1039F0001594293F4AEB2B3FDE3B2E3FBB85303FE2
:103A0000C9C8323FF304353F233A373F4268393F54
:103A10003B8F3B3FF9AE3D3F67C73F3F70D8413FCB
:103A200001E2433F03E4453F65DE473F12D1493F92
:103A3000F8BB4B3F029F4D3F207A4F3F3D4D513FDA
:103A40004918533F31DB543FE595563F5348583FA3
:103A50006AF2593F1A945B3F532D5D3F05BE5E3FAE
:103A60002146603F97C5613F5A3C633F59AA643F76
:103A7000880F663FD86B673F3CBF683FA7096A3F26
:103A80000C4B6B3F5E836C3F93B26D3F9ED86E3F95
:103A900073F56F3F0809713F5213723F4714733F2C
:103AA000DD0B743F0BFA743FC6DE753F07BA763FF5
:103AB000C58B773FF853783F9812793F9DC7793F80
:103AC00002737A3FBE147B3FCDAC7B3F283B7C3FEB
:103AD000C9BF7C3FAC3A7D3FCCAB7D3F23137E3FDB
:103AE000B0707E3F6DC47E3F580E7F3F6D4E7F3F6E
:103AF000AB847F3F0FB17F3F97D37F3F43EC7F3F46
:103B000011FB7F3F0000803F11FB7F3F43EC7F3F75
:103B100097D37F3F0FB17F3FAB847F3F6D4E7F3F99
:103B2000580E7F3F6DC47E3FB0707E3F23137E3FB3
:103B3000CCAB7D3FAC3A7D3FC9BF7C3F283B7C3F4F
:103B4000CDAC7B3FBE147B3F02737A3F9DC7793F6C
:103B50009812793FF853783FC58B773F07BA763F85
:103B6000C6DE753F0BFA743FDD0B743F4714733F9D
:103B70005213723F0809713F73F56F3F9ED86E3F35
:103B800093B26D3F5E836C3F0C4B6B3FA7096A3F5E
:103B90003CBF683FD86B673F880F663F59AA643FB8
:103BA0005A3C633F97C5613F2146603F05BE5E3F7B
:103BB000532D5D3F1A945B3F6AF2593F5348583F7B
:103BC000E595563F31DB543F4918533F3D4D513F3A
:103BD000207A4F3F029F4D3FF8BB4B3F12D1493FE8
:103BE00065DE473F03E4453F01E2433F70D8413F74
:103BF00067C73F3FF9AE3D3F3B8F3B3F4268393F90
:103C0000233A373FF304353FC9C8323FBB85303FC5
:103C1000DE3B2E3F4AEB2B3F1594293F5636273F7C
:103C200025D2243F9967223FCBF61F3FD17F1D3F0E
:103C3000C6021B3FC07F183FD9F6153F2A68133FC5
:103C4000CDD3103FDA390E3F6B9A0B3F9BF5083FFF
:103C5000824B063F3D9C033FE4E7003F275DFC3E6F
:103C6000CBE0F63EEA5AF13EBBCBEB3E7533E63E87
:103C70004F92E03E80E8DA3E4136D53ECA7BCF3EE9
:103C800053B9C93E15EFC33E491DBE3E2A44B83E56
:103C9000EF63B23ED47CAC3E128FA63EE59AA03EC6
:103CA00086A09A3E32A0943E229A8E3E938E883E03
:103CB000C07D823ECCCF783E7F9A6C3E135C603EE6
:103CC0000115543EC2C5473ECF6E3B3EA2102F3E6B
:103CD000B5AB223E8340163E87CF093E73B2FA3D14
:103CE0002FBCE13D36BDC83D80B6AF3D04A9963D31
:103CF000752B7B3D2EFB483D2BC3163DB10AC93CBD
:103D0000920E493C00000000920E49BCB10AC9BCA9
:103D10002BC316BD2EFB48BD752B7BBD04A996BDDC
:103D200080B6AFBD36BDC8BD2FBCE1BD73B2FABD14
:103D300087CF09BE834016BEB5AB22BEA2102FBEF0
:103D4000CF6E3BBEC2C547BE011554BE135C60BEFC
:103D50007F9A6CBECCCF78BEC07D82BE938E88BE6B
:103D6000229A8EBE32A094BE86A09ABEE59AA0BECC
:103D7000128FA6BED47CACBEEF63B2BE2A44B8BEDE
:103D8000491DBEBE15EFC3BE53B9C9BECA7BCFBE67
:103D90004136D5BE80E8DABE4F92E0BE7533E6BE4E
:103DA000BBCBEBBEEA5AF1BECBE0F6BE275DFCBE54
:103DB000E4E700BF3D9C03BF824B06BF9BF508BFF5
:103DC0006B9A0BBFDA390EBFCDD310BF2A6813BF71
:103DD000D9F615BFC07F18BFC6021BBFD17F1DBF5C
:103DE000CBF61FBF996722BF25D224BF563627BF07
:103DF000159429BF4AEB2BBFDE3B2EBFBB8530BFDE
:103E0000C9C832BFF30435BF233A37BF426839BF50
:103E10003B8F3BBFF9AE3DBF67C73FBF70D841BFC7
:103E200001E243BF03E445BF65DE47BF12D149BF8E
:103E3000F8BB4BBF029F4DBF207A4FBF3D4D51BFD6
:103E4000491853BF31DB54BFE59556BF534858BF9F
:103E50006AF259BF1A945BBF532D5DBF05BE5EBFAA
:103E6000214660BF97C561BF5A3C63BF59AA64BF72
:103E7000880F66BFD86B67BF3CBF68BFA7096ABF22
:103E80000C4B6BBF5E836CBF93B26DBF9ED86EBF91
:103E900073F56FBF080971BF521372BF471473BF28
:103EA000DD0B74BF0BFA74BFC6DE75BF07BA76BFF1
:103EB000C58B77BFF85378BF981279BF9DC779BF7C
:103EC00002737ABFBE147BBFCDAC7BBF283B7CBFE7
:103ED000C9BF7CBFAC3A7DBFCCAB7DBF23137EBFD7
:103EE000B0707EBF6DC47EBF580E7FBF6D4E7FBF6A
:103EF000AB847FBF0FB17FBF97D37FBF43EC7FBF42
:103F000011FB7FBF000080BF11FB7FBF43EC7FBF71
:103F100097D37FBF0FB17FBFAB847FBF6D4E7FBF95
:103F2000580E7FBF6DC47EBFB0707EBF23137EBFAF
:103F3000CCAB7DBFAC3A7DBFC9BF7CBF283B7CBF4B
:103F4000CDAC7BBFBE147BBF02737ABF9DC779BF68
:103F5000981279BFF85378BFC58B77BF07BA76BF81
:103F6000C6DE75BF0BFA74BFDD0B74BF471473BF99
:103F7000521372BF080971BF73F56FBF9ED86EBF31
:103F800093B26DBF5E836CBF0C4B6BBFA7096ABF5A
:103F90003CBF68BFD86B67BF880F66BF59AA64BFB4
:103FA0005A3C63BF97C561BF214660BF05BE5EBF77
:103FB000532D5DBF1A945BBF6AF259BF534858BF77
:103FC000E59556BF31DB54BF491853BF3D4D51BF36
:103FD000207A4FBF029F4DBFF8BB4BBF12D149BFE4
:103FE00065DE47BF03E445BF01E243BF70D841BF70
:103FF00067C73FBFF9AE3DBF3B8F3BBF426839BF8C
:10400000233A37BFF30435BFC9C832BFBB8530BFC1
:10401000DE3B2EBF4AEB2BBF159429BF563627BF78
:1040200025D224BF996722BFCBF61FBFD17F1DBF0A
:10403000C6021BBFC07F18BFD9F615BF2A6813BFC1
:10404000CDD310BFDA390EBF6B9A0BBF9BF508BFFB
:10405000824B06BF3D9C03BFE4E700BF275DFCBE6B
:10406000CBE0F6BEEA5AF1BEBBCBEBBE7533E6BE83
:104070004F92E0BE80E8DABE4136D5BECA7BCFBEE5
:1040800053B9C9BE15EFC3BE491DBEBE2A44B8BE52
:10409000EF63B2BED47CACBE128FA6BEE59AA0BEC2
:1040A00086A09ABE32A094BE229A8EBE938E88BEFF
:1040B000C07D82BECCCF78BE7F9A6CBE135C60BEE2
:1040C000011554BEC2C547BECF6E3BBEA2102FBE67
:1040D000B5AB22BE834016BE87CF09BE73B2FABD10
:1040E0002FBCE1BD36BDC8BD80B6AFBD04A996BD2D
:1040F000752B7BBD2EFB48BD2BC316BDB10AC9BCB9
:10410000920E49BC00000080000000000100803FCA
:10411000C90CC0B7E565AABE435690BB3C695D3E7D
:10412000EBFCA9BC08B732BEE745093EA59204BD29
:1041300000000000FEFFFF7FB60100008E1555D580
:104140006364030017F68519AE9219007F3AD5EE25
:104150004552F1F8A4A3152204B0FAE02548DD0C7D
:1041600054C0DBFD0000FF7FFFFF67D570FFAD1B74
:1041700058FDA9E92911DBFB4FBB610567ACDD3FA9
:10418000182D4454FB21E93F9BF681D20B73EF3F7E
:10419000182D4454FB21F93FE2652F227F2B7A3CF6
:1041A000075C143326A6813CBDCBF07A8807703CAF
:1041B000075C143326A6913CC4EB98999999C9BF22
:1041C000711623FEC671BCBF6D9A74AFF2B0B3BF57
:1041D0009AFDDE522DDEADBF2F6C6A2C44B4A2BF17
:1041E0000D5555555555D53FFF8300922449C23F83
:1041F0006E204CC5CD45B73F513DD0A0660DB13FB7
:10420000EB0D76244B7BA93F11DA22E33AAD903FC8
:104210004C5555555555A53F7751C1166CC156BFE4
:104220009015CB19A001FA3EAD529C804F7E92BEF4
:10423000C4B1B4BD9EEE213ED43888BEE9FAA8BD13
:10424000000000000000000000004054FB21F93F86
:104250003163621A61B4D03D0000601A61B4D03D90
:104260007370032E8A19A33B0000002E8A19A33B0A
:10427000C14920259A837B3900000000000000001E
:104280006E83F9A22915444ED15727FCC0DD34F5C1
:10429000999562DB4190433CAB6351FE61C5BBDE47
:1042A0003A6E24B7E0D24D42EA2E49061C92D1095B
:1042B0001CEB1DFE3EA729B1F53582E88444BB2ED8
:1042C00026709CE9417E5FB439D69139F439538325
:1042D0008B5F849C3B28F9BDFF97F81F0F9805DE84
:1042E0008B112FEF1F6D0A5ACF7E366DB709CB2782
:1042F000663F464F2DEA5F9EC7BA27757BF1E5EB17
:10430000F739073DEA92528AB15FFB6B085D8D1F5A
:10431000000000006E83F9A22915444ED15727FCF6
:10432000C0DD34F5999562DB4190433CAB6351FEAF
:10433000A6F810111111813FD561C119A0012ABF42
:104340007DFEB157E31DC73EEB9C2B8AE6E55ABEC6
:104350007CD5CF5A3AD9E53D53746174655F636883
:1043600065636B004D595F55495F5461736B000085
:1043700054616C6B5F5461736B0000004368617340
:104380007369735F5461736B00000000646566615C
:10439000756C745461736B00494D555F7461736B38
:1043A00000000000C443010800000024300C00009D
:1043B00076090008F8440108300C0024085D00006C
:1043C00050F30008011C5A010482103C90D00304F1
:1043D000015F1AAA01012A83B442E009713D0A3E35
:1043E000CDCC4C3D031C7841051416FEFB392DE164
:1043F0007A143E042D6666663F048102FF0101FFC8
:1044000001FF01FF01FF01FF01FF01FF01B35201A5
:1044100023803F0340B44202240808081250C347D7
:10442000CDCCCC3D0409531C110B1AC8421C0134DD
:10443000100DE7416B3A58A08B3A7D04017C1602BF
:1044400040AB03411009055308065804070F16082E
:1044500010820911160A15800B16560C18010D0250
:104460000A19206823C8441A482009102402230886
:104470001AFF0141250F270F2722042205220612C9
:1044800007130104130105130106130107130201A9
:104490001302021302031302041303011303021392
:1044A00003031A030C120513030613030713040175
:1044B0001304021304031304041304051305011366
:1044C00005021305031305041A050F120613050749
:1044D000130601130602130603130604130605133D
:1044E0000606130607130701130702130703130831
:0844F000081B08098E410000C1
:04000005080002CD20
:00000001FF
